{
    "Title": "VU#100780 - Sun Ray Smartcard reader may leave desktop session open when card is quickly removed",
    "Overview": "The Sun Ray Smartcard reader fails to properly detect a \"quick removal, reinsertion and removal of a Smartcard.\"",
    "Description": "The Sun Ray is a thin client computing device designed to process user input and output, and provide access to computing services hosted by a server. Authentication can be accomplished through a smartcard.  By design, the smartcard must remain inserted during the user's session. Quoting from [sun documentation about smart cards and the Sun Ray](http://www.sun.com/products/sunray/techinfo/smartcards.html):When the user is finished (that is, the smart card is removed), the Authentication Manager is notified. If the user has not logged out, the session is kept alive with all services disconnected from the display. No files are left on the device, as all state is kept on the server, and the screen is cleared.  When the user removes the smart card, there are no traces that he or she had been there. There is no risk that the next user to walk up will discover files or see the contents of windows that he or she shouldn't see.A \"quick removal, reinsertion and removal of a Smartcard\" into the smartcard reader is not detected properly under some circumstances. If this occurs, the login session remains connected to the Desk Top Unit (DTU) inappropriately.",
    "Impact": "Under some circumstances, a user session may remain available even if the smartcard has been removed, in violation of the security architecture of the system.",
    "Solution": "A fix is pending from the vendor. Until a fix is available, ensure that all sessions have been disconnected when removing a smartcard from the Sun Ray Smartcard reader.",
    "Vendor Information": [
        {
            "Name": "Sun Microsystems, Inc."
        }
    ],
    "CVSS Metrics": [
        {
            "Group": "Base",
            "Score": "4.4",
            "Vector": "AV:L/AC:M/Au:N/C:P/I:P/A:P"
        },
        {
            "Group": "Temporal",
            "Score": "3.6",
            "Vector": "E:F/RL:OF/RC:C"
        },
        {
            "Group": "Environmental",
            "Score": "0.9",
            "Vector": "CDP:ND/TD:L/CR:ND/IR:ND/AR:ND"
        }
    ],
    "References": [
        "[http://sunsolve.sun.com/pub-cgi/retrieve.pl?doc=fsalert%2F53922&zone_32=category%3Asecurity](http://sunsolve.sun.com/pub-cgi/retrieve.pl?doc=fsalert%2F53922&zone_32=category%3Asecurity)",
        "[http://www.sun.com/products/sunray/techinfo/smartcards.html](http://www.sun.com/products/sunray/techinfo/smartcards.html)",
        "[http://www.securityfocus.com/bid/7457](http://www.securityfocus.com/bid/7457)"
    ],
    "Acknowledgements": "Thanks to Sun Microsystems for reporting this vulnerability.This document was written by Shawn V Hernan.",
    "Other Information": {
        "CVE IDs:": "None",
        "Severity Metric:": "0.13",
        "Date Public:": "2003-04-28",
        "Date First Published:": "2003-06-04",
        "Date Last Updated:": "2012-03-14 15:52 UTC",
        "Document Revision:": "9"
    }
}