{
    "Title": "VU#100972 - Liferay Portal PCE contains multiple cross-site scripting vulnerabilities",
    "Overview": "Liferay Portal versions 6.1.2 CE GA3, 6.1.X EE, 6.2.X EE, Master contain multiple cross-site scripting vulnerabilities",
    "Description": "[CWE-79](http://cwe.mitre.org/data/definitions/79.html): Improper Neutralization of Input During Web Page Generation ('Cross-site Scripting') - CVE-2014-2963Liferay is affected by a Persistent Cross Site Scripting vulnerability in the \"my account area\".The specific versions affected are: Liferay Portal Community Edition 6.1.2 CE GA3, 6.1.X EE, 6.2.X EE, MasterThree instances of this issue were identified, at the following locations/parameters:/group/control_panel/manage [_2_firstName parameter]/group/control_panel/manage [_2_lastName parameter]/group/control_panel/manage [_2_middleName parameter]",
    "Impact": "An attacker with access to the Liferay Portal \"my account area\" or by tricking a logged in user to visit a specially crafted URL, can conduct a cross-site scripting attack, which could be used to result in information leakage, privilege escalation, and/or denial of service.",
    "Solution": "Apply an UpdateThis vulnerability was addressed on 06/04/14, bug id[ LPS-46156](https://github.com/samuelkong/liferay-portal/pull/610).",
    "Vendor Information": [
        {
            "Name": "Liferay, Inc.",
            "Status": "Affected",
            "Vendor Statement": "We have not received a statement from the vendor.",
            "Vendor Information": "We are not aware of further vendor information regarding this vulnerability."
        }
    ],
    "CVSS Metrics": [
        {
            "Group": "Base",
            "Score": "3.5",
            "Vector": "AV:N/AC:M/Au:S/C:N/I:P/A:N"
        },
        {
            "Group": "Temporal",
            "Score": "2.7",
            "Vector": "E:POC/RL:OF/RC:ND"
        },
        {
            "Group": "Environmental",
            "Score": "2.0",
            "Vector": "CDP:N/TD:M/CR:ND/IR:ND/AR:ND"
        }
    ],
    "References": [
        "[https://github.com/samuelkong/liferay-portal](https://github.com/samuelkong/liferay-portal)",
        "[http://www.liferay.com/](http://www.liferay.com/)"
    ],
    "Acknowledgements": "Thanks to Simone Cecchini from Verizon Enterprise Solutions GCIS Threat and Vulnerability Management for reporting this vulnerability.This document was written by Chris King.",
    "Other Information": {
        "CVE IDs:": "CVE-2014-2963",
        "Date Public:": "2014-07-09",
        "Date First Published:": "2014-07-09",
        "Date Last Updated:": "2014-07-10 14:40 UTC",
        "Document Revision:": "11"
    }
}