{
    "Title": "VU#101048 - Microsoft .NET framework SOAP Moniker PrintClientProxy remote code execution vulnerability",
    "Overview": "The Microsoft .NET framework fails to properly parse WSDL content, which can allow a remote, unauthenticated attacker to execute arbitrary code on a vulnerable system.",
    "Description": "The PrintClientProxy method in the WSDL-parsing component of the Microsoft .NET framework fails to properly handle linefeed characters. If an attacker can trigger the .NET framework to trigger a specially-crafted WSDL file, this can result in arbitrary code execution.This vulnerability is currently being exploited in the wild, by way of an RTF file with an embedded Soap Moniker object that triggers a remote WSDL file to be retrieved and parsed. Other attack vectors may be possible.",
    "Impact": "By causing the .NET framework to parse a specially-crafted WSDL file with the SOAP Moniker, an unauthenticated remote attacker may be able to execute arbitrary code on a vulnerable system. Current exploits achieve this by convincing a user to open a RTF document.",
    "Solution": "Apply an updateThis issue is addressed in [CVE-2017-8759 | .NET Framework Remote Code Execution Vulnerability](https://portal.msrc.microsoft.com/en-US/security-guidance/advisory/CVE-2017-8759)Enable Protected View for RTF documents in Microsoft WordExploits in the wild utilize RTF documents. These public exploits are blocked if Protected Mode is enabled for RTF documents in Microsoft Word. Refer to[ File Block Settings in the Microsoft Office Trust Center](https://support.office.com/en-us/article/What-is-File-Block-10d0e0ab-fecf-4605-befd-1e6563e7686d). For example, the following registry values can be used to block the opening of RTF documents in Word 2016:Windows Registry Editor Version 5.00[HKEY_CURRENT_USER\\Software\\Microsoft\\Office\\16.0\\Word\\Security\\FileBlock]\"RtfFiles\"=dword:00000002For other versions of Office, the path above will need to be modified to match the version number associated with the installed version of Office.",
    "Vendor Information": [
        {
            "Name": "Microsoft Corporation"
        }
    ],
    "CVSS Metrics": [
        {
            "Group": "Base",
            "Score": "7.5",
            "Vector": "AV:N/AC:L/Au:N/C:P/I:P/A:P"
        },
        {
            "Group": "Temporal",
            "Score": "6.5",
            "Vector": "E:H/RL:OF/RC:C"
        },
        {
            "Group": "Environmental",
            "Score": "6.5",
            "Vector": "CDP:ND/TD:H/CR:ND/IR:ND/AR:ND"
        }
    ],
    "References": [
        "[https://www.fireeye.com/blog/threat-research/2017/09/zero-day-used-to-distribute-finspy.html](https://www.fireeye.com/blog/threat-research/2017/09/zero-day-used-to-distribute-finspy.html)",
        "[https://portal.msrc.microsoft.com/en-US/security-guidance/advisory/CVE-2017-8759](https://portal.msrc.microsoft.com/en-US/security-guidance/advisory/CVE-2017-8759)"
    ],
    "Acknowledgements": "This issue was discovered by Genwei Jiang and Dhanesh Kizhakkinan of FireEye, Inc.This document was written by Will Dormann.",
    "Other Information": {
        "CVE IDs:": "CVE-2017-8759",
        "Date Public:": "2017-09-12",
        "Date First Published:": "2017-09-13",
        "Date Last Updated:": "2017-09-16 12:18 UTC",
        "Document Revision:": "26"
    }
}