{
    "Title": "VU#101500 - Retrospect Backup Client uses weak password hashing",
    "Overview": "Retrospect Backup Client is a client to a network-based backup utility. This client stores passwords in a hashed format that is weak and susceptible to collision, allowing an attacker to generate a password hash collision and gain access to the target's backup files.",
    "Description": "[CWE-916](http://cwe.mitre.org/data/definitions/916.html): Use of Password Hash With Insufficient Computational Effort - CVE-2015-2864 Retrospect Backup clients prior to 10.0.2 on Windows and Linux and 12.0.2 on Mac contain an error in the password hash generating algorithm. The password is not fully utilized when generating a hash, allowing the possibility of a weak hash with a higher probability of collision with other passwords. Attackers with network access to a machine running the Retrospect client may be able to generate brute-force passwords that are guaranteed to collide with the hashed password with a maximum of 128 tries. This attack was [demonstrated](https://www.youtube.com/watch?v=MB8AL5u7JCA&list=PL3UAg9Zuj1yLmemIKw-domjg5UkbN-pLc&index=14) by security researchers Josep Pi Rodriguez and Pedro Guillen Nunez.This vulnerability only affects clients utilizing password authentication; clients using the public key authentication mechanism to login are unaffected. Retrospect recommends that users make use of the public key authentication mechanism. For more details on the vulnerability and instructions on enabling public key authentication, please see Retrospect's [advisory](http://www.retrospect.com/support/kb/cve_2015_2864).",
    "Impact": "An unauthenticated attacker on the network may be able to brute force a correct password by guessing a string that produces the same hash, granting access to backup data as the victim user.",
    "Solution": "Apply an updateFor users that wish to continue using the password mechanism, Retrospect has released [updates](http://www.retrospect.com/support/downloads) addressing this issue.Windows users should update to version 10.0.2.119 or later.Mac users should update to version 12.0.2.116 or later.Linux users should update to version 10.0.2.104 or later.Affected users may also consider the following workaround recommended by the vendor:Switch to Public Key AuthenticationThe public key authentication method used by Retrospect is unaffected by this vulnerability. Retrospect recommends using public key authentication rather than a password and has provided a [knowledge base article](http://www.retrospect.com/support/kb/cve_2015_2864) to guide users through the setup process.",
    "Vendor Information": [
        {
            "Name": "Retrospect, Inc.",
            "Status": "Affected",
            "Vendor Statement": "We have not received a statement from the vendor.",
            "Vendor Information": "Retrospect has released [updates](http://www.retrospect.com/support/downloads) addressing these issues.Windows users should update to version 10.0.2.119 or later.Mac users should update to version 12.0.2.116 or later.Linux users should update to version 10.0.2.104 or later.The public key authentication method used by Retrospect is unaffected by this vulnerability. Retrospect recommends using public key authentication rather than a password and has provided a [knowledge base article](http://www.retrospect.com/support/kb/cve_2015_2864) to guide users through the setup process."
        }
    ],
    "CVSS Metrics": [
        {
            "Group": "Base",
            "Score": "7.9",
            "Vector": "AV:A/AC:M/Au:N/C:C/I:C/A:C"
        },
        {
            "Group": "Temporal",
            "Score": "6.2",
            "Vector": "E:POC/RL:OF/RC:C"
        },
        {
            "Group": "Environmental",
            "Score": "4.6",
            "Vector": "CDP:ND/TD:M/CR:ND/IR:ND/AR:ND"
        }
    ],
    "References": [
        "[http://www.retrospect.com/support/kb/cve_2015_2864](http://www.retrospect.com/support/kb/cve_2015_2864)",
        "[http://www.retrospect.com/support/downloads](http://www.retrospect.com/support/downloads)",
        "[https://www.youtube.com/watch?v=MB8AL5u7JCA&list=PL3UAg9Zuj1yLmemIKw-domjg5UkbN-pLc&index=14](https://www.youtube.com/watch?v=MB8AL5u7JCA&list=PL3UAg9Zuj1yLmemIKw-domjg5UkbN-pLc&index=14)"
    ],
    "Acknowledgements": "Thanks to Josep Pi Rodriguez and Pedro Guillen Nunez for working with the CERT/CC and the vendor, and thanks to Retrospect for quickly addressing the issue.This document was written by Garret Wassermann.",
    "Other Information": {
        "CVE IDs:": "CVE-2015-2864",
        "Date Public:": "2014-07-09",
        "Date First Published:": "2015-06-15",
        "Date Last Updated:": "2015-06-15 21:42 UTC",
        "Document Revision:": "29"
    }
}