{
    "Title": "VU#101676 - Yahoo! Music Jukebox YMP Datagrid ActiveX control stack buffer overflows",
    "Overview": "The Yahoo! Music Jukebox YMP Datagrid ActiveX control contains multiple stack buffer overflows, which can allow a remote, unauthenticated attacker to execute arbitrary code on a vulnerable system.",
    "Description": "Yahoo! Music Jukebox is a music player for Microsoft Windows, which includes multiple ActiveX controls.  The YMP Datagrid ActiveX control, which is provided by datagrid.dll, contains multiple stack buffer overflows.  For example, the AddImage() and AddButton() methods are vulnerable.",
    "Impact": "By convincing a user to view a specially crafted HTML document (e.g., a web page or an HTML email message or attachment), a remote, unauthenticated attacker may be able to execute arbitrary code with the privileges of the user on a vulnerable system.",
    "Solution": "Apply an updateThis vulnerability is addressed in Yahoo! Media Jukebox version 2.2.2.058, which comes with datagrid.dll version 2.2.2.58.  This update may be applied with the automatic update functionality of the Yahoo! Media Jukebox software, or you can install it [manually](http://music.yahoo.com/jukebox/install/).  Please see the [Yahoo! Music Jukebox Security Update](http://help.yahoo.com/l/us/yahoo/music/jukebox/troubleshoot/securityupdate.html) for more details.Disable the YMP Datagrid ActiveX control in Internet ExplorerThe vulnerable ActiveX control can be disabled in Internet Explorer by setting the kill bit for the following CLSID:{5F810AFC-BB5F-4416-BE63-E01DD117BD6C}More information about how to set the kill bit is available in [Microsoft Support Document 240797](http://support.microsoft.com/kb/240797).  Alternatively, the following text can be saved as a .REG file and imported to set the kill bit for this control:Windows Registry Editor Version 5.00[HKEY_LOCAL_MACHINE\\SOFTWARE\\Microsoft\\Internet Explorer\\ActiveX Compatibility\\{5F810AFC-BB5F-4416-BE63-E01DD117BD6C}]\"Compatibility Flags\"=dword:00000400Disable ActiveXDisabling ActiveX controls in the Internet Zone (or any zone used by an attacker) appears to prevent exploitation of this and other ActiveX vulnerabilities. Instructions for disabling ActiveX in the Internet Zone can be found in the \"[Securing Your Web Browser](http://www.cert.org/tech_tips/securing_browser/#Internet_Explorer)\" document.Upgrade to Internet Explorer 7Upgrading Internet Explorer to version 7 or later may help mitigate this vulnerability through its ActiveX opt-in feature. This feature is designed to prompt the user before using ActiveX controls that are already installed on the system.",
    "Vendor Information": [
        {
            "Name": "Yahoo, Inc."
        }
    ],
    "CVSS Metrics": [
        {
            "Group": "Base",
            "Score": "",
            "Vector": ""
        },
        {
            "Group": "Temporal",
            "Score": "",
            "Vector": ""
        },
        {
            "Group": "Environmental",
            "Score": "",
            "Vector": ""
        }
    ],
    "References": [
        "[http://help.yahoo.com/l/us/yahoo/music/jukebox/troubleshoot/securityupdate.html](http://help.yahoo.com/l/us/yahoo/music/jukebox/troubleshoot/securityupdate.html)",
        "[http://secunia.com/advisories/28757/](http://secunia.com/advisories/28757/)",
        "[http://support.microsoft.com/kb/240797](http://support.microsoft.com/kb/240797)"
    ],
    "Acknowledgements": "This vulnerability was publicly disclosed by Krystian KloskowskiThis document was written by Will Dormann.",
    "Other Information": {
        "CVE IDs:": "CVE-2008-0623,CVE-2008-0624",
        "Severity Metric:": "21.42",
        "Date Public:": "2008-02-02",
        "Date First Published:": "2008-02-05",
        "Date Last Updated:": "2008-02-13 15:42 UTC",
        "Document Revision:": "23"
    }
}