{
    "Title": "VU#101915 - The ISS RealSecure Network Sensor fails to properly process certain types of DHCP traffic.",
    "Overview": "ISS RealSecure Network Sensor \"informational signatures\" fail to properly process certain types of DHCP traffic, thereby causing the sensor to crash.",
    "Description": "The ISS RealSecure Network Sensor fails to properly process certain types of DHCP traffic. If the sensor processes certain types of DHCP traffic, it will crash. For more information, please see [http://bvlive01.iss.net/issEn/delivery/xforce/alertdetail.jsp?id=advise116](http://bvlive01.iss.net/issEn/delivery/xforce/alertdetail.jsp?id=advise116).",
    "Impact": "An attacker can cause the sensor to stop functioning.",
    "Solution": "Apply a [vendor update](http://www.iss.net/download/).",
    "Vendor Information": [
        {
            "Name": "Internet Security Systems Inc."
        }
    ],
    "CVSS Metrics": [
        {
            "Group": "Base",
            "Score": "",
            "Vector": ""
        },
        {
            "Group": "Temporal",
            "Score": "",
            "Vector": ""
        },
        {
            "Group": "Environmental",
            "Score": "",
            "Vector": ""
        }
    ],
    "References": [
        "[http://bvlive01.iss.net/issEn/delivery/xforce/alertdetail.jsp?id=advise116](http://bvlive01.iss.net/issEn/delivery/xforce/alertdetail.jsp?id=advise116)",
        "[http://www.iss.net/products_services/enterprise_protection/rsnetwork/sensor.php](http://www.iss.net/products_services/enterprise_protection/rsnetwork/sensor.php)",
        "[http://www.securityfocus.com/bid/4649](http://www.securityfocus.com/bid/4649)"
    ],
    "Acknowledgements": "This vulnerability was discovered by ISS X-Force.This document was written by Ian A. Finlay.",
    "Other Information": {
        "CVE IDs:": "CVE-2002-0601",
        "Severity Metric:": "4.73",
        "Date Public:": "2002-04-30",
        "Date First Published:": "2003-03-11",
        "Date Last Updated:": "2003-03-14 14:51 UTC",
        "Document Revision:": "11"
    }
}