{
    "Title": "VU#102014 - Optimistic TCP acknowledgements can cause denial of service",
    "Overview": "A vulnerability in the TCP congestion control mechanism could be leveraged by an attacker to cause a denial of service.",
    "Description": "The Transmission Control Protocol (TCP) is described in [RFC 793](http://www.ietf.org/rfc/rfc793.txt) as a means to provide reliable host-to-host transmission in a packet-switched computer network.  Numerous Internet protocols such as HTTP, SMTP, and FTP rely on TCP as their underlying transport protocol.  Several different TCP congestion control mechanisms are specified in [RFC 2581](http://www.ietf.org/rfc/rfc2581.txt).In the course of normal operation a TCP client acknowledges (ACKs) the receipt of packets sent to it by the server.  A TCP sender varies its transmission rate based on receiving ACKs of the packets it sends.  An optimistic  ACK is an ACK sent by a client for a data segment that it has not yet received.  A vulnerability exists in the potential for a client to craft optimistic ACKs timed in such a way that they correspond to legitimate packets that the sender has already injected into the network (often referred to as \"in-flight\" packets).  As a result, the sender believes that the transfer is progressing better than it actually is and may increase the rate at which it sends packets.  An important side effect of this condition is the amplification factor that it introduces.  An attacker exploiting this vulnerability can potentially cause victims to transmit much more data than the bandwidth available to the attacker.This condition was first described in 1999 by Savage, Cardwell, Wetherall, and Anderson in their paper, \"[TCP Congestion Control with a Misbehaving Receiver](http://www.cs.ucsd.edu/~savage/papers/CCR99.pdf).\"  Although this paper briefly mentioned the possibility of using this condition to mount a denial-of-service attack, it did not develop the details of the attack.  In 2005, Sherwood, Bhattacharjee, and Braud published a paper, entitled \"[Misbehaving TCP Receivers Can Cause Internet-Wide Congestion Collapse,](http://www.cs.umd.edu/~capveg/optack/optack-extended.pdf)\" that examines the extent of the potential impact of an attack using this vulnerability.",
    "Impact": "A remote attacker can cause a TCP sender to transmit packets faster than it would in the course of a normal connection.  The victim could potentially exhaust its network bandwidth, thereby resulting in a denial of service.  In an attack involving multiple victims, the aggregate volume of generated traffic may cause congestion or a bandwidth exhaustion denial of service to intermediate transit network providers as well.",
    "Solution": "The CERT/CC is currently unaware of a practical solution to this problem.WorkaroundsConnection ThrottlingNetwork administrators should consider implementing per-connection throttling or other forms of traffic shaping for services on their network that could be exploited.  While this workaround does not remove the underlying vulnerability, it forces an attacker to use more hosts in order to have the same overall impact.TCP Implementation ChangesSherwood et al. proposes several implementation changes to mitigate this vulnerability.  In particular, the authors suggest a strategy of randomly dropping segments on the sender.  By doing this, receivers that ACK packets that are intentionally dropped by the sender can reliably be identified as misbehaving.  The authors have provided a [patch](http://www.cs.umd.edu/~capveg/optack/optack.patch) that implements this workaround for Linux 2.4.24 kernel.It is important to note that these implementation changes have not been ratified by relevant standards bodies such as the IETF.  Implementors and administrators should exercise careful consideration and be especially aware of unintended side effects when choosing to implement these implementation changes.",
    "Vendor Information": [
        {
            "Name": "Sun Microsystems, Inc.",
            "Status": "Affected",
            "Vendor Statement": "Sun implements the TCP standard in Solaris, and as such acknowledgesthat it is affected by vulnerability #102014.Sun is evaluting this issue, including its impact and possible methodsfor adressing it, and is currently communicating with organisationssuch as the IETF to determine the best course of action.",
            "Vendor Information": "We are not aware of further vendor information regarding this vulnerability."
        },
        {
            "Name": "3com, Inc.",
            "Status": "Unknown",
            "Vendor Statement": "We have not received a statement from the vendor.",
            "Vendor Information": "We are not aware of further vendor information regarding this vulnerability."
        },
        {
            "Name": "AT&T",
            "Status": "Unknown",
            "Vendor Statement": "We have not received a statement from the vendor.",
            "Vendor Information": "We are not aware of further vendor information regarding this vulnerability."
        },
        {
            "Name": "Alcatel",
            "Status": "Unknown",
            "Vendor Statement": "We have not received a statement from the vendor.",
            "Vendor Information": "We are not aware of further vendor information regarding this vulnerability."
        },
        {
            "Name": "Apple Computer, Inc.",
            "Status": "Unknown",
            "Vendor Statement": "We have not received a statement from the vendor.",
            "Vendor Information": "We are not aware of further vendor information regarding this vulnerability."
        },
        {
            "Name": "Avaya, Inc.",
            "Status": "Unknown",
            "Vendor Statement": "We have not received a statement from the vendor.",
            "Vendor Information": "We are not aware of further vendor information regarding this vulnerability."
        },
        {
            "Name": "Avici Systems, Inc.",
            "Status": "Unknown",
            "Vendor Statement": "We have not received a statement from the vendor.",
            "Vendor Information": "We are not aware of further vendor information regarding this vulnerability."
        },
        {
            "Name": "Borkerware Technologies",
            "Status": "Unknown",
            "Vendor Statement": "We have not received a statement from the vendor.",
            "Vendor Information": "We are not aware of further vendor information regarding this vulnerability."
        },
        {
            "Name": "Charlotte's Web Networks",
            "Status": "Unknown",
            "Vendor Statement": "We have not received a statement from the vendor.",
            "Vendor Information": "We are not aware of further vendor information regarding this vulnerability."
        },
        {
            "Name": "Check Point Software Technologies",
            "Status": "Unknown",
            "Vendor Statement": "We have not received a statement from the vendor.",
            "Vendor Information": "We are not aware of further vendor information regarding this vulnerability."
        },
        {
            "Name": "Chiaro Networks, Inc.",
            "Status": "Unknown",
            "Vendor Statement": "We have not received a statement from the vendor.",
            "Vendor Information": "We are not aware of further vendor information regarding this vulnerability."
        },
        {
            "Name": "Cisco Systems, Inc.",
            "Status": "Unknown",
            "Vendor Statement": "We have not received a statement from the vendor.",
            "Vendor Information": "We are not aware of further vendor information regarding this vulnerability."
        },
        {
            "Name": "Computer Associates",
            "Status": "Unknown",
            "Vendor Statement": "We have not received a statement from the vendor.",
            "Vendor Information": "We are not aware of further vendor information regarding this vulnerability."
        },
        {
            "Name": "Conectiva Inc.",
            "Status": "Unknown",
            "Vendor Statement": "We have not received a statement from the vendor.",
            "Vendor Information": "We are not aware of further vendor information regarding this vulnerability."
        },
        {
            "Name": "Cray Inc.",
            "Status": "Unknown",
            "Vendor Statement": "We have not received a statement from the vendor.",
            "Vendor Information": "We are not aware of further vendor information regarding this vulnerability."
        },
        {
            "Name": "D-Link Systems, Inc.",
            "Status": "Unknown",
            "Vendor Statement": "We have not received a statement from the vendor.",
            "Vendor Information": "We are not aware of further vendor information regarding this vulnerability."
        },
        {
            "Name": "Data Connection, Ltd.",
            "Status": "Unknown",
            "Vendor Statement": "We have not received a statement from the vendor.",
            "Vendor Information": "We are not aware of further vendor information regarding this vulnerability."
        },
        {
            "Name": "Debian Linux",
            "Status": "Unknown",
            "Vendor Statement": "We have not received a statement from the vendor.",
            "Vendor Information": "We are not aware of further vendor information regarding this vulnerability."
        },
        {
            "Name": "EMC, Inc. (formerly Data General Corporation)",
            "Status": "Unknown",
            "Vendor Statement": "We have not received a statement from the vendor.",
            "Vendor Information": "We are not aware of further vendor information regarding this vulnerability."
        },
        {
            "Name": "Engarde Secure Linux",
            "Status": "Unknown",
            "Vendor Statement": "We have not received a statement from the vendor.",
            "Vendor Information": "We are not aware of further vendor information regarding this vulnerability."
        },
        {
            "Name": "Ericsson",
            "Status": "Unknown",
            "Vendor Statement": "We have not received a statement from the vendor.",
            "Vendor Information": "We are not aware of further vendor information regarding this vulnerability."
        },
        {
            "Name": "Extreme Networks",
            "Status": "Unknown",
            "Vendor Statement": "We have not received a statement from the vendor.",
            "Vendor Information": "We are not aware of further vendor information regarding this vulnerability."
        },
        {
            "Name": "F5 Networks, Inc.",
            "Status": "Unknown",
            "Vendor Statement": "We have not received a statement from the vendor.",
            "Vendor Information": "We are not aware of further vendor information regarding this vulnerability."
        },
        {
            "Name": "Fedora Project",
            "Status": "Unknown",
            "Vendor Statement": "We have not received a statement from the vendor.",
            "Vendor Information": "We are not aware of further vendor information regarding this vulnerability."
        },
        {
            "Name": "Force10 Networks, Inc.",
            "Status": "Unknown",
            "Vendor Statement": "We have not received a statement from the vendor.",
            "Vendor Information": "We are not aware of further vendor information regarding this vulnerability."
        },
        {
            "Name": "Fortinet, Inc.",
            "Status": "Unknown",
            "Vendor Statement": "We have not received a statement from the vendor.",
            "Vendor Information": "We are not aware of further vendor information regarding this vulnerability."
        },
        {
            "Name": "Foundry Networks, Inc.",
            "Status": "Unknown",
            "Vendor Statement": "We have not received a statement from the vendor.",
            "Vendor Information": "We are not aware of further vendor information regarding this vulnerability."
        },
        {
            "Name": "FreeBSD, Inc.",
            "Status": "Unknown",
            "Vendor Statement": "We have not received a statement from the vendor.",
            "Vendor Information": "We are not aware of further vendor information regarding this vulnerability."
        },
        {
            "Name": "Fujitsu",
            "Status": "Unknown",
            "Vendor Statement": "We have not received a statement from the vendor.",
            "Vendor Information": "We are not aware of further vendor information regarding this vulnerability."
        },
        {
            "Name": "GNU netfilter",
            "Status": "Unknown",
            "Vendor Statement": "We have not received a statement from the vendor.",
            "Vendor Information": "We are not aware of further vendor information regarding this vulnerability."
        },
        {
            "Name": "Gentoo Linux",
            "Status": "Unknown",
            "Vendor Statement": "We have not received a statement from the vendor.",
            "Vendor Information": "We are not aware of further vendor information regarding this vulnerability."
        },
        {
            "Name": "Global Technology Associates",
            "Status": "Unknown",
            "Vendor Statement": "We have not received a statement from the vendor.",
            "Vendor Information": "We are not aware of further vendor information regarding this vulnerability."
        },
        {
            "Name": "Hewlett-Packard Company",
            "Status": "Unknown",
            "Vendor Statement": "HP is investigating this issue.",
            "Vendor Information": "We are not aware of further vendor information regarding this vulnerability."
        },
        {
            "Name": "Hitachi",
            "Status": "Unknown",
            "Vendor Statement": "We have not received a statement from the vendor.",
            "Vendor Information": "We are not aware of further vendor information regarding this vulnerability."
        },
        {
            "Name": "Hyperchip",
            "Status": "Unknown",
            "Vendor Statement": "We have not received a statement from the vendor.",
            "Vendor Information": "We are not aware of further vendor information regarding this vulnerability."
        },
        {
            "Name": "IBM Corporation",
            "Status": "Unknown",
            "Vendor Statement": "We have not received a statement from the vendor.",
            "Vendor Information": "We are not aware of further vendor information regarding this vulnerability."
        },
        {
            "Name": "IBM Corporation (zseries)",
            "Status": "Unknown",
            "Vendor Statement": "We have not received a statement from the vendor.",
            "Vendor Information": "We are not aware of further vendor information regarding this vulnerability."
        },
        {
            "Name": "IBM eServer",
            "Status": "Unknown",
            "Vendor Statement": "We have not received a statement from the vendor.",
            "Vendor Information": "We are not aware of further vendor information regarding this vulnerability."
        },
        {
            "Name": "IP Filter",
            "Status": "Unknown",
            "Vendor Statement": "We have not received a statement from the vendor.",
            "Vendor Information": "We are not aware of further vendor information regarding this vulnerability."
        },
        {
            "Name": "Immunix Communications, Inc.",
            "Status": "Unknown",
            "Vendor Statement": "We have not received a statement from the vendor.",
            "Vendor Information": "We are not aware of further vendor information regarding this vulnerability."
        },
        {
            "Name": "Ingrian Networks, Inc.",
            "Status": "Unknown",
            "Vendor Statement": "We have not received a statement from the vendor.",
            "Vendor Information": "We are not aware of further vendor information regarding this vulnerability."
        },
        {
            "Name": "Intel Corporation",
            "Status": "Unknown",
            "Vendor Statement": "We have not received a statement from the vendor.",
            "Vendor Information": "We are not aware of further vendor information regarding this vulnerability."
        },
        {
            "Name": "Internet Security Systems, Inc.",
            "Status": "Unknown",
            "Vendor Statement": "We have not received a statement from the vendor.",
            "Vendor Information": "We are not aware of further vendor information regarding this vulnerability."
        },
        {
            "Name": "Intoto",
            "Status": "Unknown",
            "Vendor Statement": "We have not received a statement from the vendor.",
            "Vendor Information": "We are not aware of further vendor information regarding this vulnerability."
        },
        {
            "Name": "Juniper Networks, Inc.",
            "Status": "Unknown",
            "Vendor Statement": "We have not received a statement from the vendor.",
            "Vendor Information": "We are not aware of further vendor information regarding this vulnerability."
        },
        {
            "Name": "Linksys (A division of Cisco Systems)",
            "Status": "Unknown",
            "Vendor Statement": "We have not received a statement from the vendor.",
            "Vendor Information": "We are not aware of further vendor information regarding this vulnerability."
        },
        {
            "Name": "Lucent Technologies",
            "Status": "Unknown",
            "Vendor Statement": "We have not received a statement from the vendor.",
            "Vendor Information": "We are not aware of further vendor information regarding this vulnerability."
        },
        {
            "Name": "Luminous Networks",
            "Status": "Unknown",
            "Vendor Statement": "We have not received a statement from the vendor.",
            "Vendor Information": "We are not aware of further vendor information regarding this vulnerability."
        },
        {
            "Name": "Mandriva, Inc.",
            "Status": "Unknown",
            "Vendor Statement": "We have not received a statement from the vendor.",
            "Vendor Information": "We are not aware of further vendor information regarding this vulnerability."
        },
        {
            "Name": "Mandriva, Inc.",
            "Status": "Unknown",
            "Vendor Statement": "We have not received a statement from the vendor.",
            "Vendor Information": "We are not aware of further vendor information regarding this vulnerability."
        },
        {
            "Name": "Microsoft Corporation",
            "Status": "Unknown",
            "Vendor Statement": "We have not received a statement from the vendor.",
            "Vendor Information": "We are not aware of further vendor information regarding this vulnerability."
        },
        {
            "Name": "MontaVista Software, Inc.",
            "Status": "Unknown",
            "Vendor Statement": "We have not received a statement from the vendor.",
            "Vendor Information": "We are not aware of further vendor information regarding this vulnerability."
        },
        {
            "Name": "Multinet (owned Process Software Corporation)",
            "Status": "Unknown",
            "Vendor Statement": "We have not received a statement from the vendor.",
            "Vendor Information": "We are not aware of further vendor information regarding this vulnerability."
        },
        {
            "Name": "Multitech, Inc.",
            "Status": "Unknown",
            "Vendor Statement": "We have not received a statement from the vendor.",
            "Vendor Information": "We are not aware of further vendor information regarding this vulnerability."
        },
        {
            "Name": "NEC Corporation",
            "Status": "Unknown",
            "Vendor Statement": "We have not received a statement from the vendor.",
            "Vendor Information": "We are not aware of further vendor information regarding this vulnerability."
        },
        {
            "Name": "NetBSD",
            "Status": "Unknown",
            "Vendor Statement": "We have not received a statement from the vendor.",
            "Vendor Information": "We are not aware of further vendor information regarding this vulnerability."
        },
        {
            "Name": "Network Appliance, Inc.",
            "Status": "Unknown",
            "Vendor Statement": "We have not received a statement from the vendor.",
            "Vendor Information": "We are not aware of further vendor information regarding this vulnerability."
        },
        {
            "Name": "NextHop Technologies, Inc.",
            "Status": "Unknown",
            "Vendor Statement": "We have not received a statement from the vendor.",
            "Vendor Information": "We are not aware of further vendor information regarding this vulnerability."
        },
        {
            "Name": "Nortel Networks, Inc.",
            "Status": "Unknown",
            "Vendor Statement": "We have not received a statement from the vendor.",
            "Vendor Information": "We are not aware of further vendor information regarding this vulnerability."
        },
        {
            "Name": "Novell, Inc.",
            "Status": "Unknown",
            "Vendor Statement": "We have not received a statement from the vendor.",
            "Vendor Information": "We are not aware of further vendor information regarding this vulnerability."
        },
        {
            "Name": "OpenBSD",
            "Status": "Unknown",
            "Vendor Statement": "We have not received a statement from the vendor.",
            "Vendor Information": "We are not aware of further vendor information regarding this vulnerability."
        },
        {
            "Name": "Openwall GNU/*/Linux",
            "Status": "Unknown",
            "Vendor Statement": "We have not received a statement from the vendor.",
            "Vendor Information": "We are not aware of further vendor information regarding this vulnerability."
        },
        {
            "Name": "QNX, Software Systems, Inc.",
            "Status": "Unknown",
            "Vendor Statement": "We have not received a statement from the vendor.",
            "Vendor Information": "We are not aware of further vendor information regarding this vulnerability."
        },
        {
            "Name": "Red Hat, Inc.",
            "Status": "Unknown",
            "Vendor Statement": "We have not received a statement from the vendor.",
            "Vendor Information": "We are not aware of further vendor information regarding this vulnerability."
        },
        {
            "Name": "Redback Networks, Inc.",
            "Status": "Unknown",
            "Vendor Statement": "We have not received a statement from the vendor.",
            "Vendor Information": "We are not aware of further vendor information regarding this vulnerability."
        },
        {
            "Name": "Riverstone Networks, Inc.",
            "Status": "Unknown",
            "Vendor Statement": "We have not received a statement from the vendor.",
            "Vendor Information": "We are not aware of further vendor information regarding this vulnerability."
        },
        {
            "Name": "SUSE Linux",
            "Status": "Unknown",
            "Vendor Statement": "We have not received a statement from the vendor.",
            "Vendor Information": "We are not aware of further vendor information regarding this vulnerability."
        },
        {
            "Name": "Secure Computing Network Security Division",
            "Status": "Unknown",
            "Vendor Statement": "We have not received a statement from the vendor.",
            "Vendor Information": "We are not aware of further vendor information regarding this vulnerability."
        },
        {
            "Name": "Sequent Computer Systems, Inc.",
            "Status": "Unknown",
            "Vendor Statement": "We have not received a statement from the vendor.",
            "Vendor Information": "We are not aware of further vendor information regarding this vulnerability."
        },
        {
            "Name": "Silicon Graphics, Inc.",
            "Status": "Unknown",
            "Vendor Statement": "We have not received a statement from the vendor.",
            "Vendor Information": "We are not aware of further vendor information regarding this vulnerability."
        },
        {
            "Name": "Slackware Linux Inc.",
            "Status": "Unknown",
            "Vendor Statement": "We have not received a statement from the vendor.",
            "Vendor Information": "We are not aware of further vendor information regarding this vulnerability."
        },
        {
            "Name": "Sony Corporation",
            "Status": "Unknown",
            "Vendor Statement": "We have not received a statement from the vendor.",
            "Vendor Information": "We are not aware of further vendor information regarding this vulnerability."
        },
        {
            "Name": "StoneSoft, Inc.",
            "Status": "Unknown",
            "Vendor Statement": "We have not received a statement from the vendor.",
            "Vendor Information": "We are not aware of further vendor information regarding this vulnerability."
        },
        {
            "Name": "Symantec, Inc.",
            "Status": "Unknown",
            "Vendor Statement": "We have not received a statement from the vendor.",
            "Vendor Information": "We are not aware of further vendor information regarding this vulnerability."
        },
        {
            "Name": "The SCO Group",
            "Status": "Unknown",
            "Vendor Statement": "We have not received a statement from the vendor.",
            "Vendor Information": "We are not aware of further vendor information regarding this vulnerability."
        },
        {
            "Name": "The SCO Group (SCO Linux)",
            "Status": "Unknown",
            "Vendor Statement": "We have not received a statement from the vendor.",
            "Vendor Information": "We are not aware of further vendor information regarding this vulnerability."
        },
        {
            "Name": "The SCO Group (SCO Unix)",
            "Status": "Unknown",
            "Vendor Statement": "We have not received a statement from the vendor.",
            "Vendor Information": "We are not aware of further vendor information regarding this vulnerability."
        },
        {
            "Name": "Trustix Secure Linux",
            "Status": "Unknown",
            "Vendor Statement": "We have not received a statement from the vendor.",
            "Vendor Information": "We are not aware of further vendor information regarding this vulnerability."
        },
        {
            "Name": "Turbolinux",
            "Status": "Unknown",
            "Vendor Statement": "We have not received a statement from the vendor.",
            "Vendor Information": "We are not aware of further vendor information regarding this vulnerability."
        },
        {
            "Name": "UNISYS",
            "Status": "Unknown",
            "Vendor Statement": "We have not received a statement from the vendor.",
            "Vendor Information": "We are not aware of further vendor information regarding this vulnerability."
        },
        {
            "Name": "Ubuntu",
            "Status": "Unknown",
            "Vendor Statement": "We have not received a statement from the vendor.",
            "Vendor Information": "We are not aware of further vendor information regarding this vulnerability."
        },
        {
            "Name": "Watchguard Technologies, Inc.",
            "Status": "Unknown",
            "Vendor Statement": "We have not received a statement from the vendor.",
            "Vendor Information": "We are not aware of further vendor information regarding this vulnerability."
        },
        {
            "Name": "Wind River Systems, Inc.",
            "Status": "Unknown",
            "Vendor Statement": "We have not received a statement from the vendor.",
            "Vendor Information": "We are not aware of further vendor information regarding this vulnerability."
        },
        {
            "Name": "ZyXEL",
            "Status": "Unknown",
            "Vendor Statement": "We have not received a statement from the vendor.",
            "Vendor Information": "We are not aware of further vendor information regarding this vulnerability."
        },
        {
            "Name": "eSoft, Inc.",
            "Status": "Unknown",
            "Vendor Statement": "We have not received a statement from the vendor.",
            "Vendor Information": "We are not aware of further vendor information regarding this vulnerability."
        }
    ],
    "CVSS Metrics": [
        {
            "Group": "Base",
            "Score": "0",
            "Vector": "AV:--/AC:--/Au:--/C:--/I:--/A:--"
        },
        {
            "Group": "Temporal",
            "Score": "0",
            "Vector": "E:ND/RL:ND/RC:ND"
        },
        {
            "Group": "Environmental",
            "Score": "0",
            "Vector": "CDP:ND/TD:M/CR:ND/IR:ND/AR:ND"
        }
    ],
    "References": [
        "[http://www.cs.umd.edu/~capveg/optack/optack-ccs05.pdf](http://www.cs.umd.edu/~capveg/optack/optack-ccs05.pdf)",
        "[http://www.cs.umd.edu/~capveg/optack/optack-extended.pdf](http://www.cs.umd.edu/~capveg/optack/optack-extended.pdf)",
        "[http://www.cs.ucsd.edu/~savage/papers/CCR99.pdf](http://www.cs.ucsd.edu/~savage/papers/CCR99.pdf)",
        "[http://www-2.cs.cmu.edu/~kgao/course/15744/network.pdf](http://www-2.cs.cmu.edu/~kgao/course/15744/network.pdf)",
        "[http://mirrors.sec.informatik.tu-darmstadt.de/ftp.ietf.org/internet-drafts/draft-azcorra-tcpm-tcp-blind-ack-dos-00.txt](http://mirrors.sec.informatik.tu-darmstadt.de/ftp.ietf.org/internet-drafts/draft-azcorra-tcpm-tcp-blind-ack-dos-00.txt)",
        "[http://mirrors.sec.informatik.tu-darmstadt.de/ftp.ietf.org/internet-drafts/draft-azcorra-tcpm-tcp-blind-ack-dos-01.txt](http://mirrors.sec.informatik.tu-darmstadt.de/ftp.ietf.org/internet-drafts/draft-azcorra-tcpm-tcp-blind-ack-dos-01.txt)",
        "[http://jvn.jp/cert/JVNVU%23102014/index.html](http://jvn.jp/cert/JVNVU%23102014/index.html)"
    ],
    "Acknowledgements": "Thanks to Rob Sherwood of the University of Maryland for reporting this vulnerability and researching its associated exploitation methods.  The CERT/CC acknowledges Stefan Savage, Neal Cardwell, David Wetherall, and Tom Anderson for the original publication of the underlying protocol issue that causes the vulnerability.This document was written by Chad Dougherty.  Additional technical feedback and assistance with this vulnerability was provided by Hal Burch and Art Manion.",
    "Other Information": {
        "CVE IDs:": "CVE-2005-3675",
        "Severity Metric:": "10.50",
        "Date Public:": "2005-11-10",
        "Date First Published:": "2005-11-10",
        "Date Last Updated:": "2017-04-12 17:27 UTC",
        "Document Revision:": "34"
    }
}