{
    "Title": "VU#102289 - Sun Java JRE vulnerable to privilege escalation",
    "Overview": "A vulnerability in the Sun Java Runtime Environment may allow a malicious applet to gain elevated privileges.",
    "Description": "The Sun Java Runtime Environment ([JRE](http://java.sun.com/j2se/1.4.2/download.html)) allows users to run [Java](http://java.sun.com/javase/technologies/) applications in a browser or as standalone programs. Sun has made the JRE available for multiple operating systems.Per Sunsolve Document ID [102731](http://sunsolve.sun.com/search/document.do?assetkey=1-26-102731-1):Two vulnerabilities related to serialization in the Java Runtime Environment may independently allow an untrusted applet or application to elevate its privileges.",
    "Impact": "An attacker may be able to run a Java applet on a vulnerable system with elevated privileges.",
    "Solution": "UpgradeSun has released an upgrade to address this issue. See Sunsolve Document ID [102731](http://sunsolve.sun.com/search/document.do?assetkey=1-26-102731-1) for more details. To adjust the JRE update settings, see the [update](http://java.sun.com/j2se/1.5.0/docs/guide/deployment/deployment-guide/jcp.html#update) section of the Java deployment guide.Disable JavaDisabling the Java browser plugin may prevent a malicious webpage from exploiting this vulnerability. See the [Securing Your Web Browser](http://www.us-cert.gov/reading_room/securing_browser/) for instructions on how to disable Java in your browser.",
    "Vendor Information": [
        {
            "Name": "Sun Microsystems, Inc."
        }
    ],
    "CVSS Metrics": [
        {
            "Group": "Base",
            "Score": "",
            "Vector": ""
        },
        {
            "Group": "Temporal",
            "Score": "",
            "Vector": ""
        },
        {
            "Group": "Environmental",
            "Score": "",
            "Vector": ""
        }
    ],
    "References": [
        "[http://secunia.com/advisories/23445/](http://secunia.com/advisories/23445/)",
        "[http://sunsolve.sun.com/search/document.do?assetkey=1-26-102731-1](http://sunsolve.sun.com/search/document.do?assetkey=1-26-102731-1)",
        "[http://secunia.com/advisories/23803/](http://secunia.com/advisories/23803/)",
        "[http://java.sun.com/j2se/1.5.0/docs/guide/deployment/deployment-guide/jcp.html#update](http://java.sun.com/j2se/1.5.0/docs/guide/deployment/deployment-guide/jcp.html#update)",
        "[http://secunia.com/advisories/23835/](http://secunia.com/advisories/23835/)",
        "[http://www.securityfocus.com/bid/21673](http://www.securityfocus.com/bid/21673)",
        "[http://secunia.com/advisories/24189/](http://secunia.com/advisories/24189/)",
        "[http://secunia.com/advisories/24468/](http://secunia.com/advisories/24468/)",
        "[http://secunia.com/advisories/25283/](http://secunia.com/advisories/25283/)"
    ],
    "Acknowledgements": "Sun thanks Tom Hawtin for reporting this vulnerability.This document was written by Ryan Giobbi.",
    "Other Information": {
        "CVE IDs:": "CVE-2006-6745",
        "Severity Metric:": "29.24",
        "Date Public:": "2006-12-20",
        "Date First Published:": "2007-01-09",
        "Date Last Updated:": "2007-05-16 18:58 UTC",
        "Document Revision:": "44"
    }
}