{
    "Title": "VU#102441 - Multiple X servers fail to properly allocate memory for large pixmaps",
    "Overview": "Multiple X Window System servers contain a pixmap memory allocation flaw that may allow local users to execute code with elevated privileges.",
    "Description": "Multiple X Window System server applications share code that may contain a flaw in the memory allocation for large pixmaps.  The affected products include the X.Org and XFree86 X server applications, possibly among others.An integer overflow condition may result in a memory allocation request returning an allocated region that is incorrectly sized.  The client may then be able to use the\u00a0XDrawPoint() and XGetImage() functions to read and write to arbitrary locations in the X server's address space.",
    "Impact": "A malicious local authenticated attacker may be able to execute arbitrary code with the privileges of the X server.",
    "Solution": "Apply an updateContact your vendor for updates, fixes, and workarounds.",
    "Vendor Information": [
        {
            "Name": "Debian Linux",
            "Status": "Affected",
            "Vendor Statement": "The Debian distribution is vulnerable by this problem.For the old stable distribution (woody) this problem has been fixed inversion 4.1.0-16woody7.For the stable distribution (sarge) this problem has been fixed inversion 4.3.0.dfsg.1-14sarge1.For the unstable distribution (sid) this problem has been fixed inversion 6.8.2.dfsg.1-7 of X.Org.",
            "Vendor Information": "The vendor has not provided us with any further information regarding this vulnerability."
        },
        {
            "Name": "Fedora Project"
        }
    ],
    "CVSS Metrics": [
        {
            "Group": "Base",
            "Score": "",
            "Vector": ""
        },
        {
            "Group": "Temporal",
            "Score": "",
            "Vector": ""
        },
        {
            "Group": "Environmental",
            "Score": "",
            "Vector": ""
        }
    ],
    "References": [
        "[https://bugzilla.redhat.com/bugzilla/show_bug.cgi?id=166859](https://bugzilla.redhat.com/bugzilla/show_bug.cgi?id=166859)",
        "[https://bugs.freedesktop.org/show_bug.cgi?id=594](https://bugs.freedesktop.org/show_bug.cgi?id=594)",
        "[http://secunia.com/advisories/16777/](http://secunia.com/advisories/16777/)",
        "[http://secunia.com/advisories/16790/](http://secunia.com/advisories/16790/)",
        "[https://rhn.redhat.com/errata/RHSA-2005-329.html](https://rhn.redhat.com/errata/RHSA-2005-329.html)"
    ],
    "Acknowledgements": "Thanks to Luke Hutchison and S\u00f8ren Sandmann Pedersen for reporting this vulnerability.This document was written by Ken MacInnis.",
    "Other Information": {
        "CVE IDs:": "CVE-2005-2495",
        "Severity Metric:": "7.43",
        "Date Public:": "2005-09-12",
        "Date First Published:": "2005-09-13",
        "Date Last Updated:": "2005-11-03 14:41 UTC",
        "Document Revision:": "38"
    }
}