{
    "Title": "VU#10277 - Various shells create temporary files insecurely when using << operator",
    "Overview": "sh uses  /tmp files of a predictable name in creating files for input redirection using the << operator.",
    "Description": "When performing the \"<<\" redirection, /bin/sh creates a temporary file in /tmp with a name based on the process id, writes subsequent input out to that file, and then closes the file before re-opening it as the standard input of the command to be executed.  At no stage are the results of the creat(), write(), or open() calls checked for an error status.",
    "Impact": "It is possible for another user to alter what is read from this file. If the sticky bit is not set on /tmp, the file can be simply removed, and a new file created in its placeIf the sticky bit is set, then it is possible to guess what the file will be called and create it before /bin/sh does (the creat() call performed by the shell does not result in an open() call with O_EXCL set) and hence it is possible to maintain a handle on the underlying file.If a fifo is created in place of the temporary file it is particularly easy to insert an extra command into the input transparently, and without having to worry about ensuring the bug is exploited during the narrow window of time in which it occurs.Even without reading, creating this file may block the execution of commands using the << operator. It may also be possible to create a symbolic link named as the temporary file and pointed to any other file on the system writable by the user of the shell, which may lead to corruption of the file to which the link is pointed.",
    "Solution": "Apply vendor patches; see the Systems Affected section below.Avoid the use of << operator in cron jobs and similar administration scripts.",
    "Vendor Information": [
        {
            "Name": "Apple Computer, Inc.",
            "Status": "Affected",
            "Vendor Statement": "The vulnerability described  here is fixed in Mac OS X 10.1.",
            "Vendor Information": "The vendor has not provided us with any further information regarding this vulnerability.",
            "Addendum": "This vulnerability has been verified for MacOS X.If you have feedback, comments, or additional information about this vulnerability, please send us [email](mailto:cert@cert.org?Subject=VU%2310277 Feedback)."
        },
        {
            "Name": "Compaq Computer Corporation",
            "Status": "Affected",
            "Vendor Statement": "TITLE: Tru64 UNIX Potential Security Vulnerability, \u00a0 \u00a0 \u00a0 Privileged App. Core Files and Temp File/Symbolic \u00a0 \u00a0 \u00a0 Links With Temp Files (SSRT1-41U, SSRT0742U, SSRT0759U)NOTICE: There are no restrictions for distribution of \u00a0 \u00a0 \u00a0 \u00a0this advisory provided that it remains complete and intact.RELEASE DATE: 28 JANUARY 2002SOURCE: Compaq Computer Corporation \u00a0 \u00a0 \u00a0 \u00a0Compaq Services \u00a0 \u00a0 \u00a0 \u00a0Software Security Response TeamCROSS REFERENCE: (CVE CAN-2000-1134, CERT/CC VU#10277)PROBLEM SUMMARY:(1). (SSRT1-41U) It has been reported to Compaq thatTru64 UNIX has a potential security vulnerability withit's utilization of temporary files in the shell programsand system startup or management scripts.Because the potential security vulnerability can only beexploited by users who have access to your local securitydomain, the risk is diminished. \u00a0 Many systems operate ina \"turn key\" mode where login access exists only for systemadministration. These systems are not at risk.Examples of these systems are file servers and web servers.There are things that can be done to reduce the potentialvulnerability and exposure. A set of Compaq guidelines areavailable from the Compaq Services web page at:[http://www.support.compaq.com/sec/system-protections-tru64.html](http://www.support.compaq.com/sec/system-protections-tru64.html)(2). (SSRT0742U, SSRT0759U) A potential security vulnerabilityhas been reported, where under certain circumstances, systemintegrity may be compromised. This may be in the form ofimproper privileged application core file access.VERSIONS IMPACTED:All supported versions as well as recent prior versions.The affected versions include but are not limited to Tru64 UNIXversions V5.1a, V5.1, V5.0a, V5.0, V4.0g, V4.0f and V4.0d.RESOLUTION:Early Release Patches (ERPs) are available for all supportedversions of Tru64 UNIX Tru64 UNIX 4.0F, 4.0G, 5.0A, 5.1 and 5.1Aand as a courtesy, for V4.0D and V4.0F as support for these two havejust recently ended.To obtain a the patch or patches needed, connect to theFTP site [ftp://ftp.support.compaq.com/public/unix/](ftp://ftp.support.compaq.com/public/unix/)choose the version directory required and download theappropriate patch.\u00a0--------------------- Early Release Patches ---------------------\u00a0Until the Tru64 UNIX fixes are generally available in mainstream patch kits, Compaq recommends use of the following Early Release Patches(ERP) kits:\u00a0Tru64 UNIX 4.0D \u00a0 Prerequisite: 4.0D with Patch Kit 9 (BL17) installed \u00a0 ERP Kit Name: \u00a0DUV40DB17-C0061401-12858-E-20020115.tar \u00a0 Kit Location: \u00a0[http://ftp1.support.compaq.com/public/unix/v4.0d/](http://ftp1.support.compaq.com/public/unix/v4.0d/)\u00a0Tru64 UNIX 4.0F: \u00a0 Prerequisite: \u00a04.0F with Patch Kit 6 (BL17) installed \u00a0 ERP Kit Name: \u00a0DUV40FB17-C0061801-12860-E-20020115.tar \u00a0 Kit Location: \u00a0[http://ftp1.support.compaq.com/public/unix/v4.0f/](http://ftp1.support.compaq.com/public/unix/v4.0f/)\u00a0 \u00a0Prerequisite: \u00a04.0F with Patch Kit 7 (BL18) installed \u00a0 ERP Kit Name: \u00a0DUV40FB18-C0065000-12930-E-20020122.tar \u00a0 Kit Location: \u00a0[http://ftp1.support.compaq.com/public/unix/v4.0f/](http://ftp1.support.compaq.com/public/unix/v4.0f/)\u00a0Tru64 UNIX 4.0G: \u00a0 Prerequisite: \u00a04.0G with Patch Kit 3 (BL17) installed \u00a0 ERP Kit Name: \u00a0T64V40GB17-C0009303-12856-E-20020115.tar \u00a0 Kit Location: \u00a0[http://ftp1.support.compaq.com/public/unix/v4.0g/](http://ftp1.support.compaq.com/public/unix/v4.0g/)\u00a0Tru64 UNIX 5.0: \u00a0 Prerequisite: \u00a05.0 with Patch Kit 4 (BL17) installed \u00a0 ERP Kit Name: \u00a0T64V50B17-C0006900-12861-E-20020115.tar \u00a0 Kit Location: \u00a0[http://ftp1.support.compaq.com/public/unix/v5.0/](http://ftp1.support.compaq.com/public/unix/v5.0/)\u00a0Tru64 UNIX 5.0A: \u00a0 Prerequisite: \u00a05.0A with Patch Kit 3 (BL17) installed \u00a0 ERP Kit Name: \u00a0T64V50AB17-C0017601-12862-E-20020115.tar \u00a0 Kit Location: \u00a0[http://ftp1.support.compaq.com/public/unix/v5.0a/](http://ftp1.support.compaq.com/public/unix/v5.0a/)\u00a0Tru64 UNIX 5.1: \u00a0 Prerequisite: \u00a05.1 with Patch Kit 3 (BL17) installed \u00a0 ERP Kit Name: \u00a0T64V51B17-C0095501-12931-E-20020122.tar \u00a0 Kit Location: \u00a0[http://ftp1.support.compaq.com/public/unix/v5.1/](http://ftp1.support.compaq.com/public/unix/v5.1/)\u00a0 \u00a0Prerequisite: \u00a05.1 with Patch Kit 4 (BL18) installed \u00a0 ERP Kit Name: \u00a0T64V51B18-C0094800-12864-E-20020115.tar \u00a0 Kit Location: \u00a0[http://ftp1.support.compaq.com/public/unix/v5.1/](http://ftp1.support.compaq.com/public/unix/v5.1/)\u00a0Tru64 UNIX 5.1A: \u00a0 Prerequisite: \u00a05.1A with Patch Kit 1 (BL1) installed \u00a0 ERP Kit Name: \u00a0T64V51AB1-C0008900-12954-E-20020124.tar \u00a0 Kit Location: \u00a0[http://ftp1.support.compaq.com/public/unix/v5.1a/](http://ftp1.support.compaq.com/public/unix/v5.1a/)\u00a0MD5 and SHA1 checksums are available in the public patch notice for the ERP kits. You can find information on how to verify MD5 and SHA1 checksums at:[http://www.support.compaq.com/patches/whats-new.shtml](http://www.support.compaq.com/patches/whats-new.shtml)The fixes contained in the early release patch (ERP) kits will beavailable in the next aggregate patch kits for each supported productrelease as follows:- Tru64 UNIX 4.0F PK8- Tru64 UNIX 4.0G PK4- Tru64 UNIX 5.0A PK4- Tru64 UNIX 5.1 \u00a0PK5- Tru64 UNIX 5.1A PK2\u00a0 NOTE: (1) \u00a0Please review the README file(s) for each patch prior \u00a0 \u00a0 \u00a0 \u00a0 \u00a0 \u00a0 to installation.After completing the update, Compaq strongly recommends thatyou perform an immediate backup of your system disk so thatany subsequent restore operations begin with updated software.Otherwise, you must reapply the update after a futurerestore operation. Also, if at some future time you upgrade yoursystem to a later patch version, you may need to reapply theappropriate update.SUPPORT:For further information, please contact your normalCompaq Global Services support channel.SUBSCRIBE:To subscribe to automatically receive future SecurityAdvisories from the Compaq's Software Security Response Team viaelectronic mail:[http://www.support.compaq.com/patches/mailing-list.shtml](http://www.support.compaq.com/patches/mailing-list.shtml)REPORT:To report a potential security vulnerability with any Compaqsupported product, send email to: security-ssrt@compaq.comCompaq appreciates your cooperation and patience. We regretany inconvenience applying this information may cause. Asalways, Compaq urges you to periodically review your systemmanagement and security procedures. Compaq will continue toreview and enhance the security features of its products andwork with customers to maintain and improve the securityand integrity of their systems.\"Compaq is broadly distributing this Security Advisory tonotify all users of Compaq products of the important securityinformation contained in this Advisory. Compaq recommends thatall users determine the applicability of this information totheir individual situations and take appropriate action. Compaqdoes not warrant that this information is necessarily accurate orcomplete for all user situations and, consequently, Compaqwill not be responsible for any damages resulting from user's useor disregard of the information provided in this Advisory.\"Copyright 2002 Compaq Computer Corporation. All rights reserved.",
            "Vendor Information": "The vendor has not provided us with any further information regarding this vulnerability.",
            "Addendum": "The above statement was made by Compaq Computer Corporation prior to their merger with Hewlett packard. For additional information, please see [http://ftp.support.compaq.com/patches/public/unix/v4.0f/duv40fb18-c0065000-12930-e-20020122.README](http://ftp.support.compaq.com/patches/public/unix/v4.0f/duv40fb18-c0065000-12930-e-20020122.README)Please see:[http://www.tru64unix.compaq.com/unix/security-download.html](http://www.tru64unix.compaq.com/unix/security-download.html) for the patch/security information;[http://ftp.support.compaq.com/patches/.new/unix.shtml](http://ftp.support.compaq.com/patches/.new/unix.shtml) for the actual patches.If you have feedback, comments, or additional information about this vulnerability, please send us [email](mailto:cert@cert.org?Subject=VU%2310277 Feedback)."
        },
        {
            "Name": "DEC",
            "Status": "Affected",
            "Vendor Statement": "TITLE: Tru64 UNIX Potential Security Vulnerability, \u00a0 \u00a0 \u00a0 Privileged App. Core Files and Temp File/Symbolic \u00a0 \u00a0 \u00a0 Links With Temp Files (SSRT1-41U, SSRT0742U, SSRT0759U)NOTICE: There are no restrictions for distribution of \u00a0 \u00a0 \u00a0 \u00a0this advisory provided that it remains complete and intact.RELEASE DATE: 28 JANUARY 2002SOURCE: Compaq Computer Corporation \u00a0 \u00a0 \u00a0 \u00a0Compaq Services \u00a0 \u00a0 \u00a0 \u00a0Software Security Response TeamCROSS REFERENCE: (CVE CAN-2000-1134, CERT/CC VU#10277)PROBLEM SUMMARY:(1). (SSRT1-41U) It has been reported to Compaq thatTru64 UNIX has a potential security vulnerability withit's utilization of temporary files in the shell programsand system startup or management scripts.Because the potential security vulnerability can only beexploited by users who have access to your local securitydomain, the risk is diminished. \u00a0 Many systems operate ina \"turn key\" mode where login access exists only for systemadministration. These systems are not at risk.Examples of these systems are file servers and web servers.There are things that can be done to reduce the potentialvulnerability and exposure. A set of Compaq guidelines areavailable from the Compaq Services web page at:[http://www.support.compaq.com/sec/system-protections-tru64.html](http://www.support.compaq.com/sec/system-protections-tru64.html)(2). (SSRT0742U, SSRT0759U) A potential security vulnerabilityhas been reported, where under certain circumstances, systemintegrity may be compromised. This may be in the form ofimproper privileged application core file access.VERSIONS IMPACTED:All supported versions as well as recent prior versions.The affected versions include but are not limited to Tru64 UNIXversions V5.1a, V5.1, V5.0a, V5.0, V4.0g, V4.0f and V4.0d.RESOLUTION:Early Release Patches (ERPs) are available for all supportedversions of Tru64 UNIX Tru64 UNIX 4.0F, 4.0G, 5.0A, 5.1 and 5.1Aand as a courtesy, for V4.0D and V4.0F as support for these two havejust recently ended.To obtain a the patch or patches needed, connect to theFTP site [ftp://ftp.support.compaq.com/public/unix/](ftp://ftp.support.compaq.com/public/unix/)choose the version directory required and download theappropriate patch.\u00a0--------------------- Early Release Patches ---------------------\u00a0Until the Tru64 UNIX fixes are generally available in mainstream patch kits, Compaq recommends use of the following Early Release Patches(ERP) kits:\u00a0Tru64 UNIX 4.0D \u00a0 Prerequisite: 4.0D with Patch Kit 9 (BL17) installed \u00a0 ERP Kit Name: \u00a0DUV40DB17-C0061401-12858-E-20020115.tar \u00a0 Kit Location: \u00a0[http://ftp1.support.compaq.com/public/unix/v4.0d/](http://ftp1.support.compaq.com/public/unix/v4.0d/)\u00a0Tru64 UNIX 4.0F: \u00a0 Prerequisite: \u00a04.0F with Patch Kit 6 (BL17) installed \u00a0 ERP Kit Name: \u00a0DUV40FB17-C0061801-12860-E-20020115.tar \u00a0 Kit Location: \u00a0[http://ftp1.support.compaq.com/public/unix/v4.0f/](http://ftp1.support.compaq.com/public/unix/v4.0f/)\u00a0 \u00a0Prerequisite: \u00a04.0F with Patch Kit 7 (BL18) installed \u00a0 ERP Kit Name: \u00a0DUV40FB18-C0065000-12930-E-20020122.tar \u00a0 Kit Location: \u00a0[http://ftp1.support.compaq.com/public/unix/v4.0f/](http://ftp1.support.compaq.com/public/unix/v4.0f/)\u00a0Tru64 UNIX 4.0G: \u00a0 Prerequisite: \u00a04.0G with Patch Kit 3 (BL17) installed \u00a0 ERP Kit Name: \u00a0T64V40GB17-C0009303-12856-E-20020115.tar \u00a0 Kit Location: \u00a0[http://ftp1.support.compaq.com/public/unix/v4.0g/](http://ftp1.support.compaq.com/public/unix/v4.0g/)\u00a0Tru64 UNIX 5.0: \u00a0 Prerequisite: \u00a05.0 with Patch Kit 4 (BL17) installed \u00a0 ERP Kit Name: \u00a0T64V50B17-C0006900-12861-E-20020115.tar \u00a0 Kit Location: \u00a0[http://ftp1.support.compaq.com/public/unix/v5.0/](http://ftp1.support.compaq.com/public/unix/v5.0/)\u00a0Tru64 UNIX 5.0A: \u00a0 Prerequisite: \u00a05.0A with Patch Kit 3 (BL17) installed \u00a0 ERP Kit Name: \u00a0T64V50AB17-C0017601-12862-E-20020115.tar \u00a0 Kit Location: \u00a0[http://ftp1.support.compaq.com/public/unix/v5.0a/](http://ftp1.support.compaq.com/public/unix/v5.0a/)\u00a0Tru64 UNIX 5.1: \u00a0 Prerequisite: \u00a05.1 with Patch Kit 3 (BL17) installed \u00a0 ERP Kit Name: \u00a0T64V51B17-C0095501-12931-E-20020122.tar \u00a0 Kit Location: \u00a0[http://ftp1.support.compaq.com/public/unix/v5.1/](http://ftp1.support.compaq.com/public/unix/v5.1/)\u00a0 \u00a0Prerequisite: \u00a05.1 with Patch Kit 4 (BL18) installed \u00a0 ERP Kit Name: \u00a0T64V51B18-C0094800-12864-E-20020115.tar \u00a0 Kit Location: \u00a0[http://ftp1.support.compaq.com/public/unix/v5.1/](http://ftp1.support.compaq.com/public/unix/v5.1/)\u00a0Tru64 UNIX 5.1A: \u00a0 Prerequisite: \u00a05.1A with Patch Kit 1 (BL1) installed \u00a0 ERP Kit Name: \u00a0T64V51AB1-C0008900-12954-E-20020124.tar \u00a0 Kit Location: \u00a0[http://ftp1.support.compaq.com/public/unix/v5.1a/](http://ftp1.support.compaq.com/public/unix/v5.1a/)\u00a0MD5 and SHA1 checksums are available in the public patch notice for the ERP kits. You can find information on how to verify MD5 and SHA1 checksums at:[http://www.support.compaq.com/patches/whats-new.shtml](http://www.support.compaq.com/patches/whats-new.shtml)The fixes contained in the early release patch (ERP) kits will beavailable in the next aggregate patch kits for each supported productrelease as follows:- Tru64 UNIX 4.0F PK8- Tru64 UNIX 4.0G PK4- Tru64 UNIX 5.0A PK4- Tru64 UNIX 5.1 \u00a0PK5- Tru64 UNIX 5.1A PK2\u00a0 NOTE: (1) \u00a0Please review the README file(s) for each patch prior \u00a0 \u00a0 \u00a0 \u00a0 \u00a0 \u00a0 to installation.After completing the update, Compaq strongly recommends thatyou perform an immediate backup of your system disk so thatany subsequent restore operations begin with updated software.Otherwise, you must reapply the update after a futurerestore operation. Also, if at some future time you upgrade yoursystem to a later patch version, you may need to reapply theappropriate update.SUPPORT:For further information, please contact your normalCompaq Global Services support channel.SUBSCRIBE:To subscribe to automatically receive future SecurityAdvisories from the Compaq's Software Security Response Team viaelectronic mail:[http://www.support.compaq.com/patches/mailing-list.shtml](http://www.support.compaq.com/patches/mailing-list.shtml)REPORT:To report a potential security vulnerability with any Compaqsupported product, send email to: security-ssrt@compaq.comCompaq appreciates your cooperation and patience. We regretany inconvenience applying this information may cause. Asalways, Compaq urges you to periodically review your systemmanagement and security procedures. Compaq will continue toreview and enhance the security features of its products andwork with customers to maintain and improve the securityand integrity of their systems.\"Compaq is broadly distributing this Security Advisory tonotify all users of Compaq products of the important securityinformation contained in this Advisory. Compaq recommends thatall users determine the applicability of this information totheir individual situations and take appropriate action. Compaqdoes not warrant that this information is necessarily accurate orcomplete for all user situations and, consequently, Compaqwill not be responsible for any damages resulting from user's useor disregard of the information provided in this Advisory.\"Copyright 2002 Compaq Computer Corporation. All rights reserved.",
            "Vendor Information": "The vendor has not provided us with any further information regarding this vulnerability.",
            "Addendum": "If you have feedback, comments, or additional information about this vulnerability, please send email to Compaq Computer Corporation.Please see:[http://www.tru64unix.compaq.com/unix/security-download.html](http://www.tru64unix.compaq.com/unix/security-download.html) for the patch/security information;[http://ftp.support.compaq.com/patches/.new/unix.shtml](http://ftp.support.compaq.com/patches/.new/unix.shtml) for the actual patches.If you have feedback, comments, or additional information about this vulnerability, please send us [email](mailto:cert@cert.org?Subject=VU%2310277 Feedback)."
        },
        {
            "Name": "FreeBSD, Inc.",
            "Status": "Affected",
            "Vendor Statement": "[http://www.linuxsecurity.com/advisories/freebsd_advisory-1054.html](http://www.linuxsecurity.com/advisories/freebsd_advisory-1054.html)[http://www.linuxsecurity.com/advisories/freebsd_advisory-900.html](http://www.linuxsecurity.com/advisories/freebsd_advisory-900.html)",
            "Vendor Information": "The vendor has not provided us with any further information regarding this vulnerability.",
            "Addendum": "Third-party shells may be vulnerable -- consult vendor.If you have feedback, comments, or additional information about this vulnerability, please send us [email](mailto:cert@cert.org?Subject=VU%2310277 Feedback)."
        },
        {
            "Name": "Hewlett-Packard Company",
            "Status": "Affected",
            "Vendor Statement": "We have not received a statement from the vendor.",
            "Vendor Information": "The vendor has not provided us with any further information regarding this vulnerability.",
            "Addendum": "See also [http://www.kb.cert.org/vuls/id/TJSL-56UQED](http://www.kb.cert.org/vuls/id/TJSL-56UQED). If you have feedback, comments, or additional information about this vulnerability, please send us [email](mailto:cert@cert.org?Subject=VU%2310277 Feedback)."
        },
        {
            "Name": "IBM Corporation",
            "Status": "Affected",
            "Vendor Statement": "We examined our UNIX shells that ship aith AIX for the redirection operator vulnerability.Our ksh is not vulnerable.Our Bourne shell may be vulnerable, but we have asked the developer to review the appropriatesource code to make a final determination.Our csh is vulnerable, and the problem is being fixed.",
            "Vendor Information": "The vendor has not provided us with any further information regarding this vulnerability.",
            "Addendum": "The CERT/CC has no additional comments at this time.If you have feedback, comments, or additional information about this vulnerability, please send us [email](mailto:cert@cert.org?Subject=VU%2310277 Feedback)."
        },
        {
            "Name": "Mandriva, Inc.",
            "Status": "Affected",
            "Vendor Statement": "[http://distro.conectiva.com.br/atualizacoes/?id=a&anuncio=000350&idioma=en](http://distro.conectiva.com.br/atualizacoes/?id=a&anuncio=000350&idioma=en)",
            "Vendor Information": "The vendor has not provided us with any further information regarding this vulnerability.",
            "Addendum": "The CERT/CC has no additional comments at this time.If you have feedback, comments, or additional information about this vulnerability, please send us [email](mailto:cert@cert.org?Subject=VU%2310277 Feedback)."
        },
        {
            "Name": "SGI",
            "Status": "Affected",
            "Vendor Statement": "[ftp://patches.sgi.com/support/free/security/advisories/20011103-01-I](ftp://patches.sgi.com/support/free/security/advisories/20011103-01-I)",
            "Vendor Information": "The vendor has not provided us with any further information regarding this vulnerability.",
            "Addendum": "Previous statement (May 18, 2001):SGI acknowledges receiving the vulnerability reported and is currentlyinvestigating. No further information is available at this time.As further information becomes available, additional advisories will beissued via the normal SGI security informationdistribution methodsincluding the wiretap mailing list and [http://www.sgi.com/support/security/](http://www.sgi.com/support/security/)For the protection of all our customers, SGI does not disclose, discuss orconfirm vulnerabilities until a full investigation has occurred and anynecessary patch(es) or release streams are available for all vulnerableand supported IRIX operating systems.Until SGI has more definitive information to provide, customers areencouraged to assume all security vulnerabilities as exploitable and takeappropriate steps according to local site security policies and requirements.If you have feedback, comments, or additional information about this vulnerability, please send us [email](mailto:cert@cert.org?Subject=VU%2310277 Feedback)."
        },
        {
            "Name": "Sun Microsystems, Inc.",
            "Status": "Affected",
            "Vendor Statement": "Releases starting at Solaris 8 update 5 have been fixed, and patches will be available soon.",
            "Vendor Information": "The vendor has not provided us with any further information regarding this vulnerability.",
            "Addendum": "The CERT/CC has no additional comments at this time.If you have feedback, comments, or additional information about this vulnerability, please send us [email](mailto:cert@cert.org?Subject=VU%2310277 Feedback)."
        },
        {
            "Name": "The SCO Group (SCO Linux)",
            "Status": "Affected",
            "Vendor Statement": "Caldera International has released updates for those problems:1. bash1, released on November 24th, 2000Location of fixed packages:OpenLinux 2.3:[ftp://ftp.caldera.com/pub/updates/OpenLinux/2.3/045/](ftp://ftp.caldera.com/pub/updates/OpenLinux/2.3/045/)OpenLinux eServer 2.3.1:[ftp://ftp.caldera.com/pub/updates/eServer/2.3/034/](ftp://ftp.caldera.com/pub/updates/eServer/2.3/034/)OpenLinux eDesktop 2.4:[ftp://ftp.caldera.com/pub/updates/eDesktop/2.4/028/](ftp://ftp.caldera.com/pub/updates/eDesktop/2.4/028/)2. tcsh, released on December 4th, 2000Location of fixed packages:OpenLinux 2.3:[ftp://ftp.caldera.com/pub/updates/OpenLinux/2.3/046/](ftp://ftp.caldera.com/pub/updates/OpenLinux/2.3/046/)OpenLinux eServer 2.3.1:[ftp://ftp.caldera.com/pub/updates/eServer/2.3/035/](ftp://ftp.caldera.com/pub/updates/eServer/2.3/035/)OpenLinux eDesktop 2.4:[ftp://ftp.caldera.com/pub/updates/eDesktop/2.4/029/](ftp://ftp.caldera.com/pub/updates/eDesktop/2.4/029/)3. Other shells:   We have detected the same problem in bash2 and fixed it for the next   shipping product.",
            "Vendor Information": "The vendor has not provided us with any further information regarding this vulnerability.",
            "Addendum": "The CERT/CC has no additional comments at this time.If you have feedback, comments, or additional information about this vulnerability, please send us [email](mailto:cert@cert.org?Subject=VU%2310277 Feedback)."
        },
        {
            "Name": "The SCO Group (SCO Unix)",
            "Status": "Affected",
            "Vendor Statement": "[ftp://stage.caldera.com/pub/security/openserver/CSSA-2001-SCO.24/CSSA-2001-SCO.24.txt](ftp://stage.caldera.com/pub/security/openserver/CSSA-2001-SCO.24/CSSA-2001-SCO.24.txt)",
            "Vendor Information": "The vendor has not provided us with any further information regarding this vulnerability.",
            "Addendum": "Contact vendor regarding availability of patches.If you have feedback, comments, or additional information about this vulnerability, please send us [email](mailto:cert@cert.org?Subject=VU%2310277 Feedback)."
        },
        {
            "Name": "Berkeley Software Design, Inc.",
            "Status": "Not Affected",
            "Vendor Statement": "Vendor-distributed shells are not vulnerable.",
            "Vendor Information": "The vendor has not provided us with any further information regarding this vulnerability.",
            "Addendum": "Third-party shells may still be vulnerable -- consult vendor.If you have feedback, comments, or additional information about this vulnerability, please send us [email](mailto:cert@cert.org?Subject=VU%2310277 Feedback)."
        },
        {
            "Name": "OpenBSD",
            "Status": "Not Affected",
            "Vendor Statement": "This has been fixed (as of 10/30/2000) in OpenBSD csh.  The sh (which is pdksh) was not vulnerable.Further research shows that this vulnerability was not present in earlier releases.",
            "Vendor Information": "The vendor has not provided us with any further information regarding this vulnerability."
        },
        {
            "Name": "Data General",
            "Status": "Unknown",
            "Vendor Statement": "We have not received a statement from the vendor.",
            "Vendor Information": "The vendor has not provided us with any further information regarding this vulnerability.",
            "Addendum": "The CERT/CC has no additional comments at this time.If you have feedback, comments, or additional information about this vulnerability, please send us [email](mailto:cert@cert.org?Subject=VU%2310277 Feedback)."
        },
        {
            "Name": "Debian Linux",
            "Status": "Unknown",
            "Vendor Statement": "We have not received a statement from the vendor.",
            "Vendor Information": "The vendor has not provided us with any further information regarding this vulnerability.",
            "Addendum": "The CERT/CC has no additional comments at this time.If you have feedback, comments, or additional information about this vulnerability, please send us [email](mailto:cert@cert.org?Subject=VU%2310277 Feedback)."
        },
        {
            "Name": "Fujitsu",
            "Status": "Unknown",
            "Vendor Statement": "We have not received a statement from the vendor.",
            "Vendor Information": "The vendor has not provided us with any further information regarding this vulnerability.",
            "Addendum": "The CERT/CC has no additional comments at this time.If you have feedback, comments, or additional information about this vulnerability, please send us [email](mailto:cert@cert.org?Subject=VU%2310277 Feedback)."
        },
        {
            "Name": "NEC Corporation",
            "Status": "Unknown",
            "Vendor Statement": "We have not received a statement from the vendor.",
            "Vendor Information": "The vendor has not provided us with any further information regarding this vulnerability.",
            "Addendum": "The CERT/CC has no additional comments at this time.If you have feedback, comments, or additional information about this vulnerability, please send us [email](mailto:cert@cert.org?Subject=VU%2310277 Feedback)."
        },
        {
            "Name": "NeXT",
            "Status": "Unknown",
            "Vendor Statement": "We have not received a statement from the vendor.",
            "Vendor Information": "The vendor has not provided us with any further information regarding this vulnerability.",
            "Addendum": "The CERT/CC has no additional comments at this time.If you have feedback, comments, or additional information about this vulnerability, please send us [email](mailto:cert@cert.org?Subject=VU%2310277 Feedback)."
        },
        {
            "Name": "NetBSD",
            "Status": "Unknown",
            "Vendor Statement": "We have not received a statement from the vendor.",
            "Vendor Information": "The vendor has not provided us with any further information regarding this vulnerability.",
            "Addendum": "The CERT/CC has no additional comments at this time.If you have feedback, comments, or additional information about this vulnerability, please send us [email](mailto:cert@cert.org?Subject=VU%2310277 Feedback)."
        },
        {
            "Name": "Red Hat, Inc.",
            "Status": "Unknown",
            "Vendor Statement": "We have not received a statement from the vendor.",
            "Vendor Information": "The vendor has not provided us with any further information regarding this vulnerability.",
            "Addendum": "The CERT/CC has no additional comments at this time.If you have feedback, comments, or additional information about this vulnerability, please send us [email](mailto:cert@cert.org?Subject=VU%2310277 Feedback)."
        },
        {
            "Name": "Sequent Computer Systems, Inc.",
            "Status": "Unknown",
            "Vendor Statement": "We have not received a statement from the vendor.",
            "Vendor Information": "The vendor has not provided us with any further information regarding this vulnerability.",
            "Addendum": "The CERT/CC has no additional comments at this time.If you have feedback, comments, or additional information about this vulnerability, please send us [email](mailto:cert@cert.org?Subject=VU%2310277 Feedback)."
        },
        {
            "Name": "Siemens Nixdorf",
            "Status": "Unknown",
            "Vendor Statement": "We have not received a statement from the vendor.",
            "Vendor Information": "The vendor has not provided us with any further information regarding this vulnerability.",
            "Addendum": "The CERT/CC has no additional comments at this time.If you have feedback, comments, or additional information about this vulnerability, please send us [email](mailto:cert@cert.org?Subject=VU%2310277 Feedback)."
        },
        {
            "Name": "Sony Corporation",
            "Status": "Unknown",
            "Vendor Statement": "We have not received a statement from the vendor.",
            "Vendor Information": "The vendor has not provided us with any further information regarding this vulnerability.",
            "Addendum": "The CERT/CC has no additional comments at this time.If you have feedback, comments, or additional information about this vulnerability, please send us [email](mailto:cert@cert.org?Subject=VU%2310277 Feedback)."
        },
        {
            "Name": "Unisys",
            "Status": "Unknown",
            "Vendor Statement": "We have not received a statement from the vendor.",
            "Vendor Information": "The vendor has not provided us with any further information regarding this vulnerability.",
            "Addendum": "The CERT/CC has no additional comments at this time.If you have feedback, comments, or additional information about this vulnerability, please send us [email](mailto:cert@cert.org?Subject=VU%2310277 Feedback)."
        }
    ],
    "CVSS Metrics": [
        {
            "Group": "Base",
            "Score": "",
            "Vector": ""
        },
        {
            "Group": "Temporal",
            "Score": "",
            "Vector": ""
        },
        {
            "Group": "Environmental",
            "Score": "",
            "Vector": ""
        }
    ],
    "References": [
        "[http://www.securityfocus.com/bid/3996](http://www.securityfocus.com/bid/3996)",
        "[http://www.securityfocus.com/bid/2006](http://www.securityfocus.com/bid/2006)",
        "[ftp://patches.sgi.com/support/free/security/advisories/20011103-01-I](ftp://patches.sgi.com/support/free/security/advisories/20011103-01-I)"
    ],
    "Acknowledgements": "The original discoverer of this vul was Gordon Irlam of the Univeristy of Adelaide, Australia.This document was written by James T. Ellis, modified by Tim Shimeall to reflect 2001 reporting",
    "Other Information": {
        "CVE IDs:": "CVE-2000-1134",
        "Severity Metric:": "1.73",
        "Date Public:": "1991-07-17",
        "Date First Published:": "2001-07-02",
        "Date Last Updated:": "2007-04-24 18:02 UTC",
        "Document Revision:": "19"
    }
}