{
    "Title": "VU#102795 - OpenSSL servers contain a buffer overflow during the SSL2 handshake process",
    "Overview": "OpenSSL is an open-source implementation of the Secure Sockets Layer (SSL) protocol. A remotely exploitable vulnerability exists in OpenSSL servers that could lead to the execution of arbitrary code on the server.",
    "Description": "Versions of OpenSSL servers prior to 0.9.6e and pre-release version 0.9.7-beta2 contain a remotely exploitable buffer overflow vulnerability. This vulnerability can be exploited by a client using a malformed key during the handshake process with an SSL server connection using the SSLv2 communication process.",
    "Impact": "Exploitation of this vulnerability could lead to the execution of arbitrary code on the server. The code will be executed with the privileges of the application or service exploited via this vulnerability.",
    "Solution": "OpenSSL servers should apply the patches provided by your vendors, or upgrade to OpenSSL 0.9.6e. Note that applications statically linking to OpenSSL libraries may need to be recompiled with the corrected version of OpenSSL.Servers can disable SSL2 or disable all applications using SSL or TLS until the patches are applied.",
    "Vendor Information": [
        {
            "Name": "Apple Computer Inc.",
            "Status": "Affected",
            "Vendor Statement": "The vulnerabilities described in this note are fixed with [Security Update 2002-08-02](http://www.info.apple.com/usen/security/security_updates.html).",
            "Vendor Information": "The vendor has not provided us with any further information regarding this vulnerability.",
            "Addendum": "The CERT/CC has no additional comments at this time.If you have feedback, comments, or additional information about this vulnerability, please send us [email](mailto:cert@cert.org?Subject=VU%23102795 Feedback)."
        },
        {
            "Name": "Covalent",
            "Status": "Affected",
            "Vendor Statement": "Covalent Technologies has been informed by [RSA Security](http://www.rsasecurity.com/products/bsafe/bulletins/BSAFE_SSL_Products_Security_Bulletin_Aug_8_2002.pdf) that the BSAFElibraries used in Covalent's SSL implementations are [potentiallyvulnerable](http://www.kb.cert.org/vuls/id/JSHA-5DXQLX) to the SSL V2 negotiation issue detailed in [VU#102795](http://www.kb.cert.org/vuls/id/102795) and the related [CA-2002-23](http://www.cert.org/advisories/CA-2002-23) and [CA-2002-27](http://www.cert.org/advisories/CA-2002-27)advisories. All Covalent products using SSL are affected. Covalent hasproduct updates and additional information available at:[http://www.covalent.net/products/rotate.php?page=110](http://www.covalent.net/products/rotate.php?page=110)",
            "Vendor Information": "The vendor has not provided us with any further information regarding this vulnerability.",
            "Addendum": "The CERT/CC has no additional comments at this time.If you have feedback, comments, or additional information about this vulnerability, please send us [email](mailto:cert@cert.org?Subject=VU%23102795 Feedback)."
        },
        {
            "Name": "Debian",
            "Status": "Affected",
            "Vendor Statement": "Please see [http://www.debian.org/security/2002/dsa-136](http://www.debian.org/security/2002/dsa-136)",
            "Vendor Information": "The vendor has not provided us with any further information regarding this vulnerability.",
            "Addendum": "-----BEGIN PGP SIGNED MESSAGE------ ------------------------------------------------------------------------Debian Security Advisory DSA-136-1 \u00a0 \u00a0 \u00a0 \u00a0 \u00a0 \u00a0 \u00a0 \u00a0 \u00a0 security@debian.org[http://www.debian.org/security/](http://www.debian.org/security/) \u00a0 \u00a0 \u00a0 \u00a0 \u00a0 \u00a0 \u00a0 \u00a0 \u00a0 \u00a0 \u00a0 \u00a0 Wichert AkkermanJuly 30, 2002- ------------------------------------------------------------------------Package \u00a0 \u00a0 \u00a0 \u00a0: opensslProblem type \u00a0 : multiple remote exploitsDebian-specific: noCVE \u00a0 \u00a0 \u00a0 \u00a0 \u00a0 \u00a0: CAN-2002-0655 CAN-2002-0656 CAN-2002-0657 CAN-2002-0659The OpenSSL development team has announced that a security audit by A.L.Digital Ltd and The Bunker, under the DARPA CHATS program, has revealedremotely exploitable buffer overflow conditions in the OpenSSL code.Additionaly, the ASN1 parser in OpenSSL has a potential DoS attackindependently discovered by Adi Stav and James Yonan.CAN-2002-0655 references overflows in buffers used to hold ASCIIrepresentations of integers on 64 bit platforms. CAN-2002-0656references buffer overflows in the SSL2 server implementation (bysending an invalid key to the server) and the SSL3 client implementation(by sending a large session id to the client). The SSL2 issue was alsonoticed by Neohapsis, who have privately demonstrated exploit code forthis issue. CAN-2002-0659 references the ASN1 parser DoS issue.These vulnerabilities have been addressed for Debian 3.0 (woody) inopenssl094_0.9.4-6.woody.0, openssl095_0.9.5a-6.woody.0 andopenssl_0.9.6c-2.woody.0.These vulnerabilities are also present in Debian 2.2 (potato), but nofix is available at this moment.We recommend you upgrade your OpenSSL as soon as possible. Note that youshould restart any daemons running SSL. (E.g., ssh or ssl-enabledapache.)- ------------------------------------------------------------------------Obtaining updates:\u00a0 By hand: \u00a0 \u00a0wget URL \u00a0 \u00a0 \u00a0 \u00a0will fetch the file for you. \u00a0 \u00a0dpkg -i FILENAME.deb \u00a0 \u00a0 \u00a0 \u00a0will install the fetched file.\u00a0 With apt: \u00a0 \u00a0deb [http://security.debian.org/](http://security.debian.org/) stable/updates main \u00a0 \u00a0 \u00a0 \u00a0added to /etc/apt/sources.list will provide security updatesAdditional information can be found on the Debian security webpagesat [http://www.debian.org/security/](http://www.debian.org/security/)- ------------------------------------------------------------------------Debian 3.0 (stable)- -------------------\u00a0 Stable was released for alpha, arm, hppa, i386, ia64, m68k, mips, mipsel, powerpc, s390 and sparc.\u00a0 Source archives:\u00a0 \u00a0 [http://security.debian.org/pool/updates/main/o/openssl/openssl_0.9.6c-2.woody.0.dsc](http://security.debian.org/pool/updates/main/o/openssl/openssl_0.9.6c-2.woody.0.dsc) \u00a0 \u00a0 \u00a0Size/MD5 checksum: \u00a0 \u00a0 \u00a0782 de4c7b85648c7953dc31d3a89c38681c \u00a0 \u00a0[http://security.debian.org/pool/updates/main/o/openssl/openssl_0.9.6c-2.woody.0.diff.gz](http://security.debian.org/pool/updates/main/o/openssl/openssl_0.9.6c-2.woody.0.diff.gz) \u00a0 \u00a0 \u00a0Size/MD5 checksum: \u00a0 \u00a042270 e9fbf71f583f1727222eddb8f023472a \u00a0 \u00a0[http://security.debian.org/pool/updates/main/o/openssl095/openssl095_0.9.5a-6.woody.0.dsc](http://security.debian.org/pool/updates/main/o/openssl095/openssl095_0.9.5a-6.woody.0.dsc) \u00a0 \u00a0 \u00a0Size/MD5 checksum: \u00a0 \u00a0 \u00a0781 534406f61e0229e92f506e9bc92fdaf1 \u00a0 \u00a0[http://security.debian.org/pool/updates/main/o/openssl094/openssl094_0.9.4-6.woody.0.diff.gz](http://security.debian.org/pool/updates/main/o/openssl094/openssl094_0.9.4-6.woody.0.diff.gz) \u00a0 \u00a0 \u00a0Size/MD5 checksum: \u00a0 \u00a045542 f4683a2fb7adc0fef97a31ac141e3acd \u00a0 \u00a0[http://security.debian.org/pool/updates/main/o/openssl095/openssl095_0.9.5a-6.woody.0.diff.gz](http://security.debian.org/pool/updates/main/o/openssl095/openssl095_0.9.5a-6.woody.0.diff.gz) \u00a0 \u00a0 \u00a0Size/MD5 checksum: \u00a0 \u00a038251 ee919ba698cbbfebcf922b19e05bbfeb \u00a0 \u00a0[http://security.debian.org/pool/updates/main/o/openssl094/openssl094_0.9.4.orig.tar.gz](http://security.debian.org/pool/updates/main/o/openssl094/openssl094_0.9.4.orig.tar.gz) \u00a0 \u00a0 \u00a0Size/MD5 checksum: \u00a01570392 72544daea16d6c99d656b95f77b01b2d \u00a0 \u00a0[http://security.debian.org/pool/updates/main/o/openssl/openssl_0.9.6c.orig.tar.gz](http://security.debian.org/pool/updates/main/o/openssl/openssl_0.9.6c.orig.tar.gz) \u00a0 \u00a0 \u00a0Size/MD5 checksum: \u00a02153980 c8261d93317635d56df55650c6aeb3dc \u00a0 \u00a0[http://security.debian.org/pool/updates/main/o/openssl094/openssl094_0.9.4-6.woody.0.dsc](http://security.debian.org/pool/updates/main/o/openssl094/openssl094_0.9.4-6.woody.0.dsc) \u00a0 \u00a0 \u00a0Size/MD5 checksum: \u00a0 \u00a0 \u00a0731 370bd2a3bb4bd957c571b7e0e51837ce \u00a0 \u00a0[http://security.debian.org/pool/updates/main/o/openssl095/openssl095_0.9.5a.orig.tar.gz](http://security.debian.org/pool/updates/main/o/openssl095/openssl095_0.9.5a.orig.tar.gz) \u00a0 \u00a0 \u00a0Size/MD5 checksum: \u00a01892089 99d22f1d4d23ff8b927f94a9df3997b4\u00a0 Architecture independent packages:\u00a0 \u00a0 [http://security.debian.org/pool/updates/main/o/openssl/ssleay_0.9.6c-2.woody.0_all.deb](http://security.debian.org/pool/updates/main/o/openssl/ssleay_0.9.6c-2.woody.0_all.deb) \u00a0 \u00a0 \u00a0Size/MD5 checksum: \u00a0 \u00a0 \u00a0978 550d56ffa53e3e8ef26087b1fef5a1c5\u00a0 alpha architecture (DEC Alpha)\u00a0 \u00a0 [http://security.debian.org/pool/updates/main/o/openssl/openssl_0.9.6c-2.woody.0_alpha.deb](http://security.debian.org/pool/updates/main/o/openssl/openssl_0.9.6c-2.woody.0_alpha.deb) \u00a0 \u00a0 \u00a0Size/MD5 checksum: \u00a0 735692 786b81d45374fa91a204a578d09dea6b \u00a0 \u00a0[http://security.debian.org/pool/updates/main/o/openssl/libssl-dev_0.9.6c-2.woody.0_alpha.deb](http://security.debian.org/pool/updates/main/o/openssl/libssl-dev_0.9.6c-2.woody.0_alpha.deb) \u00a0 \u00a0 \u00a0Size/MD5 checksum: \u00a01550722 ac0d245d8d2e744d688c2778382513da \u00a0 \u00a0[http://security.debian.org/pool/updates/main/o/openssl/libssl0.9.6_0.9.6c-2.woody.0_alpha.deb](http://security.debian.org/pool/updates/main/o/openssl/libssl0.9.6_0.9.6c-2.woody.0_alpha.deb) \u00a0 \u00a0 \u00a0Size/MD5 checksum: \u00a0 570630 c46d9dcac74f3766a48d8fe36d8dcb05\u00a0 hppa architecture (HP PA RISC)\u00a0 \u00a0 [http://security.debian.org/pool/updates/main/o/openssl/openssl_0.9.6c-2.woody.0_hppa.deb](http://security.debian.org/pool/updates/main/o/openssl/openssl_0.9.6c-2.woody.0_hppa.deb) \u00a0 \u00a0 \u00a0Size/MD5 checksum: \u00a0 741398 9a081e5359cdf46e56a1854bcbff7af3 \u00a0 \u00a0[http://security.debian.org/pool/updates/main/o/openssl/libssl-dev_0.9.6c-2.woody.0_hppa.deb](http://security.debian.org/pool/updates/main/o/openssl/libssl-dev_0.9.6c-2.woody.0_hppa.deb) \u00a0 \u00a0 \u00a0Size/MD5 checksum: \u00a01434262 b9014a44cbefabce2c446b5b7be640f9 \u00a0 \u00a0[http://security.debian.org/pool/updates/main/o/openssl/libssl0.9.6_0.9.6c-2.woody.0_hppa.deb](http://security.debian.org/pool/updates/main/o/openssl/libssl0.9.6_0.9.6c-2.woody.0_hppa.deb) \u00a0 \u00a0 \u00a0Size/MD5 checksum: \u00a0 564284 be33bde9b00138d7ab6639daf9dc4cfe\u00a0 i386 architecture (Intel ia32)\u00a0 \u00a0 [http://security.debian.org/pool/updates/main/o/openssl/openssl_0.9.6c-2.woody.0_i386.deb](http://security.debian.org/pool/updates/main/o/openssl/openssl_0.9.6c-2.woody.0_i386.deb) \u00a0 \u00a0 \u00a0Size/MD5 checksum: \u00a0 731384 101d86cf6e2e274e5a811a38f5956b2d \u00a0 \u00a0[http://security.debian.org/pool/updates/main/o/openssl094/libssl09_0.9.4-6.woody.0_i386.deb](http://security.debian.org/pool/updates/main/o/openssl094/libssl09_0.9.4-6.woody.0_i386.deb) \u00a0 \u00a0 \u00a0Size/MD5 checksum: \u00a0 357908 49dd8e2dc866b9bd7639c5e7576e7519 \u00a0 \u00a0[http://security.debian.org/pool/updates/main/o/openssl/libssl0.9.6_0.9.6c-2.woody.0_i386.deb](http://security.debian.org/pool/updates/main/o/openssl/libssl0.9.6_0.9.6c-2.woody.0_i386.deb) \u00a0 \u00a0 \u00a0Size/MD5 checksum: \u00a0 462026 859c8e6439943d597db12d47ec1ee496 \u00a0 \u00a0[http://security.debian.org/pool/updates/main/o/openssl/libssl-dev_0.9.6c-2.woody.0_i386.deb](http://security.debian.org/pool/updates/main/o/openssl/libssl-dev_0.9.6c-2.woody.0_i386.deb) \u00a0 \u00a0 \u00a0Size/MD5 checksum: \u00a01293384 3e605b6e1abc0b0f40c6ec3ddf2b9419 \u00a0 \u00a0[http://security.debian.org/pool/updates/main/o/openssl095/libssl095a_0.9.5a-6.woody.0_i386.deb](http://security.debian.org/pool/updates/main/o/openssl095/libssl095a_0.9.5a-6.woody.0_i386.deb) \u00a0 \u00a0 \u00a0Size/MD5 checksum: \u00a0 400048 7495feff7cbcae0f816641b8d7537ad1\u00a0 ia64 architecture (Intel ia64)\u00a0 \u00a0 [http://security.debian.org/pool/updates/main/o/openssl/libssl-dev_0.9.6c-2.woody.0_ia64.deb](http://security.debian.org/pool/updates/main/o/openssl/libssl-dev_0.9.6c-2.woody.0_ia64.deb) \u00a0 \u00a0 \u00a0Size/MD5 checksum: \u00a01614810 48c24d1b8c221e51a1e6f789b2621b40 \u00a0 \u00a0[http://security.debian.org/pool/updates/main/o/openssl/openssl_0.9.6c-2.woody.0_ia64.deb](http://security.debian.org/pool/updates/main/o/openssl/openssl_0.9.6c-2.woody.0_ia64.deb) \u00a0 \u00a0 \u00a0Size/MD5 checksum: \u00a0 763034 13e3e71cc06198e6a481d958854a1f78 \u00a0 \u00a0[http://security.debian.org/pool/updates/main/o/openssl/libssl0.9.6_0.9.6c-2.woody.0_ia64.deb](http://security.debian.org/pool/updates/main/o/openssl/libssl0.9.6_0.9.6c-2.woody.0_ia64.deb) \u00a0 \u00a0 \u00a0Size/MD5 checksum: \u00a0 710254 792b4575a78dafac7f99919d9c5a9f78\u00a0 mips architecture (MIPS (Big Endian))\u00a0 \u00a0 [http://security.debian.org/pool/updates/main/o/openssl/openssl_0.9.6c-2.woody.0_mips.deb](http://security.debian.org/pool/updates/main/o/openssl/openssl_0.9.6c-2.woody.0_mips.deb) \u00a0 \u00a0 \u00a0Size/MD5 checksum: \u00a0 717276 4a2d38551b10dc1316bd3479d044261b \u00a0 \u00a0[http://security.debian.org/pool/updates/main/o/openssl/libssl0.9.6_0.9.6c-2.woody.0_mips.deb](http://security.debian.org/pool/updates/main/o/openssl/libssl0.9.6_0.9.6c-2.woody.0_mips.deb) \u00a0 \u00a0 \u00a0Size/MD5 checksum: \u00a0 482968 f37975dfb58f53950e98e8adce007cd9 \u00a0 \u00a0[http://security.debian.org/pool/updates/main/o/openssl/libssl-dev_0.9.6c-2.woody.0_mips.deb](http://security.debian.org/pool/updates/main/o/openssl/libssl-dev_0.9.6c-2.woody.0_mips.deb) \u00a0 \u00a0 \u00a0Size/MD5 checksum: \u00a01415580 e87350a24e7d0bc4558cc09711246eab\u00a0 mipsel architecture (MIPS (Little Endian))\u00a0 \u00a0 [http://security.debian.org/pool/updates/main/o/openssl/libssl-dev_0.9.6c-2.woody.0_mipsel.deb](http://security.debian.org/pool/updates/main/o/openssl/libssl-dev_0.9.6c-2.woody.0_mipsel.deb) \u00a0 \u00a0 \u00a0Size/MD5 checksum: \u00a01409480 70e26b6de02b0749e9d30fb4e8d0bbc3 \u00a0 \u00a0[http://security.debian.org/pool/updates/main/o/openssl/libssl0.9.6_0.9.6c-2.woody.0_mipsel.deb](http://security.debian.org/pool/updates/main/o/openssl/libssl0.9.6_0.9.6c-2.woody.0_mipsel.deb) \u00a0 \u00a0 \u00a0Size/MD5 checksum: \u00a0 475990 1f96c9c2528316857598262b40a9b9ca \u00a0 \u00a0[http://security.debian.org/pool/updates/main/o/openssl/openssl_0.9.6c-2.woody.0_mipsel.deb](http://security.debian.org/pool/updates/main/o/openssl/openssl_0.9.6c-2.woody.0_mipsel.deb) \u00a0 \u00a0 \u00a0Size/MD5 checksum: \u00a0 716482 a89cfa547f585e6858593506ed9b2257\u00a0 powerpc architecture (PowerPC)\u00a0 \u00a0 [http://security.debian.org/pool/updates/main/o/openssl/libssl0.9.6_0.9.6c-2.woody.0_powerpc.deb](http://security.debian.org/pool/updates/main/o/openssl/libssl0.9.6_0.9.6c-2.woody.0_powerpc.deb) \u00a0 \u00a0 \u00a0Size/MD5 checksum: \u00a0 501824 bfca4d6a8e3b348abb8ed97453349752 \u00a0 \u00a0[http://security.debian.org/pool/updates/main/o/openssl/openssl_0.9.6c-2.woody.0_powerpc.deb](http://security.debian.org/pool/updates/main/o/openssl/openssl_0.9.6c-2.woody.0_powerpc.deb) \u00a0 \u00a0 \u00a0Size/MD5 checksum: \u00a0 726122 9db6440fb0765c1360a7c09dec78f404 \u00a0 \u00a0[http://security.debian.org/pool/updates/main/o/openssl/libssl-dev_0.9.6c-2.woody.0_powerpc.deb](http://security.debian.org/pool/updates/main/o/openssl/libssl-dev_0.9.6c-2.woody.0_powerpc.deb) \u00a0 \u00a0 \u00a0Size/MD5 checksum: \u00a01386244 06a403323563b590311b1297e4f63a5d\u00a0 s390 architecture (IBM S/390)\u00a0 \u00a0 [http://security.debian.org/pool/updates/main/o/openssl/openssl_0.9.6c-2.woody.0_s390.deb](http://security.debian.org/pool/updates/main/o/openssl/openssl_0.9.6c-2.woody.0_s390.deb) \u00a0 \u00a0 \u00a0Size/MD5 checksum: \u00a0 730124 6585907e414d4508a66460649de0c701 \u00a0 \u00a0[http://security.debian.org/pool/updates/main/o/openssl/libssl-dev_0.9.6c-2.woody.0_s390.deb](http://security.debian.org/pool/updates/main/o/openssl/libssl-dev_0.9.6c-2.woody.0_s390.deb) \u00a0 \u00a0 \u00a0Size/MD5 checksum: \u00a01310886 d6e233ab6d3f1ebe4fd9b479713ee662 \u00a0 \u00a0[http://security.debian.org/pool/updates/main/o/openssl/libssl0.9.6_0.9.6c-2.woody.0_s390.deb](http://security.debian.org/pool/updates/main/o/openssl/libssl0.9.6_0.9.6c-2.woody.0_s390.deb) \u00a0 \u00a0 \u00a0Size/MD5 checksum: \u00a0 495844 afb314f4d0113175d27435485ba2de07\u00a0 sparc architecture (Sun SPARC/UltraSPARC)\u00a0 \u00a0 [http://security.debian.org/pool/updates/main/o/openssl/openssl_0.9.6c-2.woody.0_sparc.deb](http://security.debian.org/pool/updates/main/o/openssl/openssl_0.9.6c-2.woody.0_sparc.deb) \u00a0 \u00a0 \u00a0Size/MD5 checksum: \u00a0 736604 ebd2b62518e0602fbf1027686c0eb5e5 \u00a0 \u00a0[http://security.debian.org/pool/updates/main/o/openssl/libssl0.9.6_0.9.6c-2.woody.0_sparc.deb](http://security.debian.org/pool/updates/main/o/openssl/libssl0.9.6_0.9.6c-2.woody.0_sparc.deb) \u00a0 \u00a0 \u00a0Size/MD5 checksum: \u00a0 484136 e26006714e97d77159f2d0773e00e636 \u00a0 \u00a0[http://security.debian.org/pool/updates/main/o/openssl/libssl-dev_0.9.6c-2.woody.0_sparc.deb](http://security.debian.org/pool/updates/main/o/openssl/libssl-dev_0.9.6c-2.woody.0_sparc.deb) \u00a0 \u00a0 \u00a0Size/MD5 checksum: \u00a01343554 76c3efda7e4a3470c5276cefa63a2448- --- ----------------------------------------------------------------------------Debian Security team <team@security.debian.org>[http://www.debian.org/security/](http://www.debian.org/security/)Mailing-List: debian-security-announce@lists.debian.org-----BEGIN PGP SIGNATURE-----Version: 2.6.3iaCharset: noconviQB1AwUBPUaKwajZR/ntlUftAQGXkQL/anYU8ZtJFkL/TMGvoXl/flgBSbUoJ8eHsIDsZWuh0DIJmo7vy8bXlzjTUM0Cwal5q3ZkQ4RJJjY35rWGh0uFT2tfUMYsrSR9H/qMh54TrQl3eVSM2F1IvmFE0jTnZGD+=TZ0F-----END PGP SIGNATURE-----If you have feedback, comments, or additional information about this vulnerability, please send us [email](mailto:cert@cert.org?Subject=VU%23102795 Feedback)."
        },
        {
            "Name": "Gentoo Linux"
        }
    ],
    "CVSS Metrics": [
        {
            "Group": "Base",
            "Score": "",
            "Vector": ""
        },
        {
            "Group": "Temporal",
            "Score": "",
            "Vector": ""
        },
        {
            "Group": "Environmental",
            "Score": "",
            "Vector": ""
        }
    ],
    "References": [
        "[http://www.securityfocus.com/bid/5363](http://www.securityfocus.com/bid/5363)"
    ],
    "Acknowledgements": "The CERT/CC thanks Greg Shipley of Neohapsis for reporting this issue to us. John McDonald  is credited for discovering this issue. It was also found independently by A.L. Digital Ltd.This document was written by Jason A Rafail.",
    "Other Information": {
        "CVE IDs:": "CVE-2002-0656",
        "CERT Advisory:": "CA-2002-23",
        "Severity Metric:": "17.63",
        "Date Public:": "2002-07-30",
        "Date First Published:": "2002-07-30",
        "Date Last Updated:": "2002-09-30 20:51 UTC",
        "Document Revision:": "38"
    }
}