{
    "Title": "VU#103336 - Windows Adobe Type Manager privilege escalation vulnerability",
    "Overview": "The Adobe Type Manager module contains a memory corruption vulnerability, which can allow an attacker to obtain SYSTEM privileges on an affected Windows system.",
    "Description": "Adobe Type Manager, which is provided by atmfd.dll, is a kernel module that is provided by Windows and provides support for OpenType fonts. A memory-corruption flaw in Adobe Type Manager allows for manipulation of Windows kernel memory, which can result in a wide range of impacts. Although not related to this specific vulnerability, the [j00ru//vx tech blog](http://j00ru.vexillium.org/?p=2520) has details about the Adobe Type Manager Font Driver.Note that exploit code for this vulnerability is publicly available, as part of the HackingTeam compromise.  We have confirmed that the exploit code successfully obtains SYSTEM privileges on Windows XP through Windows 8.1 systems, both 32-bit and 64-bit.",
    "Impact": "This vulnerability can allow an attacker to gain SYSTEM privileges on an affected Windows system. This can be used to bypass web browser and other OS-level sandboxing and protections.",
    "Solution": "Apply an updateThis issue is addressed in Microsoft Security Bulletin [MS15-077](https://technet.microsoft.com/en-us/library/security/MS15-077). Please see this document for update and workaround information.",
    "Vendor Information": [
        {
            "Name": "Microsoft Corporation",
            "Status": "Affected",
            "Vendor Statement": "We have not received a statement from the vendor.",
            "Vendor Information": "We are not aware of further vendor information regarding this vulnerability."
        }
    ],
    "CVSS Metrics": [
        {
            "Group": "Base",
            "Score": "6.8",
            "Vector": "AV:L/AC:L/Au:S/C:C/I:C/A:C"
        },
        {
            "Group": "Temporal",
            "Score": "6.8",
            "Vector": "E:H/RL:U/RC:C"
        },
        {
            "Group": "Environmental",
            "Score": "6.8",
            "Vector": "CDP:ND/TD:H/CR:ND/IR:ND/AR:ND"
        }
    ],
    "References": [
        "[https://technet.microsoft.com/en-us/library/security/MS15-077](https://technet.microsoft.com/en-us/library/security/MS15-077)",
        "[http://blog.trendmicro.com/trendlabs-security-intelligence/a-look-at-the-open-type-font-manager-vulnerability-from-the-hacking-team-leak/](http://blog.trendmicro.com/trendlabs-security-intelligence/a-look-at-the-open-type-font-manager-vulnerability-from-the-hacking-team-leak/)",
        "[http://j00ru.vexillium.org/?p=2520](http://j00ru.vexillium.org/?p=2520)"
    ],
    "Acknowledgements": "This document was written by Will Dormann.",
    "Other Information": {
        "CVE IDs:": "None",
        "Date Public:": "2015-07-05",
        "Date First Published:": "2015-07-08",
        "Date Last Updated:": "2015-07-14 19:19 UTC",
        "Document Revision:": "19"
    }
}