{
    "Title": "VU#104280 - Multiple vulnerabilities in SSL/TLS implementations",
    "Overview": "Multiple vulnerabilities exist in different vendors' SSL/TLS implementations.  The impacts of these vulnerabilities include remote execution of arbitrary code, denial of service, and disclosure of sensitive information.",
    "Description": "The U.K. National Infrastructure Security Co-ordination Centre (NISCC) has reported multiple vulnerabilities in different vendors' [](http://www.openssl.org/)implementations of the Secure Sockets Layer (SSL) and Transport Layer Security (TLS) protocols.  SSL and TLS are commonly used to provide authentication, encryption, integrity, and non-repudiation services to network applications such as HTTP, IMAP, POP3, LDAP, and others.  Clients and servers exchange authentication information in X.509 certificates.  While the SSL and TLS protocols do not use ASN.1/BER to communicate at the application layer, they do require an ASN.1 parser to encode and decode X.509 certificates and other cryptographic elements (e.g., PKCS#1 encoded RSA values and PKCS#7 encoded S/MIME parts) at the presentation layer.A test suite developed by NISCC has exposed vulnerabilities in a variety of SSL/TLS implementations.  While most of these vulnerabilities exist in ASN.1 parsing routines, some vulnerabilities may occur elsewhere.  Note that cryptographic libraries that implement SSL/TLS frequently provide more general-purpose cryptographic utility.  In such libraries, it is common for ASN.1 parsing code to be shared between SSL/TLS and other cryptographic functions.Due to the general lack of specific vulnerability information, this document covers multiple vulnerabilities in different SSL/TLS implementations.  Information about individual vendors is available in the Systems Affected section.  Note that VU#104280 broadly covers ASN.1 related vulnerabilities in SSL/TLS implementations other than OpenSSL.  VU#255484, VU#732952, VU#380864, VU#686224, and VU#935264 are specific to OpenSSL.Further information is available in NISCC advisory [006489/TLS](http://www.uniras.gov.uk/vuls/2003/006489/tls.htm).This set of vulnerabilities is different from those described in [VU#748355](http://www.kb.cert.org/vuls/id/748355)/[CA-2002-23](http://www.cert.org/advisories/CA-2002-23.html).",
    "Impact": "The impacts associated with these vulnerabilities include execution of arbitrary code, denial of service, and disclosure of sensitive information.",
    "Solution": "Patch or UpgradeApply a patch or upgrade as appropriate.  Information about specific vendors is available in the Systems Affected section of this document.",
    "Vendor Information": [
        {
            "Name": "AppGate Network Security AB",
            "Status": "Affected",
            "Vendor Statement": "The default configuration of AppGate is not vulnerable.  However some extra functionality which administrators can enable manually may cause the system to become vulnerable.  For more details check the AppGate support pages at [http://www.appgate.com/support](http://www.appgate.com/support).",
            "Vendor Information": "The vendor has not provided us with any further information regarding this vulnerability.",
            "Addendum": "The CERT/CC has no additional comments at this time.If you have feedback, comments, or additional information about this vulnerability, please send us [email](mailto:cert@cert.org?Subject=VU%23104280 Feedback)."
        },
        {
            "Name": "Apple Computer Inc.",
            "Status": "Affected",
            "Vendor Statement": "Apple:  Vulnerable.  This is fixed in Mac OS X 10.2.8 which is available from [http://www.apple.com/support/](http://www.apple.com/support/)",
            "Vendor Information": "The vendor has not provided us with any further information regarding this vulnerability.",
            "Addendum": "The CERT/CC has no additional comments at this time.If you have feedback, comments, or additional information about this vulnerability, please send us [email](mailto:cert@cert.org?Subject=VU%23104280 Feedback)."
        },
        {
            "Name": "Check Point",
            "Status": "Affected",
            "Vendor Statement": "Check Point products are vulnerable to:VU#732952 09/04/2003 OpenSSL accepts unsolicited client certificate messagesVU#380864 09/30/2003 OpenSSL contains integer overflow handling ASN.1 tags (2)VU#255484 09/30/2003 OpenSSL contains integer overflow handling ASN.1 tags (1)A fix will be released by Oct 27th 2003.Check Point products are not vulnerable to:VU#686224 09/30/2003 OpenSSL does not securely handle invalid public key when configured to ignore errorsVU#935264 09/30/2003 OpenSSL ASN.1 parser insecure memory deallocation",
            "Vendor Information": "The vendor has not provided us with any further information regarding this vulnerability.",
            "Addendum": "The CERT/CC has no additional comments at this time.If you have feedback, comments, or additional information about this vulnerability, please send us [email](mailto:cert@cert.org?Subject=VU%23104280 Feedback)."
        },
        {
            "Name": "Cisco Systems Inc.",
            "Status": "Affected",
            "Vendor Statement": "Please see <[http://www.cisco.com/warp/public/707/cisco-sa-20030930-ssl.shtml](http://www.cisco.com/warp/public/707/cisco-sa-20030930-ssl.shtml)>.",
            "Vendor Information": "The vendor has not provided us with any further information regarding this vulnerability."
        },
        {
            "Name": "Conectiva",
            "Status": "Affected",
            "Vendor Statement": "We have not received a statement from the vendor.",
            "Vendor Information": "The vendor has not provided us with any further information regarding this vulnerability.",
            "Addendum": "Please see [CLSA-2003:751](http://distro.conectiva.com.br/atualizacoes/index.php?id=a&anuncio=000751).If you have feedback, comments, or additional information about this vulnerability, please send us [email](mailto:cert@cert.org?Subject=VU%23104280 Feedback)."
        },
        {
            "Name": "Cray Inc.",
            "Status": "Affected",
            "Vendor Statement": "Cray Inc. supports OpenSSL through its Cray Open Software (COS) package.  The OpenSSL version in COS 3.4 and earlier is vulnerable.  Spr 726919 has been opened to address this.",
            "Vendor Information": "The vendor has not provided us with any further information regarding this vulnerability.",
            "Addendum": "The CERT/CC has no additional comments at this time.If you have feedback, comments, or additional information about this vulnerability, please send us [email](mailto:cert@cert.org?Subject=VU%23104280 Feedback)."
        },
        {
            "Name": "Debian",
            "Status": "Affected",
            "Vendor Statement": "Corrected OpenSSL packages are available in Debian Security Advisory 393, at [http://www.debian.org/security/2003/dsa-393](http://www.debian.org/security/2003/dsa-393)",
            "Vendor Information": "The vendor has not provided us with any further information regarding this vulnerability.",
            "Addendum": "The CERT/CC has no additional comments at this time.If you have feedback, comments, or additional information about this vulnerability, please send us [email](mailto:cert@cert.org?Subject=VU%23104280 Feedback)."
        },
        {
            "Name": "F5 Networks",
            "Status": "Affected",
            "Vendor Statement": "F5 products BIG-IP, 3-DNS, ISMan and Firepass are vulnerable.  F5 will have ready security patches for each of these products.  Go to [ask.f5.com](http://ask.f5.com/) for the appropriate security response instructions for your product.",
            "Vendor Information": "The vendor has not provided us with any further information regarding this vulnerability.",
            "Addendum": "The CERT/CC has no additional comments at this time.If you have feedback, comments, or additional information about this vulnerability, please send us [email](mailto:cert@cert.org?Subject=VU%23104280 Feedback)."
        },
        {
            "Name": "FreeBSD",
            "Status": "Affected",
            "Vendor Statement": "We have not received a statement from the vendor.",
            "Vendor Information": "The vendor has not provided us with any further information regarding this vulnerability.",
            "Addendum": "Please see [FreeBSD-SA-03:18](ftp://ftp.freebsd.org/pub/FreeBSD/CERT/advisories/FreeBSD-SA-03:18.openssl.asc).If you have feedback, comments, or additional information about this vulnerability, please send us [email](mailto:cert@cert.org?Subject=VU%23104280 Feedback)."
        },
        {
            "Name": "Gentoo Linux"
        }
    ],
    "CVSS Metrics": [
        {
            "Group": "Base",
            "Score": "0",
            "Vector": "AV:--/AC:--/Au:--/C:--/I:--/A:--"
        },
        {
            "Group": "Temporal",
            "Score": "0",
            "Vector": "E:Not Defined (ND)/RL:Not Defined (ND)/RC:Not Defined (ND)"
        },
        {
            "Group": "Environmental",
            "Score": "0",
            "Vector": "CDP:Not Defined (ND)/TD:Not Defined (ND)/CR:Not Defined (ND)/IR:Not Defined (ND)/AR:Not Defined (ND)"
        }
    ],
    "References": [
        "[http://www.uniras.gov.uk/vuls/2003/006489/tls.htm](http://www.uniras.gov.uk/vuls/2003/006489/tls.htm)",
        "[http://wp.netscape.com/eng/ssl3/](http://wp.netscape.com/eng/ssl3/)",
        "[http://www.ietf.org/rfc/rfc2246.txt](http://www.ietf.org/rfc/rfc2246.txt)",
        "[http://www.itu.int/ITU-T/studygroups/com10/languages/](http://www.itu.int/ITU-T/studygroups/com10/languages/)",
        "[http://www.rsasecurity.com/rsalabs/pkcs/](http://www.rsasecurity.com/rsalabs/pkcs/)"
    ],
    "Acknowledgements": "This vulnerability was discovered and researched by NISCC.This document was written by Art Manion.",
    "Other Information": {
        "CVE IDs:": "None",
        "CERT Advisory:": "CA-2003-26",
        "Severity Metric:": "11.81",
        "Date Public:": "2003-09-30",
        "Date First Published:": "2003-09-30",
        "Date Last Updated:": "2004-08-25 17:54 UTC",
        "Document Revision:": "27"
    }
}