{
    "Title": "VU#104302 - Microsoft Excel malformed record memory corruption vulnerability",
    "Overview": "Microsoft Excel contains a memory corruption vulnerability. This vulnerability may allow a remote attacker to execute arbitrary code on a vulnerable system.",
    "Description": "Microsoft Excel fails to properly validate records in data files. When a file with a malformed record is opened in Excel, system memory can be corrupted in a way that may allow an attacker to execute arbitrary code.More information is available in [MS06-012](http://www.microsoft.com/technet/security/Bulletin/MS06-012.mspx).",
    "Impact": "A remote unauthenticated attacker may be able to execute arbitrary code.",
    "Solution": "Apply a patch from your vendor Microsoft addresses this vulnerability with the updates listed in Microsoft Security Bulletin [MS06-012](http://www.microsoft.com/technet/security/Bulletin/MS06-012.mspx).Do not access Excel files from untrusted sourcesBy only accessing Excel files, such as spreadsheets, from trusted or known sources, the chances of exploitation are reduced.",
    "Vendor Information": [
        {
            "Name": "Microsoft Corporation"
        }
    ],
    "CVSS Metrics": [
        {
            "Group": "Base",
            "Score": "0",
            "Vector": "AV:--/AC:--/Au:--/C:--/I:--/A:--"
        },
        {
            "Group": "Temporal",
            "Score": "0",
            "Vector": "E:ND/RL:ND/RC:ND"
        },
        {
            "Group": "Environmental",
            "Score": "0",
            "Vector": "CDP:ND/TD:ND/CR:ND/IR:ND/AR:ND"
        }
    ],
    "References": [
        "[http://www.microsoft.com/technet/security/Bulletin/MS06-012.mspx](http://www.microsoft.com/technet/security/Bulletin/MS06-012.mspx)"
    ],
    "Acknowledgements": "This issue was reported in Microsoft Security Bulletin MS06-012. Microsoft credits Eyas of the XFOCUS Security Team with providing information regarding these issues. This document was written by Jeff Gennari.",
    "Other Information": {
        "CVE IDs:": "CVE-2006-0031",
        "Severity Metric:": "20.25",
        "Date Public:": "2006-03-14",
        "Date First Published:": "2006-03-14",
        "Date Last Updated:": "2006-03-14 19:59 UTC",
        "Document Revision:": "8"
    }
}