{
    "Title": "VU#104823 - Cayman gateways vulnerable to a denial of service via oversized ICMP echo (ping) requests.",
    "Overview": "[Cayman](http://www.cayman.com) gateways vulnerable to a denial of service via oversized ICMP echo (ping) requests. Installing the newest version of the vendor software will resolve this vulnerability.",
    "Description": "[Cayman](http://www.cayman.com) gateways running versions 5.5 Build R0, 5.3 Build R2, 5.3 Build R1 are vulnerable to an oversized ICMP echo (ping) request. By sending an oversized ping packet to the gateway, it is possible to crash various services resulting in a denial of service.",
    "Impact": "Exploiting this vulnerability results in a denial of service.",
    "Solution": "Upgrade to the latest [vendor software release](http://www.cayman.com/support/downloads.asp?Location=support&Section=Downloads).",
    "Vendor Information": [
        {
            "Name": "Cayman",
            "Status": "Affected",
            "Vendor Statement": "We have not received a statement from the vendor.",
            "Vendor Information": "The vendor has not provided us with any further information regarding this vulnerability.",
            "Addendum": "The CERT/CC has no additional comments at this time.If you have feedback, comments, or additional information about this vulnerability, please send us [email](mailto:cert@cert.org?Subject=VU%23104823 Feedback)."
        }
    ],
    "CVSS Metrics": [
        {
            "Group": "Base",
            "Score": "",
            "Vector": ""
        },
        {
            "Group": "Temporal",
            "Score": "",
            "Vector": ""
        },
        {
            "Group": "Environmental",
            "Score": "",
            "Vector": ""
        }
    ],
    "References": [
        "[http://www.securityfocus.com/bid/1240](http://www.securityfocus.com/bid/1240)"
    ],
    "Acknowledgements": "This vulnerability was discovered by Cassius.This document was written by Jason Rafail.",
    "Other Information": {
        "CVE IDs:": "CVE-2000-0418",
        "Severity Metric:": "1.41",
        "Date Public:": "2000-05-23",
        "Date First Published:": "2001-08-27",
        "Date Last Updated:": "2001-08-27 14:51 UTC",
        "Document Revision:": "12"
    }
}