{
    "Title": "VU#105105 - Computer Associates Anti-Virus engine fails to properly handle malformed CAB archives",
    "Overview": "The Computer Associates Anti-Virus engine contains a stack-based buffer overflow that may allow a remote, unauthenticated attacker to execute arbitrary code.",
    "Description": "The Computer Associates Anti-Virus engine contains a stack-based buffer overflow in the code responsible for processing CAB archives. Specifically, the Computer Associates Anti-Virus engine fails to properly validate the size of the coffFiles field in CAB archives before it is copied to a stack buffer. This may allow a stack-based buffer overflow to occur. This vulnerability affects numerous Computer Associates products, including:CA Anti-ViruseTrust EZ AntivirusCA Internet Security Suite 2007eTrust Internet Security SuiteeTrust EZ ArmorCA Threat ManagerCA Protection SuitesCA Secure Content ManagerCA Anti-Virus GatewayUnicenter Network and Systems ManagementBrightStor ARCserve BackupCA Common ServicesCA Anti-Virus SDK (formerly eTrust Anti-Virus SDK)More information is available in the Computer Associates [Security Notice](http://supportconnectw.ca.com/public/antivirus/infodocs/caantivirus-securitynotice.asp) issued June 5th, 2007.",
    "Impact": "A remote, unauthenticated attacker may be able to execute arbitrary code or cause a denial-of-service condition..",
    "Solution": "Apply an UpdateAccording to the Computer Associates [Security Notice](http://supportconnectw.ca.com/public/antivirus/infodocs/caantivirus-securitynotice.asp) issued June 5th, 2007:CA has issued content update 30.6 to address the vulnerabilities. The updated engine is provided with content updates. Ensure the latest content update is installed if the signature version is less than version 30.6.",
    "Vendor Information": [
        {
            "Name": "Computer Associates"
        }
    ],
    "CVSS Metrics": [
        {
            "Group": "Base",
            "Score": "",
            "Vector": ""
        },
        {
            "Group": "Temporal",
            "Score": "",
            "Vector": ""
        },
        {
            "Group": "Environmental",
            "Score": "",
            "Vector": ""
        }
    ],
    "References": [
        "[http://supportconnectw.ca.com/public/antivirus/infodocs/caantivirus-securitynotice.asp](http://supportconnectw.ca.com/public/antivirus/infodocs/caantivirus-securitynotice.asp)",
        "[http://www.zerodayinitiative.com/advisories/ZDI-07-035.html](http://www.zerodayinitiative.com/advisories/ZDI-07-035.html)",
        "[http://secunia.com/advisories/25570/](http://secunia.com/advisories/25570/)"
    ],
    "Acknowledgements": "This vulnerability was reported by in Tipping Point advisory ZDI-07-035.This document was written by Jeff Gennari.",
    "Other Information": {
        "CVE IDs:": "CVE-2007-2864",
        "Severity Metric:": "15.19",
        "Date Public:": "2007-06-05",
        "Date First Published:": "2007-06-06",
        "Date Last Updated:": "2007-06-06 19:57 UTC",
        "Document Revision:": "12"
    }
}