{
    "Title": "VU#105259 - Oracle Database Server vulnerable to DoS via repeated requests to Oracle listener without connecting to redirected port",
    "Overview": "Oracle Database Server may consume all available memory and crash if clients do not connect completely in the expected manner.",
    "Description": "When a connection request is made to Oracle for Windows NT, Oracle Database Server creates a new thread listening on a new port and redirects the connection to the new port. This new thread remains in memory listening until the client connects to its port or the Oracle Database Server is restarted.",
    "Impact": "By making many connection requests to Oracle without connecting to the new threads created to handle the connections, an attacker can force the server to consume all memory with listening threads. Once all server memory is consumed, the next console login attempt will crash the server.",
    "Solution": "The CERT/CC is currently unaware of a practical solution to this problem.Enable tcp.validnode_checking and set tcp.invited_nodes and tcp.excluded_nodes to limit Oracle access to trusted hosts.Set the following parameters in the Oracle Net8 configuration file PROTOCOL.ORA:tcp.validnode_checking = YEStcp.invited_nodes = {list of IP addresses}tcp.excluded_nodes = {list of IP addresses}",
    "Vendor Information": [
        {
            "Name": "Oracle Corporation",
            "Status": "Affected",
            "Vendor Statement": "\"The information that you have posted ... is correct. Oracle has proposed the workaround to mitigate the vulnerability as described.\"",
            "Vendor Information": "The vendor has not provided us with any further information regarding this vulnerability.",
            "Addendum": "The CERT/CC has no additional comments at this time.If you have feedback, comments, or additional information about this vulnerability, please send us [email](mailto:cert@cert.org?Subject=VU%23105259 Feedback)."
        }
    ],
    "CVSS Metrics": [
        {
            "Group": "Base",
            "Score": "",
            "Vector": ""
        },
        {
            "Group": "Temporal",
            "Score": "",
            "Vector": ""
        },
        {
            "Group": "Environmental",
            "Score": "",
            "Vector": ""
        }
    ],
    "References": [
        "[http://cve.mitre.org/cgi-bin/cvename.cgi?name=CAN-2001-0513](http://cve.mitre.org/cgi-bin/cvename.cgi?name=CAN-2001-0513)",
        "[http://xforce.iss.net/alerts/advise81.php](http://xforce.iss.net/alerts/advise81.php)",
        "[http://xforce.iss.net/static/6717.php](http://xforce.iss.net/static/6717.php)"
    ],
    "Acknowledgements": "Thanks to Internet Security Systems (ISS) for their advisory on this issue.This document was written by Shawn Van Ittersum.",
    "Other Information": {
        "CVE IDs:": "CVE-2001-0513",
        "Severity Metric:": "3.02",
        "Date Public:": "2001-06-19",
        "Date First Published:": "2001-12-08",
        "Date Last Updated:": "2004-01-14 20:43 UTC",
        "Document Revision:": "18"
    }
}