{
    "Title": "VU#105347 - XMCD vulnerable to arbitrary file overwriting via symlink redirection of temporary file",
    "Overview": "xmcd is an x11/motif CD playing utility, in the public domain. cda, the command line interface to xmcd, executes with system administrator privileges.  It is vulnerable to a symbolic link attack that may allow a local user to obtain administrator privileges.",
    "Description": "cda, the command line interface to xmcd, executes with system administrator privileges.  It creates insecure temporary files with predictable names in /tmp, a world-writable directory.",
    "Impact": "By creating symbolic links with appropriate names, a local attacker may overwrite any writable file on the system. If the attacker can control the content of the overwritten files, elevation of privileges may result.",
    "Solution": "Apply vendor patches; see the Systems Affected section below.Remove the setuid protection from cda.",
    "Vendor Information": [
        {
            "Name": "SuSE",
            "Status": "Affected",
            "Vendor Statement": "[http://www.linuxsecurity.com/advisories/suse_advisory-1532.html](http://www.linuxsecurity.com/advisories/suse_advisory-1532.html)",
            "Vendor Information": "The vendor has not provided us with any further information regarding this vulnerability.",
            "Addendum": "The CERT/CC has no additional comments at this time.If you have feedback, comments, or additional information about this vulnerability, please send us [email](mailto:cert@cert.org?Subject=VU%23105347 Feedback)."
        },
        {
            "Name": "Caldera",
            "Status": "Not Affected",
            "Vendor Statement": "No currently supported version of Caldera OpenLinux includes the XMCD package.",
            "Vendor Information": "The vendor has not provided us with any further information regarding this vulnerability.",
            "Addendum": "The CERT/CC has no additional comments at this time.If you have feedback, comments, or additional information about this vulnerability, please send us [email](mailto:cert@cert.org?Subject=VU%23105347 Feedback)."
        },
        {
            "Name": "Debian",
            "Status": "Not Affected",
            "Vendor Statement": "Debian updated its xmcd package November 21, 2000 to version 2.5pl1-7.1 which removes the the suid flags from all its binaries. Also see associated security advisory for that change at [http://www.debian.org/security/2000/20001121a](http://www.debian.org/security/2000/20001121a).",
            "Vendor Information": "The vendor has not provided us with any further information regarding this vulnerability.",
            "Addendum": "The CERT/CC has no additional comments at this time.If you have feedback, comments, or additional information about this vulnerability, please send us [email](mailto:cert@cert.org?Subject=VU%23105347 Feedback)."
        },
        {
            "Name": "IBM",
            "Status": "Unknown",
            "Vendor Statement": "We have not received a statement from the vendor.",
            "Vendor Information": "The vendor has not provided us with any further information regarding this vulnerability.",
            "Addendum": "The CERT/CC has no additional comments at this time.If you have feedback, comments, or additional information about this vulnerability, please send us [email](mailto:cert@cert.org?Subject=VU%23105347 Feedback)."
        },
        {
            "Name": "RedHat",
            "Status": "Unknown",
            "Vendor Statement": "We have not received a statement from the vendor.",
            "Vendor Information": "The vendor has not provided us with any further information regarding this vulnerability.",
            "Addendum": "The CERT/CC has no additional comments at this time.If you have feedback, comments, or additional information about this vulnerability, please send us [email](mailto:cert@cert.org?Subject=VU%23105347 Feedback)."
        },
        {
            "Name": "Sequent",
            "Status": "Unknown",
            "Vendor Statement": "We have not received a statement from the vendor.",
            "Vendor Information": "The vendor has not provided us with any further information regarding this vulnerability.",
            "Addendum": "The CERT/CC has no additional comments at this time.If you have feedback, comments, or additional information about this vulnerability, please send us [email](mailto:cert@cert.org?Subject=VU%23105347 Feedback)."
        }
    ],
    "CVSS Metrics": [
        {
            "Group": "Base",
            "Score": "",
            "Vector": ""
        },
        {
            "Group": "Temporal",
            "Score": "",
            "Vector": ""
        },
        {
            "Group": "Environmental",
            "Score": "",
            "Vector": ""
        }
    ],
    "References": [
        "[http://www.securityfocus.com/bid/3148](http://www.securityfocus.com/bid/3148)",
        "[http://www.linuxsecurity.com/advisories/suse_advisory-1532.html](http://www.linuxsecurity.com/advisories/suse_advisory-1532.html)",
        "[ http://www.debian.org/security/2000/20001121a]( http://www.debian.org/security/2000/20001121a)"
    ],
    "Acknowledgements": "This vulnerability was first reported by Paul Starzetz.This document was last modified by Tim Shimeall.",
    "Other Information": {
        "CVE IDs:": "CVE-2001-1119",
        "Severity Metric:": "9.98",
        "Date Public:": "2001-08-23",
        "Date First Published:": "2001-11-15",
        "Date Last Updated:": "2001-11-15 16:22 UTC",
        "Document Revision:": "11"
    }
}