{
    "Title": "VU#105686 - Thecus NAS Server N8800 contains multiple vulnerabilities",
    "Overview": "Thecus NAS server N8800 with firmware version 5.03.01, and possibly earlier versions, contains multiple vulnerabilities.",
    "Description": "The 7 Elements advisory states that the Thecus NAS server N8800 device contains the following vulnerabilities:CVE-2013-5667 - Thecus NAS Server N8800 Firmware 5.03.01 get_userid OS Command InjectionThe application accepts user input through the get_userid parameter that can be used to create OS commands that are redirected to the operating system. An attacker can use this flaw to execute arbitrary commands.CVE-2013-5668 - Thecus NAS Server N8800 Firmware 5.03.01The Domain Administrator Password within the ADS/NT Support page is disclosed due to clear text storage of sensitive information within the GUI. Any user who has access to this page is able to retrieve the ADS/NT administrator ID and password. This could enable an attacker to gain access to the domain hosting the storage server.CVE-2013-5669 - Thecus NAS Server N8800 Firmware 5.03.01 plain text administrative passwordThe Administration Web Page transmits passwords in cleartext, which allows remote attackers to sniff the administrative password.Additional details may be found in the [7 Elements advisory](http://www.7elements.co.uk/resources/blog/multiple-vulnerabilities-thecus-nas/).  The CVSS score below is for CVE-2013-5667.",
    "Impact": "An attacker may be able to execute arbitrary system commands, steal the Domain Administrator credentials, or sniff administrative passwords.",
    "Solution": "Apply an UpdateThe vendor has released the following firmware updates to address these vulnerabilities.ThecusOS 5 (32 bit):[http://www.thecus.com/Downloads/beta/FW/Thecus_NAS_FW_beta_5.03.02.4.rom](http://www.thecus.com/Downloads/beta/FW/Thecus_NAS_FW_beta_5.03.02.4.rom)ThecusOS 5 (64 bit):[http://www.thecus.com/Downloads/beta/FW/64_V2.04.05_build7464_FW_N2800_N4510U_N4800_N5550_N7510.rom](http://www.thecus.com/Downloads/beta/FW/64_V2.04.05_build7464_FW_N2800_N4510U_N4800_N5550_N7510.rom)[http://www.thecus.com/Downloads/beta/FW/64_V2.04.05_build7464_FW_N6850_N8850_N10850_N8900_N12000_N16000.rom](http://www.thecus.com/Downloads/beta/FW/64_V2.04.05_build7464_FW_N6850_N8850_N10850_N8900_N12000_N16000.rom)[http://www.thecus.com/Downloads/beta/FW/64_V2.04.05_build7464_FW_N7700PROV2_N8800PROV2.rom](http://www.thecus.com/Downloads/beta/FW/64_V2.04.05_build7464_FW_N7700PROV2_N8800PROV2.rom) The vendor claims firmware updates for ThecusOS 6 will be available in a month.  If you are unable to upgrade, please consider the following workarounds.Restrict AccessEnable firewall rules to restrict access from untrusted sources.",
    "Vendor Information": [
        {
            "Name": "Thecus Tech",
            "Status": "Affected",
            "Vendor Statement": "We have not received a statement from the vendor.",
            "Vendor Information": "We are not aware of further vendor information regarding this vulnerability."
        }
    ],
    "CVSS Metrics": [
        {
            "Group": "Base",
            "Score": "10",
            "Vector": "AV:N/AC:L/Au:N/C:C/I:C/A:C"
        },
        {
            "Group": "Temporal",
            "Score": "9.5",
            "Vector": "E:F/RL:U/RC:C"
        },
        {
            "Group": "Environmental",
            "Score": "2.4",
            "Vector": "CDP:ND/TD:L/CR:ND/IR:ND/AR:ND"
        }
    ],
    "References": [
        "[http://www.thecus.com/](http://www.thecus.com/)",
        "[http://www.7elements.co.uk/news/cve-2013-5667](http://www.7elements.co.uk/news/cve-2013-5667)",
        "[http://www.7elements.co.uk/news/cve-2013-5668](http://www.7elements.co.uk/news/cve-2013-5668)",
        "[http://www.7elements.co.uk/news/cve-2013-5669](http://www.7elements.co.uk/news/cve-2013-5669)",
        "[http://www.7elements.co.uk/resources/blog/multiple-vulnerabilities-thecus-nas/](http://www.7elements.co.uk/resources/blog/multiple-vulnerabilities-thecus-nas/)"
    ],
    "Acknowledgements": "Thanks to David Stubley for reporting this vulnerability.This document was written by Jared Allar.",
    "Other Information": {
        "CVE IDs:": "CVE-2013-5667,CVE-2013-5668,CVE-2013-5669",
        "Date Public:": "2014-01-23",
        "Date First Published:": "2014-01-23",
        "Date Last Updated:": "2014-02-10 17:23 UTC",
        "Document Revision:": "15"
    }
}