{
    "Title": "VU#106516 - Microsoft Windows graphics engine thumbnail stack buffer overflow",
    "Overview": "Microsoft Windows contains a stack-based buffer overflow vulnerability in the graphics rendering engine, which may allow an attacker to execute arbitrary code.",
    "Description": "Microsoft Windows contains a stack-based buffer overflow vulnerability caused by a signedness error in the \"CreateSizedDIBSECTION()\" function within the shimgvw.dll library when parsing thumbnail bitmaps containing a negative \"biClrUsed\" value.Exploit code for this vulnerability is publicly available.",
    "Impact": "By convincing a user to view a specially crafted file containing a malicious thumbnail bitmap value, an attacker may be able to execute arbitrary code with the privileges of the user.",
    "Solution": "Apply an updateThis issue is addressed in Microsoft Security Bulletin [MS11-006](http://www.microsoft.com/technet/security/bulletin/ms11-006.mspx).Modify the Access Control List (ACL) on shimgvw.dllMicrosoft has published [information](http://www.microsoft.com/technet/security/advisory/2490606.mspx) on modifying the Access Control List (ACL) on shimgvw.dll as a mitigation for this vulnerability.",
    "Vendor Information": [
        {
            "Name": "Microsoft Corporation"
        }
    ],
    "CVSS Metrics": [
        {
            "Group": "Base",
            "Score": "",
            "Vector": ""
        },
        {
            "Group": "Temporal",
            "Score": "",
            "Vector": ""
        },
        {
            "Group": "Environmental",
            "Score": "",
            "Vector": ""
        }
    ],
    "References": [
        "[http://www.microsoft.com/technet/security/advisory/2490606.mspx](http://www.microsoft.com/technet/security/advisory/2490606.mspx)",
        "[http://www.microsoft.com/technet/security/bulletin/ms11-006.mspx](http://www.microsoft.com/technet/security/bulletin/ms11-006.mspx)"
    ],
    "Acknowledgements": "This document was written by Michael Orlando.",
    "Other Information": {
        "CVE IDs:": "CVE-2010-3970",
        "Severity Metric:": "57.32",
        "Date Public:": "2011-01-04",
        "Date First Published:": "2011-01-05",
        "Date Last Updated:": "2011-02-08 18:22 UTC",
        "Document Revision:": "17"
    }
}