{
    "Title": "VU#107822 - Symantec products vulnerable to buffer overflow via a specially crafted UPX file",
    "Overview": "The Symantec AntiVirus Library DEC2EXE component is vulnerable to remote arbitrary code execution.",
    "Description": "The Symantec AntiVirus Library is used in many Symantec and third-party virus scanning products, including Symantec Norton Antivirus and Symantec BrightMail AntiSpam.The AntiVirus Library DEC2EXE component contains a flaw in virtual file offset checking that can result in a heap overflow condition and the ability for an attacker to execute arbitrary code contained within the UPX file being scanned.  Before the UPX file is uncompressed, the Portable Executable (PE) header is reconstructed.  If a negative file offset to a crafted PE header is specified, and this crafted header contains malicious information, subsequent bounds calculations involving data from the legitimate PE header will result in a heap overflow.",
    "Impact": "A remote unauthenticated attacker is able to execute arbitrary code with no restrictions on content.  This may not require manual intervention if the malicious file is sent to and automatically scanned by a client or server (such as an electronic mail gateway) that uses the Symantec AntiVirus Library.",
    "Solution": "Apply an updateUpdates for Symantec products are provided through the LiveUpdate functionality of the product or from the [Symantec Product Support](http://www.symantec.com/techsupp/) web page.In the meantime, [Symantec Security Response Bulletin SYM05-003](http://www.sarc.com/avcenter/security/Content/2005.02.08.html) provides a number of workarounds to disable or remove the DEC2EXE module.",
    "Vendor Information": [
        {
            "Name": "Symantec Corporation",
            "Status": "Affected",
            "Vendor Statement": "We have not received a statement from the vendor.",
            "Vendor Information": "The vendor has not provided us with any further information regarding this vulnerability.",
            "Addendum": "[Symantec Security Response Bulletin SYM05-003](http://www.sarc.com/avcenter/security/Content/2005.02.08.html) provides information on updates and workarounds.If you have feedback, comments, or additional information about this vulnerability, please send us [email](mailto:cert@cert.org?Subject=VU%23107822 Feedback)."
        }
    ],
    "CVSS Metrics": [
        {
            "Group": "Base",
            "Score": "",
            "Vector": ""
        },
        {
            "Group": "Temporal",
            "Score": "",
            "Vector": ""
        },
        {
            "Group": "Environmental",
            "Score": "",
            "Vector": ""
        }
    ],
    "References": [
        "[http://www.sarc.com/avcenter/security/Content/2005.02.08.html](http://www.sarc.com/avcenter/security/Content/2005.02.08.html)",
        "[http://www.sarc.com/avcenter/venc/data/bloodhound.exploit.26.html](http://www.sarc.com/avcenter/venc/data/bloodhound.exploit.26.html)",
        "[http://service1.symantec.com/SUPPORT/ent-security.nsf/docid/2005020911112648](http://service1.symantec.com/SUPPORT/ent-security.nsf/docid/2005020911112648)",
        "[http://xforce.iss.net/xforce/alerts/id/187](http://xforce.iss.net/xforce/alerts/id/187)",
        "[http://secunia.com/advisories/14179/](http://secunia.com/advisories/14179/)",
        "[http://securitytracker.com/alerts/2005/Feb/1013133.html](http://securitytracker.com/alerts/2005/Feb/1013133.html)"
    ],
    "Acknowledgements": "Thanks to Alex Wheeler and the rest of the ISS X-Force for reporting this vulnerability.This document was written by Ken MacInnis and is based primarily on information provided by ISS X-Force and Symantec.",
    "Other Information": {
        "CVE IDs:": "CVE-2005-0249",
        "Severity Metric:": "20.14",
        "Date Public:": "2005-02-08",
        "Date First Published:": "2005-02-10",
        "Date Last Updated:": "2005-02-22 20:20 UTC",
        "Document Revision:": "14"
    }
}