{
    "Title": "VU#107998 - MailPost vulnerable to cross-site scripting in the 'append' variable passed to the file as part of an HTTP GET request",
    "Overview": "A cross-site scripting vulnerability is reported to exist in MailPost version 5.1.1sv and possibly earlier versions.",
    "Description": "According to a report by ProCheckUp, MailPost is vulnerable to a Cross-Site Scripting attack via the 'append' variable. The 'append variable is passed as part of an HTTP GET request when the debug mode is enabled.  In debug mode, the variables passed to the script are echoed to the screen without any filtering.  Note that debug mode is enabled in the default configuration file.",
    "Impact": "The victim site may present malicious content to their visitors. This could be used to \"sniff\" sensitive data from within the web page and cookie files, including passwords, credit card numbers, and any arbitrary information the user inputs.",
    "Solution": "The CERT/CC is currently unaware of a practical solution to this problem.Until a resolution can be applied it may be possible to mitigate this vulnerability by disabling debug mode.",
    "Vendor Information": [
        {
            "Name": "MailPost",
            "Status": "Affected",
            "Vendor Statement": "We have not received a statement from the vendor.",
            "Vendor Information": "The vendor has not provided us with any further information regarding this vulnerability.",
            "Addendum": "The CERT/CC has no additional comments at this time.If you have feedback, comments, or additional information about this vulnerability, please send us [email](mailto:cert@cert.org?Subject=VU%23107998 Feedback)."
        }
    ],
    "CVSS Metrics": [
        {
            "Group": "Base",
            "Score": "",
            "Vector": ""
        },
        {
            "Group": "Temporal",
            "Score": "",
            "Vector": ""
        },
        {
            "Group": "Environmental",
            "Score": "",
            "Vector": ""
        }
    ],
    "References": [
        "[http://www.procheckup.com/security_info/vuln_pr0410.html](http://www.procheckup.com/security_info/vuln_pr0410.html)"
    ],
    "Acknowledgements": "Thanks to ProCheckUp for reporting this vulnerability.This document was written by Jason A Rafail and is based on information provided by ProCheckUp.",
    "Other Information": {
        "CVE IDs:": "None",
        "Severity Metric:": "14.85",
        "Date Public:": "2004-11-03",
        "Date First Published:": "2004-11-03",
        "Date Last Updated:": "2004-11-03 15:41 UTC",
        "Document Revision:": "3"
    }
}