{
    "Title": "VU#108062 - Lexmark laser printers contain multiple vulnerabilities",
    "Overview": "Certain Lexmark devices are vulnerable to unverified password changes and stored cross-site scripting attacks.",
    "Description": "[CWE-620](http://cwe.mitre.org/data/definitions/620.html): Unverified Password Change - CVE-2013-6032Certain models of Lexmark laser printers and MarkNet devices are vulnerable to an attack which allows a remote unauthenticated attacker to change the administrative password of the printer's web administration interface.  The interface does not perform sufficient validation of the vac.255.GENPASSWORD parameter in POST requests to the /cgi-bin/postpf/cgi-bin/dynamic/config/config.html page, allowing an unauthenticated remote attacker to reset the administrative password to an empty string.[CWE-79](http://cwe.mitre.org/data/definitions/79.html): Improper Neutralization of Input During Web Page Generation ('Cross-site Scripting') - CVE-2013-6033Certain models of Lexmark laser printers are vulnerable to stored cross-site scripting attacks.  The printers' administrative web interface does not perform sufficient validation of user input to the \"Location\" and \"Contact Name\" fields in the \"General Settings\" configuration page.A list of affected models and firmware versions can be found at [Lexmark's advisory page](http://support.lexmark.com/alerts/).The CVSS score reflects CVE-2013-6032.",
    "Impact": "An attacker may be able to run arbitrary script in the context of a victim's browser.  The attacker may also be able to gain full administrative control of the printer.",
    "Solution": "Apply an UpdateLexmark advises users to update to the latest firmware version.  A list of affected models and firmware versions, as well as accompanying fixes, can be found at [Lexmark's advisory page](http://support.lexmark.com/alerts/).",
    "Vendor Information": [
        {
            "Name": "Lexmark International",
            "Status": "Affected",
            "Vendor Statement": "We have not received a statement from the vendor.",
            "Vendor Information": "We are not aware of further vendor information regarding this vulnerability."
        }
    ],
    "CVSS Metrics": [
        {
            "Group": "Base",
            "Score": "9",
            "Vector": "AV:N/AC:L/Au:N/C:P/I:P/A:C"
        },
        {
            "Group": "Temporal",
            "Score": "7.4",
            "Vector": "E:F/RL:OF/RC:C"
        },
        {
            "Group": "Environmental",
            "Score": "1.9",
            "Vector": "CDP:N/TD:L/CR:ND/IR:ND/AR:ND"
        }
    ],
    "References": [
        "[http://support.lexmark.com/alerts](http://support.lexmark.com/alerts)"
    ],
    "Acknowledgements": "Thanks to Jeff Popio for reporting this vulnerability.This document was written by Todd Lewellen.",
    "Other Information": {
        "CVE IDs:": "CVE-2013-6032,CVE-2013-6033",
        "Date Public:": "2014-01-31",
        "Date First Published:": "2014-01-31",
        "Date Last Updated:": "2014-01-31 15:34 UTC",
        "Document Revision:": "19"
    }
}