{
    "Title": "VU#108790 - SafeNet Sentinel License Manager vulnerable to buffer overflow",
    "Overview": "SafeNet Sentinel License Manager contains a buffer overflow vulnerability, which may allow a remote unauthenticated attacker to execute arbitrary code on the server.",
    "Description": "SafeNet Sentinel License Manager (LM)[](http://www.safenet-inc.com/products/sentinel/lm.asp) is a software-based license management application.  It is reported that the \"Lservnt\" service in Sentinel LM 7.2.0.2 contains a buffer overflow vulnerability.  By sending a large amount of data to UDP port 5093, an attacker may be able to overwrite the contents of the EIP (Extended Instruction Pointer) register, thus gaining control of program execution flow.",
    "Impact": "A remote, unauthenticated attacker may be able to execute arbitrary code on the Sentinel LM server with the rights of the service.  Sentinel LM runs as \"SYSTEM\" by default on Windows systems.",
    "Solution": "Apply a patch or upgradeAccording to the [CIRT.DK advisory](http://www.cirt.dk/advisories/cirt-30-advisory.pdf), this issue is resolved in Sentinel License Manager 8.0Block port 5093/udpAs a workaround, system administrators can use a firewall to block port 5093/udp at an appropriate network border, thus preventing external attackers from exploiting this vulnerability.  Note that this will not prevent an attack from within the local network.",
    "Vendor Information": [
        {
            "Name": "SafeNet"
        }
    ],
    "CVSS Metrics": [
        {
            "Group": "Base",
            "Score": "",
            "Vector": ""
        },
        {
            "Group": "Temporal",
            "Score": "",
            "Vector": ""
        },
        {
            "Group": "Environmental",
            "Score": "",
            "Vector": ""
        }
    ],
    "References": [
        "[http://secunia.com/advisories/14511/](http://secunia.com/advisories/14511/)",
        "[http://cirt.dk/advisories/cirt-30-advisory.pdf](http://cirt.dk/advisories/cirt-30-advisory.pdf)",
        "[http://www.securityfocus.com/bid/12742](http://www.securityfocus.com/bid/12742)"
    ],
    "Acknowledgements": "Thanks to Dennis Rand of CIRT.DK for reporting this vulnerability.This document was written by Will Dormann.",
    "Other Information": {
        "CVE IDs:": "CVE-2005-0353",
        "Severity Metric:": "5.67",
        "Date Public:": "2005-03-07",
        "Date First Published:": "2005-03-08",
        "Date Last Updated:": "2005-03-14 15:37 UTC",
        "Document Revision:": "15"
    }
}