{
    "Title": "VU#108884 - Microsoft Indexing Services vulnerable to cross-site scripting",
    "Overview": "Microsoft's Indexing Service does not properly validate queries. This vulnerability may allow an attacker to run client-side scripts on behalf of a user.",
    "Description": "Microsoft's [Indexing Service](http://www.microsoft.com/resources/documentation/windows/xp/all/proddocs/en-us/snap_idx_srv_mgmt.mspx?mfr=true) allows users to quickly search computers and networks. This service can be used in combination with [Internet Information Services (IIS)](http://www.microsoft.com/WindowsServer2003/iis/default.mspx) to enable IIS as a Web-based interface for the Indexing Service. A cross-site scripting vulnerability on systems running the Indexing Service may allow an attacker to run a malicious script. This script could take any action on the user's computer that the vulnerable web site is legitimately authorized to take. For more information on cross-site scripting, see the CERT [Cross-Site Scripting Vulnerabilities](http://www.cert.org/archive/pdf/cross_site_scripting.pdf) document.Note that both IIS and the Indexing Service need to be installed and running for a system to be vulnerable.",
    "Impact": "If an attacker can trick or entice a user to follow a link, the attacker can execute script as the victim in the context of the zone in which the vulnerable server resides.",
    "Solution": "UpgradeMicrosoft has released an [update](http://www.microsoft.com/technet/security/bulletin/ms06-053.mspx) to address this issue.Disable or remove the Indexing ServiceIf the indexing service is not needed, disable or remove it. Microsoft has provided instructions on how to do this in [Security Bulletin MS06-053](http://www.microsoft.com/technet/security/bulletin/ms06-053.mspx).",
    "Vendor Information": [
        {
            "Name": "Microsoft Corporation"
        }
    ],
    "CVSS Metrics": [
        {
            "Group": "Base",
            "Score": "",
            "Vector": ""
        },
        {
            "Group": "Temporal",
            "Score": "",
            "Vector": ""
        },
        {
            "Group": "Environmental",
            "Score": "",
            "Vector": ""
        }
    ],
    "References": [
        "[http://www.microsoft.com/technet/security/bulletin/ms06-053.mspx](http://www.microsoft.com/technet/security/bulletin/ms06-053.mspx)",
        "[http://www.microsoft.com/resources/documentation/windows/xp/all/proddocs/en-us/snap_idx_srv_mgmt.mspx?mfr=true](http://www.microsoft.com/resources/documentation/windows/xp/all/proddocs/en-us/snap_idx_srv_mgmt.mspx?mfr=true)",
        "[http://www.cert.org/archive/pdf/cross_site_scripting.pdf](http://www.cert.org/archive/pdf/cross_site_scripting.pdf)"
    ],
    "Acknowledgements": "Thanks to Microsoft for supplying information on this vulnerability. This document was written by Ryan Giobbi.",
    "Other Information": {
        "CVE IDs:": "CVE-2006-0032",
        "Severity Metric:": "1.06",
        "Date Public:": "2006-09-12",
        "Date First Published:": "2006-09-12",
        "Date Last Updated:": "2006-09-15 20:36 UTC",
        "Document Revision:": "24"
    }
}