{
    "Title": "VU#108964 - Sendmail contains buffer overflow in ruleset parsing",
    "Overview": "Sendmail contains a buffer overflow vulnerability in the code that parses rulesets. This vulnerability could allow a remote attacker to execute arbitrary code or cause a denial of service on a vulnerable system.This vulnerability does not affect the default configuration.",
    "Description": "Sendmail is a widely used mail transfer agent (MTA). There is a buffer overflow vulnerability in the code that parses rulesets.  A system is vulnerable if it is configured to use the non-standard rulesets recipient (2), final (4), or mailer-specific envelope recipients.This is a different vulnerability than the one described in [CA-2003-25](http://www.cert.org/advisories/CA-2003-25.html)/[VU#784980](http://www.kb.cert.org/vuls/id/784980).",
    "Impact": "Exploitation of this vulnerability could allow a remote attacker to execute arbitrary code or cause a denial of service on a vulnerable system.",
    "Solution": "This issue is resolved in Sendmail 8.12.10.Beta2. Download the commercial version from:[http://www.sendmail.com/](http://www.sendmail.com/)or the open-source version from:[http://www.sendmail.org/](http://www.sendmail.org/)",
    "Vendor Information": [
        {
            "Name": "Sendmail"
        }
    ],
    "CVSS Metrics": [
        {
            "Group": "Base",
            "Score": "",
            "Vector": ""
        },
        {
            "Group": "Temporal",
            "Score": "",
            "Vector": ""
        },
        {
            "Group": "Environmental",
            "Score": "",
            "Vector": ""
        }
    ],
    "References": [
        "[http://www.sendmail.com](http://www.sendmail.com)",
        "[http://www.sendmail.org](http://www.sendmail.org)"
    ],
    "Acknowledgements": "Thanks to Timo Sirainen for reporting this vulnerability.This document was written by Jason A Rafail.",
    "Other Information": {
        "CVE IDs:": "None",
        "Severity Metric:": "6.33",
        "Date Public:": "2003-07-01",
        "Date First Published:": "2003-09-18",
        "Date Last Updated:": "2003-09-18 20:34 UTC",
        "Document Revision:": "7"
    }
}