{
    "Title": "VU#109056 - Trend Micro ServerProtect RPC buffer overflows",
    "Overview": "The Trend Micro ServerProtect fails to properly handle RPC requests. This vulnerability may allow a remote, unauthenticated attacker to execute arbitrary code.",
    "Description": "Trend Micro [ServerProtect](http://us.trendmicro.com/us/products/enterprise/serverprotect-for-microsoft-windows/index.html) is an anti-virus application that is designed to run on Microsoft Windows servers. Trend Micro ServerProtect handles Remote Procedure Calls (RPC) using port 5168/tcp. Trend Micro ServerProtect contains heap-based and stack-based buffer overflows in that can be exploited via multiple RPC functions. A remote, unauthenticated attacker may be able to trigger these overflows by sending malformed RPC requests to a vulnerable Trend Micro ServerProtect installation.More information, including a list of vulnerable RPC functions can be found in the [README](http://www.trendmicro.com/ftp/documentation/readme/spnt_558_win_en_securitypatch4_readme.txt) file for Security Patch 4.",
    "Impact": "A remote, unauthenticated attacker may be able to execute arbitrary code with SYSTEM privileges.",
    "Solution": "Apply a patchTrend Micro has addressed these vulnerabilities with [Security Patch 4](http://www.trendmicro.com/download/product.asp?productid=17).Restrict Access to Trend Micro ServerProtect Until the patch can be applied you may wish to block access to the vulnerable software from outside your network perimeter, specifically by blocking access to the ports used by theTrend Micro ServerProtect  service (5168/tcp). This will limit your exposure to attacks. However, blocking at the network perimeter would still allow attackers within the perimeter of your network to exploit the vulnerability. The use of host-based firewalls in addition to network-based firewalls can help restrict access to specific hosts within the network. It is important to understand your network's configuration and service requirements before deciding what changes are appropriate.",
    "Vendor Information": [
        {
            "Name": "Trend Micro"
        }
    ],
    "CVSS Metrics": [
        {
            "Group": "Base",
            "Score": "",
            "Vector": ""
        },
        {
            "Group": "Temporal",
            "Score": "",
            "Vector": ""
        },
        {
            "Group": "Environmental",
            "Score": "",
            "Vector": ""
        }
    ],
    "References": [
        "[http://www.trendmicro.com/ftp/documentation/readme/spnt_558_win_en_securitypatch4_readme.txt](http://www.trendmicro.com/ftp/documentation/readme/spnt_558_win_en_securitypatch4_readme.txt)",
        "[http://www.trendmicro.com/download/product.asp?productid=17](http://www.trendmicro.com/download/product.asp?productid=17)",
        "[http://labs.idefense.com/intelligence/vulnerabilities/display.php?id=587](http://labs.idefense.com/intelligence/vulnerabilities/display.php?id=587)",
        "[http://secunia.com/advisories/26523/](http://secunia.com/advisories/26523/)",
        "[http://us.trendmicro.com/us/products/enterprise/serverprotect-for-microsoft-windows/index.html](http://us.trendmicro.com/us/products/enterprise/serverprotect-for-microsoft-windows/index.html)",
        "[http://www.zerodayinitiative.com/advisories/ZDI-07-050.html](http://www.zerodayinitiative.com/advisories/ZDI-07-050.html)"
    ],
    "Acknowledgements": "This vulnerabilities were reported by iDefense Labs. iDefense Labs in turn credits Code Audit Labs, Jun Mao from iDefense Labs, and two anonymous researchers.This document was written by Jeff Gennari.",
    "Other Information": {
        "CVE IDs:": "CVE-2007-4218",
        "Severity Metric:": "22.31",
        "Date Public:": "2007-08-21",
        "Date First Published:": "2007-08-23",
        "Date Last Updated:": "2007-09-10 20:17 UTC",
        "Document Revision:": "23"
    }
}