{
    "Title": "VU#110297 - Flash Player information disclosure vulnerability",
    "Overview": "The Adobe Flash player contains an information disclosure vulnerability that affects the Konqueror and Opera web browsers.",
    "Description": "[Konqueror](http://www.konqueror.org/features/browser.php) is the default web browser for the KDE desktop. [Opera](http://www.opera.com/) is a web browser that is available for Windows, Linux and BSD systems.The Adobe Flash Player contains an information disclosure vulnerability. When using [Konqueror](http://www.konqueror.org/features/browser.php) or [Opera](http://www.opera.com/) with the Flash player plugin, keystrokes may be sent to the Flash Player applet instead of the web browser.Note that only the Linux and BSD versions of the Opera browser are affected by this vulnerability.",
    "Impact": "An attacker may be able to capture private or sensitive information.",
    "Solution": "UpdateAdobe has released an update to address this issue. See Adobe Security Bulletin [APSB07-12](http://www.adobe.com/support/security/bulletins/apsb07-12.html) for more details. Users who get Adobe Flash from their operating system vendor should see the systems affected section of this document.",
    "Vendor Information": [
        {
            "Name": "Adobe",
            "Status": "Affected",
            "Vendor Statement": "We have not received a statement from the vendor.",
            "Vendor Information": "The vendor has not provided us with any further information regarding this vulnerability.",
            "Addendum": "See [http://www.adobe.com/support/security/bulletins/apsb07-12.html](http://www.adobe.com/support/security/bulletins/apsb07-12.html) for more details.If you have feedback, comments, or additional information about this vulnerability, please send us [email](mailto:cert@cert.org?Subject=VU%23110297 Feedback)."
        },
        {
            "Name": "Microsoft Corporation",
            "Status": "Not Affected",
            "Vendor Statement": "We have not received a statement from the vendor.",
            "Vendor Information": "The vendor has not provided us with any further information regarding this vulnerability."
        },
        {
            "Name": "Apple Computer, Inc.",
            "Status": "Unknown",
            "Vendor Statement": "We have not received a statement from the vendor.",
            "Vendor Information": "The vendor has not provided us with any further information regarding this vulnerability."
        }
    ],
    "CVSS Metrics": [
        {
            "Group": "Base",
            "Score": "",
            "Vector": ""
        },
        {
            "Group": "Temporal",
            "Score": "",
            "Vector": ""
        },
        {
            "Group": "Environmental",
            "Score": "",
            "Vector": ""
        }
    ],
    "References": [
        "[http://www.adobe.com/support/security/bulletins/apsb07-12.html](http://www.adobe.com/support/security/bulletins/apsb07-12.html)",
        "[http://secunia.com/advisories/24877/](http://secunia.com/advisories/24877/)",
        "[http://www.opera.com/support/search/view/858/](http://www.opera.com/support/search/view/858/)",
        "[http://www.securityfocus.com/bid/23437 ](http://www.securityfocus.com/bid/23437 )",
        "[http://www.securitytracker.com/id?1017903 ](http://www.securitytracker.com/id?1017903 )",
        "[http://secunia.com/advisories/25662/](http://secunia.com/advisories/25662/)",
        "[https://rhn.redhat.com/errata/RHSA-2007-0494.html](https://rhn.redhat.com/errata/RHSA-2007-0494.html)",
        "[http://secunia.com/advisories/26027/](http://secunia.com/advisories/26027/)"
    ],
    "Acknowledgements": "Thanks to Adobe for information that was used in this report. Adobe credits Mark Hills for reporting this issue.This document was written by Ryan Giobbi.",
    "Other Information": {
        "CVE IDs:": "CVE-2007-2022",
        "Severity Metric:": "0.64",
        "Date Public:": "2007-04-12",
        "Date First Published:": "2007-07-12",
        "Date Last Updated:": "2007-07-16 13:54 UTC",
        "Document Revision:": "23"
    }
}