{
    "Title": "VU#110652 - iPass Open Mobile Windows Client contains a remote code execution vulnerability",
    "Overview": "The iPass Open Mobile Windows Client versions 2.4.4 and earlier contains a remote code execution vulnerability.",
    "Description": "[CWE-94](http://cwe.mitre.org/data/definitions/94.html): Improper Control of Generation of Code ('Code Injection')The iPass Open Mobile Windows Client versions 2.4.4 and earlier utilizes named pipes for interprocess communication.  One of the subprocesses spawned by the client runs with SYSTEM privileges.  An authenticated user can register arbitrary DLL files, including ones located at UNC paths, by sending a specially-crafted unicode string to this subprocess to one of the named pipes.  The DllMain function in the specified DLL file will then execute with SYSTEM privileges.",
    "Impact": "A remote, authenticated user may be able to execute arbitrary code with SYSTEM privileges.",
    "Solution": "Apply an UpdateAffected users should update to version 2.4.5.",
    "Vendor Information": [
        {
            "Name": "iPass Inc"
        }
    ],
    "CVSS Metrics": [
        {
            "Group": "Base",
            "Score": "8.5",
            "Vector": "AV:N/AC:M/Au:S/C:C/I:C/A:C"
        },
        {
            "Group": "Temporal",
            "Score": "6.7",
            "Vector": "E:POC/RL:OF/RC:C"
        },
        {
            "Group": "Environmental",
            "Score": "5.0",
            "Vector": "CDP:ND/TD:M/CR:ND/IR:ND/AR:ND"
        }
    ],
    "References": [
        "[http://www.ipass.com/enterprise-mobility/](http://www.ipass.com/enterprise-mobility/)",
        "[http://cwe.mitre.org/data/definitions/94.html](http://cwe.mitre.org/data/definitions/94.html)"
    ],
    "Acknowledgements": "Thanks to Matthias Kaiser for reporting this vulnerability.This document was written by Todd Lewellen.",
    "Other Information": {
        "CVE IDs:": "CVE-2015-0925",
        "Date Public:": "2015-01-21",
        "Date First Published:": "2015-01-21",
        "Date Last Updated:": "2015-01-21 16:26 UTC",
        "Document Revision:": "24"
    }
}