{
    "Title": "VU#110803 - CrushFTP Server does not adequately filter user input thereby permitting directory traversal",
    "Overview": "CrushFTP allows access to files outside the FTP root directory through directory traversal.",
    "Description": "CrushFTP is a Java-based FTP server available for Linux, Mac OS, and Windows. CrushFTP can be configured to limit access to files under a designated FTP root directory. However, CrushFTP allows an attacker to get files outside this directory through '../' directory traversal.",
    "Impact": "CrushFTP allows an attacker to see any file in the filesystem, including potentially sensitive and critical system files.",
    "Solution": "Upgrade to version 2.1.7 or later of CrushFTP at: [http://www.crushftp.com](http://www.crushftp.com)Use chroot if available on your system, to limit the scope of CrushFTP's access to the filesystem.",
    "Vendor Information": [
        {
            "Name": "Ben Spink",
            "Status": "Affected",
            "Vendor Statement": "We have not received a statement from the vendor.",
            "Vendor Information": "The vendor has not provided us with any further information regarding this vulnerability.",
            "Addendum": "The CERT/CC has no additional comments at this time.If you have feedback, comments, or additional information about this vulnerability, please send us [email](mailto:cert@cert.org?Subject=VU%23110803 Feedback)."
        }
    ],
    "CVSS Metrics": [
        {
            "Group": "Base",
            "Score": "",
            "Vector": ""
        },
        {
            "Group": "Temporal",
            "Score": "",
            "Vector": ""
        },
        {
            "Group": "Environmental",
            "Score": "",
            "Vector": ""
        }
    ],
    "References": [
        "[http://www.cve.mitre.org/cgi-bin/cvename.cgi?name=CAN-2001-0583](http://www.cve.mitre.org/cgi-bin/cvename.cgi?name=CAN-2001-0583)",
        "[http://xforce.iss.net/static/6495.php](http://xforce.iss.net/static/6495.php)",
        "[http://xforce.iss.net/alerts/vol-6_num-7.php](http://xforce.iss.net/alerts/vol-6_num-7.php)"
    ],
    "Acknowledgements": "Thanks to Joe Testa for discovering this vulnerability.This document was written by Shawn Van Ittersum.",
    "Other Information": {
        "CVE IDs:": "CVE-2001-0582",
        "Severity Metric:": "0.11",
        "Date Public:": "2001-05-23",
        "Date First Published:": "2001-12-20",
        "Date Last Updated:": "2001-12-20 16:50 UTC",
        "Document Revision:": "14"
    }
}