{
    "Title": "VU#110947 - KAME project IPv6 IPComp header denial of service vulnerability",
    "Overview": "The KAME project's IPv6 implementation does not properly process IPv6 packets that contain the IPComp header. If exploited, this vulnerability may allow an attacker to cause a vulnerable system to crash.",
    "Description": "Per RFC [3173](http://www.ietf.org/rfc/rfc3173.txt):IP payload compression is a protocol to reduce the size of IP datagrams.  This protocol will increase the overall communication performance between a pair of communicating hosts/gateways (\"nodes\") by compressing the datagrams, provided the nodes have sufficient computation power, through either CPU capacity or a compression coprocessor, and the communication is over slow or congested links.Systems that have IPv6 networking derived from the [KAME project](http://www.kame.net/) IPv6 implementation[ ](http://www.kame.net/)may not properly process IPv6 packets that contain an IPComp header. An attacker can exploit this vulnerability by sending an IPv6 packet with a IPComp header to a vulnerable system.",
    "Impact": "A remote, unauthenticated attacker can cause a vulnerable system to crash.",
    "Solution": "See the systems affected section of this document for a partial list of affected vendors. Administrators who compile their kernel from source should see [http://www.kame.net/dev/cvsweb2.cgi/kame/kame/sys/netinet6/ipcomp_input.c.diff?r1=1.36;r2=1.37](http://www.kame.net/dev/cvsweb2.cgi/kame/kame/sys/netinet6/ipcomp_input.c.diff?r1=1.36;r2=1.37) for more information. Restrict accessUntil updates can be applied, using a packet-filtering firewall to block IPv6 packets that contain the IPComp header may prevent this vulnerability from being exploited by remote attackers.",
    "Vendor Information": [
        {
            "Name": "Apple Computer, Inc.",
            "Status": "Affected",
            "Vendor Statement": "We have not received a statement from the vendor.",
            "Vendor Information": "We are not aware of further vendor information regarding this vulnerability.",
            "Addendum": "See [http://support.apple.com/kb/HT1897](http://support.apple.com/kb/HT1897) for more information.If you have feedback, comments, or additional information about this vulnerability, please send us [email](mailto:cert@cert.org?Subject=VU%23110947 Feedback)."
        },
        {
            "Name": "Force10 Networks, Inc.",
            "Status": "Affected",
            "Vendor Statement": "We have not received a statement from the vendor.",
            "Vendor Information": "We are not aware of further vendor information regarding this vulnerability.",
            "Addendum": "Force10 Networks' switch/router product lines can be affected by this vulnerability in older FTOS versions.  The problem was corrected in FTOS version 7.6.1.0.If you have feedback, comments, or additional information about this vulnerability, please send us [email](mailto:cert@cert.org?Subject=VU%23110947 Feedback)."
        },
        {
            "Name": "FreeBSD, Inc.",
            "Status": "Affected",
            "Vendor Statement": "We have not received a statement from the vendor.",
            "Vendor Information": "We are not aware of further vendor information regarding this vulnerability.",
            "Addendum": "From [http://security.freebsd.org/advisories/FreeBSD-SA-08:04.ipsec.asc](http://security.freebsd.org/advisories/FreeBSD-SA-08:04.ipsec.asc)No workaround is available, but kernels which does not include IPsec support are not vulnerable.  The GENERIC and SMP kernel configurations distributed with FreeBSD releases do not include IPsec support.   If you have feedback, comments, or additional information about this vulnerability, please send us [email](mailto:cert@cert.org?Subject=VU%23110947 Feedback)."
        },
        {
            "Name": "Juniper Networks, Inc.",
            "Status": "Affected",
            "Vendor Statement": "All JUNOS software built on or after December 8, 2007 has been corrected to properly manage IPv6 packet buffers and is not susceptible to this vulnerability. JUNOS releases 8.5R1 and beyond are NOT susceptible to this vulnerability because a revised IPv6 protocol stack was implemented.No other Juniper products are affected by this vulnerability.",
            "Vendor Information": "We are not aware of further vendor information regarding this vulnerability."
        },
        {
            "Name": "KAME Project",
            "Status": "Affected",
            "Vendor Statement": "We have not received a statement from the vendor.",
            "Vendor Information": "We are not aware of further vendor information regarding this vulnerability."
        },
        {
            "Name": "NetBSD",
            "Status": "Affected",
            "Vendor Statement": "We have not received a statement from the vendor.",
            "Vendor Information": "We are not aware of further vendor information regarding this vulnerability."
        },
        {
            "Name": "QNX, Software Systems, Inc.",
            "Status": "Affected",
            "Vendor Statement": "QNX Software Systems has verified that vulnerability VU#110947 is present in products which contain the IPv6 version of the TCP/IP network stack.  This issue has been corrected in patch 933-CERT-VU110947 for QNX Momentics 6.3.2 and 6.3.0 SP3 Extended Networking TDK 1.0.1.Please contact your QNX representative to obtain this patch, or for more information regarding older QNX releases and how to determine if you are using the affected binary.",
            "Vendor Information": "We are not aware of further vendor information regarding this vulnerability."
        },
        {
            "Name": "Borderware Technologies",
            "Status": "Not Affected",
            "Vendor Statement": "No Borderware products are affected by this vulnerability.",
            "Vendor Information": "We are not aware of further vendor information regarding this vulnerability."
        },
        {
            "Name": "Cisco Systems, Inc.",
            "Status": "Not Affected",
            "Vendor Statement": "We have not received a statement from the vendor.",
            "Vendor Information": "We are not aware of further vendor information regarding this vulnerability."
        },
        {
            "Name": "Computer Associates",
            "Status": "Not Affected",
            "Vendor Statement": "We have not received a statement from the vendor.",
            "Vendor Information": "We are not aware of further vendor information regarding this vulnerability."
        },
        {
            "Name": "Computer Associates eTrust Security Management",
            "Status": "Not Affected",
            "Vendor Statement": "We have investigated and determined that no CA products are vulnerable to this issue.",
            "Vendor Information": "We are not aware of further vendor information regarding this vulnerability."
        },
        {
            "Name": "Debian GNU/Linux",
            "Status": "Not Affected",
            "Vendor Statement": "We have not received a statement from the vendor.",
            "Vendor Information": "We are not aware of further vendor information regarding this vulnerability.",
            "Addendum": "Debian GNU/Linux is not affected by this issue.If you have feedback, comments, or additional information about this vulnerability, please send us [email](mailto:cert@cert.org?Subject=VU%23110947 Feedback)."
        },
        {
            "Name": "Extreme Networks",
            "Status": "Not Affected",
            "Vendor Statement": "Extreme Networks products are not vulnerable to this issue.",
            "Vendor Information": "The vendor has not provided us with any further information regarding this vulnerability."
        },
        {
            "Name": "Foundry Networks, Inc.",
            "Status": "Not Affected",
            "Vendor Statement": "We have not received a statement from the vendor.",
            "Vendor Information": "We are not aware of further vendor information regarding this vulnerability."
        },
        {
            "Name": "Global Technology Associates",
            "Status": "Not Affected",
            "Vendor Statement": "We have not received a statement from the vendor.",
            "Vendor Information": "We are not aware of further vendor information regarding this vulnerability."
        },
        {
            "Name": "Hitachi",
            "Status": "Not Affected",
            "Vendor Statement": "We have not received a statement from the vendor.",
            "Vendor Information": "We are not aware of further vendor information regarding this vulnerability."
        },
        {
            "Name": "IBM Corporation",
            "Status": "Not Affected",
            "Vendor Statement": "We have not received a statement from the vendor.",
            "Vendor Information": "We are not aware of further vendor information regarding this vulnerability."
        },
        {
            "Name": "Internet Security Systems, Inc.",
            "Status": "Not Affected",
            "Vendor Statement": "IBM Internet Security Systems does NOT use this code at all in our products. Thus we are not vulnerable to this issue and are unaffected.",
            "Vendor Information": "We are not aware of further vendor information regarding this vulnerability."
        },
        {
            "Name": "Intoto",
            "Status": "Not Affected",
            "Vendor Statement": "Intoto's iGateway VPN is not vulnerable to the exploit documented in this vulnerability note, because it is not a derivative of KAME project.",
            "Vendor Information": "We are not aware of further vendor information regarding this vulnerability."
        },
        {
            "Name": "Linux Kernel Archives"
        }
    ],
    "CVSS Metrics": [
        {
            "Group": "Base",
            "Score": "",
            "Vector": ""
        },
        {
            "Group": "Temporal",
            "Score": "",
            "Vector": ""
        },
        {
            "Group": "Environmental",
            "Score": "",
            "Vector": ""
        }
    ],
    "References": [
        "[http://www.kame.net/dev/cvsweb2.cgi/kame/kame/sys/netinet6/ipcomp_input.c.diff?r1=1.36;r2=1.37](http://www.kame.net/dev/cvsweb2.cgi/kame/kame/sys/netinet6/ipcomp_input.c.diff?r1=1.36;r2=1.37)",
        "[http://www.kame.net/](http://www.kame.net/)",
        "[http://www.ietf.org/rfc/rfc3173.txt](http://www.ietf.org/rfc/rfc3173.txt)",
        "[http://secunia.com/advisories/28816/](http://secunia.com/advisories/28816/)",
        "[http://secunia.com/advisories/28788/](http://secunia.com/advisories/28788/)",
        "[http://cvsweb.netbsd.org/bsdweb.cgi/src/sys/netinet6/ipcomp_input.c?f=u&only_with_tag=netbsd-3-1](http://cvsweb.netbsd.org/bsdweb.cgi/src/sys/netinet6/ipcomp_input.c?f=u&only_with_tag=netbsd-3-1)",
        "[http://jvn.jp/cert/JVNVU%23110947/](http://jvn.jp/cert/JVNVU%23110947/)",
        "[http://www.milw0rm.com/exploits/5191](http://www.milw0rm.com/exploits/5191)"
    ],
    "Acknowledgements": "Thanks to Shoichi Sakane of the KAME project for reporting this vulnerability.This document was written by Ryan Giobbi.",
    "Other Information": {
        "CVE IDs:": "CVE-2008-0177",
        "Severity Metric:": "4.39",
        "Date Public:": "2008-02-06",
        "Date First Published:": "2008-02-06",
        "Date Last Updated:": "2009-04-29 17:59 UTC",
        "Document Revision:": "38"
    }
}