{
    "Title": "VU#111034 - GnuTLS Server Name extension Denial of Service",
    "Overview": "A vulnerability exists in GnuTLS that may allow a remote attacker to cause a denial of service.",
    "Description": "GnuTLS  contains a vulnerability in gnults-serv that may result in a denial of service when handling a specially crafted Client Hello message.  According to [CERT-FI Vulnerability Advisory on GnuTLS](http://www.cert.fi/haavoittuvuudet/advisory-gnutls.html):The problem occurs when gnutls-serv receives Client Hello message which contains Server name extension where the length of the server name list is set to 18 and the data of the server name list consists of 18 zero octets. After receiving this Client Hello message gnutls-serv continues to function normally, but crashes after Finished messages when it tries to pack the session data in function pack_security_parameters() (in lib/gnutls_session_pack.c).Note that this issue may affect GnuTLS versions prior to 2.2.5 and also affects version 2.3.0.",
    "Impact": "A remote, unauthorized attacker may be able to cause a denial of service.",
    "Solution": "Upgrade or Apply PatchGnuTLS has issued an upgrade and a patch to address this issue.  See GnuTLS Security Advisory [SA-2008-01](http://www.gnu.org/software/gnutls/security.html) for more information.  GnuTLS is included in various Linux and UNIX distributions. Please consult the relevant documentation of your distribution to obtain the appropriate updates.",
    "Vendor Information": [
        {
            "Name": "GnuTLS"
        }
    ],
    "CVSS Metrics": [
        {
            "Group": "Base",
            "Score": "",
            "Vector": ""
        },
        {
            "Group": "Temporal",
            "Score": "",
            "Vector": ""
        },
        {
            "Group": "Environmental",
            "Score": "",
            "Vector": ""
        }
    ],
    "References": [
        "[http://www.cert.fi/haavoittuvuudet/advisory-gnutls.html](http://www.cert.fi/haavoittuvuudet/advisory-gnutls.html)",
        "[http://lists.gnu.org/archive/html/gnutls-devel/2008-05/msg00060.html](http://lists.gnu.org/archive/html/gnutls-devel/2008-05/msg00060.html)",
        "[http://secunia.com/advisories/30287/](http://secunia.com/advisories/30287/)",
        "[http://secunia.com/advisories/30330/](http://secunia.com/advisories/30330/)"
    ],
    "Acknowledgements": "This issue was reported in GnuTLS Security Advisory SA-2008-01.  GnuTLS credits Ossi Herrala and Jukka Taimisto from the CROSS project at Codenomicon Ltd. for reporting this issue.This document was written by Chris Taschner.",
    "Other Information": {
        "CVE IDs:": "CVE-2008-1950",
        "Severity Metric:": "9.19",
        "Date Public:": "2008-05-19",
        "Date First Published:": "2008-05-29",
        "Date Last Updated:": "2008-05-29 15:46 UTC",
        "Document Revision:": "4"
    }
}