{
    "Title": "VU#112912 - Hewlett-Packard MPE/iX linkeditor permits privilege escalation",
    "Overview": "There is a problem with the MPE/iX linkeditor that may allow an attacker to gain system manager privileges.",
    "Description": "The problem affects HP3000 systems running MPE/iX versions 5.5 through 6.5.  HP has published a security bulletin describing the solution to this vulnerability (HPSBMP0102-009).  No additional details about the vulnerability are available.",
    "Impact": "The full impact of this vulnerability is not yet known, but it appears to allow local users to gain root privileges.",
    "Solution": "Apply the patches described in the HP security bulletin.",
    "Vendor Information": [
        {
            "Name": "Hewlett Packard"
        }
    ],
    "CVSS Metrics": [
        {
            "Group": "Base",
            "Score": "",
            "Vector": ""
        },
        {
            "Group": "Temporal",
            "Score": "",
            "Vector": ""
        },
        {
            "Group": "Environmental",
            "Score": "",
            "Vector": ""
        }
    ],
    "References": [
        "[]()"
    ],
    "Acknowledgements": "This document was written by Cory F. Cohen.",
    "Other Information": {
        "CVE IDs:": "CVE-2001-0278",
        "Severity Metric:": "5.32",
        "Date Public:": "2001-02-20",
        "Date First Published:": "2001-06-01",
        "Date Last Updated:": "2001-08-30 16:20 UTC",
        "Document Revision:": "3"
    }
}