{
    "Title": "VU#113192 - Mozilla allows signed scripts calling \"enablePrivilege\" to change contents of a \"grant\" dialog",
    "Overview": "A vulnerability in the way Mozilla and its derived programs display dialogs in some circumstances could allow a remote attacker to install and run software on a vulnerable system.",
    "Description": "The [Mozilla web browser](http://www.mozilla.org/products/mozilla1.x/) and related [Mozilla products](http://www.mozilla.org/products/) support the ability to run [signed scripts](http://www.mozilla.org/projects/security/components/signed-scripts.html) supplied in HTML email or webpages.  A signed script can request expanded privileges that give it access to restricted information and abilities by using the enablePrivilege method.  A deficiency in the way that these products create dialog boxes via enablePrivilege allows a malicious script to supply a string including spaces and normal text for the dialog box.  A malicious signed script requesting enhanced abilities could construct the request in a way that possibly fooled the user into thinking the privilege requested was inconsequential while actually obtaining explicit permission to run and install software.  The user would still be required to explicitly click \"Ok\" in the grant dialog for exploitation of this issue to be successful.",
    "Impact": "By convincing a victim to accept a signed script, a remote attacker may be able to install and run software with the privileges of the user running an affected program.",
    "Solution": "Upgrade to a fixed version of the affected software[The Mozilla Project](http://www.mozilla.org/) has released new versions of the affected software that include patches for this vulnerability.  Please see the Systems Affected section of this document for more information.WorkaroundsUsers who are unable to upgrade to a patched version of the software are encouraged to apply the following workarounds:Disable JavascriptNever grant enhanced abilities of any kind to untrusted web pages (this workaround comes from from the Mozilla project advisory about this issue)",
    "Vendor Information": [
        {
            "Name": "Conectiva"
        }
    ],
    "CVSS Metrics": [
        {
            "Group": "Base",
            "Score": "",
            "Vector": ""
        },
        {
            "Group": "Temporal",
            "Score": "",
            "Vector": ""
        },
        {
            "Group": "Environmental",
            "Score": "",
            "Vector": ""
        }
    ],
    "References": [
        "[http://bugzilla.mozilla.org/show_bug.cgi?id=253942](http://bugzilla.mozilla.org/show_bug.cgi?id=253942)",
        "[http://secunia.com/advisories/12526/](http://secunia.com/advisories/12526/)",
        "[http://www.securitytracker.com/alerts/2004/Sep/1011317.html](http://www.securitytracker.com/alerts/2004/Sep/1011317.html)",
        "[http://www.securitytracker.com/alerts/2004/Sep/1011318.html](http://www.securitytracker.com/alerts/2004/Sep/1011318.html)"
    ],
    "Acknowledgements": "Information about this issue was originally published by the Mozilla Project.  The Mozilla Project, in turn, credits Jesse Ruderman with the discovery and reporting of this issueThis document was written by Chad R Dougherty.",
    "Other Information": {
        "CVE IDs:": "None",
        "Severity Metric:": "6.21",
        "Date Public:": "2004-09-14",
        "Date First Published:": "2004-09-17",
        "Date Last Updated:": "2004-10-26 15:26 UTC",
        "Document Revision:": "9"
    }
}