{
    "Title": "VU#113765 - Apple MacOS High Sierra disabled account authentication bypass",
    "Overview": "Apple MacOS High Sierra fails to properly require authentication for disabled accounts, such as root account, which can allow an authenticated user to obtain root privileges.",
    "Description": "Apple MacOS High Sierra (10.13) contains a flaw in how it authenticates disabled accounts. When a privileged action prompts the user for administrative credentials, the user can simply enter the user of \"root\" with an empty password. The first attempt appears to fail, but in actuality, this action causes MacOS High Sierra to enable the ability to log in as root using the credentials specified. A second attempt to authenticate using the same credentials successfully takes the action with root administrative privileges. Once this vulnerability has been triggered by an authenticated user (either locally, or via remote access such as SSH), the root account will be available to use as a viable authentication mechanism to the system.It is important to note that simply confirming the vulnerability on a system will have the side effect of enabling the root account for use in authenticating to the system.",
    "Impact": "A local or remote user of a MacOS High Sierra system can obtain root privileges without requiring credentials. Any system that has the root account enabled (e.g. via testing for this vulnerability) may also expose the root account for use with remote administrative capabilities, such as the built-in \"Screen Sharing\" or \"Remote Management\" capabilities",
    "Solution": "Apply an updateThis issue is addressed in [Security Update 2017-001](https://support.apple.com/en-us/HT208315).  Please also consider the following workaround if you are unable to install the update:Set the root passwordAs a user with administrative privileges, launch TerminalType sudo passwd -u rootEnter a strong passwordFor an alternative GUI method to setting the root password, please see Apple support article [HT204012](https://support.apple.com/en-us/HT204012). Note: It is important to not disable the root account after setting a password. If the root account is disabled after setting a password, this action will revert the system back to the vulnerable state.",
    "Vendor Information": [
        {
            "Name": "Apple",
            "Status": "Affected",
            "Vendor Statement": "We have not received a statement from the vendor.",
            "Vendor Information": "We are not aware of further vendor information regarding this vulnerability."
        }
    ],
    "CVSS Metrics": [
        {
            "Group": "Base",
            "Score": "7.2",
            "Vector": "AV:L/AC:L/Au:N/C:C/I:C/A:C"
        },
        {
            "Group": "Temporal",
            "Score": "6.2",
            "Vector": "E:POC/RL:W/RC:C"
        },
        {
            "Group": "Environmental",
            "Score": "4.6",
            "Vector": "CDP:ND/TD:M/CR:ND/IR:ND/AR:ND"
        }
    ],
    "References": [
        "[https://forums.developer.apple.com/thread/79235#277225](https://forums.developer.apple.com/thread/79235#277225)",
        "[https://support.apple.com/en-us/HT204012](https://support.apple.com/en-us/HT204012)",
        "[https://objective-see.com/blog/blog_0x24.html](https://objective-see.com/blog/blog_0x24.html)"
    ],
    "Acknowledgements": "This vulnerability was publicly disclosed by chethan177.This document was written by Will Dormann.",
    "Other Information": {
        "CVE IDs:": "CVE-2017-13872",
        "Date Public:": "2017-11-13",
        "Date First Published:": "2017-11-29",
        "Date Last Updated:": "2017-11-30 02:43 UTC",
        "Document Revision:": "42"
    }
}