{
    "Title": "VU#114560 - IntelliCom NetBiter NB100 and NB200 platforms contain multiple vulnerabilities",
    "Overview": "IntelliCom NetBiter products based on the NB100 and NB200 platforms contain multiple vulnerabilities.",
    "Description": "IntelliCom NetBiter products based on the NB100 and NB200 platforms contain multiple vulnerabilities. A user who has been authenticated at the superadmin level (highest authentication level) has permission to read system files by calling read.cgi with options to read a system file. Local configuration files may be accessed by exploiting a directory traversal vulnerability. This may lead an attacker to research other potential attack vectors. An attacker may also execute arbitrary commands by uploading malicious code.For additional information see ICS-CERT Advisory [ICSA-10-316-01A](http://www.us-cert.gov/control_systems/pdf/ICSA-10-316-01A.pdf).",
    "Impact": "An attacker who is authenticated at the superadmin level exploiting this directory traversal vulnerability could access local configuration files. An attacker may also execute arbitrary commands by uploading malicious code.",
    "Solution": "Apply an updateIntelliCom recommends users of WS100/WS200 products apply the \"[ISFR-4404-0010.npb](http://support.intellicom.se/)\u201d patch.Restrict AccessEnable firewall rules to restrict access to only trusted sources.",
    "Vendor Information": [
        {
            "Name": "IntelliCom Innovation AB"
        }
    ],
    "CVSS Metrics": [
        {
            "Group": "Base",
            "Score": "",
            "Vector": ""
        },
        {
            "Group": "Temporal",
            "Score": "",
            "Vector": ""
        },
        {
            "Group": "Environmental",
            "Score": "",
            "Vector": ""
        }
    ],
    "References": [
        "[http://archives.neohapsis.com/archives/bugtraq/2010-10/0002.html](http://archives.neohapsis.com/archives/bugtraq/2010-10/0002.html)",
        "[http://www.us-cert.gov/control_systems/pdf/ICSA-10-316-01A.pdf](http://www.us-cert.gov/control_systems/pdf/ICSA-10-316-01A.pdf)",
        "[http://support.intellicom.se](http://support.intellicom.se)"
    ],
    "Acknowledgements": "This document was written by Michael Orlando.",
    "Other Information": {
        "CVE IDs:": "None",
        "Severity Metric:": "1.68",
        "Date Public:": "2010-10-01",
        "Date First Published:": "2011-02-03",
        "Date Last Updated:": "2011-02-23 16:43 UTC",
        "Document Revision:": "29"
    }
}