{
    "Title": "VU#114757 - Acronis backup software contains multiple privilege escalation vulnerabilities",
    "Overview": "Acronis True Image, Cyber Backup, and Cyber Protection all contain privilege escalation vulnerabilities, which can allow an unprivileged Windows user to be able to run arbitrary code with SYSTEM privileges.",
    "Description": "CVE-2020-10138",
    "Impact": "By placing a specially-crafted openssl.cnf or DLL file in a specific location, an unprivileged user may be able to execute arbitrary code with SYSTEM privileges on a Windows system with the vulnerable Acronis software installed. See [DLL Search Order Hijacking](https://attack.mitre.org/techniques/T1574/001/) for more details.",
    "Solution": "Apply an update",
    "Vendor Information": [
        {
            "Name": "Acronis Inc."
        }
    ],
    "CVSS Metrics": null,
    "References": [
        "[https://www.acronis.com/en-us/support/updates/changes.html?p=42226](https://www.acronis.com/en-us/support/updates/changes.html?p=42226)",
        "[https://dl.managed-protection.com/u/backup/rn/12.5/user/en-US/AcronisBackup12.5_relnotes.htm](https://dl.managed-protection.com/u/backup/rn/12.5/user/en-US/AcronisBackup12.5_relnotes.htm)",
        "[https://dl.managed-protection.com/u/cyberprotect/rn/15/user/en-US/AcronisCyberProtect15_relnotes.htm](https://dl.managed-protection.com/u/cyberprotect/rn/15/user/en-US/AcronisCyberProtect15_relnotes.htm)",
        "[https://attack.mitre.org/techniques/T1574/001/](https://attack.mitre.org/techniques/T1574/001/)"
    ],
    "Acknowledgements": "This vulnerability was reported by Will Dormann of the CERT/CC. Acronis also credits HackerOne researchers @adr, @mmg, @vanitas, @xnand with independently discovering and reporting the vulnerabilities.",
    "Other Information": {
        "CVE IDs:": "CVE-2020-10138CVE-2020-10139CVE-2020-10140",
        "Date Public:": "2020-10-12",
        "Date First Published:": "2020-10-12",
        "Date Last Updated:": "2020-10-12 21:40 UTC",
        "Document Revision:": "4"
    }
}