{
    "Title": "VU#115729 - Apple QuickTime fails to properly handle corrupt TGA images",
    "Overview": "Apple's [QuickTime](http://www.apple.com/quicktime/) is a player for files and streaming media in a variety of different formats.  A flaw in QuickTime's handling of Targa (TGA) image format files could allow a remote attacker to execute arbitrary code on a vulnerable system.",
    "Description": "Several types of overflow vulnerabilities exist in the way QuickTime handles files in the Targa (TGA) image file format.  A specially crafted TGA image can allow an attacker to execute arbitrary code of their choosing with the privileges of the user running QuickTime or cause a denial of service.  [Apple's advisory](http://docs.info.apple.com/article.html?artnum=303101) on this issue states that a buffer overflow, integer overflow, or integer underflow error could be exploited by such a crafted image.  Additional details about the underlying cause of these overflows are not known.Note that this issue affects QuickTime installations on both Apple Mac OS X and Microsoft Windows operating systems.",
    "Impact": "An attacker with the ability to supply a maliciously crafted TGA file (.tga or .targa) could execute arbitrary code on a vulnerable system or cause a denial of service.  The attacker-supplied code would be executed with the privileges of the QuickTime user opening the malicious file.  The crafted TGA image may be supplied on a webpage or in email for the victim to select, or by some other means designed to encourage them to invoke QuickTime on the exploit image..",
    "Solution": "Install an updateApple has addressed this issue with Quicktime 7.0.4, as specified in [Apple Support Document 303101](http://docs.info.apple.com/article.html?artnum=303101).",
    "Vendor Information": [
        {
            "Name": "Apple Computer, Inc."
        }
    ],
    "CVSS Metrics": [
        {
            "Group": "Base",
            "Score": "",
            "Vector": ""
        },
        {
            "Group": "Temporal",
            "Score": "",
            "Vector": ""
        },
        {
            "Group": "Environmental",
            "Score": "",
            "Vector": ""
        }
    ],
    "References": [
        "[http://docs.info.apple.com/article.html?artnum=303101](http://docs.info.apple.com/article.html?artnum=303101)",
        "[http://secunia.com/advisories/18370/](http://secunia.com/advisories/18370/)"
    ],
    "Acknowledgements": "Thanks to Apple Product Security for reporting this vulnerability.  Apple, in turn, credits Dejun Meng of Fortinet for reporting this issue to them.This document was written by Chad R Dougherty based on information supplied by Apple.",
    "Other Information": {
        "CVE IDs:": "CVE-2005-3707",
        "Severity Metric:": "3.85",
        "Date Public:": "2006-01-10",
        "Date First Published:": "2006-01-11",
        "Date Last Updated:": "2006-01-11 20:02 UTC",
        "Document Revision:": "12"
    }
}