{
    "Title": "VU#115731 - HP Tru64 UNIX \"quot\" contains buffer overflow (SSRT2191)",
    "Overview": "The [HP Tru64 UNIX](http://www.tru64unix.compaq.com/) implementation of \"quot\" contains a locally exploitable buffer overflow.",
    "Description": "\"[quot](http://www.tru64unix.compaq.com/docs/base_doc/DOCUMENTATION/V40G_HTML/MAN/MAN8/0256____.HTM)[](http://www.tru64unix.compaq.com/docs/base_doc/DOCUMENTATION/V40G_HTML/MAN/MAN1/0017____.HTM)[](http://www.tru64unix.compaq.com/docs/base_doc/DOCUMENTATION/V40G_HTML/MAN/MAN1/0173____.HTM)[](http://www.tru64unix.compaq.com/docs/base_doc/DOCUMENTATION/V50_HTML/MAN/MAN1/0090____.HTM)[](http://www.tru64unix.compaq.com/docs/base_doc/DOCUMENTATION/V40G_HTML/MAN/MAN8/0173____.HTM)[](http://www.tru64unix.compaq.com/docs/base_doc/DOCUMENTATION/V40G_HTML/MAN/MAN1/0199____.HTM)\" [](http://www.tru64unix.compaq.com/docs/base_doc/DOCUMENTATION/V40G_HTML/MAN/MAN1/0198____.HTM)[](http://www.tru64unix.compaq.com/docs/base_doc/DOCUMENTATION/V40G_HTML/MAN/MAN1/0200____.HTM)[](http://www.tru64unix.compaq.com/docs/base_doc/DOCUMENTATION/V40G_HTML/MAN/MAN8/0172____.HTM)is used to summarize file system ownership. A locally exploitable buffer overflow in \"quot\" may permit a local attacker to gain elevated privileges and execute arbitrary code on a vulnerable host.",
    "Impact": "A local user may be able to gain elevated privileges and execute arbitrary code.",
    "Solution": "Apply a patch.",
    "Vendor Information": [
        {
            "Name": "Hewlett-Packard Company"
        }
    ],
    "CVSS Metrics": [
        {
            "Group": "Base",
            "Score": "",
            "Vector": ""
        },
        {
            "Group": "Temporal",
            "Score": "",
            "Vector": ""
        },
        {
            "Group": "Environmental",
            "Score": "",
            "Vector": ""
        }
    ],
    "References": [
        "[http://wwss1pro.compaq.com/support/reference_library/viewdocument.asp?source=SRB0039W.xml&dt=11](http://wwss1pro.compaq.com/support/reference_library/viewdocument.asp?source=SRB0039W.xml&dt=11)"
    ],
    "Acknowledgements": "This vulnerability was discovered by SNOsoft.This document was written by Ian A Finlay & Jason A. Rafail.",
    "Other Information": {
        "CVE IDs:": "None",
        "Severity Metric:": "3.75",
        "Date Public:": "2002-05-22",
        "Date First Published:": "2002-09-09",
        "Date Last Updated:": "2002-09-09 16:58 UTC",
        "Document Revision:": "9"
    }
}