{
    "Title": "VU#116100 - Apple Mac OS X iChat UPnP buffer overflow",
    "Overview": "A vulnerabilty in the way Apple Mac OS X iChat handles specially crafted UPnP packets may allow execution of arbitrary code or denial of service.",
    "Description": "Apple [iChat](http://www.apple.com/macosx/features/ichat/) contains a vulnerability that could be exploited by an attacker on the local network when it attempts to handle specially crafted Universal Plug and Play (UPnP) protocol packets.  According to Apple Security Update [2007-005](http://docs.info.apple.com/article.html?artnum=305530):A buffer overflow vulnerability exists in the UPnP IGD (Internet Gateway Device Standardized Device Control Protocol) code used to create Port Mappings on home NAT gateways in iChat.",
    "Impact": "An unauthenticated attacker on the local network may be able to execute arbitrary code or cause a denial of service.",
    "Solution": "UpgradeApple has addressed this issue in Apple Security Update [2007-005](http://docs.info.apple.com/article.html?artnum=305530).",
    "Vendor Information": [
        {
            "Name": "Apple Computer, Inc."
        }
    ],
    "CVSS Metrics": [
        {
            "Group": "Base",
            "Score": "",
            "Vector": ""
        },
        {
            "Group": "Temporal",
            "Score": "",
            "Vector": ""
        },
        {
            "Group": "Environmental",
            "Score": "",
            "Vector": ""
        }
    ],
    "References": [
        "[http://docs.info.apple.com/article.html?artnum=305530](http://docs.info.apple.com/article.html?artnum=305530)"
    ],
    "Acknowledgements": "This issue was reported in Apple Security Update 2007-005. This document was written by Chris Taschner.",
    "Other Information": {
        "CVE IDs:": "CVE-2007-2390",
        "Severity Metric:": "9.98",
        "Date Public:": "2007-05-24",
        "Date First Published:": "2007-05-25",
        "Date Last Updated:": "2007-05-29 19:39 UTC",
        "Document Revision:": "12"
    }
}