{
    "Title": "VU#116713 - NCR SelfServ ATM dispenser software contains multiple vulnerabilities",
    "Overview": "NCR SelfServ automated teller machines (ATMs) running APTRA XFS 05.01.00 or older are vulnerable to physical attacks on the communications bus between the currency dispenser component and the host computer.",
    "Description": "NCR SelfServ ATMs running APTRA XFS 05.01.00 or older contain vulnerabilities that can be exploited by an attacker with physical access to the internal components of the ATM.",
    "Impact": "An attacker with physical access to the internal components of the ATM can execute arbitrary code on the host computer or withdraw currency.",
    "Solution": "Software, hardware, firmware, and configuration updates may be necessary, depending upon the current state of a specific vulnerable ATM.",
    "Vendor Information": [
        {
            "Name": "NCR Corporation"
        }
    ],
    "CVSS Metrics": null,
    "References": [
        "[https://www.ncr.com/content/dam/ncrcom/content-type/documents/NCR_Security_Alert-2018-10-S1_and_S2_Critical_Update.pdf](https://www.ncr.com/content/dam/ncrcom/content-type/documents/NCR_Security_Alert-2018-10-S1_and_S2_Critical_Update.pdf)",
        "[https://www.ncr.com/content/dam/ncrcom/unsorted/jackpot_attacks_in_the_us_-_january_2018.pdf](https://www.ncr.com/content/dam/ncrcom/unsorted/jackpot_attacks_in_the_us_-_january_2018.pdf)",
        "[https://www.ncr.com/content/dam/ncrcom/content-type/documents/NCR_Security_Alert-2018-13_APTRA_XFS_v5.pdf](https://www.ncr.com/content/dam/ncrcom/content-type/documents/NCR_Security_Alert-2018-13_APTRA_XFS_v5.pdf)",
        "[https://www.ncr.com/content/dam/ncrcom/content-type/documents/NCR_Secure_white_paper-Dispenser_Security_Solution_September_2018.pdf](https://www.ncr.com/content/dam/ncrcom/content-type/documents/NCR_Secure_white_paper-Dispenser_Security_Solution_September_2018.pdf)",
        "[https://home.treasury.gov/news/press-releases/sm0410](https://home.treasury.gov/news/press-releases/sm0410)",
        "[https://www.treasury.gov/resource-center/sanctions/OFAC-Enforcement/Pages/20180611.aspx](https://www.treasury.gov/resource-center/sanctions/OFAC-Enforcement/Pages/20180611.aspx)",
        "[https://www.treasury.gov/resource-center/sanctions/Programs/Documents/cyber_eo.pdf](https://www.treasury.gov/resource-center/sanctions/Programs/Documents/cyber_eo.pdf)"
    ],
    "Acknowledgements": "These vulnerabilities were researched and reported by Maxim Kozorez. At the time of the initial report, Maxim Kozorez was associated with Embedi.",
    "Other Information": {
        "CVE IDs:": "CVE-2020-10123CVE-2020-9063",
        "Date Public:": "2020-08-20",
        "Date First Published:": "2020-08-20",
        "Date Last Updated:": "2020-08-20 14:21 UTC",
        "Document Revision:": "1"
    }
}