{
    "Title": "VU#116963 - Apache Tomcat default installation contains sample applications that disclose webroot path",
    "Overview": "There is an insecure default configuration in Apache Tomcat web server that places several sample applications in the webroot. Remote users may be able to use these applications to gain sensitive information about the server's configuration.",
    "Description": "There are several sample applications that ship with Apache Tomcat, and are installed in the webroot by default. If these applications are left in the webroot of a production machine, remote users may be able to gain sensitive information about the server's configuration.",
    "Impact": "A remote user may be able to gain sensitive information about the server's configuration.",
    "Solution": "The CERT/CC is currently unaware of a practical solution to this problem.Remove the sample files prior to placing the server into production.",
    "Vendor Information": [
        {
            "Name": "Apache",
            "Status": "Affected",
            "Vendor Statement": "We have not received a statement from the vendor.",
            "Vendor Information": "The vendor has not provided us with any further information regarding this vulnerability.",
            "Addendum": "The CERT/CC has no additional comments at this time.If you have feedback, comments, or additional information about this vulnerability, please send us [email](mailto:cert@cert.org?Subject=VU%23116963 Feedback)."
        }
    ],
    "CVSS Metrics": [
        {
            "Group": "Base",
            "Score": "",
            "Vector": ""
        },
        {
            "Group": "Temporal",
            "Score": "",
            "Vector": ""
        },
        {
            "Group": "Environmental",
            "Score": "",
            "Vector": ""
        }
    ],
    "References": [
        "[http://www.procheckup.com/security_info/vuln_pr0205.html](http://www.procheckup.com/security_info/vuln_pr0205.html)",
        "[http://www.procheckup.com/security_info/vuln_pr0206.html](http://www.procheckup.com/security_info/vuln_pr0206.html)",
        "[http://www.procheckup.com/security_info/vuln_pr0207.html](http://www.procheckup.com/security_info/vuln_pr0207.html)",
        "[http://www.securityfocus.com/bid/4876](http://www.securityfocus.com/bid/4876)",
        "[http://www.securityfocus.com/bid/4877](http://www.securityfocus.com/bid/4877)",
        "[http://www.securityfocus.com/bid/4878](http://www.securityfocus.com/bid/4878)"
    ],
    "Acknowledgements": "Thanks to ProCheckUp for reporting this vulnerability.This document was written by Jason A Rafail.",
    "Other Information": {
        "CVE IDs:": "None",
        "Severity Metric:": "3.00",
        "Date Public:": "2002-05-29",
        "Date First Published:": "2002-06-11",
        "Date Last Updated:": "2002-06-11 20:32 UTC",
        "Document Revision:": "7"
    }
}