{
    "Title": "VU#117604 - Panasonic Arbitrator Back-End Server (BES) uses unencrypted communication",
    "Overview": "Panasonic Arbitrator Back-End Server (BES) uses an unencrypted channel to transmit data.",
    "Description": "[CWE-319](http://cwe.mitre.org/data/definitions/319.html): Cleartext Transmission of Sensitive InformationPanasonic Arbitrator Back-End Server (BES) uses an unencrypted channel to transmit data between the client and server.  It has been reported that Active Directory and other sensitive credentials are exposed as a result.According to Panasonic, the affected products are:Arbitrator MK 2.0 VPU using USB Wi-FiArbitrator MK 2.0 VPU using Direct LANArbitrator MK 3.0 VPU using Embedded Wi-FiArbitrator MK 3.0 VPU using Direct LANThe majority of Panasonic Arbitrator clients do not use these two upload methods and are not affected. If you are a Panasonic Arbitrator client that uses your laptop Wi-Fi connection for uploading or a wired connection for uploading you do not need to take any action.",
    "Impact": "A malicious user on the network may be able to discover sensitive credentials to other systems.",
    "Solution": "Apply an UpdatePanasonic has released a [statement ](http://us2.campaign-archive1.com/?u=8c9cff2e712e3b7d09a07ecef&id=21f059b3ab)with details on how to patch the system.",
    "Vendor Information": [
        {
            "Name": "Panasonic",
            "Status": "Affected",
            "Vendor Statement": "We have not received a statement from the vendor.",
            "Vendor Information": "We are not aware of further vendor information regarding this vulnerability."
        }
    ],
    "CVSS Metrics": [
        {
            "Group": "Base",
            "Score": "5",
            "Vector": "AV:N/AC:L/Au:N/C:P/I:N/A:N"
        },
        {
            "Group": "Temporal",
            "Score": "4.1",
            "Vector": "E:F/RL:OF/RC:C"
        },
        {
            "Group": "Environmental",
            "Score": "1.0",
            "Vector": "CDP:N/TD:L/CR:ND/IR:ND/AR:ND"
        }
    ],
    "References": [
        "[http://www.panasonic.com/business/arbitrator/index.asp](http://www.panasonic.com/business/arbitrator/index.asp)",
        "[http://us2.campaign-archive1.com/?u=8c9cff2e712e3b7d09a07ecef&id=21f059b3ab](http://us2.campaign-archive1.com/?u=8c9cff2e712e3b7d09a07ecef&id=21f059b3ab)",
        "[http://cwe.mitre.org/data/definitions/319.html](http://cwe.mitre.org/data/definitions/319.html)"
    ],
    "Acknowledgements": "Thanks to the reporter who wishes to remain anonymous.This document was written by Chris King.",
    "Other Information": {
        "CVE IDs:": "None",
        "Date Public:": "2014-12-11",
        "Date First Published:": "2015-01-13",
        "Date Last Updated:": "2015-01-13 20:30 UTC",
        "Document Revision:": "18"
    }
}