{
    "Title": "VU#117929 - RealVNC Server does not validate client authentication method",
    "Overview": "The RealVNC Server fails to properly authenticate clients. This may allow a remote attacker to bypass authentication and gain access to the VNC server.",
    "Description": "The Virtual Network Computing (VNC) ProtocolAccording to [RealVNC](http://www.realvnc.com/howitworks.html), \"The VNC protocol is a simple protocol for remote access to graphical user interfaces.\"RealVNCRealVNC is an implementation of the VNC protocol. The ProblemThe RealVNC Server fails to properly authenticate clients. When a RealVNC client connects to a RealVNC server, the server provides a list of supported authentication methods. By design, the client then selects a method from the list.  Due to an implementation flaw, if the client specifies that no (null) authentication should be used, the server accepts this method and authenticates the client, whether or not null authentication was offered by the server.Note that exploit code for this vulnerability is publicly available.",
    "Impact": "A remote, unauthenticated attacker could gain access to a system running RealVNC server. If the RealVNC server runs with administrative privileges, the attacker could gain complete control of the system.",
    "Solution": "UpgradeThis issue is corrected in RealVNC version [4.1.2](http://www.realvnc.com/products/free/4.1/release-notes.html), RealVNC Personal Edition [4.2.3](http://www.realvnc.com/products/personal/4.2/release-notes.html), and RealVNC Enterprise Edition [4.2.3](http://www.realvnc.com/products/enterprise/4.2/release-notes.html). Refer to the RealVNC [Downloads site](http://www.realvnc.com/download.html) to get a patched version.Prompt Local Users to Accept ConnectionsUntil updates can be applied, selecting the Prompt local user to accept connections option may prevent attackers from gaining a VNC session by exploiting this vulnerability. See the [authentication](http://www.realvnc.com/products/free/4.1/winvnc.html#Security) section of the RealVNC user guide for more information.",
    "Vendor Information": [
        {
            "Name": "RealVNC"
        }
    ],
    "CVSS Metrics": [
        {
            "Group": "Base",
            "Score": "",
            "Vector": ""
        },
        {
            "Group": "Temporal",
            "Score": "",
            "Vector": ""
        },
        {
            "Group": "Environmental",
            "Score": "",
            "Vector": ""
        }
    ],
    "References": [
        "[http://www.realvnc.com/howitworks.html](http://www.realvnc.com/howitworks.html)",
        "[http://www.realvnc.com/products/free/4.1/winvnc.html#Security](http://www.realvnc.com/products/free/4.1/winvnc.html#Security)",
        "[http://www.realvnc.com/products/free/4.1/release-notes.html](http://www.realvnc.com/products/free/4.1/release-notes.html)",
        "[http://www.realvnc.com/products/personal/4.2/release-notes.html](http://www.realvnc.com/products/personal/4.2/release-notes.html)",
        "[http://www.realvnc.com/products/enterprise/4.2/release-notes.html](http://www.realvnc.com/products/enterprise/4.2/release-notes.html)",
        "[http://marc.theaimsgroup.com/?l=bugtraq&m=114771408013890&w=2](http://marc.theaimsgroup.com/?l=bugtraq&m=114771408013890&w=2)"
    ],
    "Acknowledgements": "This vulnerability was reported by James Evans.This document was written by Jeff Gennari.",
    "Other Information": {
        "CVE IDs:": "None",
        "Severity Metric:": "30.49",
        "Date Public:": "2006-05-15",
        "Date First Published:": "2006-05-16",
        "Date Last Updated:": "2008-02-26 14:09 UTC",
        "Document Revision:": "47"
    }
}