{
    "Title": "VU#118277 - The Oracle Internet Directory LDAP (oidldapd) contains buffer overflow",
    "Overview": "Oracle Internet Directory version 2.0.6, which ships with Oracle version 8i for Linux (8.1.6), contains a program, oidldapd, that is an LDAP Daemon.  There is a buffer overflow in the LDAP Daemon that allows a local user to obtain the euid of the oidldapd process, typically user oracle.",
    "Description": "There is a buffer overflow in the oidldapd with regard to the \"connect\" option. Since oidldapd typically runs as user oracle, this vulnerability can be used by local users to obtain euid of user oracle. As a result of the default installation, user oracle owns all database files. An exploit has been published.",
    "Impact": "All database files can be edited/deleted by a malicious user. A local user can obtain privileges of the oidldapd process, typically oracle.",
    "Solution": "Oracle encourages all Linux directory developers to upgrade to Oracle Internet Directory, v2.1.1, part of the Oracle 8.1.7 (8i Release 3) server  media pack, from [http://technet.oracle.com/](http://technet.oracle.com/).If you use a UFS filesystem, use chmod to set the file permissions to 710 for the oidldapd and oidmon executables. For other filesystems (e.g. AFS) use equivalent settings to restrict access to privileged users only.",
    "Vendor Information": [
        {
            "Name": "Oracle",
            "Status": "Affected",
            "Vendor Statement": "See [http://www.securityfocus.com/archive/1/157228](http://www.securityfocus.com/archive/1/157228)",
            "Vendor Information": "The vendor has not provided us with any further information regarding this vulnerability.",
            "Addendum": "The CERT/CC has no additional comments at this time.If you have feedback, comments, or additional information about this vulnerability, please send us [email](mailto:cert@cert.org?Subject=VU%23118277 Feedback)."
        }
    ],
    "CVSS Metrics": [
        {
            "Group": "Base",
            "Score": "",
            "Vector": ""
        },
        {
            "Group": "Temporal",
            "Score": "",
            "Vector": ""
        },
        {
            "Group": "Environmental",
            "Score": "",
            "Vector": ""
        }
    ],
    "References": [
        "[http://www.securityfocus.com/bid/1828](http://www.securityfocus.com/bid/1828)",
        "[http://www.securityfocus.com/advisories/2763](http://www.securityfocus.com/advisories/2763)",
        "[http://www.securityfocus.com/archive/1/140709](http://www.securityfocus.com/archive/1/140709)",
        "[http://www.securityfocus.com/archive/1/157228](http://www.securityfocus.com/archive/1/157228)",
        "[http://xforce.iss.net/static/5401.php](http://xforce.iss.net/static/5401.php)",
        "[http://metalink.oracle.com](http://metalink.oracle.com)"
    ],
    "Acknowledgements": "This vulnerability was first published by Juan Manuel Pascual Escriba in a Plazasite advisory.This document was written by Jason Rafail.",
    "Other Information": {
        "CVE IDs:": "CVE-2000-0987",
        "Severity Metric:": "9.00",
        "Date Public:": "2000-10-18",
        "Date First Published:": "2001-07-12",
        "Date Last Updated:": "2001-07-12 20:07 UTC",
        "Document Revision:": "25"
    }
}