{
    "Title": "VU#118558 - Sun Java Runtime Environment vulnerable to DoS",
    "Overview": "The Sun Java Runtime Environment ([JRE](http://java.sun.com/j2se/desktopjava/jre/index.jsp)[](http://java.sun.com/j2se/1.4.1/docs/guide/platform/sdk-jre.html)[](http://java.sun.com/j2se/1.4.2/index.jsp)) contains a vulnerability that could allow an unauthenticated, remote attacker to cause a denial-of-service condition in the Java Virtual Machine (JVM).",
    "Description": "The Sun Java Runtime Environment provides the libraries and components necessary to run Java-based applications. There is a non-specific vulnerability in the Java Runtime Environment, which could allow an unauthenticated, remote attacker to cause the Java Virtual Machine to become unresponsive.",
    "Impact": "An unauthenticated, remote attacker could cause a denial-of-service condition.",
    "Solution": "According to [Sun Security Alert 57555](http://sunsolve.sun.com/pub-cgi/retrieve.pl?doc=fsalert/57555), this issue has been addressed in the following releases:Windows Production ReleasesSDK and JRE 1.4.2_04 or later 1.4.2 releases Solaris Operating Environment ReleasesSDK and JRE 1.4.2_04 or later 1.4.2 releases Linux Production ReleasesSDK and JRE 1.4.2_04 or later 1.4.2 releases",
    "Vendor Information": [
        {
            "Name": "Sun Microsystems Inc."
        }
    ],
    "CVSS Metrics": [
        {
            "Group": "Base",
            "Score": "",
            "Vector": ""
        },
        {
            "Group": "Temporal",
            "Score": "",
            "Vector": ""
        },
        {
            "Group": "Environmental",
            "Score": "",
            "Vector": ""
        }
    ],
    "References": [
        "[http://sunsolve.sun.com/pub-cgi/retrieve.pl?doc=fsalert/57555](http://sunsolve.sun.com/pub-cgi/retrieve.pl?doc=fsalert/57555)",
        "[http://secunia.com/advisories/11570/](http://secunia.com/advisories/11570/)",
        "[http://java.sun.com/j2se/desktopjava/jre/index.jsp](http://java.sun.com/j2se/desktopjava/jre/index.jsp)",
        "[http://java.sun.com/j2se/](http://java.sun.com/j2se/)"
    ],
    "Acknowledgements": "This vulnerability was reported by Sun Microsystems.This document was written by Damon Morda.",
    "Other Information": {
        "CVE IDs:": "None",
        "Severity Metric:": "1.72",
        "Date Public:": "2004-05-06",
        "Date First Published:": "2004-05-14",
        "Date Last Updated:": "2004-05-21 20:22 UTC",
        "Document Revision:": "14"
    }
}