{
    "Title": "VU#118737 - Second Sight Software ActiveGS ActiveX control stack buffer overflows",
    "Overview": "The Second Sight Software ActiveGS ActiveX control contains several stack buffer overflows, which can allow a remote, unauthenticated attacker to execute arbitrary code on a vulnerable system.",
    "Description": "Second Sight Software ActiveGS is an Apple IIGS emulator that is provided as an ActiveX control.  The control, which is provided by ActiveGS.ocx, contains multiple stack buffer overflow vulnerabilities.",
    "Impact": "By convincing a user to view a specially crafted HTML document (e.g., a web page or an HTML email message or attachment), an attacker may be able to execute arbitrary code with the privileges of the user.  The attacker could also cause the web browser to crash.",
    "Solution": "Apply an updateThis issue is addressed in [ActiveGS 3.x and higher](http://activegs.freetoolsassociation.com).Disable the ActiveGS ActiveX control in Internet ExplorerThe vulnerable ActiveX control can be disabled in Internet Explorer by setting the kill bit for the following CLSID:{052DF14F-6F28-44A0-9130-294FDA6176EB}More information about how to set the kill bit is available in [Microsoft Support Document 240797](http://support.microsoft.com/kb/240797).  Alternatively, the following text can be saved as a .REG file and imported to set the kill bit for this control:Windows Registry Editor Version 5.00[HKEY_LOCAL_MACHINE\\SOFTWARE\\Microsoft\\Internet Explorer\\ActiveX Compatibility\\{052DF14F-6F28-44A0-9130-294FDA6176EB}]\"Compatibility Flags\"=dword:00000400Disable ActiveXDisabling ActiveX controls in the Internet Zone (or any zone used by an attacker) appears to prevent exploitation of this and other ActiveX vulnerabilities. Instructions for disabling ActiveX in the Internet Zone can be found in the \"[Securing Your Web Browser](http://www.us-cert.gov/reading_room/securing_browser/#Internet_Explorer)\" document.",
    "Vendor Information": [
        {
            "Name": "Second Sight Software",
            "Status": "Affected",
            "Vendor Statement": "We have not received a statement from the vendor.",
            "Vendor Information": "The vendor has not provided us with any further information regarding this vulnerability.",
            "Addendum": "This issue is addressed in [ActiveGS 3.x and higher](http://activegs.freetoolsassociation.com).If you have feedback, comments, or additional information about this vulnerability, please send us [email](mailto:cert@cert.org?Subject=VU%23118737 Feedback)."
        }
    ],
    "CVSS Metrics": [
        {
            "Group": "Base",
            "Score": "",
            "Vector": ""
        },
        {
            "Group": "Temporal",
            "Score": "",
            "Vector": ""
        },
        {
            "Group": "Environmental",
            "Score": "",
            "Vector": ""
        }
    ],
    "References": [
        "[http://support.microsoft.com/kb/240797](http://support.microsoft.com/kb/240797)",
        "[http://www.freetoolsassociation.com/](http://www.freetoolsassociation.com/)",
        "[http://secunia.com/advisories/24960/](http://secunia.com/advisories/24960/)"
    ],
    "Acknowledgements": "This vulnerability was reported by Will Dormann of CERT/CC.This document was written by Will Dormann.",
    "Other Information": {
        "CVE IDs:": "CVE-2007-1690",
        "Severity Metric:": "0.74",
        "Date Public:": "2007-04-18",
        "Date First Published:": "2007-04-18",
        "Date Last Updated:": "2010-04-22 13:29 UTC",
        "Document Revision:": "14"
    }
}