{
    "Title": "VU#118748 - POCO C++ Libraries NetSSL library fails to properly validate wildcard certificates",
    "Overview": "The POCO C++ Libraries NetSSL library fails to properly validate wildcard certificates, allowing an attacker to trick the victim application into trusting a malicious certificate.",
    "Description": "[CWE-350](https://cwe.mitre.org/data/definitions/350.html): Reliance on Reverse DNS Resolution for a Security-Critical ActionGuenter Obiltschnig of Applied Informatics GmbH reports:The Poco::Net::X509Certificate::verify() method in the POCO C++ Libraries NetSSL library fails to properly validate a wildcard certificate if DNS reverse mapping is broken. In case of a wildcard certificate, the class relies on DNS to obtain aliases for the host name, which are then used for matching against the wildcard domain name(s) in the certificate.Stable release versions 1.4.6p2 and older are affected, as well as development release version 1.50 to 1.5.2.",
    "Impact": "After a successful DNS spoofing attack, the attacker may be able to trick a SSL/TLS client into successfully validating a certificate from a malicious server. However, this requires that the certificate first passes the certificate chain validation.",
    "Solution": "Apply an UpdateVendors and developers which incorporate the POCO C++ NetSSL library into their software should [update](http://pocoproject.org/download/index.html) to version 1.4.6p4 or later[](http://pocoproject.org/download/index.html).",
    "Vendor Information": [
        {
            "Name": "Applied Informatics GmbH"
        }
    ],
    "CVSS Metrics": [
        {
            "Group": "Base",
            "Score": "6.4",
            "Vector": "AV:N/AC:L/Au:N/C:P/I:P/A:N"
        },
        {
            "Group": "Temporal",
            "Score": "4.7",
            "Vector": "E:U/RL:OF/RC:C"
        },
        {
            "Group": "Environmental",
            "Score": "1.2",
            "Vector": "CDP:ND/TD:L/CR:ND/IR:ND/AR:ND"
        }
    ],
    "References": [
        "[http://pocoproject.org/](http://pocoproject.org/)",
        "[http://pocoproject.org/download/index.html](http://pocoproject.org/download/index.html)",
        "[https://github.com/pocoproject/](https://github.com/pocoproject/)"
    ],
    "Acknowledgements": "Thanks to Tuomas Siren and Alexander Berezhnoy for originally discovering the vulnerability.This document was written by Todd Lewellen.",
    "Other Information": {
        "CVE IDs:": "CVE-2014-0350",
        "Date Public:": "2014-04-24",
        "Date First Published:": "2014-04-24",
        "Date Last Updated:": "2014-04-24 15:00 UTC",
        "Document Revision:": "7"
    }
}