{
    "Title": "VU#119180 - Microsoft Internet Explorer fails to properly interpret layout positioning",
    "Overview": "Microsoft Internet Explorer fails to properly handle certain combinations of layout positioning.  This can allow a remote attacker to execute arbitrary code on a vulnerable system.",
    "Description": "Microsoft Internet Explorer contains a vulnerability in the handling of certain combinations of layout positioning in an HTML document.  When combined with Active Scripting, Internet Explorer may execute arbitrary code as a result of this vulnerability.",
    "Impact": "By convincing a user to view a specially crafted HTML document (e.g., a web page, an HTML email message, or an email attachment), an attacker could execute arbitrary code with the privileges of the user. The attacker could also cause Internet Explorer (or the program using the WebOC control) to crash.",
    "Solution": "Apply an updateThis vulnerability is addressed in Microsoft Security Bulletin [MS06-042](http://www.microsoft.com/technet/security/Bulletin/MS06-042.mspx).Note that this patch may cause problems for certain users. Per [Microsoft Knowledgebase Article 923762](http://support.microsoft.com/kb/923762/en-us):Consider the following scenario. You run Microsoft Internet Explorer 6 Service Pack 1 (SP1) on a computer that is running Microsoft Windows XP with Service Pack (SP1) or Microsoft Windows 2000 with Service Pack 4 (SP4). You install the Internet Explorer cumulative security update that is documented in Microsoft Knowledge Base article 918899. In this scenario, Internet Explorer unexpectedly exits when you view a Web site that uses the HTTP 1.1 protocol and compression. Disable Active ScriptingThis vulnerability can be mitigated by disabling Active Scripting, as specified in the \"[Securing Your Web Browser](http://www.us-cert.gov/reading_room/securing_browser/#Internet_Explorer)\" document.",
    "Vendor Information": [
        {
            "Name": "Microsoft Corporation"
        }
    ],
    "CVSS Metrics": [
        {
            "Group": "Base",
            "Score": "",
            "Vector": ""
        },
        {
            "Group": "Temporal",
            "Score": "",
            "Vector": ""
        },
        {
            "Group": "Environmental",
            "Score": "",
            "Vector": ""
        }
    ],
    "References": [
        "[http://www.microsoft.com/technet/security/bulletin/ms06-042.mspx](http://www.microsoft.com/technet/security/bulletin/ms06-042.mspx)",
        "[http://www.us-cert.gov/reading_room/securing_browser/#Internet_Explorer](http://www.us-cert.gov/reading_room/securing_browser/#Internet_Explorer)",
        "[http://secunia.com/advisories/21396/](http://secunia.com/advisories/21396/)",
        "[http://support.microsoft.com/kb/923762/en-us](http://support.microsoft.com/kb/923762/en-us)"
    ],
    "Acknowledgements": "This vulnerability was reported by Microsoft, which in turn credits Sam Thomas.This document was written by Will Dormann.",
    "Other Information": {
        "CVE IDs:": "CVE-2006-3450",
        "Severity Metric:": "20.25",
        "Date Public:": "2006-08-08",
        "Date First Published:": "2006-08-08",
        "Date Last Updated:": "2006-08-17 17:52 UTC",
        "Document Revision:": "16"
    }
}