{
    "Title": "VU#119678 - Samba vfs_fruit module insecurely handles extended file attributes",
    "Overview": "The Samba [vfs_fruit](https://www.samba.org/samba/docs/current/man-html/vfs_fruit.8.html) module allows out-of-bounds heap read and write via extended file attributes (CVE-2021-44142). This vulnerability allows a remote attacker to execute arbitrary code with root privileges.",
    "Description": "The Samba [vfs_fruit](https://www.samba.org/samba/docs/current/man-html/vfs_fruit.8.html) module uses extended file attributes (EA, xattr) to provide \"...enhanced compatibility with Apple SMB clients and interoperability with a Netatalk 3 AFP fileserver.\" Samba with vfs_fruit configured allows out-of-bounds heap read and write via specially crafted extended file attributes.",
    "Impact": "A remote attacker with write access to extended file attributes can execute arbitrary code with the privileges of smbd, typically root.",
    "Solution": "Apply an update",
    "Vendor Information": [
        {
            "Name": "OpenWRT"
        }
    ],
    "CVSS Metrics": null,
    "References": [
        "[https://www.samba.org/samba/security/CVE-2021-44142.html](https://www.samba.org/samba/security/CVE-2021-44142.html)",
        "[https://bugzilla.samba.org/show_bug.cgi?id=14914](https://bugzilla.samba.org/show_bug.cgi?id=14914)",
        "[https://www.zerodayinitiative.com/blog/2022/2/1/cve-2021-44142-details-on-a-samba-code-execution-bug-demonstrated-at-pwn2own-austin](https://www.zerodayinitiative.com/blog/2022/2/1/cve-2021-44142-details-on-a-samba-code-execution-bug-demonstrated-at-pwn2own-austin)",
        "[https://www.samba.org/samba/history/security.html](https://www.samba.org/samba/history/security.html)",
        "[https://www.samba.org/samba/docs/current/man-html/vfs_fruit.8.html](https://www.samba.org/samba/docs/current/man-html/vfs_fruit.8.html)"
    ],
    "Acknowledgements": "Thanks to Orange Tsai of DEVCORE for researching and reporting this vulnerability. Thanks also to Samba, ZDI, and Western Digital for coordination efforts.",
    "Other Information": {
        "CVE IDs:": "CVE-2021-44142",
        "Date Public:": "2022-01-31",
        "Date First Published:": "2022-01-31",
        "Date Last Updated:": "2022-06-27 20:03 UTC",
        "Document Revision:": "19"
    }
}