{
    "Title": "VU#119747 - Foxit Reader buffer overflow vulnerability",
    "Overview": "Foxit Reader contains a buffer overflow vulnerability that may allow an attacker to execute arbitrary code.",
    "Description": "Foxit Reader is a [PDF](http://www.adobe.com/devnet/pdf/pdf_reference.html) reader that is available on multiple operating systems.From the Secuia Research [advisory](http://secunia.com/secunia_research/2008-18/advisory/) Foxit Reader \"util.printf()\" Buffer Overflow:Secunia Research has discovered a vulnerability in Foxit Reader, which can be exploited by malicious people to compromise a user's system.The vulnerability is caused due to a boundary error when parsing format strings containing a floating point specifier in the \"util.printf()\" JavaScript function. This can be exploited to cause a stack-based buffer overflow via a specially crafted PDF file.To exploit this vulnerability an attacker would have to persuade a user to open a specially crafted PDF file. The malicious PDF could be hosted on a web page or sent via email.",
    "Impact": "A remote, unauthenticated attacker may be able to execute arbitrary code.",
    "Solution": "Foxit Reader version [2.3](http://www.foxitsoftware.com/pdf/reader_2/down_reader.htm) build 2912 was released to address this issue. Do not open untrusted PDF filesDo not open unfamiliar or unexpected PDF attachments. Users can convert PDF documents to text or HTML by using search engine features or other hosted PDF rendering services.",
    "Vendor Information": [
        {
            "Name": "Foxit Software Company"
        }
    ],
    "CVSS Metrics": [
        {
            "Group": "Base",
            "Score": "",
            "Vector": ""
        },
        {
            "Group": "Temporal",
            "Score": "",
            "Vector": ""
        },
        {
            "Group": "Environmental",
            "Score": "",
            "Vector": ""
        }
    ],
    "References": [
        "[http://secunia.com/advisories/29941/](http://secunia.com/advisories/29941/)",
        "[http://www.adobe.com/devnet/pdf/pdf_reference.html](http://www.adobe.com/devnet/pdf/pdf_reference.html)",
        "[http://www.google.com/help/features.html#pdf](http://www.google.com/help/features.html#pdf)"
    ],
    "Acknowledgements": "This vulnerability was published by Dyon Balding from Secunia Research.This document was written by Ryan Giobbi.",
    "Other Information": {
        "CVE IDs:": "CVE-2008-1104",
        "Severity Metric:": "1.69",
        "Date Public:": "2008-05-20",
        "Date First Published:": "2008-05-27",
        "Date Last Updated:": "2008-05-27 19:55 UTC",
        "Document Revision:": "22"
    }
}