{
    "Title": "VU#119876 - Ethereal contains multiple vulnerabilities in the EIGRP protocol dissector",
    "Overview": "Ethereal contains multiple vulnerabilities in the Enhanced Interior Gateway Routing Protocol (EIGRP) protocol dissector. These vulnerabilities could allow a remote, unauthenticated attacker to execute arbitrary code.",
    "Description": "Ethereal is a network traffic analysis package. It includes the ability to decode packets containing EIGRP data. There are two buffer overflow vulnerabilities in the way the EIGRP protocol dissector decodes packets containing EIGRP data. These vulnerabilities could be exploited by a remote, unauthenticated attacker by sending a specially crafted EIGRP packet containing overly long IP address values. Exploitation of these vulnerabilities could result in arbitrary code execution.",
    "Impact": "A remote, unauthenticated attacker could execute arbitrary code on the vulnerable system.",
    "Solution": "UpgradeUpgrade to version 0.10.3 or later.Note: Ethereal is considered BETA software at this time.Disable DissectorIf you are unable to upgrade to version 0.10.3 or later, you can disable the EIGRP protocol dissector by performing the following actions in Ethereal:(for Ethereal versions 0.8.x and 0.9.x)1) Select Edit->Protocols2) Deselect the EIGRP protocol dissector from the list(for Ethereal versions 0.10.x)1) Select Analyze->Enabled Protocols2) Disable the EIGRP protocol dissector from the list by unchecking its \"Status\" checkbox",
    "Vendor Information": [
        {
            "Name": "Ethereal"
        }
    ],
    "CVSS Metrics": [
        {
            "Group": "Base",
            "Score": "",
            "Vector": ""
        },
        {
            "Group": "Temporal",
            "Score": "",
            "Vector": ""
        },
        {
            "Group": "Environmental",
            "Score": "",
            "Vector": ""
        }
    ],
    "References": [
        "[http://security.e-matters.de/advisories/032004.html](http://security.e-matters.de/advisories/032004.html)",
        "[http://www.ethereal.com/appnotes/enpa-sa-00013.html](http://www.ethereal.com/appnotes/enpa-sa-00013.html)",
        "[http://secunia.com/advisories/11185/](http://secunia.com/advisories/11185/)"
    ],
    "Acknowledgements": "Ethereal credits Stefan Esser for reporting these vulnerabilities.This document was written by Damon Morda.",
    "Other Information": {
        "CVE IDs:": "CVE-2004-0176",
        "Severity Metric:": "9.82",
        "Date Public:": "2004-03-22",
        "Date First Published:": "2004-03-24",
        "Date Last Updated:": "2004-03-25 15:13 UTC",
        "Document Revision:": "18"
    }
}