{
    "Title": "VU#120241 - Akamai Download Manager ActiveX control buffer overflow",
    "Overview": "The Akamai Download Manager ActiveX control contains a buffer overflow, which may allow a remote, unauthenticated attacker to execute arbitrary code on a vulnerable system.",
    "Description": "Akamai Download Manager is software designed to enhance the ability to download content.  The Akamai Download Manager ActiveX control, provided by DownloadManagerV2.ocx, contains a buffer overflow vulnerability.",
    "Impact": "By convincing a user to view a specially crafted HTML document (e.g., a web page or an HTML email message or attachment), an attacker may be able to execute arbitrary code with the privileges of the user.  The attacker could also cause the web browser to crash.",
    "Solution": "Apply an updateThis issue is addressed by version [2.2.1.0](http://dlm.tools.akamai.com/tools/upgrade.html) of the ActiveX control.This control also has been disabled via the kill bit in Microsoft Security Bulletin [MS07-045](http://www.microsoft.com/technet/security/Bulletin/MS07-045.mspx).Disable the Akamai Download Manager ActiveX control in Internet ExplorerThe vulnerable ActiveX control can be disabled in Internet Explorer by setting the kill bit for the following CLSID:{2AF5BD25-90C5-4EEC-88C5-B44DC2905D8B}More information about how to set the kill bit is available in [Microsoft Support Document 240797](http://support.microsoft.com/kb/240797).  Alternatively, the following text can be saved as a .REG file and imported to set the kill bit for this control:Windows Registry Editor Version 5.00[HKEY_LOCAL_MACHINE\\SOFTWARE\\Microsoft\\Internet Explorer\\ActiveX Compatibility\\{2AF5BD25-90C5-4EEC-88C5-B44DC2905D8B}]\"Compatibility Flags\"=dword:00000400Disable ActiveXDisabling ActiveX controls in the Internet Zone (or any zone used by an attacker) appears to prevent exploitation of this and other ActiveX vulnerabilities. Instructions for disabling ActiveX in the Internet Zone can be found in the \"[Securing Your Web Browser](http://www.us-cert.gov/reading_room/securing_browser/#Internet_Explorer)\" document.",
    "Vendor Information": [
        {
            "Name": "Akamai Technologies, Inc."
        }
    ],
    "CVSS Metrics": [
        {
            "Group": "Base",
            "Score": "",
            "Vector": ""
        },
        {
            "Group": "Temporal",
            "Score": "",
            "Vector": ""
        },
        {
            "Group": "Environmental",
            "Score": "",
            "Vector": ""
        }
    ],
    "References": [
        "[http://lists.grok.org.uk/pipermail/full-disclosure/2007-April/053794.html](http://lists.grok.org.uk/pipermail/full-disclosure/2007-April/053794.html)",
        "[http://www.fortiguardcenter.com/advisory/FGA-2007-05.html](http://www.fortiguardcenter.com/advisory/FGA-2007-05.html)",
        "[http://labs.idefense.com/intelligence/vulnerabilities/display.php?id=514](http://labs.idefense.com/intelligence/vulnerabilities/display.php?id=514)",
        "[http://secunia.com/advisories/24900/](http://secunia.com/advisories/24900/)",
        "[http://www.microsoft.com/technet/security/Bulletin/MS07-045.mspx](http://www.microsoft.com/technet/security/Bulletin/MS07-045.mspx)"
    ],
    "Acknowledgements": "This vulnerability was reported by iDefense, who in turn credit McSlibin.  It was also reported by The Fortinet Security Research Team.This document was written by Will Dormann.",
    "Other Information": {
        "CVE IDs:": "CVE-2007-1891",
        "Severity Metric:": "2.95",
        "Date Public:": "2007-04-16",
        "Date First Published:": "2007-04-17",
        "Date Last Updated:": "2007-08-14 17:59 UTC",
        "Document Revision:": "6"
    }
}