{
    "Title": "VU#120541 - SSL and TLS protocols renegotiation vulnerability",
    "Overview": "A vulnerability exists in SSL and TLS protocols that may allow attackers to execute an arbitrary HTTP transaction.",
    "Description": "The Secure Sockets Layer (SSL) and Transport Layer Security (TLS) protocols are commonly used to provide authentication, encryption, integrity, and non-repudiation services to network applications such as HTTP, IMAP, POP3, LDAP. A vulnerability in the way SSL and TLS protocols allow renegotiation requests may allow an attacker to inject plaintext into an application protocol stream. This could result in a situation where the attacker may be able to issue commands to the server that appear to be coming from a legitimate source. According to the [Network Working Group](https://svn.resiprocate.org/rep/ietf-drafts/ekr/draft-rescorla-tls-renegotiate.txt):The server treats the client's initial TLS handshake as a renegotiation and thus believes that the initial data transmitted by the attacker is from the same entity as the subsequent client data.This issue affects SSL version 3.0 and newer and TLS version 1.0 and newer.",
    "Impact": "A remote, unauthenticated attacker may be able to inject an arbitrary amount of chosen plaintext into the beginning of the application protocol stream. This could allow and attacker to issue HTTP requests, or take action impersonating the user, among other consequences.",
    "Solution": "Users should contact vendors for specific patch information.",
    "Vendor Information": null,
    "CVSS Metrics": [
        {
            "Group": "Base",
            "Score": "0",
            "Vector": "AV:--/AC:--/Au:--/C:--/I:--/A:--"
        },
        {
            "Group": "Temporal",
            "Score": "0",
            "Vector": "E:ND/RL:ND/RC:ND"
        },
        {
            "Group": "Environmental",
            "Score": "0",
            "Vector": "CDP:ND/TD:ND/CR:ND/IR:ND/AR:ND"
        }
    ],
    "References": [
        "[http://extendedsubset.com/?p=8](http://extendedsubset.com/?p=8)",
        "[http://www.links.org/?p=780](http://www.links.org/?p=780)",
        "[http://www.links.org/?p=786](http://www.links.org/?p=786)",
        "[http://www.links.org/?p=789](http://www.links.org/?p=789)",
        "[http://blogs.iss.net/archive/sslmitmiscsrf.html](http://blogs.iss.net/archive/sslmitmiscsrf.html)",
        "[http://www.ietf.org/mail-archive/web/tls/current/msg03948.html](http://www.ietf.org/mail-archive/web/tls/current/msg03948.html)",
        "[https://bugzilla.redhat.com/show_bug.cgi?id=533125](https://bugzilla.redhat.com/show_bug.cgi?id=533125)",
        "[http://lists.gnu.org/archive/html/gnutls-devel/2009-11/msg00014.html](http://lists.gnu.org/archive/html/gnutls-devel/2009-11/msg00014.html)",
        "[http://cvs.openssl.org/chngview?cn=18790](http://cvs.openssl.org/chngview?cn=18790)",
        "[http://www.links.org/files/no-renegotiation-2.patch](http://www.links.org/files/no-renegotiation-2.patch)",
        "[http://blog.zoller.lu/2009/11/new-sslv3-tls-vulnerability-mitm.html](http://blog.zoller.lu/2009/11/new-sslv3-tls-vulnerability-mitm.html)",
        "[https://svn.resiprocate.org/rep/ietf-drafts/ekr/draft-rescorla-tls-renegotiate.txt](https://svn.resiprocate.org/rep/ietf-drafts/ekr/draft-rescorla-tls-renegotiate.txt)",
        "[http://www.educatedguesswork.org/2009/11/understanding_the_tls_renegoti.html](http://www.educatedguesswork.org/2009/11/understanding_the_tls_renegoti.html)"
    ],
    "Acknowledgements": "Thanks to Marsh Ray of PhoneFactor for reporting this vulnerability.  This issue was also independently discovered and publicly disclosed by Martin Rex of SAP.This document was written by Chris Taschner.",
    "Other Information": {
        "CVE IDs:": "CVE-2009-3555",
        "Date Public:": "2009-11-05",
        "Date First Published:": "2009-11-11",
        "Date Last Updated:": "2011-07-22 12:47 UTC",
        "Document Revision:": "38"
    }
}