{
    "Title": "VU#121024 - Microsoft Windows Vista Contacts Gadget vulnerability",
    "Overview": "The Windows Vista Contacts gadget contains a vulnerability that may allow an attacker to execute code.",
    "Description": "From Microsoft Security Bulletin [MS07-048](http://www.microsoft.com/technet/security/bulletin/ms07-048.mspx)[](http://www.microsoft.com/windows/products/windowsvista/features/details/sidebargadgets.mspx):Gadgets are mini-applications designed to provide the user with information or utilities. Windows Vista treats gadgets similar to the way Windows Vista treats other executable code. Gadgets are written using HTML and script, but this HTML is not located on an arbitrary remote server as web pages are. HTML content in the Gadget is downloaded first as part of a package of resources and configuration files and then executed from the local computer. This download process is similar to applications (.exe files) downloaded from the Internet.The Windows Vista Contacts gadget contains a code execution vulnerability. To exploit this vulnerability, an attacker would need to convince a user to download and add a specially crafted contact to the contacts gadget.",
    "Impact": "A remote, unauthenticated attacker may be able to execute arbitrary code, or create a denial-of-service condition.",
    "Solution": "UpdateMicrosoft has released update [MS07-048](http://www.microsoft.com/technet/security/bulletin/ms07-048.mspx) to address this issue.[](http://www.microsoft.com/technet/security/bulletin/ms07-048.mspx)Disable the Contacts gadgetUntil updates can be applied, disabling the Contacts gadget will mitigate this vulnerability. To disable the Contacts gadget, see the workarounds section of Microsoft Security Bulletin [MS07-048](http://www.microsoft.com/technet/security/bulletin/ms07-048.mspx).",
    "Vendor Information": [
        {
            "Name": "Microsoft Corporation"
        }
    ],
    "CVSS Metrics": [
        {
            "Group": "Base",
            "Score": "",
            "Vector": ""
        },
        {
            "Group": "Temporal",
            "Score": "",
            "Vector": ""
        },
        {
            "Group": "Environmental",
            "Score": "",
            "Vector": ""
        }
    ],
    "References": [
        "[http://www.microsoft.com/technet/security/bulletin/ms07-048.mspx](http://www.microsoft.com/technet/security/bulletin/ms07-048.mspx)",
        "[http://www.microsoft.com/windows/products/windowsvista/features/details/sidebargadgets.mspx](http://www.microsoft.com/windows/products/windowsvista/features/details/sidebargadgets.mspx)",
        "[http://secunia.com/advisories/26439/](http://secunia.com/advisories/26439/)"
    ],
    "Acknowledgements": "Thanks to Microsoft for information that was used in this report. Microsoft credits Aviv Raff of Finjan for reporting this vulnerability.This document was written by Ryan Giobbi.",
    "Other Information": {
        "CVE IDs:": "CVE-2007-3032",
        "Severity Metric:": "3.06",
        "Date Public:": "2007-08-14",
        "Date First Published:": "2007-08-15",
        "Date Last Updated:": "2007-08-15 20:16 UTC",
        "Document Revision:": "9"
    }
}