{
    "Title": "VU#121099 - ypbind contains buffer overflow",
    "Overview": "The daemon ypbind on Solaris and SunOS contains a buffer overflow vulnerability.",
    "Description": "A buffer overflow vulnerability has been discovered in ypbind, a daemon that runs on all client and server machines running Solaris and SunOS and set up to use a Network Information Server (NIS).",
    "Impact": "This vulnerability may be exploited by a local or a remote attacker to gain root access, and thus complete control of the victim host.",
    "Solution": "Apply the appropriates patches, available at:[http://sunsolve.sun.com/securitypatch](http://sunsolve.sun.com/securitypatch)Refer to the following table to see which patch you should apply.\u00a0 \u00a0 \u00a0 \u00a0 OS Version \u00a0 \u00a0 \u00a0 \u00a0 \u00a0Patch ID \u00a0 \u00a0 \u00a0 \u00a0\u00a0 \u00a0 \u00a0 \u00a0 __________ \u00a0 \u00a0 \u00a0 \u00a0 \u00a0_________\u00a0 \u00a0 \u00a0 \u00a0 SunOS 5.8 \u00a0 \u00a0 \u00a0 \u00a0 \u00a0 110322-01 \u00a0 \u00a0\u00a0 \u00a0 \u00a0 \u00a0 SunOS 5.8_x86 \u00a0 \u00a0 \u00a0 110323-01 \u00a0 \u00a0\u00a0 \u00a0 \u00a0 \u00a0 SunOS 5.7 \u00a0 \u00a0 \u00a0 \u00a0 \u00a0 108750-02 \u00a0 \u00a0\u00a0 \u00a0 \u00a0 \u00a0 SunOS 5.7_x86 \u00a0 \u00a0 \u00a0 108751-02 \u00a0 \u00a0\u00a0 \u00a0 \u00a0 \u00a0 SunOS 5.6 \u00a0 \u00a0 \u00a0 \u00a0 \u00a0 105403-04 \u00a0 \u00a0 \u00a0 \u00a0 \u00a0 SunOS 5.6_x86 \u00a0 \u00a0 \u00a0 105404-04 \u00a0 \u00a0\u00a0 \u00a0 \u00a0 \u00a0 SunOS 5.5.1 \u00a0 \u00a0 \u00a0 \u00a0 105165-04 \u00a0 \u00a0 \u00a0 \u00a0 \u00a0 SunOS 5.5.1_x86 \u00a0 \u00a0 105166-04 \u00a0 \u00a0\u00a0 \u00a0 \u00a0 \u00a0 SunOS 5.5 \u00a0 \u00a0 \u00a0 \u00a0 \u00a0 105169-04 \u00a0 \u00a0 \u00a0 \u00a0 \u00a0 SunOS 5.5_x86 \u00a0 \u00a0 \u00a0 105170-04 \u00a0 \u00a0\u00a0 \u00a0 \u00a0 \u00a0 SunOS 5.4 \u00a0 \u00a0 \u00a0 \u00a0 \u00a0 101973-41 \u00a0 \u00a0 \u00a0 \u00a0 \u00a0 SunOS 5.4_x86 \u00a0 \u00a0 \u00a0 101974-41None.",
    "Vendor Information": [
        {
            "Name": "Sun",
            "Status": "Unknown",
            "Vendor Statement": "We have not received a statement from the vendor.",
            "Vendor Information": "The vendor has not provided us with any further information regarding this vulnerability.",
            "Addendum": "The CERT/CC has no additional comments at this time.If you have feedback, comments, or additional information about this vulnerability, please send us [email](mailto:cert@cert.org?Subject=VU%23121099 Feedback)."
        }
    ],
    "CVSS Metrics": [
        {
            "Group": "Base",
            "Score": "",
            "Vector": ""
        },
        {
            "Group": "Temporal",
            "Score": "",
            "Vector": ""
        },
        {
            "Group": "Environmental",
            "Score": "",
            "Vector": ""
        }
    ],
    "References": [
        "[http://sunsolve.sun.com/security](http://sunsolve.sun.com/security)",
        "[http://sunsolve.sun.com/securitypatch](http://sunsolve.sun.com/securitypatch)",
        "[http://sunsolve.sun.com/pub-cgi/retrieve.pl?doctype=coll&doc=secbull/203&type=0&nav=sec.sba](http://sunsolve.sun.com/pub-cgi/retrieve.pl?doctype=coll&doc=secbull/203&type=0&nav=sec.sba)",
        "[http://xforce.iss.net/static/6828.php](http://xforce.iss.net/static/6828.php)"
    ],
    "Acknowledgements": "Thanks to Sun Microsystems for reporting this vulnerability.This document was written by Shawn Van Ittersum.",
    "Other Information": {
        "CVE IDs:": "None",
        "Severity Metric:": "14.05",
        "Date Public:": "2001-06-26",
        "Date First Published:": "2002-03-29",
        "Date Last Updated:": "2002-03-29 23:00 UTC",
        "Document Revision:": "10"
    }
}