{
    "Title": "VU#121891 - Buffer overflow vulnerability in grpck command line utility",
    "Overview": "The CERT/CC has received a public report of a local buffer overflow vulnerability in the grpck utility.",
    "Description": "The grpck utility performs syntax checking of /etc/group and /etc/gshadow group information files.  This utility contains a buffer overflow vulnerability in the section of code that parses command line arguments.   By sending a command line argument string of approximately 3000 characters, it is possible to cause this utility to generate a segmentation fault.  On systems where this utility is installed with setuid root privileges, it may be possible for local users to exploit this vulnerability to execute arbitrary code with superuser privileges.This vulnerability has been reported to affect systems running IRIX and Linux, but other operating systems that include this setuid root utility are likely to be affected.",
    "Impact": "This vulnerability may allow a local user to execute arbitrary code with superuser privileges.",
    "Solution": "The CERT/CC is currently unaware of a practical solution to this problem.Clear the setuid bit of affected binariesAs a workaround, it is possible to limit the scope of this vulnerability by clearing the setuid bit of affected binaries with the chmod utility.",
    "Vendor Information": [
        {
            "Name": "Caldera",
            "Status": "Not Affected",
            "Vendor Statement": "OpenServer, Open UNIX and UnixWare do not ship pwck and grpck set{uid,gid}, therefore these operating systems are not vulnerable.OpenLinux versions do include pwck and grpck, but they are neither setuid or setgid.",
            "Vendor Information": "The vendor has not provided us with any further information regarding this vulnerability.",
            "Addendum": "The CERT/CC has no additional comments at this time.If you have feedback, comments, or additional information about this vulnerability, please send us [email](mailto:cert@cert.org?Subject=VU%23121891 Feedback)."
        },
        {
            "Name": "Conectiva"
        }
    ],
    "CVSS Metrics": [
        {
            "Group": "Base",
            "Score": "",
            "Vector": ""
        },
        {
            "Group": "Temporal",
            "Score": "",
            "Vector": ""
        },
        {
            "Group": "Environmental",
            "Score": "",
            "Vector": ""
        }
    ],
    "References": [
        "[http://www.linux.com/develop/man/8/grpck/](http://www.linux.com/develop/man/8/grpck/)",
        "[http://www.securityfocus.com/archive/82/247920](http://www.securityfocus.com/archive/82/247920)",
        "[http://www.kb.cert.org/vuls/id/877811](http://www.kb.cert.org/vuls/id/877811)"
    ],
    "Acknowledgements": "This vulnerability was reported to several SecurityFocus mailing lists on 01/02/2002 by blackshell@hushmail.com.This document was written by Jeffrey P. Lanza.",
    "Other Information": {
        "CVE IDs:": "None",
        "Severity Metric:": "10.69",
        "Date Public:": "2002-01-02",
        "Date First Published:": "2002-01-04",
        "Date Last Updated:": "2002-07-05 21:19 UTC",
        "Document Revision:": "22"
    }
}