{
    "Title": "VU#122076 - Microsoft Windows fails to properly create entries in the Local Descriptor Table (LDT)",
    "Overview": "Microsoft Windows NT4.0 and Windows 2000 contain a vulnerability that could permit a local user to gain elevated privileges on the system.",
    "Description": "Microsoft Windows NT4.0 and Windows 2000 provide an API to the kernel to create Local Descriptor Tables (LDT) for applications. A failure to filter content in the programming interface could permit an attacker to access and modify protected memory space.  This could result in the attacker gaining elevated privileges. The vulnerable function in the API is NtSetLdtEntries. For more details, please see Microsoft Security Bulletin MS04-011 and [eEye Digital Security Advisory [AD20040413D]](http://www.eeye.com/html/Research/Advisories/AD20040413D.html).",
    "Impact": "A local user may be able to gain elevated privileges on the system.",
    "Solution": "Apply a patch from the vendor[Microsoft Security Bulletin MS04-011](http://www.microsoft.com/technet/security/bulletin/MS04-011.mspx) contains patch information to resolve this issue.",
    "Vendor Information": [
        {
            "Name": "Microsoft Corporation"
        }
    ],
    "CVSS Metrics": [
        {
            "Group": "Base",
            "Score": "",
            "Vector": ""
        },
        {
            "Group": "Temporal",
            "Score": "",
            "Vector": ""
        },
        {
            "Group": "Environmental",
            "Score": "",
            "Vector": ""
        }
    ],
    "References": [
        "[http://www.microsoft.com/technet/security/bulletin/ms04-011.mspx](http://www.microsoft.com/technet/security/bulletin/ms04-011.mspx)",
        "[http://www.eeye.com/html/Research/Advisories/AD20040413D.html](http://www.eeye.com/html/Research/Advisories/AD20040413D.html)"
    ],
    "Acknowledgements": "Thanks to Microsoft and eEye Digital Security for reporting this vulnerability.This document was written by Jason A Rafail.",
    "Other Information": {
        "CVE IDs:": "CVE-2003-0910",
        "Severity Metric:": "9.06",
        "Date Public:": "2004-04-13",
        "Date First Published:": "2004-04-14",
        "Date Last Updated:": "2004-04-14 14:18 UTC",
        "Document Revision:": "4"
    }
}