{
    "Title": "VU#122142 - Mercator SENTINEL SQL injection allows authentication bypass",
    "Overview": "Mercator SENTINEL contains an SQL injection vulnerability that could allow an attacker to bypass authentication and access the system with administrative privileges.",
    "Description": "Mercator SENTINEL is a flight safety management system. The login form of the web interface contains an SQL injection vulnerability. Please see [CERT-NPS:2011:005](http://cert.netpeas.org/2011/06/cert-nps2011005-vulnerabilite-potentielle-dans-la-solution-de-gestion-de-la-securite-operationnelle-des-compagnies-aeriennes-%C2%AB-sentinel-safety-information-management-system-%C2%BB/) for more information.",
    "Impact": "An attacker with network access to the SENTINEL web interface could access the system with administrative privileges.",
    "Solution": "UpgradeCredible information indicates that this vulnerability is addressed in SENTINEL version 2.0.1.0.Restrict accessRestrict access to the SENTINEL web interface to trusted users and networks.",
    "Vendor Information": [
        {
            "Name": "Mercator",
            "Status": "Affected",
            "Vendor Statement": "We have not received a statement from the vendor.",
            "Vendor Information": "We are not aware of further vendor information regarding this vulnerability.",
            "Addendum": "Credible information indicates that this vulnerability is addressed in SENTINEL version 2.0.1.0.If you have feedback, comments, or additional information about this vulnerability, please send us [email](mailto:cert@cert.org?Subject=VU%23122142 Feedback)."
        }
    ],
    "CVSS Metrics": [
        {
            "Group": "Base",
            "Score": "9.7",
            "Vector": "AV:N/AC:L/Au:N/C:C/I:C/A:P"
        },
        {
            "Group": "Temporal",
            "Score": "7.9",
            "Vector": "E:F/RL:W/RC:UC"
        },
        {
            "Group": "Environmental",
            "Score": "2.1",
            "Vector": "CDP:LM/TD:L/CR:ND/IR:ND/AR:ND"
        }
    ],
    "References": [
        "[http://cert.netpeas.org/2011/06/cert-nps2011005-vulnerabilite-potentielle-dans-la-solution-de-gestion-de-la-securite-operationnelle-des-compagnies-aeriennes-%C2%AB-sentinel-safety-information-management-system-%C2%BB/](http://cert.netpeas.org/2011/06/cert-nps2011005-vulnerabilite-potentielle-dans-la-solution-de-gestion-de-la-securite-operationnelle-des-compagnies-aeriennes-%C2%AB-sentinel-safety-information-management-system-%C2%BB/)",
        "[http://cert.netpeas.org/2011/06/cert-nps2011005-vulnerabilite-potentielle-dans-la-solution-de-gestion-de-la-securite-operationnelle-des-compagnies-aeriennes-suite/](http://cert.netpeas.org/2011/06/cert-nps2011005-vulnerabilite-potentielle-dans-la-solution-de-gestion-de-la-securite-operationnelle-des-compagnies-aeriennes-suite/)",
        "[http://www.mercator.com/customers/CustMap/customermap.html](http://www.mercator.com/customers/CustMap/customermap.html)",
        "[http://cwe.mitre.org/data/definitions/89.html](http://cwe.mitre.org/data/definitions/89.html)"
    ],
    "Acknowledgements": "Thanks to CERT-NETPEAS for reporting this vulnerability. Thanks also to ICS-CERT and aeCERT for their assistance.This document was written by Art Manion.",
    "Other Information": {
        "CVE IDs:": "CVE-2011-1913",
        "Severity Metric:": "1.22",
        "Date Public:": "2011-06-20",
        "Date First Published:": "2011-09-15",
        "Date Last Updated:": "2012-05-10 15:06 UTC",
        "Document Revision:": "16"
    }
}