{
    "Title": "VU#122582 - Dell PowerConnect 3348, 3524p, and 5324 switches are vulnerable to denial-of-service attacks",
    "Overview": "Dell PowerConnect 3348 version 1.2.1.3, PowerConnect 3524p version 2.0.0.48,  PowerConnect 5324 version 2.0.1.4, and possibly earlier versions contain a denial-of-service ([CWE-20](http://cwe.mitre.org/data/definitions/20.html)) vulnerability.Dell OpenManage web application version 2.5 Build No. 1.19 and possibly earlier versions contain a denial-of-service ([CWE-20](http://cwe.mitre.org/data/definitions/20.html)) vulnerability.Dell GoAhead web server login page also contains a denial-of-service ([CWE-20](http://cwe.mitre.org/data/definitions/20.html)) vulnerability.",
    "Description": "[CWE-20](http://cwe.mitre.org/data/definitions/20.html): Improper Input ValidationDell PowerConnect 3348 version 1.2.1.3, PowerConnect 3524p version 2.0.0.48,  and Dell PowerConnect 5324 version 2.0.1.4 crash when a large amount of data is sent to the SSH port.  This can allow an unauthenticated attacker to reset the switch and may lead to exploitation and execution of arbitrary code. CVE-2013-3594Dell OpenManage web application version 2.5 Build No. 1.19 crashes when an undocumented URL for OSPF functionality is visited.  This page is not accessible from the web application links but can be found in the firmware.  This can allow an authenticated attacker to crash and reset the switch.  CVE-2013-3595Dell's GoAhead web server login page form crashes when a username length greater than 16 characters is submitted directly to the web-server via a crafted HTTP POST request.  An unauthenticated attacker may be able to make the switch unresponsive until the device is reset.  This attack may require multiple requests.  CVE-2013-3606The CVSS score reflects the CVE-2013-3594 vulnerability.",
    "Impact": "An unauthenticated attacker may be able to crash and reset the system that can lead to exploitation and execution of arbitrary code.  CVE-2013-3594An authenticated attacker may be able to crash the OpenManage web application to crash and reset the system.  CVE-2013-3595An unauthenticated attacker may be able to crash the GoAhead web server login page to crash the system.  CVE-2013-3606",
    "Solution": "We are currently unaware of a practical solution to this problem.  Please consider the following workaround.Restrict AccessRestrict access to the PowerConnect interface to trusted networks. If possible, configure management and transit networks for separate VLANs, or restrict access to the device using appropriate firewall rules.",
    "Vendor Information": [
        {
            "Name": "Dell Computer Corporation, Inc.",
            "Status": "Affected",
            "Vendor Statement": "We have not received a statement from the vendor.",
            "Vendor Information": "We are not aware of further vendor information regarding this vulnerability."
        }
    ],
    "CVSS Metrics": [
        {
            "Group": "Base",
            "Score": "7.1",
            "Vector": "AV:N/AC:M/Au:N/C:N/I:N/A:C"
        },
        {
            "Group": "Temporal",
            "Score": "5.8",
            "Vector": "E:POC/RL:ND/RC:UC"
        },
        {
            "Group": "Environmental",
            "Score": "4.3",
            "Vector": "CDP:N/TD:M/CR:ND/IR:ND/AR:ND"
        }
    ],
    "References": [
        "[http://cwe.mitre.org/data/definitions/20.html](http://cwe.mitre.org/data/definitions/20.html)",
        "[http://www.dell.com/support/drivers/us/en/04/Product/powerconnect-3348](http://www.dell.com/support/drivers/us/en/04/Product/powerconnect-3348)",
        "[http://www.dell.com/support/drivers/us/en/04/Product/powerconnect-3524p](http://www.dell.com/support/drivers/us/en/04/Product/powerconnect-3524p)",
        "[http://www.dell.com/support/drivers/us/en/04/Product/powerconnect-5324](http://www.dell.com/support/drivers/us/en/04/Product/powerconnect-5324)"
    ],
    "Acknowledgements": "Thanks to Rijnard van Tonder for reporting this vulnerability.This document was written by Adam Rauf.",
    "Other Information": {
        "CVE IDs:": "CVE-2013-3594,CVE-2013-3595,CVE-2013-3606",
        "Date Public:": "2014-01-17",
        "Date First Published:": "2014-01-17",
        "Date Last Updated:": "2014-01-17 16:46 UTC",
        "Document Revision:": "37"
    }
}