{
    "Title": "VU#122919 - OpenPGP and S/MIME mail client vulnerabilities",
    "Overview": "Mail clients may leak plaintext messages while decrypting OpenPGP and S/MIME messages.",
    "Description": "Email clients supporting the OpenPGP or S/MIME standards may be vulnerable to a CBC/CFB gadget attack which may allow an attacker to inject content into an encrypted email which would establish an exfiltration channel when decrypted by the victim's email client. For example, injecting an HTML image tag which, when rendered by the email client, sends the plaintext as part of an HTTP request.CVE-2017-17688: OpenPGP CFB AttacksCVE-2017-17689: S/MIME CBC AttacksAdditionally some email clients, which do not isolate multiple MIME parts, allow attackers to wrap an encrypted message into plaintext MIME parts, which when decrypted and rendered by the email client results in an HTML based back-channel, eliminating the need to perform the gadget attacks.Additional details can be found in the [paper describing the attacks](https://efail.de/efail-attack-paper.pdf).",
    "Impact": "A remote attack could recover plaintext from encrypted emails without access to the encryption keys.",
    "Solution": "The CERT/CC is currently unaware of a practical solution to this problem. However, there are some mitigations that may be taken:Decrypt mail outside of mail clientUsing a separate application outside of your mail client to decrypt incoming emails prevents exfiltration channels from being opened by the email client.Disable HTML renderingPreventing your email client from rendering HTML will prevent the predominant form of establishing exfiltration channels.Disable Remote Content LoadingPreventing your email client from loading remote content without permission can also help against the predominate form of establishing exfiltration channels.",
    "Vendor Information": [
        {
            "Name": "9Folders, Inc."
        }
    ],
    "CVSS Metrics": [
        {
            "Group": "Base",
            "Score": "0",
            "Vector": "AV:--/AC:--/Au:--/C:--/I:--/A:--"
        },
        {
            "Group": "Temporal",
            "Score": "0",
            "Vector": "E:ND/RL:ND/RC:ND"
        },
        {
            "Group": "Environmental",
            "Score": "0",
            "Vector": "CDP:ND/TD:ND/CR:ND/IR:ND/AR:ND"
        }
    ],
    "References": [
        "[https://efail.de/](https://efail.de/)",
        "[https://efail.de/efail-attack-paper.pdf](https://efail.de/efail-attack-paper.pdf)",
        "[https://tools.ietf.org/html/rfc4880](https://tools.ietf.org/html/rfc4880)"
    ],
    "Acknowledgements": "Credit is attributed to Damian Poddebniak, Christian Dresen, Jens Muller, Fabian Ising, Sebastian Schinzel1, Simon Friedberger, Juraj Somorovsky, and Jorg SchwenkThis document was written by Trent Novelly.",
    "Other Information": {
        "CVE IDs:": "CVE-2017-17688,CVE-2017-17689",
        "Date Public:": "2018-05-14",
        "Date First Published:": "2018-05-14",
        "Date Last Updated:": "2018-05-15 13:46 UTC",
        "Document Revision:": "23"
    }
}