{
    "Title": "VU#123140 - Cisco products contain hard-coded SNMP values",
    "Overview": "Certain versions of the Cisco IOS software have a hard-coded SNMP read-write community string that cannot be changed by an administrator.",
    "Description": "Some versions of the Cisco IOS have a hardcoded SNMP read-write community string. This community string is designed to ensure that DOCSIS-compliant cable modems adhere to[ RFC 2669](http://www.ietf.org/rfc/rfc2669.txt).A vulnerability exists in the enabling of these strings in Cisco IOS versions which do not run on cable modems. An attacker may be able to take control of an affected device by using standard SNMP commands.Cisco states that the following[](http://www.cisco.com/warp/public/707/cisco-sa-20060920-docsis.shtml) devices are affected by this vulnerability:Cisco IAD2430 Integrated Access DeviceCisco IAD2431 Integrated Access DeviceCisco IAD2432 Integrated Access DeviceCisco VG224 Analog Phone GatewayCisco MWR 1900 Mobile Wireless Edge RouterCisco MWR 1941 Mobile Wireless Edge Router",
    "Impact": "A remote attacker may be able to take control of an affected device.",
    "Solution": "UpdateCisco has released updates that address this issue. Please see Cisco Security Advisory [cisco-sa-20060920-docsis](http://www.cisco.com/warp/public/707/cisco-sa-20060920-docsis.shtml#software) for more details.In addition to the updates indicated above, Cisco has published a number of [workarounds](http://www.cisco.com/warp/public/707/cisco-sa-20060920-docsis.shtml#workarounds) for this issue.  Users, particularly those who are not able to apply the updates, are encouraged to implement these workarounds.",
    "Vendor Information": [
        {
            "Name": "Cisco Systems, Inc."
        }
    ],
    "CVSS Metrics": [
        {
            "Group": "Base",
            "Score": "",
            "Vector": ""
        },
        {
            "Group": "Temporal",
            "Score": "",
            "Vector": ""
        },
        {
            "Group": "Environmental",
            "Score": "",
            "Vector": ""
        }
    ],
    "References": [
        "[http://www.cisco.com/warp/public/707/cisco-sa-20060920-docsis.shtml](http://www.cisco.com/warp/public/707/cisco-sa-20060920-docsis.shtml)",
        "[http://secunia.com/advisories/21974/](http://secunia.com/advisories/21974/)"
    ],
    "Acknowledgements": "Thanks to Cisco for providing information about this vulnerability.This document was written by Ryan Giobbi.",
    "Other Information": {
        "CVE IDs:": "CVE-2006-4950",
        "Severity Metric:": "7.27",
        "Date Public:": "2006-09-20",
        "Date First Published:": "2006-10-13",
        "Date Last Updated:": "2006-10-13 20:24 UTC",
        "Document Revision:": "33"
    }
}