{
    "Title": "VU#123651 - IBM AIX lsfs utility invokes grep and lslv with relative pathnames",
    "Overview": "The IBM AIX operating system contains a vulnerability in the lsfs utility that allows a local user to execute arbitrary code as root.",
    "Description": "The IBM AIX lsfs utility displays filesystem information such as mount points, permissions and volume sizes.  To list this information, it executes lslv to list logical volumes and grep  to parse the resulting output.  Because lsfs uses relative pathnames when executing grep and lslv, a local attacker can use the PATH environment variable to redirect the calls made by lsfs to a local version of either grep or lslv.  If setuid root permissions have been applied to lsfs, the local versions of grep and lslv will be executed with root privileges.",
    "Impact": "This vulnerability allows local users to execute arbitrary code as root.",
    "Solution": "Apply a patch from your vendorIBM has released APAR IY16909 to address this issue.  For further information, please consult the \"Systems Affected\" section of this document.Clear setuid bit on lsfsPrevious to AIX 5.1 and some versions of AIX 4.3.3, default installations of AIX contained an lsfs binary with the setuid bit enabled.  To reduce the impact of this vulnerability on those versions, use the chmod command to clear the setuid bit.",
    "Vendor Information": [
        {
            "Name": "IBM",
            "Status": "Affected",
            "Vendor Statement": "IBM fixed this vulnerability in AIX 4.3.3 and has made available APAR IY16909 that closes the security hole.  Customers using AIX 4.3.3 are urged to apply this APAR, if they have not already done so.  AIX 5.1 is not affected by this vulnerability.",
            "Vendor Information": "The vendor has not provided us with any further information regarding this vulnerability.",
            "Addendum": "The CERT/CC has no additional comments at this time.If you have feedback, comments, or additional information about this vulnerability, please send us [email](mailto:cert@cert.org?Subject=VU%23123651 Feedback)."
        }
    ],
    "CVSS Metrics": [
        {
            "Group": "Base",
            "Score": "",
            "Vector": ""
        },
        {
            "Group": "Temporal",
            "Score": "",
            "Vector": ""
        },
        {
            "Group": "Environmental",
            "Score": "",
            "Vector": ""
        }
    ],
    "References": [
        "[http://archives.neohapsis.com/archives/aix/2001-q2/0000.html](http://archives.neohapsis.com/archives/aix/2001-q2/0000.html)",
        "[http://as400bks.rochester.ibm.com/doc_link/en_US/a_doc_lib/cmds/aixcmds3/lsfs.htm](http://as400bks.rochester.ibm.com/doc_link/en_US/a_doc_lib/cmds/aixcmds3/lsfs.htm)",
        "[http://as400bks.rochester.ibm.com/doc_link/en_US/a_doc_lib/cmds/aixcmds3/lslv.htm](http://as400bks.rochester.ibm.com/doc_link/en_US/a_doc_lib/cmds/aixcmds3/lslv.htm)"
    ],
    "Acknowledgements": "This document was written by Jeffrey P. Lanza and is based on information provided by IBM.",
    "Other Information": {
        "CVE IDs:": "CVE-2001-0573",
        "Severity Metric:": "21.38",
        "Date Public:": "2001-04-03",
        "Date First Published:": "2001-09-05",
        "Date Last Updated:": "2001-09-05 14:21 UTC",
        "Document Revision:": "16"
    }
}