{
    "Title": "VU#124059 - GoAhead WebServer information disclosure and authentication bypass vulnerabilities",
    "Overview": "GoAhead WebServer contains vulnerabilities that may allow an attacker to view source files containing sensitive information or bypass authentication. The information disclosure vulnerability was previously published as [VU#975041](http://www.kb.cert.org/vuls/id/975041).",
    "Description": "GoAhead WebServer contains vulnerabilities handling file requests. By sending the web server a specially crafted URL, an attacker may be able to view the source files containing sensitive information or bypass authentication. GoAhead WebServer has a history of source file disclosure vulnerabilities.",
    "Impact": "An attacker may be able to view any file on the web server, including files that contain sensitive information like usernames and passwords. An attacker may also be able to bypass authentication for protected files.",
    "Solution": "Release notes for GoAhead WebServer [2.1.8](http://data.goahead.com/Software/Webserver/2.1.8/release.htm) indicate that these vulnerabilities have been addressed. GoAhead WebServer is not being actively maintained. Vendors who redistribute GoAhead WebServer or include it in other products may release updates to address these vulnerabilities. Vendors who have modified GoAhead WebServer may or may not be affected. See the [Systems Affected](#systems) section below for more information.GoAhead WebServer 2.1.8 on the Microsoft Windows platform remains [vulnerable to source file disclosure](http://www.exploit-db.com/exploits/12815/).Restrict accessTo reduce exposure to these vulnerabilities, restrict network access to vulnerable systems.",
    "Vendor Information": [
        {
            "Name": "GoAhead Software, Inc."
        }
    ],
    "CVSS Metrics": [
        {
            "Group": "Base",
            "Score": "",
            "Vector": ""
        },
        {
            "Group": "Temporal",
            "Score": "",
            "Vector": ""
        },
        {
            "Group": "Environmental",
            "Score": "",
            "Vector": ""
        }
    ],
    "References": [
        "[http://www.ab.com/networks/architectures.html](http://www.ab.com/networks/architectures.html)",
        "[http://data.goahead.com/Software/Webserver/2.1.8/release.htm#bug-with-urls-like-asp](http://data.goahead.com/Software/Webserver/2.1.8/release.htm#bug-with-urls-like-asp)",
        "[http://data.goahead.com/Software/Webserver/2.1.8/release.htm#security-features-can-be-bypassed-by-adding-an-extra-slash-in-the-url-bug01518](http://data.goahead.com/Software/Webserver/2.1.8/release.htm#security-features-can-be-bypassed-by-adding-an-extra-slash-in-the-url-bug01518)",
        "[http://www.kb.cert.org/vuls/id/975041](http://www.kb.cert.org/vuls/id/975041)",
        "[http://www.nerc.com/fileUploads/File/Events%20Analysis/A-2009-02-13-01.pdf](http://www.nerc.com/fileUploads/File/Events%20Analysis/A-2009-02-13-01.pdf)",
        "[http://rockwellautomation.custhelp.com/app/answers/detail/a_id/57729](http://rockwellautomation.custhelp.com/app/answers/detail/a_id/57729)",
        "[http://aluigi.altervista.org/adv/goahead-adv3.txt](http://aluigi.altervista.org/adv/goahead-adv3.txt)",
        "[http://cve.mitre.org/cgi-bin/cvekey.cgi?keyword=goahead+web+server](http://cve.mitre.org/cgi-bin/cvekey.cgi?keyword=goahead+web+server)",
        "[http://www.exploit-db.com/exploits/12815/](http://www.exploit-db.com/exploits/12815/)"
    ],
    "Acknowledgements": "Thanks to Daniel Peck of Digital Bond, Inc. for reporting this issue.This document was written by Ryan Giobbi.",
    "Other Information": {
        "CVE IDs:": "CVE-2002-1603",
        "Severity Metric:": "0.06",
        "Date Public:": "2002-12-17",
        "Date First Published:": "2009-02-05",
        "Date Last Updated:": "2010-06-22 23:42 UTC",
        "Document Revision:": "81"
    }
}