{
    "Title": "VU#124113 - Microsoft Exchange Outlook Web Access UTF character set label script injection vulnerability",
    "Overview": "Microsoft Exchange Outlook Web Access (OWA) fails to properly handle the UTF character set label, which can allow a remote, unauthenticated attacker to execute script within the security context of the OWA user.",
    "Description": "OWA allows users to access their email accounts on a Microsoft Exchange server from another host through a web browser. When a user opens a script-based email attachment, the web browser may execute the script on the client side. If executed, the script would have all the privileges of the OWA user, including access to and manipulation of messages and folders on the server.",
    "Impact": "A remote attacker with the ability to supply an email message containing specially crafted script may be able to execute the script in the security context of the victim user on the client system.  For more information about this type of vulnerability, please see CERT Advisory [CA-2000-02](http://www.cert.org/advisories/CA-2000-02.html).",
    "Solution": "Apply an updateThis issue is addressed in Microsoft Security Bulletin [MS07-026](http://www.microsoft.com/technet/security/Bulletin/MS07-026.mspx).WorkaroundsMicrosoft Security Bulletin [MS07-026](http://www.microsoft.com/technet/security/Bulletin/MS07-026.mspx) provides several workarounds, including disabling OWA and restricting HTML attachments.",
    "Vendor Information": [
        {
            "Name": "Microsoft Corporation"
        }
    ],
    "CVSS Metrics": [
        {
            "Group": "Base",
            "Score": "",
            "Vector": ""
        },
        {
            "Group": "Temporal",
            "Score": "",
            "Vector": ""
        },
        {
            "Group": "Environmental",
            "Score": "",
            "Vector": ""
        }
    ],
    "References": [
        "[http://www.microsoft.com/technet/security/bulletin/ms07-026.mspx](http://www.microsoft.com/technet/security/bulletin/ms07-026.mspx)",
        "[Improper authorization checking in IOS FTP server ](Improper authorization checking in IOS FTP server )"
    ],
    "Acknowledgements": "This vulnerability was reported by Microsoft, who in turn credit Martijn Brinkers of Izecom.This document was written by Will Dormann.",
    "Other Information": {
        "CVE IDs:": "CVE-2007-0220",
        "Severity Metric:": "5.46",
        "Date Public:": "2007-05-08",
        "Date First Published:": "2007-05-08",
        "Date Last Updated:": "2007-05-09 17:35 UTC",
        "Document Revision:": "6"
    }
}