{
    "Title": "VU#124280 - Apple Mac OS X fails to properly handle crafted AppleSingleEncoding disk images",
    "Overview": "A vulnerabilty in the Apple Mac OS X AppleSingleEncoding disk image handler may allow execution of arbitrary code or denial of service.",
    "Description": "Apple Mac OS X contains a vulnerability that may be exploited when a user mounts a specially crafted AppleSingleEncoding disk image file.  According to Apple security document [305214 ](http://docs.info.apple.com/article.html?artnum=305214)[](http://docs.info.apple.com/article.html?artnum=305149):An integer overflow vulnerability exists in the handler for AppleSingleEncoding disk images. By enticing a local user to open a maliciously-crafted disk image, an attacker could trigger the overflow which may lead to an unexpected application termination or arbitrary code execution. This update addresses the issue by performing additional validation of AppleSingleEncoding disk images.",
    "Impact": "A remote, unauthenticated attacker may be able to execute arbitrary code or cause a denial-of-service condition.  The crafted AppleSingleEncoding disk image may be supplied on a webpage or in email for the victim to select, or by some other means designed to encourage them to mount the exploit file.",
    "Solution": "UpgradeApple has published Mac OS X 10.4.9 for Mac OS X 10.4 (Tiger) systems and Security Update 2007-003 for Mac OS X 10.3 (Panther) systems in response to this issue.  See Apple Security Update [2007-003](http://docs.info.apple.com/article.html?artnum=305214) for more details.Do not open untrusted Apple disk imagesDo not open unfamiliar or unexpected Apple disk images, particularly those hosted on web sites or delivered as email attachments. Please see Cyber Security Tip [ST04-010](http://www.us-cert.gov/cas/tips/ST04-010.html).Disable \"Open 'safe' files after downloading\"Disable the option \"Open 'safe' files after downloading,\" as specified in the [Securing Your Web Browser](http://www.cert.org/tech_tips/securing_browser/#Safari) document. This will help prevent automatic exploitation of this and other vulnerabilities.",
    "Vendor Information": [
        {
            "Name": "Apple Computer, Inc."
        }
    ],
    "CVSS Metrics": [
        {
            "Group": "Base",
            "Score": "",
            "Vector": ""
        },
        {
            "Group": "Temporal",
            "Score": "",
            "Vector": ""
        },
        {
            "Group": "Environmental",
            "Score": "",
            "Vector": ""
        }
    ],
    "References": [
        "[http://docs.info.apple.com/article.html?artnum=305214](http://docs.info.apple.com/article.html?artnum=305214)",
        "[http://secunia.com/advisories/24479/](http://secunia.com/advisories/24479/)"
    ],
    "Acknowledgements": "This vulnerability was reported in Apple Security Update 2007-003.This document was written by Chris Taschner.",
    "Other Information": {
        "CVE IDs:": "CVE-2007-0722",
        "Severity Metric:": "18.00",
        "Date Public:": "2007-03-13",
        "Date First Published:": "2007-03-16",
        "Date Last Updated:": "2007-03-16 12:41 UTC",
        "Document Revision:": "20"
    }
}