{
    "Title": "VU#124454 - Ethereal crashes when processing malformed RADIUS packets",
    "Overview": "Ethereal contains a vulnerability in the way it processes Remote Authentication Dial In User Service ([RADIUS](http://www.ietf.org/rfc/rfc2865.txt)) packets.",
    "Description": "Ethereal is a network traffic analysis package. It includes the ability to decode packets containing [RADIUS](http://www.ietf.org/rfc/rfc2865.txt) data. There is a vulnerability that causes Ethereal to crash when processing malformed RADIUS packets.",
    "Impact": "A remote, unauthenticated attacker could cause Ethereal to crash.",
    "Solution": "UpgradeUpgrade to version 0.10.3 or later.Note: Ethereal is considered BETA software at this time.",
    "Vendor Information": [
        {
            "Name": "Ethereal"
        }
    ],
    "CVSS Metrics": [
        {
            "Group": "Base",
            "Score": "",
            "Vector": ""
        },
        {
            "Group": "Temporal",
            "Score": "",
            "Vector": ""
        },
        {
            "Group": "Environmental",
            "Score": "",
            "Vector": ""
        }
    ],
    "References": [
        "[http://www.ethereal.com/appnotes/enpa-sa-00013.html](http://www.ethereal.com/appnotes/enpa-sa-00013.html)",
        "[http://secunia.com/advisories/11185/](http://secunia.com/advisories/11185/)",
        "[http://www.ietf.org/rfc/rfc2865.txt](http://www.ietf.org/rfc/rfc2865.txt)"
    ],
    "Acknowledgements": "Ethereal credits Jonathan Heussser for reporting this vulnerability.This document was written by Damon Morda.",
    "Other Information": {
        "CVE IDs:": "None",
        "Severity Metric:": "2.21",
        "Date Public:": "2004-03-22",
        "Date First Published:": "2004-03-24",
        "Date Last Updated:": "2004-04-05 18:31 UTC",
        "Document Revision:": "16"
    }
}