{
    "Title": "VU#125156 - Ethereal contains multiple vulnerabilities in the UCP protocol dissector",
    "Overview": "Ethereal contains multiple buffer overflows in the Universal Control Protocol (UCP) protocol dissector. These vulnerabilities could allow a remote, unauthenticated attacker to execute arbitrary code.",
    "Description": "Ethereal is a network traffic analysis package. It includes the ability to decode packets containing UCP data. There are three buffer overflow vulnerabilities in the way the UCP protocol dissector decodes packets containing UCP data.  These vulnerabilities could be exploited by a remote, unauthenticated attacker by sending a specially crafted UCP packet containing an overly long string, integer, or time field value. Exploitation of these vulnerabilities could result in arbitrary code execution.According to the [e-matters Security Advisory](http://security.e-matters.de/advisories/032004.html):To exploit this vulnerability over the wire an attacker must be able to fit more than BUFSIZ bytes into one TCP packet. This means it is only exploitable on the wire if the system has a MTU bigger than BUFSIZ. BUFSIZ is 8192 on glibc systems, 1024 on BSD systems and 512 on Windows systems.",
    "Impact": "A remote, unauthenticated attacker could execute arbitrary code on the vulnerable system.",
    "Solution": "UpgradeUpgrade to version 0.10.3 or later.Note: Ethereal is considered BETA software at this time.Disable DissectorIf you are unable to upgrade to version 0.10.3 or later, you can disable the UCP protocol dissector by performing the following actions in Ethereal:(for Ethereal versions 0.9.x)1) Select Edit->Protocols2) Deselect the UCP protocol dissector from the list(for Ethereal versions 0.10.x)1) Select Analyze->Enabled Protocols2) Disable the UCP protocol dissector from the list by unchecking its \"Status\" checkbox",
    "Vendor Information": [
        {
            "Name": "Ethereal"
        }
    ],
    "CVSS Metrics": [
        {
            "Group": "Base",
            "Score": "",
            "Vector": ""
        },
        {
            "Group": "Temporal",
            "Score": "",
            "Vector": ""
        },
        {
            "Group": "Environmental",
            "Score": "",
            "Vector": ""
        }
    ],
    "References": [
        "[http://security.e-matters.de/advisories/032004.html](http://security.e-matters.de/advisories/032004.html)",
        "[http://www.ethereal.com/appnotes/enpa-sa-00013.html](http://www.ethereal.com/appnotes/enpa-sa-00013.html)",
        "[http://secunia.com/advisories/11185/](http://secunia.com/advisories/11185/)"
    ],
    "Acknowledgements": "Ethereal credits Stefan Esser for reporting this vulnerability.This document was written by Damon Morda.",
    "Other Information": {
        "CVE IDs:": "CVE-2004-0176",
        "Severity Metric:": "9.82",
        "Date Public:": "2004-03-22",
        "Date First Published:": "2004-03-25",
        "Date Last Updated:": "2004-03-25 22:05 UTC",
        "Document Revision:": "13"
    }
}