{
    "Title": "VU#125228 - HP System Management Homepage vulnerable to cross-site scripting",
    "Overview": "HP System Management Homepage versions 7.2.3 and 7.3.2.1 contain a reflected cross site scripting vulnerability.",
    "Description": "[CWE-79](https://cwe.mitre.org/data/definitions/79.html): Improper Neutralization of Input During Web Page Generation ('Cross-site Scripting') - CVE-2014-2640HP System Management Homepage versions 7.2.3 and 7.3.2.1 contain a reflected cross site scripting (XSS) vulnerability. The reflected XSS is found in the red2301.html page's vulnerable RedirectUrl parameter.",
    "Impact": "A remote unauthenticated attacker may be able to execute arbitrary script in the context of the end-user's browser session.",
    "Solution": "Apply an UpdateWindows Server 2003 users should update to System Management Homepage version 7.2.4.  All other users should update to System Management Homepage 7.4.Please refer to HP's [security bulletin](https://h20564.www2.hp.com/portal/site/hpsc/public/kb/docDisplay?docId=emr_na-c04463322) for more information.",
    "Vendor Information": [
        {
            "Name": "Hewlett-Packard Company",
            "Status": "Affected",
            "Vendor Statement": "We have not received a statement from the vendor.",
            "Vendor Information": "We are not aware of further vendor information regarding this vulnerability."
        }
    ],
    "CVSS Metrics": [
        {
            "Group": "Base",
            "Score": "6.4",
            "Vector": "AV:N/AC:L/Au:N/C:P/I:P/A:--"
        },
        {
            "Group": "Temporal",
            "Score": "5.8",
            "Vector": "E:POC/RL:ND/RC:C"
        },
        {
            "Group": "Environmental",
            "Score": "1.4",
            "Vector": "CDP:ND/TD:L/CR:ND/IR:ND/AR:ND"
        }
    ],
    "References": [
        "[https://h20564.www2.hp.com/portal/site/hpsc/public/kb/docDisplay?docId=emr_na-c04463322](https://h20564.www2.hp.com/portal/site/hpsc/public/kb/docDisplay?docId=emr_na-c04463322)",
        "[http://seclists.org/bugtraq/2014/Oct/4](http://seclists.org/bugtraq/2014/Oct/4)"
    ],
    "Acknowledgements": "Thanks to Jakub Pa\ud810\udeaczy\u0144ski for reporting this vulnerability.This document was written by Todd Lewellen.",
    "Other Information": {
        "CVE IDs:": "CVE-2014-2640",
        "Date Public:": "2014-09-30",
        "Date First Published:": "2014-10-03",
        "Date Last Updated:": "2014-10-03 13:48 UTC",
        "Document Revision:": "18"
    }
}