{
    "Title": "VU#125336 - Microsoft Office for Mac cannot properly disable XLM macros",
    "Overview": "The Microsoft Office for Mac option \"Disable all macros without notification\" enables XLM macros without prompting, which can allow a remote, unauthenticated attacker to execute arbitrary code on a vulnerable system.",
    "Description": "XLM macrosUp to and including Microsoft Excel 4.0, a [macro format called XLM](https://support.office.com/en-us/article/working-with-excel-4-0-macros-ba8924d4-e157-4bb2-8d76-2c07ff02e0b8) was available. XLM macros predate the VBA macros that are more common with modern Microsoft Office systems, however current Microsoft Office versions still support XLM macros.SYLK and XLM macrosXLM macros can be incorporated into SYLK files, [as outlined by Outflank](https://outflank.nl/blog/2019/10/30/abusing-the-sylk-file-format/). Macros in the SYLK format are problematic in that Microsoft Office does not open in [Protected View](https://support.office.com/en-us/article/what-is-protected-view-d6f09ac7-e6b9-4495-8e43-2bbcdbcb6653) to help protect users. This means that users may be a single click away from arbitrary code execution via a document that originated from the internet.SYLK and XLM macros with Microsoft Office for MacIt [has been reported](https://outflank.nl/blog/2018/10/12/sylk-xlm-code-execution-on-office-2011-for-mac/) that Office 2011 for Mac fails to warn users before opening SYLK files that contain XLM macros. According to this post, Microsoft has reported that Office 2016 and Office 2019 for Mac properly prompt the user before executing XLM macros in SYLK files.The ProblemIf Office for the Mac has been configured to use the \"Disable all macros without notification\" feature, XLM macros in SYLK files are executed without prompting the user.",
    "Impact": "By convincing a user to open specially-crafted Microsoft Excel content on a Mac that has \"Disable all macros without notification\" enabled, a remote, unauthenticated attacker may be able to execute arbitrary code with privileges of the user running Excel.",
    "Solution": "Apply an updateThis issue is addressed for Office 2016 for Mac build 16.16.16 (19111100)  and Office 2019 for Mac build 16.31 (19111002), as described in the [Microsoft Security update for CVE-2019-1457](https://portal.msrc.microsoft.com/en-US/security-guidance/advisory/CVE-2019-1457).Block SYLK files at email and web gatewaysSYLK files, which have the file extension SLK, should be blocked at email and web gateways to help prevent exploitation of this vulnerability.",
    "Vendor Information": [
        {
            "Name": "Microsoft",
            "Status": "Affected",
            "Vendor Statement": "We have not received a statement from the vendor.",
            "Vendor Information": "We are not aware of further vendor information regarding this vulnerability."
        }
    ],
    "CVSS Metrics": [
        {
            "Group": "Base",
            "Score": "6.8",
            "Vector": "AV:N/AC:M/Au:N/C:P/I:P/A:P"
        },
        {
            "Group": "Temporal",
            "Score": "5.8",
            "Vector": "E:POC/RL:W/RC:C"
        },
        {
            "Group": "Environmental",
            "Score": "4.4",
            "Vector": "CDP:ND/TD:M/CR:ND/IR:ND/AR:ND"
        }
    ],
    "References": [
        "[https://portal.msrc.microsoft.com/en-US/security-guidance/advisory/CVE-2019-1457](https://portal.msrc.microsoft.com/en-US/security-guidance/advisory/CVE-2019-1457)",
        "[https://support.office.com/en-us/article/working-with-excel-4-0-macros-ba8924d4-e157-4bb2-8d76-2c07ff02e0b8](https://support.office.com/en-us/article/working-with-excel-4-0-macros-ba8924d4-e157-4bb2-8d76-2c07ff02e0b8)",
        "[https://outflank.nl/blog/2019/10/30/abusing-the-sylk-file-format/](https://outflank.nl/blog/2019/10/30/abusing-the-sylk-file-format/)",
        "[https://support.office.com/en-us/article/what-is-protected-view-d6f09ac7-e6b9-4495-8e43-2bbcdbcb6653](https://support.office.com/en-us/article/what-is-protected-view-d6f09ac7-e6b9-4495-8e43-2bbcdbcb6653)",
        "[https://outflank.nl/blog/2018/10/12/sylk-xlm-code-execution-on-office-2011-for-mac/](https://outflank.nl/blog/2018/10/12/sylk-xlm-code-execution-on-office-2011-for-mac/)",
        "[https://objective-see.com/blog/blog_0x50.html](https://objective-see.com/blog/blog_0x50.html)"
    ],
    "Acknowledgements": "This issue was reported by Will Dormann of the CERT/CC.This document was written by Will Dormann.",
    "Other Information": {
        "CVE IDs:": "CVE-2019-1457",
        "Date Public:": "2019-10-31",
        "Date First Published:": "2019-11-01",
        "Date Last Updated:": "2019-11-15 12:51 UTC",
        "Document Revision:": "38"
    }
}