{
    "Title": "VU#125331 - Adobe ColdFusion is vulnerable to privilege escalation due to weak ACLs",
    "Overview": "Adobe ColdFusion fails to properly set ACLs, which can allow an unprivileged Windows user to be able to run arbitrary code with SYSTEM privileges.",
    "Description": "The Adobe ColdFusion installer fails to set a secure access-control list (ACL) on the default installation directory, such as C:\\ColdFusion2021\\. By default, unprivileged users can create files in this directory structure, which creates a privilege-escalation vulnerability.",
    "Impact": "By placing a specially-crafted DLL file in the ColdFusion installation directory, an unprivileged user may be able to execute arbitrary code with SYSTEM privileges on a Windows system with the vulnerable ColdFusion software installed. See [DLL Search Order Hijacking](https://attack.mitre.org/techniques/T1574/001/) for more details.",
    "Solution": "Use the Server Auto-Lockdown Installer",
    "Vendor Information": [
        {
            "Name": "Adobe"
        }
    ],
    "CVSS Metrics": null,
    "References": [
        "[https://helpx.adobe.com/coldfusion/user-guide.html/coldfusion/using/server-lockdown.ug.html](https://helpx.adobe.com/coldfusion/user-guide.html/coldfusion/using/server-lockdown.ug.html)",
        "[https://wwwimages.adobe.com/content/dam/acom/en/products/coldfusion/pdfs/coldfusion-2016-lockdown-guide.pdf](https://wwwimages.adobe.com/content/dam/acom/en/products/coldfusion/pdfs/coldfusion-2016-lockdown-guide.pdf)",
        "[https://www.adobe.com/support/coldfusion/downloads.html#cf2018ldg](https://www.adobe.com/support/coldfusion/downloads.html#cf2018ldg)",
        "[https://www.adobe.com/support/coldfusion/downloads.html#cf2021ldg](https://www.adobe.com/support/coldfusion/downloads.html#cf2021ldg)"
    ],
    "Acknowledgements": "This vulnerability was reported by Will Dormann of the CERT/CC.",
    "Other Information": {
        "CVE IDs:": "CVE-2020-10145",
        "Date Public:": "2021-02-01",
        "Date First Published:": "2021-02-01",
        "Date Last Updated:": "2021-02-01 20:51 UTC",
        "Document Revision:": "1"
    }
}