{
    "Title": "VU#125598 - LibTIFF vulnerable to integer overflow via corrupted directory entry count",
    "Overview": "An integer overflow in LibTIFF may allow a remote attacker to execute arbitrary code.",
    "Description": "LibTIFF is a library used to encode and decode images in [Tag Image File Format (TIFF)](http://www.libtiff.org/). A lack of validation on user supplied input may allow buffer overflow to occur. TIFF files contain directory entry header fields to describe the data in the file. If a remote attacker creates a TIFF file with specially crafted directory headers and persuades a user to access that file, an integer overflow will occur that may eventually lead to a heap-based buffer overflow.",
    "Impact": "If a remote attacker can persuade a user to access a specially crafted TIFF image, that attacker may be able to execute arbitrary code with the privileges of that user.",
    "Solution": "Upgrade or PatchThis issue has been corrected in [LibTIFF version 3.7.1](ftp://ftp.remotesensing.org/pub/libtiff/). Obtain a patch or upgraded software from your vendor.  Recompile statically linked applications.Do Not Accept TIFF Files from Unknown or Untrusted SourcesExploitation occurs by accessing a specially crafted TIFF file (typically .tiff or .tif extension). By only accessing TIFF files from trusted or known sources, the chances of exploitation are reduced.",
    "Vendor Information": [
        {
            "Name": "Apple Computer Inc.",
            "Status": "Affected",
            "Vendor Statement": "This is addressed in Security Update 2005-005. Further information is available at: [http://docs.info.apple.com/article.html?artnum=301528](http://docs.info.apple.com/article.html?artnum=301528).",
            "Vendor Information": "The vendor has not provided us with any further information regarding this vulnerability.",
            "Addendum": "US-CERT has no additional comments at this time.If you have feedback, comments, or additional information about this vulnerability, please send us [email](mailto:cert@cert.org?Subject=VU%23125598 Feedback)."
        },
        {
            "Name": "Debian",
            "Status": "Affected",
            "Vendor Statement": "Debian GNU/Linux was vulnerable to this problem and has issued an advisory with updated packages: DSA 617[1].  Another vulnerability has been discovered by Dmitry Levin which has been fixed in DSA 626 and has CAN-2004-1183 assigned as unique vulnerability identifier.For the stable distribution (woody) these problems have been fixed in version 3.5.5-6.woody5.For the unstable distribution (sid) these problems have been fixed in version 3.6.1-5.Links: 1. [http://www.debian.org/security/2004/dsa-617](http://www.debian.org/security/2004/dsa-617) 2. [http://www.debian.org/security/2005/dsa-626](http://www.debian.org/security/2005/dsa-626)",
            "Vendor Information": "The vendor has not provided us with any further information regarding this vulnerability.",
            "Addendum": "[http://www.debian.org/security/2004/dsa-617](http://www.debian.org/security/2004/dsa-617)"
        },
        {
            "Name": "FreeBSD",
            "Status": "Affected",
            "Vendor Statement": "libtiff and other software incorporating libtiff is available in the FreeBSD Ports Collection.  Please see [http://vuxml.freebsd.org/fc7e6a42-6012-11d9-a9e7-0001020eed82.html](http://vuxml.freebsd.org/fc7e6a42-6012-11d9-a9e7-0001020eed82.html)for details regarding this vulnerability.",
            "Vendor Information": "The vendor has not provided us with any further information regarding this vulnerability.",
            "Addendum": "[http://vuxml.freebsd.org/fc7e6a42-6012-11d9-a9e7-0001020eed82.html](http://vuxml.freebsd.org/fc7e6a42-6012-11d9-a9e7-0001020eed82.html)If you have feedback, comments, or additional information about this vulnerability, please send us [email](mailto:cert@cert.org?Subject=VU%23125598 Feedback)."
        },
        {
            "Name": "Red Hat Inc.",
            "Status": "Affected",
            "Vendor Statement": "Red Hat Enterprise Linux ships with a LibTIFF package vulnerable to this issues.  New LibTiff packages are now available along with our advisory at the URLs below and by using the Red Hat Network 'up2date' tool.Red Hat Enterprise Linux (2.1 3):[http://rhn.redhat.com/errata/RHSA-2005-019.html](http://rhn.redhat.com/errata/RHSA-2005-019.html)",
            "Vendor Information": "The vendor has not provided us with any further information regarding this vulnerability.",
            "Addendum": "US-CERT has no additional comments at this time.If you have feedback, comments, or additional information about this vulnerability, please send us [email](mailto:cert@cert.org?Subject=VU%23125598 Feedback)."
        },
        {
            "Name": "NEC Corporation",
            "Status": "Not Affected",
            "Vendor Statement": "NEC products are NOT susceptible to this vulnerability.",
            "Vendor Information": "The vendor has not provided us with any further information regarding this vulnerability.",
            "Addendum": "US-CERT has no additional comments at this time.If you have feedback, comments, or additional information about this vulnerability, please send us [email](mailto:cert@cert.org?Subject=VU%23125598 Feedback)."
        },
        {
            "Name": "NetBSD",
            "Status": "Not Affected",
            "Vendor Statement": "NetBSD does not include libtiff in the Operating System release.It is available as a third-party package in the pkgsrc system, and was updated to 3.7.1 when the release first became public.  A number of graphical programs and desktop environments in pkgsrc depend on libtiff, and so it may well have been installed as part of building another package.Known vulnerabilities in third-party pkgsrc packages are published in the pkg-vulnerabilities database. NetBSD recommends that users check installed packages against this database regularly using the tools in the security/audit-packages package.",
            "Vendor Information": "The vendor has not provided us with any further information regarding this vulnerability.",
            "Addendum": "US-CERT has no additional comments at this time.If you have feedback, comments, or additional information about this vulnerability, please send us [email](mailto:cert@cert.org?Subject=VU%23125598 Feedback)."
        },
        {
            "Name": "Connectiva",
            "Status": "Unknown",
            "Vendor Statement": "We have not received a statement from the vendor.",
            "Vendor Information": "The vendor has not provided us with any further information regarding this vulnerability.",
            "Addendum": "US-CERT has no additional comments at this time.If you have feedback, comments, or additional information about this vulnerability, please send us [email](mailto:cert@cert.org?Subject=VU%23125598 Feedback)."
        },
        {
            "Name": "Cray Inc.",
            "Status": "Unknown",
            "Vendor Statement": "We have not received a statement from the vendor.",
            "Vendor Information": "The vendor has not provided us with any further information regarding this vulnerability.",
            "Addendum": "US-CERT has no additional comments at this time.If you have feedback, comments, or additional information about this vulnerability, please send us [email](mailto:cert@cert.org?Subject=VU%23125598 Feedback)."
        },
        {
            "Name": "EMC Corporation",
            "Status": "Unknown",
            "Vendor Statement": "We have not received a statement from the vendor.",
            "Vendor Information": "The vendor has not provided us with any further information regarding this vulnerability.",
            "Addendum": "US-CERT has no additional comments at this time.If you have feedback, comments, or additional information about this vulnerability, please send us [email](mailto:cert@cert.org?Subject=VU%23125598 Feedback)."
        },
        {
            "Name": "Engarde",
            "Status": "Unknown",
            "Vendor Statement": "We have not received a statement from the vendor.",
            "Vendor Information": "The vendor has not provided us with any further information regarding this vulnerability.",
            "Addendum": "US-CERT has no additional comments at this time.If you have feedback, comments, or additional information about this vulnerability, please send us [email](mailto:cert@cert.org?Subject=VU%23125598 Feedback)."
        },
        {
            "Name": "F5 Networks",
            "Status": "Unknown",
            "Vendor Statement": "We have not received a statement from the vendor.",
            "Vendor Information": "The vendor has not provided us with any further information regarding this vulnerability.",
            "Addendum": "US-CERT has no additional comments at this time.If you have feedback, comments, or additional information about this vulnerability, please send us [email](mailto:cert@cert.org?Subject=VU%23125598 Feedback)."
        },
        {
            "Name": "Fujitsu",
            "Status": "Unknown",
            "Vendor Statement": "We have not received a statement from the vendor.",
            "Vendor Information": "The vendor has not provided us with any further information regarding this vulnerability.",
            "Addendum": "US-CERT has no additional comments at this time.If you have feedback, comments, or additional information about this vulnerability, please send us [email](mailto:cert@cert.org?Subject=VU%23125598 Feedback)."
        },
        {
            "Name": "Hewlett-Packard Company",
            "Status": "Unknown",
            "Vendor Statement": "We have not received a statement from the vendor.",
            "Vendor Information": "The vendor has not provided us with any further information regarding this vulnerability.",
            "Addendum": "US-CERT has no additional comments at this time.If you have feedback, comments, or additional information about this vulnerability, please send us [email](mailto:cert@cert.org?Subject=VU%23125598 Feedback)."
        },
        {
            "Name": "Hitachi",
            "Status": "Unknown",
            "Vendor Statement": "We have not received a statement from the vendor.",
            "Vendor Information": "The vendor has not provided us with any further information regarding this vulnerability.",
            "Addendum": "US-CERT has no additional comments at this time.If you have feedback, comments, or additional information about this vulnerability, please send us [email](mailto:cert@cert.org?Subject=VU%23125598 Feedback)."
        },
        {
            "Name": "IBM",
            "Status": "Unknown",
            "Vendor Statement": "We have not received a statement from the vendor.",
            "Vendor Information": "The vendor has not provided us with any further information regarding this vulnerability.",
            "Addendum": "US-CERT has no additional comments at this time.If you have feedback, comments, or additional information about this vulnerability, please send us [email](mailto:cert@cert.org?Subject=VU%23125598 Feedback)."
        },
        {
            "Name": "IBM eServer",
            "Status": "Unknown",
            "Vendor Statement": "For information related to this and other published CERT Advisories that may relate to the IBM eServer Platforms (xSeries, iSeries, pSeries, and zSeries) please go to [https://app-06.www.ibm.com/servers/resourcelink/lib03020.nsf/pages/securityalerts?OpenDocument&pathID=](https://app-06.www.ibm.com/servers/resourcelink/lib03020.nsf/pages/securityalerts?OpenDocument&pathID=)In order to access this information you will require a Resource Link ID. To subscribe to Resource Link go to [http://app-06.www.ibm.com/servers/resourcelink](http://app-06.www.ibm.com/servers/resourcelink)and follow the steps for registration.All questions should be refferred to servsec@us.ibm.com.",
            "Vendor Information": "The vendor has not provided us with any further information regarding this vulnerability.",
            "Addendum": "US-CERT has no additional comments at this time.If you have feedback, comments, or additional information about this vulnerability, please send us [email](mailto:cert@cert.org?Subject=VU%23125598 Feedback)."
        },
        {
            "Name": "IBM-zSeries",
            "Status": "Unknown",
            "Vendor Statement": "We have not received a statement from the vendor.",
            "Vendor Information": "The vendor has not provided us with any further information regarding this vulnerability.",
            "Addendum": "US-CERT has no additional comments at this time.If you have feedback, comments, or additional information about this vulnerability, please send us [email](mailto:cert@cert.org?Subject=VU%23125598 Feedback)."
        },
        {
            "Name": "Immunix",
            "Status": "Unknown",
            "Vendor Statement": "We have not received a statement from the vendor.",
            "Vendor Information": "The vendor has not provided us with any further information regarding this vulnerability.",
            "Addendum": "US-CERT has no additional comments at this time.If you have feedback, comments, or additional information about this vulnerability, please send us [email](mailto:cert@cert.org?Subject=VU%23125598 Feedback)."
        },
        {
            "Name": "Ingrian Networks",
            "Status": "Unknown",
            "Vendor Statement": "We have not received a statement from the vendor.",
            "Vendor Information": "The vendor has not provided us with any further information regarding this vulnerability.",
            "Addendum": "US-CERT has no additional comments at this time.If you have feedback, comments, or additional information about this vulnerability, please send us [email](mailto:cert@cert.org?Subject=VU%23125598 Feedback)."
        },
        {
            "Name": "Juniper Networks",
            "Status": "Unknown",
            "Vendor Statement": "We have not received a statement from the vendor.",
            "Vendor Information": "The vendor has not provided us with any further information regarding this vulnerability.",
            "Addendum": "US-CERT has no additional comments at this time.If you have feedback, comments, or additional information about this vulnerability, please send us [email](mailto:cert@cert.org?Subject=VU%23125598 Feedback)."
        },
        {
            "Name": "MandrakeSoft",
            "Status": "Unknown",
            "Vendor Statement": "We have not received a statement from the vendor.",
            "Vendor Information": "The vendor has not provided us with any further information regarding this vulnerability.",
            "Addendum": "US-CERT has no additional comments at this time.If you have feedback, comments, or additional information about this vulnerability, please send us [email](mailto:cert@cert.org?Subject=VU%23125598 Feedback)."
        },
        {
            "Name": "Microsoft Corporation",
            "Status": "Unknown",
            "Vendor Statement": "We have not received a statement from the vendor.",
            "Vendor Information": "The vendor has not provided us with any further information regarding this vulnerability.",
            "Addendum": "US-CERT has no additional comments at this time.If you have feedback, comments, or additional information about this vulnerability, please send us [email](mailto:cert@cert.org?Subject=VU%23125598 Feedback)."
        },
        {
            "Name": "MontaVista Software",
            "Status": "Unknown",
            "Vendor Statement": "We have not received a statement from the vendor.",
            "Vendor Information": "The vendor has not provided us with any further information regarding this vulnerability.",
            "Addendum": "US-CERT has no additional comments at this time.If you have feedback, comments, or additional information about this vulnerability, please send us [email](mailto:cert@cert.org?Subject=VU%23125598 Feedback)."
        },
        {
            "Name": "Nokia",
            "Status": "Unknown",
            "Vendor Statement": "We have not received a statement from the vendor.",
            "Vendor Information": "The vendor has not provided us with any further information regarding this vulnerability.",
            "Addendum": "US-CERT has no additional comments at this time.If you have feedback, comments, or additional information about this vulnerability, please send us [email](mailto:cert@cert.org?Subject=VU%23125598 Feedback)."
        },
        {
            "Name": "Novell",
            "Status": "Unknown",
            "Vendor Statement": "We have not received a statement from the vendor.",
            "Vendor Information": "The vendor has not provided us with any further information regarding this vulnerability.",
            "Addendum": "US-CERT has no additional comments at this time.If you have feedback, comments, or additional information about this vulnerability, please send us [email](mailto:cert@cert.org?Subject=VU%23125598 Feedback)."
        },
        {
            "Name": "OpenBSD",
            "Status": "Unknown",
            "Vendor Statement": "We have not received a statement from the vendor.",
            "Vendor Information": "The vendor has not provided us with any further information regarding this vulnerability.",
            "Addendum": "US-CERT has no additional comments at this time.If you have feedback, comments, or additional information about this vulnerability, please send us [email](mailto:cert@cert.org?Subject=VU%23125598 Feedback)."
        },
        {
            "Name": "Openwall GNU/*/Linux",
            "Status": "Unknown",
            "Vendor Statement": "We have not received a statement from the vendor.",
            "Vendor Information": "The vendor has not provided us with any further information regarding this vulnerability.",
            "Addendum": "US-CERT has no additional comments at this time.If you have feedback, comments, or additional information about this vulnerability, please send us [email](mailto:cert@cert.org?Subject=VU%23125598 Feedback)."
        },
        {
            "Name": "SCO-LINUX",
            "Status": "Unknown",
            "Vendor Statement": "We have not received a statement from the vendor.",
            "Vendor Information": "The vendor has not provided us with any further information regarding this vulnerability.",
            "Addendum": "US-CERT has no additional comments at this time.If you have feedback, comments, or additional information about this vulnerability, please send us [email](mailto:cert@cert.org?Subject=VU%23125598 Feedback)."
        },
        {
            "Name": "SCO-UNIX",
            "Status": "Unknown",
            "Vendor Statement": "We have not received a statement from the vendor.",
            "Vendor Information": "The vendor has not provided us with any further information regarding this vulnerability.",
            "Addendum": "US-CERT has no additional comments at this time.If you have feedback, comments, or additional information about this vulnerability, please send us [email](mailto:cert@cert.org?Subject=VU%23125598 Feedback)."
        },
        {
            "Name": "SGI",
            "Status": "Unknown",
            "Vendor Statement": "We have not received a statement from the vendor.",
            "Vendor Information": "The vendor has not provided us with any further information regarding this vulnerability.",
            "Addendum": "US-CERT has no additional comments at this time.If you have feedback, comments, or additional information about this vulnerability, please send us [email](mailto:cert@cert.org?Subject=VU%23125598 Feedback)."
        },
        {
            "Name": "Sequent",
            "Status": "Unknown",
            "Vendor Statement": "We have not received a statement from the vendor.",
            "Vendor Information": "The vendor has not provided us with any further information regarding this vulnerability.",
            "Addendum": "US-CERT has no additional comments at this time.If you have feedback, comments, or additional information about this vulnerability, please send us [email](mailto:cert@cert.org?Subject=VU%23125598 Feedback)."
        },
        {
            "Name": "Sony Corporation",
            "Status": "Unknown",
            "Vendor Statement": "We have not received a statement from the vendor.",
            "Vendor Information": "The vendor has not provided us with any further information regarding this vulnerability.",
            "Addendum": "US-CERT has no additional comments at this time.If you have feedback, comments, or additional information about this vulnerability, please send us [email](mailto:cert@cert.org?Subject=VU%23125598 Feedback)."
        },
        {
            "Name": "SuSE Inc.",
            "Status": "Unknown",
            "Vendor Statement": "We have not received a statement from the vendor.",
            "Vendor Information": "The vendor has not provided us with any further information regarding this vulnerability.",
            "Addendum": "US-CERT has no additional comments at this time.If you have feedback, comments, or additional information about this vulnerability, please send us [email](mailto:cert@cert.org?Subject=VU%23125598 Feedback)."
        },
        {
            "Name": "Sun Microsystems Inc.",
            "Status": "Unknown",
            "Vendor Statement": "We have not received a statement from the vendor.",
            "Vendor Information": "The vendor has not provided us with any further information regarding this vulnerability.",
            "Addendum": "US-CERT has no additional comments at this time.If you have feedback, comments, or additional information about this vulnerability, please send us [email](mailto:cert@cert.org?Subject=VU%23125598 Feedback)."
        },
        {
            "Name": "TurboLinux",
            "Status": "Unknown",
            "Vendor Statement": "We have not received a statement from the vendor.",
            "Vendor Information": "The vendor has not provided us with any further information regarding this vulnerability.",
            "Addendum": "US-CERT has no additional comments at this time.If you have feedback, comments, or additional information about this vulnerability, please send us [email](mailto:cert@cert.org?Subject=VU%23125598 Feedback)."
        },
        {
            "Name": "Unisys",
            "Status": "Unknown",
            "Vendor Statement": "We have not received a statement from the vendor.",
            "Vendor Information": "The vendor has not provided us with any further information regarding this vulnerability.",
            "Addendum": "US-CERT has no additional comments at this time.If you have feedback, comments, or additional information about this vulnerability, please send us [email](mailto:cert@cert.org?Subject=VU%23125598 Feedback)."
        },
        {
            "Name": "Wind River Systems Inc."
        }
    ],
    "CVSS Metrics": [
        {
            "Group": "Base",
            "Score": "",
            "Vector": ""
        },
        {
            "Group": "Temporal",
            "Score": "",
            "Vector": ""
        },
        {
            "Group": "Environmental",
            "Score": "",
            "Vector": ""
        }
    ],
    "References": [
        "[http://www.idefense.com/application/poi/display?id=174&type=vulnerabilities](http://www.idefense.com/application/poi/display?id=174&type=vulnerabilities)",
        "[http://secunia.com/advisories/13607/](http://secunia.com/advisories/13607/)"
    ],
    "Acknowledgements": "This vulnerability was reported by iDefense.This document was written by Jeff Gennari.",
    "Other Information": {
        "CVE IDs:": "CVE-2004-1308",
        "Severity Metric:": "7.75",
        "Date Public:": "2004-12-21",
        "Date First Published:": "2005-01-11",
        "Date Last Updated:": "2005-05-12 19:34 UTC",
        "Document Revision:": "71"
    }
}