{
    "Title": "VU#125776 - Multiple buffer overflows in Mozilla POP3 protocol handler",
    "Overview": "There are multiple buffer overflow vulnerabilities in the Mozilla POP3 protocol handler that could allow a remote attacker to execute arbitrary code.",
    "Description": "Post Office Protocol Version 3 ([POP3](http://www.ietf.org/rfc/rfc1939.txt)) is a mail protocol that provides a means for retrieving email from a remote server. The [Mozilla](http://www.mozilla.org/products/mozilla1.x/) mail client supports the POP3 protocol. There are multiple vulnerabilities in a number of functions used by the Mozilla POP3 protocol handler. The vulnerable functions include: FreeMsgInfo(), GetXtndXlstMsgid(), GetUidlList(), and GetList(). When processing POP3 responses, a specially crafted response could trigger a buffer overflow condition.",
    "Impact": "By sending a specially crafted POP3 response to an affected client, a remote attacker could cause the client to crash or potentially execute arbitrary code. Exploitation of this vulnerability would require a user to connect to a malicious POP3 server.",
    "Solution": "UpgradeUpgrade as specified by your vendor. This issue has been resolved in Mozilla 1.7.3, Firefox Preview Release, and Thunderbird 0.8.",
    "Vendor Information": [
        {
            "Name": "Mozilla"
        }
    ],
    "CVSS Metrics": [
        {
            "Group": "Base",
            "Score": "",
            "Vector": ""
        },
        {
            "Group": "Temporal",
            "Score": "",
            "Vector": ""
        },
        {
            "Group": "Environmental",
            "Score": "",
            "Vector": ""
        }
    ],
    "References": [
        "[http://bugzilla.mozilla.org/show_bug.cgi?id=245066](http://bugzilla.mozilla.org/show_bug.cgi?id=245066)",
        "[http://bugzilla.mozilla.org/show_bug.cgi?id=226669](http://bugzilla.mozilla.org/show_bug.cgi?id=226669)",
        "[http://secunia.com/advisories/12526/](http://secunia.com/advisories/12526/)",
        "[http://www.securitytracker.com/alerts/2004/Sep/1011317.html](http://www.securitytracker.com/alerts/2004/Sep/1011317.html)",
        "[http://www.securitytracker.com/alerts/2004/Sep/1011318.html](http://www.securitytracker.com/alerts/2004/Sep/1011318.html)"
    ],
    "Acknowledgements": "This vulnerability was reported by Gael Delalleau.This document was written by Damon Morda.",
    "Other Information": {
        "CVE IDs:": "None",
        "Severity Metric:": "28.69",
        "Date Public:": "2004-05-29",
        "Date First Published:": "2004-09-17",
        "Date Last Updated:": "2004-09-17 18:07 UTC",
        "Document Revision:": "13"
    }
}