{
    "Title": "VU#125868 - Avast! antivirus buffer overflow vulnerability",
    "Overview": "Avast! antivirus contains a buffer overflow vulnerability. This vulnerability may allow an attacker to execute code a vulnerable system.",
    "Description": "Avast! antivirus is an antivirus application that can scan different types of files. The Symbian Installer Format (SIS) file format is used by the Symbian OS to package files for distribution to mobile devices.Avast! antivirus contains a buffer overflow vulnerability. By convincing a user to scan a specially crafted SIS file with a vulnerable version of Avast! antivirus, an attacker may be able to trigger the overflow.",
    "Impact": "A remote unauthenticated attacker may be able to execute arbitrary code, or create a denial-of-service condition.",
    "Solution": "UpdateVersion 4.7.700 has been released to address this issue. Users are encouraged to update as soon as possible.",
    "Vendor Information": [
        {
            "Name": "Avast! Antivirus Software",
            "Status": "Affected",
            "Vendor Statement": "We have not received a statement from the vendor.",
            "Vendor Information": "The vendor has not provided us with any further information regarding this vulnerability.",
            "Addendum": "See [http://www.avast.com/eng/adnm-management-client-revision-history.html](http://www.avast.com/eng/adnm-management-client-revision-history.html) for more details.If you have feedback, comments, or additional information about this vulnerability, please send us [email](mailto:cert@cert.org?Subject=VU%23125868 Feedback)."
        }
    ],
    "CVSS Metrics": [
        {
            "Group": "Base",
            "Score": "",
            "Vector": ""
        },
        {
            "Group": "Temporal",
            "Score": "",
            "Vector": ""
        },
        {
            "Group": "Environmental",
            "Score": "",
            "Vector": ""
        }
    ],
    "References": [
        "[http://www.avast.com/eng/adnm-management-client-revision-history.html](http://www.avast.com/eng/adnm-management-client-revision-history.html)",
        "[http://www.avast.com/eng/search.php?searchFor=sergio+alvarez](http://www.avast.com/eng/search.php?searchFor=sergio+alvarez)",
        "[http://www.nruns.com/security_advisory.php](http://www.nruns.com/security_advisory.php)",
        "[http://www.symbian.com/Developer/techlib/v70sdocs/doc_source/ToolsAndUtilities/Installing-ref/PackageFileFormatReference.guide.html](http://www.symbian.com/Developer/techlib/v70sdocs/doc_source/ToolsAndUtilities/Installing-ref/PackageFileFormatReference.guide.html)"
    ],
    "Acknowledgements": "Thanks to Sergio Alvarez of n.runs AG and Avast! for information that was used in this report.This document was written by Ryan Giobbi.",
    "Other Information": {
        "CVE IDs:": "None",
        "Severity Metric:": "1.15",
        "Date Public:": "2007-05-25",
        "Date First Published:": "2007-05-29",
        "Date Last Updated:": "2007-05-29 12:35 UTC",
        "Document Revision:": "6"
    }
}