{
    "Title": "VU#126159 - Autonomy Keyview IDOL contains multiple vulnerabilities in file parsers",
    "Overview": "[Autonomy Keyview IDOL](http://www.autonomy.com/content/Products/idol-modules-connectors/index.en.html) contains multiple vulnerabilities in file parsers.  These vulnerabilities could allow a remote attacker to execute arbitrary code on an affected system.",
    "Description": "[Autonomy Keyview IDOL](http://www.autonomy.com/content/Products/idol-modules-connectors/index.en.html) is a set of libraries that can decode over [1,000 different file formats](http://www.autonomy.com/content/Technology/idol-functionality-information-connectivity/index.en.html).  The Autonomy Keyview IDOL libraries are used by a variety of applications, including IBM Lotus Notes, Lotus Domino, Symantec Mail Security, Hyland OnBase, and many others.  These vulnerabilities result from a number of underlying issues.  Some of these cases demonstrated memory corruption with attacker-controlled input and could be exploited to run arbitrary code.  For example, code execution was verified by CERT/CC for a stack buffer overflow in the .WRI file parser.",
    "Impact": "By causing an application to process a specially-crafted file with the Autonomy Keyview IDOL library, a remote, unauthenticated attacker may be able to cause an affected application to crash, resulting in a denial of service, or executing arbitrary code with the privileges of the vulnerable application. Depending on what application is using Keyview IDOL, these may happen as the result of some user interaction, such as single-clicking on a file, or it may happen with no user interaction at all.",
    "Solution": "Apply an UpdateAutonomy has released version 10.13.1 of Keyview IDOL to address these issues.Autonomy customers can download the update from [Autonomy's Customer Support website](https://customers.autonomy.com/).The following versions of [Symantec products](http://www.symantec.com/security_response/securityupdates/detail.jsp?fid=security_advisory&pvid=security_advisory&year=2011&suid=20111006_00) have been released to address these vulnerabilities.  Symantec customers may retrieve these versions through their normal support methods.Symantec Mail Security for Microsoft Exchange 6.5.6 or 6.0.13Symantec Mail Security for Domino 7.5.12 or 8.0.9Symantec Brightmail and Messaging Gateway 9.5.1Symantec Data Loss Prevention 11.1.1If you are unable to apply an update to address these vulnerabilities please consider the following workarounds.Use the Microsoft Enhanced Mitigation Experience ToolkitThe [Microsoft Enhanced Mitigation Experience Toolkit (EMET)](https://www.microsoft.com/downloads/en/details.aspx?FamilyID=e127dfaf-f8f3-4cd5-8b08-115192c491cb) can be used to help prevent exploitation of this and other vulnerabilities.Enable DEP in Microsoft WindowsConsider enabling Data Execution Prevention (DEP) in supported versions of Windows. DEP should not be treated as a complete workaround, but it can mitigate the execution of attacker-supplied code in some cases. Microsoft has published detailed technical information about DEP in Security Research & Defense blog posts \"Understanding DEP as a mitigation technology\" [part 1](http://blogs.technet.com/b/srd/archive/2009/06/05/understanding-dep-as-a-mitigation-technology-part-1.aspx) and [part 2](http://blogs.technet.com/b/srd/archive/2009/06/12/understanding-dep-as-a-mitigation-technology-part-2.aspx). DEP should be used in conjunction with the application of patches or other mitigations described in this document.Note that when relying on DEP for exploit mitigation, it is important to use a system that supports Address Space Layout Randomization (ASLR) as well. ASLR is not supported by Windows XP or Windows Server 2003 or earlier. ASLR was introduced with Microsoft Windows Vista and Windows Server 2008. Please see the Microsoft SRD blog entry: [On the effectiveness of DEP and ASLR](http://blogs.technet.com/b/srd/archive/2010/12/08/on-the-effectiveness-of-dep-and-aslr.aspx) for more details.Workaround for IBM Lotus NotesDelete the keyview.ini file in the Notes program directory (C:\\ProgramData\\Lotus\\Notes\\Data\\Shared).This disables ALL viewers. When a user clicks View (for any file attachment), a dialog box will display with the message \"Unable to locate the viewer configuration file.\"Delete or rename the affected DLL file.After removing the dll file, when a user tries to view a file that requires that viewer, a dialog box will display with the message \"The viewer display window could not be initialized.\" All other file types work without returning the error message.Comment out lines in keyview.ini that reference affected DLL file.To comment a line, you precede it with a semi-colon (;). When a user tries to view the specific file type, a dialog box will display with the message \"The viewer display window could not be initialized.\"[KVWKBVE] --> this is the section of the keyview.ini;188=xlssr.dll ---> this would be the result of the Excel dll commented outWorkaround for Symantec Mail SecuritySymantec Mail Security is susceptible only if the attachment content scanning option is enabled.To disable the content filtering rules for Symantec Mail Security for Microsoft Exchange:Select the \"Policies\" tab and then choose \"Content Filtering\" to display the list of currently enabled rulesEnsure that all rules using attachment content are \"disabled\"To disable the content filtering rules for Symantec Mail Security for Domino: Select the \"Content Filtering\" tab to display the list of current enabled rulesClick on the checkmark to the left of any rules that utilize attachment content filtering, changing it to a red \"X\", and disabling the rule",
    "Vendor Information": [
        {
            "Name": "Autonomy",
            "Status": "Affected",
            "Vendor Statement": "We have not received a statement from the vendor.",
            "Vendor Information": "We are not aware of further vendor information regarding this vulnerability."
        },
        {
            "Name": "CA Technologies"
        }
    ],
    "CVSS Metrics": [
        {
            "Group": "Base",
            "Score": "9",
            "Vector": "AV:N/AC:M/Au:N/C:C/I:C/A:P"
        },
        {
            "Group": "Temporal",
            "Score": "7.4",
            "Vector": "E:F/RL:OF/RC:C"
        },
        {
            "Group": "Environmental",
            "Score": "7.4",
            "Vector": "CDP:ND/TD:ND/CR:ND/IR:ND/AR:ND"
        }
    ],
    "References": [
        "[http://www.autonomy.com/content/Products/idol-modules-connectors/index.en.html](http://www.autonomy.com/content/Products/idol-modules-connectors/index.en.html)",
        "[http://www.autonomy.com/content/Technology/idol-functionality-information-connectivity/index.en.html](http://www.autonomy.com/content/Technology/idol-functionality-information-connectivity/index.en.html)",
        "[https://customers.autonomy.com](https://customers.autonomy.com)"
    ],
    "Acknowledgements": "These vulnerabilities were reported by Will Dormann and Jared Allar of the CERT/CC.This document was written by Jared Allar.",
    "Other Information": {
        "CVE IDs:": "None",
        "Severity Metric:": "50.18",
        "Date Public:": "2011-06-07",
        "Date First Published:": "2011-06-07",
        "Date Last Updated:": "2012-06-04 13:06 UTC",
        "Document Revision:": "83"
    }
}