{
    "Title": "VU#126787 - Apple Mac OS X file sharing allows authenticated remote access to files and directories",
    "Overview": "Apple Mac OS X Leopard does not accurately reflect which files and directories are available via sharing.",
    "Description": "Apple Mac OS X Leopard (10.5.x) allows files and directories to be shared via a \"Shared Folders\" feature. OS X lists the folders that are shared using this feature, however the list is incomplete. An authenticated user can access his home directory remotely, and an authenticated administrator can remotely access the entire hard drive.",
    "Impact": "A system that is configured with Shared Folders enabled may be exposing more files and directories than expected.",
    "Solution": "Apply an updateThis issue is addressed in Apple Mac OS X 10.5.5. This update causes OS X to more accurately explain which files and directories are shared. Please see the [Apple Advisory](http://support.apple.com/kb/HT3137) for more details.",
    "Vendor Information": [
        {
            "Name": "Apple Computer, Inc.",
            "Status": "Affected",
            "Vendor Statement": "We have not received a statement from the vendor.",
            "Vendor Information": "We are not aware of further vendor information regarding this vulnerability.",
            "Addendum": "This issue is addressed in Apple Mac OS X 10.5.5. This update causes OS X to more accurately explain which files and directories are shared. Please see the [Apple Advisory](http://support.apple.com/kb/HT3137) for more details.If you have feedback, comments, or additional information about this vulnerability, please send us [email](mailto:cert@cert.org?Subject=VU%23126787 Feedback)."
        }
    ],
    "CVSS Metrics": [
        {
            "Group": "Base",
            "Score": "",
            "Vector": ""
        },
        {
            "Group": "Temporal",
            "Score": "",
            "Vector": ""
        },
        {
            "Group": "Environmental",
            "Score": "",
            "Vector": ""
        }
    ],
    "References": [
        "[http://support.apple.com/kb/HT3137](http://support.apple.com/kb/HT3137)"
    ],
    "Acknowledgements": "Thanks to Russ Andersson for reporting this vulnerability.This document was written by Will Dormann.",
    "Other Information": {
        "CVE IDs:": "CVE-2008-3618",
        "Severity Metric:": "1.01",
        "Date Public:": "2008-09-15",
        "Date First Published:": "2008-09-16",
        "Date Last Updated:": "2008-10-14 03:28 UTC",
        "Document Revision:": "10"
    }
}