{
    "Title": "VU#127108 - Serva32 2.1.0 TFTPD service buffer overflow vulnerability",
    "Overview": "Serva32 2.1.0 TFTPD service contains a buffer overflow vulnerability.",
    "Description": "The Serva32 2.1.0 TFTPD service contains a buffer overflow vulnerability when parsing large read requests. When the application reads in a large buffer the application crashes.",
    "Impact": "An unauthenticated attacker can pass large read requests against the application causing it to crash.",
    "Solution": "We are currently unaware of a practical solution to this problem.Restrict Network AccessAs a general good security practice, only allow connections from trusted hosts and networks. Restricting access would prevent an attacker from connecting to the service from a blocked network location.",
    "Vendor Information": [
        {
            "Name": "Serva"
        }
    ],
    "CVSS Metrics": [
        {
            "Group": "Base",
            "Score": "5.4",
            "Vector": "AV:N/AC:H/Au:N/C:N/I:N/A:C"
        },
        {
            "Group": "Temporal",
            "Score": "3.9",
            "Vector": "E:U/RL:W/RC:UC"
        },
        {
            "Group": "Environmental",
            "Score": "1.1",
            "Vector": "CDP:L/TD:L/CR:ND/IR:ND/AR:ND"
        }
    ],
    "References": [
        "[http://www.vercot.com/~serva/](http://www.vercot.com/~serva/)"
    ],
    "Acknowledgements": "Thanks to Jonathan Christmas a researcher at Solera Networks for reporting this vulnerability.This document was written by Michael Orlando.",
    "Other Information": {
        "CVE IDs:": "CVE-2013-0145",
        "Date Public:": "2013-05-14",
        "Date First Published:": "2013-05-14",
        "Date Last Updated:": "2013-05-21 14:05 UTC",
        "Document Revision:": "19"
    }
}