{
    "Title": "VU#127371 - iOS, iPadOS, tvOS, watchOS, and macOS contain a double-free vulnerability in the XNU kernel lio_listio() function",
    "Overview": "",
    "Description": "",
    "Impact": "By convincing a user to run a malicious application on a device running iOS, iPadOS, tvOS, watchOS, or macOS, an attacker may be able to achieve arbitrary code execution in the kernel that is not restricted by sandboxes or other OS protections.",
    "Solution": "Apply updates",
    "Vendor Information": [
        {
            "Name": "Apple"
        }
    ],
    "CVSS Metrics": [
        {
            "Group": "Base",
            "Score": "7.2",
            "Vector": "AV:L/AC:L/Au:N/C:C/I:C/A:C"
        },
        {
            "Group": "Temporal",
            "Score": "6.8",
            "Vector": "E:F/RL:U/RC:C"
        },
        {
            "Group": "Environmental",
            "Score": "6.8",
            "Vector": "CDP:ND/TD:H/CR:ND/IR:ND/AR:ND"
        }
    ],
    "References": [
        "[https://support.apple.com/en-us/HT211214](https://support.apple.com/en-us/HT211214)",
        "[https://support.apple.com/en-us/HT211215](https://support.apple.com/en-us/HT211215)",
        "[https://support.apple.com/en-us/HT211216](https://support.apple.com/en-us/HT211216)",
        "[https://support.apple.com/en-us/HT211217](https://support.apple.com/en-us/HT211217)",
        "[https://unc0ver.dev/](https://unc0ver.dev/)",
        "[https://googleprojectzero.blogspot.com/2020/07/how-to-unc0ver-0-day-in-4-hours-or-less.html](https://googleprojectzero.blogspot.com/2020/07/how-to-unc0ver-0-day-in-4-hours-or-less.html)",
        "[https://googleprojectzero.blogspot.com/2019/02/examining-pointer-authentication-on.html](https://googleprojectzero.blogspot.com/2019/02/examining-pointer-authentication-on.html)"
    ],
    "Acknowledgements": "This document was written by Will Dormann.",
    "Other Information": {
        "CVE IDs:": "CVE-2020-9859",
        "Date Public:": "2020-05-23",
        "Date First Published:": "2020-05-26",
        "Date Last Updated:": "2020-07-09 17:58 UTC",
        "Document Revision:": "23"
    }
}