{
    "Title": "VU#12746 - Microsoft scriptlet.typlib ActiveX object unsafe for scripting from Internet Explorer",
    "Overview": "The ActiveX control \"scriptlet.typlib\" is incorrectly marked \"safe for scripting\" in Internet Explorer (IE) versions 4.0 and 5.0, when it is actually unsafe for scripting.",
    "Description": "There exists a vulnerability in the default installation of an ActiveX control named \"scriptlet.typlib,\" used by developers to create type libraries for Windows Script Components. This ActiveX control allows local files to be created or modified and thus is unsafe for scripting by IE. However, it is incorrectly marked \"safe for scripting\" in IE versions 4.0 and 5.0 for Windows.",
    "Impact": "Any HTML document rendered in IE may call scriptlet.typlib and, without any warning displayed by IE, create or edit files with all permissions of the client user. Such attacks can occur when visiting unfriendly web sites, or rendering embedded HTML in email, newsgroup postings, or even server log entries.",
    "Solution": "Install the appropriate patches available at:[http://www.microsoft.com/technet/security/bulletin/MS99-032.asp](http://www.microsoft.com/technet/security/bulletin/MS99-032.asp)Disable ActiveX controls in IE.",
    "Vendor Information": [
        {
            "Name": "Microsoft",
            "Status": "Affected",
            "Vendor Statement": "We have not received a statement from the vendor.",
            "Vendor Information": "The vendor has not provided us with any further information regarding this vulnerability.",
            "Addendum": "The CERT/CC has no additional comments at this time.If you have feedback, comments, or additional information about this vulnerability, please send us [email](mailto:cert@cert.org?Subject=VU%2312746 Feedback)."
        }
    ],
    "CVSS Metrics": [
        {
            "Group": "Base",
            "Score": "",
            "Vector": ""
        },
        {
            "Group": "Temporal",
            "Score": "",
            "Vector": ""
        },
        {
            "Group": "Environmental",
            "Score": "",
            "Vector": ""
        }
    ],
    "References": [
        "[http://www.securityfocus.com/bid/598](http://www.securityfocus.com/bid/598)",
        "[http://xforce.iss.net/static/3244.php](http://xforce.iss.net/static/3244.php)",
        "[http://www.microsoft.com/technet/security/bulletin/MS99-032.asp](http://www.microsoft.com/technet/security/bulletin/MS99-032.asp)",
        "[http://support.microsoft.com/support/kb/articles/q240/3/08.asp](http://support.microsoft.com/support/kb/articles/q240/3/08.asp)",
        "[http://ciac.llnl.gov/ciac/bulletins/j-064.shtml](http://ciac.llnl.gov/ciac/bulletins/j-064.shtml)",
        "[http://www.cert.org/reports/activeX_report.pdf](http://www.cert.org/reports/activeX_report.pdf)"
    ],
    "Acknowledgements": "Thanks to Michael Kelfer for reporting this vulnerability.This document was written by Shawn Van Ittersum.",
    "Other Information": {
        "CVE IDs:": "CVE-1999-0668",
        "Severity Metric:": "1.85",
        "Date Public:": "1999-08-21",
        "Date First Published:": "2002-03-29",
        "Date Last Updated:": "2002-03-29 22:56 UTC",
        "Document Revision:": "20"
    }
}