{
    "Title": "VU#127587 - Python Parsing Error Enabling Bypass CVE-2023-24329",
    "Overview": "urllib.parse is a very basic and widely used basic URL parsing function in various applications.",
    "Description": "An issue in the urllib.parse component of Python before v3.11 allows attackers to bypass blocklisting methods by supplying a URL that starts with blank characters.",
    "Impact": "Due to this issue, attackers can bypass any domain or protocol filtering method implemented with a blocklist. Protocol filtering failures can lead to arbitrary file reads, arbitrary command execution, SSRF, and other problems. Failure of domain name filtering may lead to re-access of blocked bad or dangerous websites or to failure of CSRF referer type defense, etc.",
    "Solution": "The fixes are in the following releases:",
    "Vendor Information": [
        {
            "Name": "Python"
        }
    ],
    "CVSS Metrics": null,
    "References": [
        "[https://cve.mitre.org/cgi-bin/cvename.cgi?name=CVE-2023-24329](https://cve.mitre.org/cgi-bin/cvename.cgi?name=CVE-2023-24329)",
        "[https://github.com/python/cpython/issues/102153](https://github.com/python/cpython/issues/102153)"
    ],
    "Acknowledgements": "Thanks to the reporter, Yebo Cao for researching and reporting this vulnerability.",
    "Other Information": {
        "CVE IDs:": "CVE-2023-24329",
        "API URL:": "VINCE JSON|CSAF",
        "Date Public:": "2023-02-17",
        "Date First Published:": "2023-08-11",
        "Date Last Updated:": "2023-08-11 22:22 UTC",
        "Document Revision:": "1"
    }
}