{
    "Title": "VU#127584 - RSLinx Classic EDS Wizard buffer overflow vulnerability",
    "Overview": "Rockwell Automation RSLinx Classic EDS Hardware Installation Tool contains a buffer overflow vulnerability.",
    "Description": "According to Rockwell Automation's [website](http://www.rockwellautomation.com/rockwellsoftware/design/rslinx/): RSLinx Classic provides plant-floor device connectivity for a wide variety of Rockwell Software applications such as RSLogix\u2122 5/500/5000 and RSView32. The EDS Hardware Installation Tool (RSHWare.exe) that comes bundled with RSLinx Classic contains a buffer overflow vulnerability while parsing improperly formatted EDS files.",
    "Impact": "An attacker could exploit the vulnerability by tricking a user into opening a crafted .eds file, causing EDS Hardware Installation Tool to crash leading to possible execution of arbitrary code.",
    "Solution": "Apply an UpdateAccording to Rockwell Automation's security [advisory](http://rockwellautomation.custhelp.com/app/answers/detail/a_id/279194):Rockwell Automation recommends concerned customers take the following immediate steps to mitigate risk associated with the reported vulnerability:1. Restrict physical access to the computer.2. Establish policies and procedures such that only authorized individuals have administrative rights on the computer.3. Obtain product EDS files from trusted sources (e.g. product vendor)4. Apply the Rockwell Automation issued Patch Aid [276774](http://rockwellautomation.custhelp.com/app/answers/detail/a_id/276774)According to Rockwell Automation's security [advisory](http://rockwellautomation.custhelp.com/app/answers/detail/a_id/279194):Customers who are concerned about this reported vulnerability should recognize that to exploit it would require gaining physical access to the target computer, a user withadministrator privileges and execution of the EDS Hardware Installation Tool in order to load an improperly formatted EDS file.Use the Microsoft Enhanced Mitigation Experience ToolkitThe [Microsoft Enhanced Mitigation Experience Toolkit](http://www.microsoft.com/downloads/en/details.aspx?FamilyID=c6f0a6ee-05ac-4eb6-acd0-362559fd2f04) (EMET) can be used to help prevent exploitation of this and other vulnerabilities.Enable DEP in Microsoft WindowsConsider enabling Data Execution Prevention (DEP) in supported versions of Windows. DEP should not be treated as a complete workaround, but it can mitigate the execution of attacker-supplied code in some cases. Microsoft has published detailed technical information about DEP in Security Research & Defense blog posts \"Understanding DEP as a mitigation technology\" [part 1](http://blogs.technet.com/srd/archive/2009/06/05/understanding-dep-as-a-mitigation-technology-part-1.aspx) and [part 2](http://blogs.technet.com/srd/archive/2009/06/12/understanding-dep-as-a-mitigation-technology-part-2.aspx). DEP should be used in conjunction with the application of patches or other mitigations described in this document.Note that when relying on DEP for exploit mitigation, it is important to use a system that supports Address Space Layout Randomization (ASLR) as well. ASLR is not supported by Windows XP or Windows Server 2003 or earlier. ASLR was introduced with Microsoft Windows Vista and Windows Server 2008.  Please see the Microsoft SRD blog entry: [On the effectiveness of DEP and ASLR](http://blogs.technet.com/b/srd/archive/2010/12/08/on-the-effectiveness-of-dep-and-aslr.aspx) for more details.",
    "Vendor Information": [
        {
            "Name": "Rockwell Automation",
            "Status": "Affected",
            "Vendor Statement": "Rockwell Automation has issued a software patch for the EDS Hardware Installation Tool that addresses this buffer overflow vulnerability.  When applied, the patch replaces the RSEds.dll file with the modified version.  Future releases of RSLinx Classic, starting with version 2.58 will include this modified version of the required files.",
            "Vendor Information": "We are not aware of further vendor information regarding this vulnerability."
        }
    ],
    "CVSS Metrics": [
        {
            "Group": "Base",
            "Score": "",
            "Vector": ""
        },
        {
            "Group": "Temporal",
            "Score": "",
            "Vector": ""
        },
        {
            "Group": "Environmental",
            "Score": "",
            "Vector": ""
        }
    ],
    "References": [
        "[http://rockwellautomation.custhelp.com/app/answers/detail/a_id/276774](http://rockwellautomation.custhelp.com/app/answers/detail/a_id/276774)",
        "[http://rockwellautomation.custhelp.com/app/answers/detail/a_id/54102](http://rockwellautomation.custhelp.com/app/answers/detail/a_id/54102)",
        "[http://rockwellautomation.custhelp.com/app/answers/detail/a_id/279194](http://rockwellautomation.custhelp.com/app/answers/detail/a_id/279194)",
        "[http://www.us-cert.gov/control_systems/pdf/ICSA-11-161-01.pdf](http://www.us-cert.gov/control_systems/pdf/ICSA-11-161-01.pdf)"
    ],
    "Acknowledgements": "This vulnerability was found by Rockwell Automation's internal team and additionally by Michael Orlando working for CERT/CC.This document was written by Michael Orlando.",
    "Other Information": {
        "CVE IDs:": "CVE-2011-2530",
        "Severity Metric:": "0.03",
        "Date Public:": "2011-05-31",
        "Date First Published:": "2011-06-02",
        "Date Last Updated:": "2011-08-18 14:25 UTC",
        "Document Revision:": "32"
    }
}