{
    "Title": "VU#129209 - LLVMs Arm stack protection feature can be rendered ineffective",
    "Overview": "",
    "Description": "The stack protection feature provided in the LLVM Arm backend is an optional mitigating feature used to protect against buffer overflows. It works by adding a cookie value between local variables and the stack frame return address. The compiler stores this value in memory and checks the cookie with the LocalStackSlotAllocation function to ensure that it has not changed or been overwritten. If the value has changed, then the function will terminate. Since it currently pre-allocates the stack protector before the local variables in the stack, it's possible that a new stack protector can be allocated later in the process. If that happens, it leaves the stack protection ineffective as the new stack protector slot appears after the local variables that it is meant to protect. Additionally, it is also possible for the stack cookie pointer to spill to the stack and potentially be overwritten. This could happen in an area on the stack before the stack protector slot, rendering it ineffective.",
    "Impact": "When the stack protection feature is rendered ineffective, it leaves the function vulnerable to stack-based buffer overflows. It is possible that the return address could be overwritten due to a local buffer overflow and is not caught when the cookie is checked at the end. It is also possible that the cookie itself could be overwritten since it resides on the stack, causing an unintended value to pass the check.",
    "Solution": "Apply an Update",
    "Vendor Information": [
        {
            "Name": "ARM Limited"
        }
    ],
    "CVSS Metrics": [
        {
            "Group": "Base",
            "Score": "0",
            "Vector": "AV:--/AC:--/Au:--/C:--/I:--/A:--"
        },
        {
            "Group": "Temporal",
            "Score": "0",
            "Vector": "E:ND/RL:ND/RC:ND"
        },
        {
            "Group": "Environmental",
            "Score": "0",
            "Vector": "CDP:ND/TD:ND/CR:ND/IR:ND/AR:ND"
        }
    ],
    "References": [
        "[http://www.llvm.org/](http://www.llvm.org/)",
        "[http://www.aosabook.org/en/llvm.html](http://www.aosabook.org/en/llvm.html)",
        "[https://developer.arm.com/tools-and-software/embedded/arm-compiler](https://developer.arm.com/tools-and-software/embedded/arm-compiler)",
        "[https://lists.llvm.org/mailman/listinfo/llvm-commits](https://lists.llvm.org/mailman/listinfo/llvm-commits)",
        "[https://reviews.llvm.org/D64757](https://reviews.llvm.org/D64757)",
        "[https://reviews.llvm.org/D64759](https://reviews.llvm.org/D64759)"
    ],
    "Acknowledgements": "",
    "Other Information": {
        "Date Public:": "2019-07-15",
        "Date First Published:": "2019-07-15",
        "Date Last Updated:": "2020-06-18 13:39 UTC",
        "Document Revision:": "34"
    }
}