{
    "Title": "VU#129910 - SuSe Linux LibTIFF package vulnerable to buffer overflow",
    "Overview": "The SuSe Linux version of LibTIFF is vulnerable to a buffer overflow that may allow a remote attacker to execute arbitrary code.",
    "Description": "SuSe LibTIFF is a library used to encode and decode images in [Tag Image File Format (TIFF) ](http://www.libtiff.org)format on SuSE systems. A lack of input validation in the OJPEG (old JPEG) handling routine, OJPEGVSetField (in libtiff/tif_ojpeg.c), may cause a heap-based buffer overflow. Consequently, a remote attacker may be able to exploit this vulnerability by supplying an application using LibTIFF with a specially crafted TIFF image.Please note that OJPEG support is enabled by default in versions of the SuSE LibTIFF library without the latest security updates (announced at [SUSE-SA:2004:038](http://www.suse.co.uk/de/security/2004_38_libtiff.html)) installed.",
    "Impact": "If a remote attacker can persuade a user to access a specially crafted TIFF image, that attacker may be able to execute arbitrary code with the privileges of the application linked to LibTIFF.",
    "Solution": "Update SuSEThere is currently no patch available to resolve this issue. Please see the workarounds below for mitigation tactics. SuSE has released updates that disable OJPEG support as part of SuSE Security Announcement [SUSE-SA:2004:03.](http://www.suse.de/de/security/2004_38_libtiff.html) Disable OJPEG supportUntil an update can be applied, you may wish to disable OJPEG support. To do this, the LibTIFF libraries will have to be recompiled with OJPEG support disabled.Do Not Accept TIFF Images from Untrusted SourcesExploitation occurs by accessing a specially crafted TIFF image. By only accessing TIFF images from trusted or known sources, the chances of exploitation are reduced.",
    "Vendor Information": [
        {
            "Name": "SuSE Inc.",
            "Status": "Affected",
            "Vendor Statement": "We shipped products which where affected by this vulnerability. After receiving the report from iDEFENSE we decided to disable OJPEG support in our libtiff packages.We have released updated libtiff packages disabling the OJPEG support.",
            "Vendor Information": "The vendor has not provided us with any further information regarding this vulnerability.",
            "Addendum": "The CERT/CC has no additional comments at this time.If you have feedback, comments, or additional information about this vulnerability, please send us [email](mailto:cert@cert.org?Subject=VU%23129910 Feedback)."
        }
    ],
    "CVSS Metrics": [
        {
            "Group": "Base",
            "Score": "",
            "Vector": ""
        },
        {
            "Group": "Temporal",
            "Score": "",
            "Vector": ""
        },
        {
            "Group": "Environmental",
            "Score": "",
            "Vector": ""
        }
    ],
    "References": [
        "[http://www.suse.co.uk/uk/private/download/updates/91_x86_64.html](http://www.suse.co.uk/uk/private/download/updates/91_x86_64.html)",
        "[http://www.suse.co.uk/de/security/2004_38_libtiff.html](http://www.suse.co.uk/de/security/2004_38_libtiff.html)",
        "[http://securitytracker.com/alerts/2004/Oct/1011897.html](http://securitytracker.com/alerts/2004/Oct/1011897.html)"
    ],
    "Acknowledgements": "This vulnerability was reported by iDefense.iDefense credits Andrei Nigmatulin for discovering this vulnerability.This document was written by Jeff Gennari.",
    "Other Information": {
        "CVE IDs:": "CVE-2004-0929",
        "Severity Metric:": "3.24",
        "Date Public:": "2004-10-22",
        "Date First Published:": "2004-12-01",
        "Date Last Updated:": "2004-12-01 15:40 UTC",
        "Document Revision:": "173"
    }
}