{
    "Title": "VU#130433 - Microsoft License Logging Service buffer overflow",
    "Overview": "A vulnerability in a component of some server versions of Microsoft Windows could allow a remote attacker to execute code on a vulnerable system.",
    "Description": "Microsoft's [License Logging Service](http://support.microsoft.com/default.aspx?scid=kb;en-us;824196) (LLS) assists in the management of licenses for some Microsoft server products.  An error in the way that the LLS handles an unchecked buffer results in a vulnerability.  An attacker with the ability to send a specially-crafted message to the LLS could exploit this vulnerability to execute code of their choosing or cause a denial of service.  The specific nature of the message exploiting this vulnerability is not known.Microsoft reports that, for some affected versions of Windows, only authenticated users or programs on the local network can establish a connection to the LLS and exploit the vulnerability.  These versions areWindows 2000 Server Service Pack 4Windows Server 2003Windows Small Business Server 2003 and Small Business Server 2000 running on Windows 2000 Server Service Pack 4For other affected versions of Windows, any unauthenticated remote attacker may be able to connect to the LLS and exploit the vulnerability.  Microsoft also notes that LLS is disabled by default in Windows Server 2003 and will not be included in future versions of the Windows operating system.",
    "Impact": "On affected versions of Windows NT and Windows 2000 Server, a remote attacker may be able to execute arbitrary code with Local System privileges on a vulnerable system.  Microsoft reports that exploitation of this vulnerability on Windows Server 2003 systems causes the License Logging Service to crash, resulting in a denial of service on that platform.",
    "Solution": "Apply a patchMicrosoft has published Microsoft Security Bulletin [MS05-010](http://www.microsoft.com/technet/security/bulletin/ms05-010.mspx) in response to this issue.  Users are strongly encouraged to review this advisory and apply the patches it refers to.WorkaroundsMicrosoft Security Bulletin [MS05-010](http://www.microsoft.com/technet/security/bulletin/ms05-010.mspx) also contains a number of workarounds for this issue.  Users, particularly those who are affected but unable to apply the patches, are encouraged to implement these workarounds.",
    "Vendor Information": [
        {
            "Name": "Microsoft Corporation"
        }
    ],
    "CVSS Metrics": [
        {
            "Group": "Base",
            "Score": "",
            "Vector": ""
        },
        {
            "Group": "Temporal",
            "Score": "",
            "Vector": ""
        },
        {
            "Group": "Environmental",
            "Score": "",
            "Vector": ""
        }
    ],
    "References": [
        "[http://www.microsoft.com/technet/security/bulletin/ms05-010.mspx](http://www.microsoft.com/technet/security/bulletin/ms05-010.mspx)"
    ],
    "Acknowledgements": "Thanks to Microsoft Security for reporting this vulnerability.  Microsoft, in turn, thanks Kostya Kortchinsky of CERT RENATER for reporting this issue.This document was written by Chad R Dougherty based upon information provided by Microsoft.",
    "Other Information": {
        "CVE IDs:": "CVE-2005-0050",
        "Severity Metric:": "10.69",
        "Date Public:": "2005-02-08",
        "Date First Published:": "2005-02-08",
        "Date Last Updated:": "2005-02-08 22:31 UTC",
        "Document Revision:": "8"
    }
}