{
    "Title": "VU#130614 - Microsoft Outlook Express vulnerable to remote code execution",
    "Overview": "A vulnerability in Microsoft Outlook Express's NNTP response parsing may allow an attacker to execute arbitrary code.",
    "Description": "[Microsoft Outlook Express](http://www.microsoft.com/windows/oe/) contains support for Network News Transfer Protocol (NNTP) data, which is defined in [RFC 977](http://www.ietf.org/rfc/rfc977.txt) and [RFC 2980](http://www.ietf.org/rfc/rfc2980.txt).  A flaw in Outlook Express' handling of NNTP responses may lead to a buffer overflow condition if a specially-crafted reply is sent by a compromised or malicious NNTP server.",
    "Impact": "A remote, unauthenticated attacker with the ability to control an NNTP server that a host is connected to may be able to execute arbitrary code in the security context of the local user.",
    "Solution": "Apply an UpdatePlease see [Microsoft Security Bulletin MS05-030](http://www.microsoft.com/technet/security/bulletin/MS05-030.mspx) for more information, such as workarounds and patches.Utilize WorkaroundsA number of workarounds are indicated in [Microsoft Security Bulletin MS05-030](http://www.microsoft.com/technet/security/bulletin/MS05-030.mspx), including:Block access to NNTP traffic, which commonly utilizes TCP port 119 and UDP port 119.",
    "Vendor Information": [
        {
            "Name": "Microsoft Corporation"
        }
    ],
    "CVSS Metrics": [
        {
            "Group": "Base",
            "Score": "",
            "Vector": ""
        },
        {
            "Group": "Temporal",
            "Score": "",
            "Vector": ""
        },
        {
            "Group": "Environmental",
            "Score": "",
            "Vector": ""
        }
    ],
    "References": [
        "[http://www.microsoft.com/technet/security/bulletin/MS05-030.mspx](http://www.microsoft.com/technet/security/bulletin/MS05-030.mspx)",
        "[http://secunia.com/advisories/15695/](http://secunia.com/advisories/15695/)"
    ],
    "Acknowledgements": "Thanks to Microsoft for information on this vulnerability, who in turn credit iDEFENSE with reporting this vulnerability.This document was written by Ken MacInnis.",
    "Other Information": {
        "CVE IDs:": "CVE-2005-1213",
        "Severity Metric:": "2.81",
        "Date Public:": "2005-06-14",
        "Date First Published:": "2005-06-14",
        "Date Last Updated:": "2005-06-20 19:25 UTC",
        "Document Revision:": "12"
    }
}