{
    "Title": "VU#130923 - Mozilla Firefox command line URI handling vulnerability",
    "Overview": "Mozilla Firefox contains a vulnerability that may allow an attacker to bypass security restrictions by opening specially crafted URIs using the Firefox command line interface.",
    "Description": "Mozilla Firefox can process URIs from its command line interface that can be accessed by users or programs. Passing Firefox multiple URIs through the command line interface using the pipe symbol will launch Firefox with the URIs opened in tabs. An attacker could use this feature pass URIs to Firefox that should be handled by another application. Since Firefox may determine that the URI sent to it is from a local content source, domain and origin-based security restrictions that usually apply to remote content may be bypassed.",
    "Impact": "A remote attacker may be able to use this vulnerability to bypass security restrictions, or to aid in the exploitation of other vulnerabilities.",
    "Solution": "UpgradePer Mozilla Foundation Security Advisory [2008-35](http://www.mozilla.org/security/announce/2008/mfsa2008-35.html) this issue has been addressed in Firefox 3.0.1 and Firefox 2.0.0.16.",
    "Vendor Information": [
        {
            "Name": "Mozilla"
        }
    ],
    "CVSS Metrics": [
        {
            "Group": "Base",
            "Score": "",
            "Vector": ""
        },
        {
            "Group": "Temporal",
            "Score": "",
            "Vector": ""
        },
        {
            "Group": "Environmental",
            "Score": "",
            "Vector": ""
        }
    ],
    "References": [
        "[http://www.mozilla.org/security/announce/2008/mfsa2008-35.html](http://www.mozilla.org/security/announce/2008/mfsa2008-35.html)",
        "[https://bugzilla.mozilla.org/show_bug.cgi?id=441120](https://bugzilla.mozilla.org/show_bug.cgi?id=441120)"
    ],
    "Acknowledgements": "Thanks to Mozilla for information that was used in this report. Mozilla credits Billy Rios for reporting this issue and Ben Turner and Dan Veditz for discovering additional attack vectors.This document was written by Ryan Giobbi.",
    "Other Information": {
        "CVE IDs:": "CVE-2008-2933",
        "Date Public:": "2008-07-16",
        "Date First Published:": "2008-07-16",
        "Date Last Updated:": "2008-07-16 18:41 UTC",
        "Document Revision:": "8"
    }
}