{
    "Title": "VU#131152 - Microsoft Windows Print Spooler Point and Print allows installation of arbitrary queue-specific files",
    "Overview": "Microsoft Windows allows for non-admin users to be able to install printer drivers via Point and Print. Printers installed via this technique also install queue-specific files, which can be arbitrary libraries to be loaded by the privileged Windows Print Spooler process.",
    "Description": "Microsoft Windows allows for users who lack administrative privileges to still be able to install printer drivers, which execute with SYSTEM privileges via the Print Spooler service. This ability is achieved through a capability called [Point and Print](https://docs.microsoft.com/en-us/windows-hardware/drivers/print/introduction-to-point-and-print). Starting with the update for [MS16-087](https://docs.microsoft.com/en-us/security-updates/securitybulletins/2016/ms16-087), Microsoft requires that printers installable via Point are either signed by a [WHQL release signature](https://docs.microsoft.com/en-us/windows-hardware/drivers/install/whql-release-signature), or are signed by a certificate that is explicitly trusted by the target system, such as an installed test signing certificate. The intention for this change is to avoid installation of malicious printer drivers, which can allow for Local Privilege Escalation (LPE) to SYSTEM.",
    "Impact": "By connecting to a malicious printer, an attacker may be able to execute arbitrary code with SYSTEM privileges on a vulnerable system.",
    "Solution": "Microsoft has published updates for [CVE-2021-36958](https://msrc.microsoft.com/update-guide/vulnerability/CVE-2021-36958) regarding this issue.  Please also consider the following workarounds:",
    "Vendor Information": [
        {
            "Name": "Microsoft"
        }
    ],
    "CVSS Metrics": null,
    "References": [
        "[https://msrc.microsoft.com/update-guide/vulnerability/CVE-2021-36958](https://msrc.microsoft.com/update-guide/vulnerability/CVE-2021-36958)",
        "[https://docs.microsoft.com/en-us/security-updates/securitybulletins/2016/ms16-087](https://docs.microsoft.com/en-us/security-updates/securitybulletins/2016/ms16-087)",
        "[https://docs.microsoft.com/en-us/windows-hardware/drivers/print/introduction-to-point-and-print](https://docs.microsoft.com/en-us/windows-hardware/drivers/print/introduction-to-point-and-print)",
        "[https://docs.microsoft.com/en-us/windows-hardware/drivers/install/whql-release-signature](https://docs.microsoft.com/en-us/windows-hardware/drivers/install/whql-release-signature)",
        "[https://docs.microsoft.com/en-us/windows-hardware/drivers/print/installing-queue-specific-files](https://docs.microsoft.com/en-us/windows-hardware/drivers/print/installing-queue-specific-files)",
        "[https://twitter.com/gentilkiwi/status/1416429860566847490](https://twitter.com/gentilkiwi/status/1416429860566847490)",
        "[https://blog.truesec.com/2021/06/30/fix-for-printnightmare-cve-2021-1675-exploit-to-keep-your-print-servers-running-while-a-patch-is-not-available/](https://blog.truesec.com/2021/06/30/fix-for-printnightmare-cve-2021-1675-exploit-to-keep-your-print-servers-running-while-a-patch-is-not-available/)"
    ],
    "Acknowledgements": "This vulnerability was publicly disclosed by Benjamin Delpy. Microsoft credits Victor Mata with reporting this issue to them.",
    "Other Information": {
        "CVE IDs:": "CVE-2021-36958",
        "Date Public:": "2021-07-18",
        "Date First Published:": "2021-07-18",
        "Date Last Updated:": "2021-09-14 22:44 UTC",
        "Document Revision:": "17"
    }
}