{
    "Title": "VU#131263 - avast! Mobile Security Android application denial-of-service vulnerability",
    "Overview": "avast! Mobile Security Android application version 2.0.3587, and possibly earlier versions, contains a denial-of-service vulnerability.",
    "Description": "avast! Mobile Security (version 2.0.3587) crashes if an Intent is sent to com.avast.android.mobilesecurity.app.scanner.DeleteFileActivity with no arguments.  Upon receiving the malformed intent the application will crash with the following message.\u201cUnfortunately, avast! Mobile Security has stopped.\u201dThe logcat log contains a message confirming that the application has crashed.\u201cI/ActivityManager( \u00a0175): Process com.avast.android.mobilesecurity (pid 6596) has died.\u201dThis results in a malicious application being able to disable the avast! Mobile Security software.",
    "Impact": "A malicious application installed on the phone may be able to disable the avast! Mobile Security software.",
    "Solution": "Apply an UpdateUpgrade to avast! Mobile Security version 2.0.4400 or later to address this vulnerability.",
    "Vendor Information": [
        {
            "Name": "Avast! Antivirus Software",
            "Status": "Affected",
            "Vendor Statement": "We have not received a statement from the vendor.",
            "Vendor Information": "We are not aware of further vendor information regarding this vulnerability."
        }
    ],
    "CVSS Metrics": [
        {
            "Group": "Base",
            "Score": "3.8",
            "Vector": "AV:L/AC:H/Au:S/C:N/I:N/A:C"
        },
        {
            "Group": "Temporal",
            "Score": "3",
            "Vector": "E:POC/RL:OF/RC:C"
        },
        {
            "Group": "Environmental",
            "Score": "2.3",
            "Vector": "CDP:ND/TD:M/CR:ND/IR:ND/AR:ND"
        }
    ],
    "References": [
        "[https://play.google.com/store/apps/details?id=com.avast.android.mobilesecurity](https://play.google.com/store/apps/details?id=com.avast.android.mobilesecurity)"
    ],
    "Acknowledgements": "Thanks to Kurt Traver for reporting this vulnerability.This document was written by Jared Allar.",
    "Other Information": {
        "CVE IDs:": "CVE-2013-0122",
        "Date Public:": "2013-04-19",
        "Date First Published:": "2013-04-19",
        "Date Last Updated:": "2013-04-19 19:11 UTC",
        "Document Revision:": "14"
    }
}