{
    "Title": "VU#132099 - Jana Server does not adequately validate user input thereby allowing directory traversal",
    "Overview": "Jana Server contains a directory traversal vulnerability.",
    "Description": "Versions 1.4x of Jana Server, a web server for Windows developed by T. Hauck, do not properly filter requests for hexadecimal encodings of \"..\" (dot-dot) and allows directory traversal out of the HTTP document root directory.",
    "Impact": "Remote users can view any file on the server with the privileges of the Jana server process.",
    "Solution": "Upgrade to Jana Server 2.0 beta or later at:[http://www.jana-server.ocm.de/en/index.htm?/en/download.htm](http://www.jana-server.ocm.de/en/index.htm?/en/download.htm)None.",
    "Vendor Information": [
        {
            "Name": "Jana Server",
            "Status": "Affected",
            "Vendor Statement": "\"In Version 1.4x -- [which] is not longer avalible from myself, or supported -- theerror exists.\"In Jana 2.0 Beta 3 Version (or Beta 2 version) -- [which] is right now the currentversion -- that bug is fixed and should NOT longer exist.\"",
            "Vendor Information": "The vendor has not provided us with any further information regarding this vulnerability.",
            "Addendum": "The CERT/CC has no additional comments at this time.If you have feedback, comments, or additional information about this vulnerability, please send us [email](mailto:cert@cert.org?Subject=VU%23132099 Feedback)."
        }
    ],
    "CVSS Metrics": [
        {
            "Group": "Base",
            "Score": "",
            "Vector": ""
        },
        {
            "Group": "Temporal",
            "Score": "",
            "Vector": ""
        },
        {
            "Group": "Environmental",
            "Score": "",
            "Vector": ""
        }
    ],
    "References": [
        "[http://www.securityfocus.com/bid/2703](http://www.securityfocus.com/bid/2703)",
        "[http://xforce.iss.net/static/6513.php](http://xforce.iss.net/static/6513.php)",
        "[http://www.cve.mitre.org/cgi-bin/cvename.cgi?name=CAN-2001-0557](http://www.cve.mitre.org/cgi-bin/cvename.cgi?name=CAN-2001-0557)"
    ],
    "Acknowledgements": "Thanks to nemesystm of the DHC for discovering this vulnerability.This document was written by Shawn Van Ittersum.",
    "Other Information": {
        "CVE IDs:": "CVE-2001-0557",
        "Severity Metric:": "2.63",
        "Date Public:": "2001-05-07",
        "Date First Published:": "2002-03-29",
        "Date Last Updated:": "2002-03-29 22:56 UTC",
        "Document Revision:": "8"
    }
}