{
    "Title": "VU#132011 - Snitz Forums 2000 vulnerable to cross-site scripting via crafted IMG tag",
    "Overview": "Snitz Forums 2000 does not adequately check \"IMG\" tag \"SRC\" attributes and thus contains cross-site scripting vulnerability.",
    "Description": "Snitz Forums is an automated bulletin-board program for web sites.  Snitz Forums allows users to submit images by specifying the URL of the image.  In versions 3.3.03 and earlier of Snitz Forums, the program does not check the image URL to make sure that it does not contain JavaScript code.  The program may then serve the script to any user viewing the post, where the JavaScript may be executed to perform unauthorized commands as the viewing user.",
    "Impact": "An attacker may perform arbitrary commands with the privileges and identity of other users of the Snitz Forums installation.",
    "Solution": "Upgrade to version 3.3.04 or later of Snitz Forums 2000.  For more information, see[http://forum.snitz.com/forum/link.asp?TOPIC_ID=23660](http://forum.snitz.com/forum/link.asp?TOPIC_ID=23660)",
    "Vendor Information": [
        {
            "Name": "Snitz Communications",
            "Status": "Affected",
            "Vendor Statement": "[http://forum.snitz.com/forum/link.asp?TOPIC_ID=23660](http://forum.snitz.com/forum/link.asp?TOPIC_ID=23660)",
            "Vendor Information": "The vendor has not provided us with any further information regarding this vulnerability.",
            "Addendum": "The CERT/CC has no additional comments at this time.If you have feedback, comments, or additional information about this vulnerability, please send us [email](mailto:cert@cert.org?Subject=VU%23132011 Feedback)."
        }
    ],
    "CVSS Metrics": [
        {
            "Group": "Base",
            "Score": "",
            "Vector": ""
        },
        {
            "Group": "Temporal",
            "Score": "",
            "Vector": ""
        },
        {
            "Group": "Environmental",
            "Score": "",
            "Vector": ""
        }
    ],
    "References": [
        "[http://www.securityfocus.com/bid/4192](http://www.securityfocus.com/bid/4192)",
        "[http://forum.snitz.com/forum/link.asp?TOPIC_ID=23660](http://forum.snitz.com/forum/link.asp?TOPIC_ID=23660)",
        "[http://www.snitz.com/](http://www.snitz.com/)"
    ],
    "Acknowledgements": "Thanks to Joshua Hiller for reporting this vulnerability.This document was written by Shawn Van Ittersum.",
    "Other Information": {
        "CVE IDs:": "CVE-2002-0329",
        "Severity Metric:": "3.78",
        "Date Public:": "2002-02-28",
        "Date First Published:": "2002-06-13",
        "Date Last Updated:": "2002-06-13 00:24 UTC",
        "Document Revision:": "10"
    }
}