{
    "Title": "VU#132419 - Apple QuickTime \"file: URL\" arbitrary code execution",
    "Overview": "Apple QuickTime does not properly handle \"file: URLs\" which may allow an attacker to execute arbitrary code.",
    "Description": "Apple QuickTime is a multiplatform multimedia software architecture which provides file format converters for more than 250 common image, video, and audio file formats.Per the Apple advisory About the security content of QuickTime [7.5](http://support.apple.com/kb/HT1991):A URL handling issue exists in QuickTime's handling of file: URLs. This may allow arbitrary applications and files to be launched when a user plays maliciously crafted QuickTime content in QuickTime Player.",
    "Impact": "By convincing a user to play a maliciously crafted QuickTime file, an attacker may be able to execute arbitrary code on a vulnerable system.",
    "Solution": "Apple has addressed this vulnerability in [QuickTime 7.5](http://support.apple.com/kb/HT1991) release.",
    "Vendor Information": [
        {
            "Name": "Apple Computer, Inc."
        }
    ],
    "CVSS Metrics": [
        {
            "Group": "Base",
            "Score": "",
            "Vector": ""
        },
        {
            "Group": "Temporal",
            "Score": "",
            "Vector": ""
        },
        {
            "Group": "Environmental",
            "Score": "",
            "Vector": ""
        }
    ],
    "References": [
        "[http://support.apple.com/kb/HT1991](http://support.apple.com/kb/HT1991)"
    ],
    "Acknowledgements": "Apple credits to Vinoo Thomas and Rahul Mohandas of McAfee Avert Labs, and Petko D. (pdp) Petkov of GNUCITIZEN working with TippingPoint's Zero Day Initiative for reporting this issue. This document was written by Joseph Pruszynski.",
    "Other Information": {
        "CVE IDs:": "CVE-2008-1585",
        "Severity Metric:": "18.25",
        "Date Public:": "2008-06-09",
        "Date First Published:": "2008-06-10",
        "Date Last Updated:": "2008-06-10 19:25 UTC",
        "Document Revision:": "8"
    }
}