{
    "Title": "VU#133771 - Lotus Domino Web Server discloses IP address",
    "Overview": "Lotus Domino Web server discloses its IP address to some HTTP requests.",
    "Description": "Lotus Domino can be coerced to reveal its IP address by sending it a crafted HTTP request.",
    "Impact": "Attackers can discover limited information about the numbering of the Domino server's network.",
    "Solution": "The CERT/CC is currently unaware of a practical solution to this problem.",
    "Vendor Information": [
        {
            "Name": "Lotus"
        }
    ],
    "CVSS Metrics": [
        {
            "Group": "Base",
            "Score": "",
            "Vector": ""
        },
        {
            "Group": "Temporal",
            "Score": "",
            "Vector": ""
        },
        {
            "Group": "Environmental",
            "Score": "",
            "Vector": ""
        }
    ],
    "References": [
        "[http://www.securityfocus.com/bid/3350](http://www.securityfocus.com/bid/3350)"
    ],
    "Acknowledgements": "Thanks to Frank Boldewin for discovering this vulnerability.This document was written by Shawn Van Ittersum.",
    "Other Information": {
        "CVE IDs:": "CVE-2001-1018",
        "Severity Metric:": "3.75",
        "Date Public:": "2001-09-20",
        "Date First Published:": "2002-06-13",
        "Date Last Updated:": "2002-06-13 00:40 UTC",
        "Document Revision:": "13"
    }
}