{
    "Title": "VU#134025 - kernel-utils sets insecure permissions on \"uml_net\" utility",
    "Overview": "The uml_net utility, part of the kernel-utils package in [Red Hat](http://www.redhat.com) Linux 8.0, was shipped with incorrect permissions.",
    "Description": "User-Mode Linux ([UML](http://user-mode-linux.sourceforge.net/linux.sourceforge.net/)) is a tool to provide a virtual machine in which to run another copy of Linux. In Red Hat linux 8.0, the kernel-utils package contains the UML utilities. One of the UML utilities, uml_net, was incorrectly shipped setuid root.",
    "Impact": "Local users could control network interfaces, put interfaces into promiscuous mode, and add and remove arp entries and routes.",
    "Solution": "Apply a patch as described in the [Red Hat bulletin](https://rhn.redhat.com/errata/RHSA-2003-056.html). If a patch cannot be applied, you can remove the suid bit from the uml_net package with the following command: chmod -s /usr/bin/uml_net",
    "Vendor Information": [
        {
            "Name": "Red Hat Inc.",
            "Status": "Affected",
            "Vendor Statement": "See [https://rhn.redhat.com/errata/RHSA-2003-056.html](https://rhn.redhat.com/errata/RHSA-2003-056.html).",
            "Vendor Information": "The vendor has not provided us with any further information regarding this vulnerability.",
            "Addendum": "The CERT/CC has no additional comments at this time.If you have feedback, comments, or additional information about this vulnerability, please send us [email](mailto:cert@cert.org?Subject=VU%23134025 Feedback)."
        }
    ],
    "CVSS Metrics": [
        {
            "Group": "Base",
            "Score": "",
            "Vector": ""
        },
        {
            "Group": "Temporal",
            "Score": "",
            "Vector": ""
        },
        {
            "Group": "Environmental",
            "Score": "",
            "Vector": ""
        }
    ],
    "References": [
        "[https://rhn.redhat.com/errata/RHSA-2003-056.html](https://rhn.redhat.com/errata/RHSA-2003-056.html)",
        "[https://bugzilla.redhat.com/bugzilla/show_bug.cgi?id=83685](https://bugzilla.redhat.com/bugzilla/show_bug.cgi?id=83685)",
        "[http://user-mode-linux.sourceforge.net/](http://user-mode-linux.sourceforge.net/)",
        "[http://lwn.net/Vulnerabilities/22202/](http://lwn.net/Vulnerabilities/22202/)",
        "[http://online.securityfocus.com/advisories/4951](http://online.securityfocus.com/advisories/4951)",
        "[http://www.uniras.gov.uk/l1/l2/l3/brief2003/Brief%20-%207303.txt](http://www.uniras.gov.uk/l1/l2/l3/brief2003/Brief%20-%207303.txt)"
    ],
    "Acknowledgements": "Red Hat has credited Johny Robertson for discovering this issue. This document was written by Shawn Hernan based on information provided by Red Hat and other sources.",
    "Other Information": {
        "CVE IDs:": "CVE-2003-0019",
        "Severity Metric:": "15.82",
        "Date Public:": "2003-02-07",
        "Date First Published:": "2003-02-11",
        "Date Last Updated:": "2003-02-11 18:03 UTC",
        "Document Revision:": "4"
    }
}