{
    "Title": "VU#135531 - Allaire ColdFusion Server contains vulnerability allowing unauthorized user read/delete access to files",
    "Overview": "A vulnerability exists in [Allaire ColdFusion Server](http://www.macromedia.com/software/coldfusion/productinfo/overview/cf_server.html) which allows an attacker to have unauthorized read and delete access to files on the target host.",
    "Description": "A remotely exploitable vulnerability exists in the [Allaire ColdFusion Server](http://www.macromedia.com/software/coldfusion/productinfo/overview/cf_server.html) which could allow an attacker to have unauthorized read and delete access to files on the target host. For more information on this vulnerability and versions affected, please see the [Macromedia Product Security Bulletin (MPSB01-07)](http://www.allaire.com/handlers/index.cfm?id=21566).",
    "Impact": "An attacker can cause the ColdFusion server to retrieve or delete arbitrary files accessible to the ColdFusion server process. This vulnerability may allow an attacker to disclose confidential information and/or destroy data on the target host. Note that this attack does not depend on how the targeted site's ColdFusion application is coded in the ColdFusion Markup Language (CFML).",
    "Solution": "Apply the following patches available from [Allaire](http://www.allaire.com):[Windows Editions](http://a725.g.akamai.net/7/725/3564/v002/download.macromedia.com/publicdl/update/en/coldfusion/45/CFMPSB0107Windows.exe)[Solairs Editions](http://a725.g.akamai.net/7/725/3564/v002/download.macromedia.com/publicdl/update/en/coldfusion/45/CFMPSB0107Solaris.tar.gz)[Linux Editions](http://a725.g.akamai.net/7/725/3564/v002/download.macromedia.com/publicdl/update/en/coldfusion/45/CFMPSB0107Linux.tar.gz)[HP-UX Editions](http://a725.g.akamai.net/7/725/3564/v002/download.macromedia.com/publicdl/update/en/coldfusion/45/CFMPSB0107HPUX.tar.gz)",
    "Vendor Information": [
        {
            "Name": "Macromedia Inc.",
            "Status": "Affected",
            "Vendor Statement": "Please see [http://www.allaire.com/handlers/index.cfm?id=21566](http://www.allaire.com/handlers/index.cfm?id=21566)",
            "Vendor Information": "The vendor has not provided us with any further information regarding this vulnerability.",
            "Addendum": "The CERT/CC has no additional comments at this time.If you have feedback, comments, or additional information about this vulnerability, please send us [email](mailto:cert@cert.org?Subject=VU%23135531 Feedback)."
        }
    ],
    "CVSS Metrics": [
        {
            "Group": "Base",
            "Score": "",
            "Vector": ""
        },
        {
            "Group": "Temporal",
            "Score": "",
            "Vector": ""
        },
        {
            "Group": "Environmental",
            "Score": "",
            "Vector": ""
        }
    ],
    "References": [
        "[http://www.securityfocus.com/bid/3018](http://www.securityfocus.com/bid/3018)",
        "[http://www.allaire.com/handlers/index.cfm?id=21566](http://www.allaire.com/handlers/index.cfm?id=21566)"
    ],
    "Acknowledgements": "This vulnerability was reported to the CERT/CC by Macromedia on July 11, 2001.This document was written by Ian A. Finlay.",
    "Other Information": {
        "CVE IDs:": "CVE-2001-1120",
        "Severity Metric:": "18.98",
        "Date Public:": "2001-07-11",
        "Date First Published:": "2001-07-30",
        "Date Last Updated:": "2003-04-09 19:24 UTC",
        "Document Revision:": "24"
    }
}