{
    "Title": "VU#135606 - Dell KACE K2000 Appliance contains backdoor administrator account",
    "Overview": "The Dell KACE K2000 System Deployment Appliance contains a hidden administrator account that could allow a remote attacker to take control of an affected device.",
    "Description": "The Dell KACE K2000 Deployment Appliance is an integrated systems provisioning product for large-scale operating systems deployment. Some versions of the product contain a backdoor administrator account with a fixed password, accessible via the administrative web interface of the device. Furthermore, the backdoor account is not visible from, and cannot be removed via the appliance's administrative web interface.",
    "Impact": "A remote attacker could login to an affected device with administrative privileges. Secondary impacts include: the ability to make configuration changes, modification of existing deployment/recovery images, access to sensitive information, and the ability to mount further attacks (e.g., execute arbitrary commands with elevated privileges).",
    "Solution": "Apply an updateThe Dell KACE K2000 Deployment Appliance version 3.7 removed this hidden administrator account. Affected users are encouraged to update as soon as possible to version 3.7 or later.",
    "Vendor Information": [
        {
            "Name": "Dell Computer Corporation, Inc.",
            "Status": "Affected",
            "Vendor Statement": "We have not received a statement from the vendor.",
            "Vendor Information": "We are not aware of further vendor information regarding this vulnerability."
        }
    ],
    "CVSS Metrics": [
        {
            "Group": "Base",
            "Score": "0",
            "Vector": "AV:--/AC:--/Au:--/C:--/I:--/A:--"
        },
        {
            "Group": "Temporal",
            "Score": "0",
            "Vector": "E:ND/RL:ND/RC:ND"
        },
        {
            "Group": "Environmental",
            "Score": "0",
            "Vector": "CDP:ND/TD:ND/CR:ND/IR:ND/AR:ND"
        }
    ],
    "References": [
        "[https://support.software.dell.com/k2000-systems-deployment-appliance/kb/115560](https://support.software.dell.com/k2000-systems-deployment-appliance/kb/115560)"
    ],
    "Acknowledgements": "Thanks to Tenable Network Security for reporting this vulnerability.This document was written by Chad Dougherty.",
    "Other Information": {
        "CVE IDs:": "CVE-2011-4046",
        "Severity Metric:": "33.84",
        "Date Public:": "2011-11-03",
        "Date First Published:": "2011-11-08",
        "Date Last Updated:": "2015-09-30 20:07 UTC",
        "Document Revision:": "26"
    }
}