{
    "Title": "VU#135940 - Windows SMB version 2 vulnerability",
    "Overview": "Microsoft Windows Vista and Server 2008 do not correctly parse SMB version 2 messages.This vulnerability could allow an attacker to execute arbitrary code.",
    "Description": "The Server Message Block version 2 (SMBv2) protocol is the successor to the original SMB protocol. SMBv2 is available in Windows Vista, Server 2008 and Windows 7 release candidates. Windows Vista and Server 2008 fail to properly process fails to properly parse the headers for the Negotiate Protocol Request portion of an SMBv2 message.",
    "Impact": "An attacker may be able to execute arbitrary code or cause a vulnerable system to crash.",
    "Solution": "There is currently no solution to this problem. Until patches are available, users and administrators are encouraged to review the below workarounds.Restrict accessBlocking access to ports 139/tcp and 445/tcp on  vulnerable systems will mitigate this vulnerability. Administrators can configure mobile systems that use the Windows Firewall to open these ports only when the user is authenticated to a domain controller by using the firewall's \"[profile](http://technet.microsoft.com/en-us/library/dd734783(WS.10).aspx)\" feature.Disable SMBv2Disabling SMBv2 will mitigate this issue. The below steps to disable SMBv2 are provided in Microsoft Security Advisory [975497](http://www.microsoft.com/technet/security/advisory/975497.mspx).Click Start, click Run, type Regedit in the Open box, and then click OK.Locate and then click the following registry subkey:HKEY_LOCAL_MACHINE\\System\\CurrentControlSet\\ServicesClick LanmanServer.Click Parameters.Right-click to add a new DWORD (32 bit) Value.Enter smb2 in the Name data field, and change the Value data field to 0.Exit.From a command prompt and with administrator privileges, type net stop server and then net start server.",
    "Vendor Information": [
        {
            "Name": "Microsoft Corporation"
        }
    ],
    "CVSS Metrics": [
        {
            "Group": "Base",
            "Score": "",
            "Vector": ""
        },
        {
            "Group": "Temporal",
            "Score": "",
            "Vector": ""
        },
        {
            "Group": "Environmental",
            "Score": "",
            "Vector": ""
        }
    ],
    "References": [
        "[http://www.microsoft.com/technet/security/advisory/975497.mspx](http://www.microsoft.com/technet/security/advisory/975497.mspx)",
        "[http://technet.microsoft.com/en-us/library/dd734783(WS.10).aspx](http://technet.microsoft.com/en-us/library/dd734783(WS.10).aspx)",
        "[http://g-laurent.blogspot.com/2009/09/windows-vista7-smb20-negotiate-protocol.html](http://g-laurent.blogspot.com/2009/09/windows-vista7-smb20-negotiate-protocol.html)"
    ],
    "Acknowledgements": "Thanks to Microsoft and Laurent Gaffi\u00e9 for information that was used in this report.This document was written by Ryan Giobbi.",
    "Other Information": {
        "CVE IDs:": "CVE-2009-3103",
        "Severity Metric:": "62.70",
        "Date Public:": "2009-09-07",
        "Date First Published:": "2009-09-10",
        "Date Last Updated:": "2009-09-16 14:44 UTC",
        "Document Revision:": "16"
    }
}