{
    "Title": "VU#136849 - Microsoft Internet Explorer UTF-8 decoding vulnerability",
    "Overview": "Microsoft Internet Explorer fails to properly decode UTF-8 encoded HTML.  This may allow a remote, unauthenticated attacker to execute arbitrary code on a vulnerable system.",
    "Description": "UnicodeThe [Unicode](http://www.unicode.org/) character set contains more than 96,000 characters. Because of this, Unicode can be used to represent a wide range of languages.UTF-8UTF-8 (Unicode Tranlation Format 8) is a type of character encoding for Unicode character sets.The problemInternet Explorer fails to properly calculate memory sizes when decoding UTF-8 encoded characters.  This can cause heap memory corruption.",
    "Impact": "By convincing a user to view a specially crafted HTML document (e.g., a web page, an HTML email message, or an email attachment), an attacker could execute arbitrary code with the privileges of the user.  The attacker could also cause IE (or the program using the MSHTML component) to crash.",
    "Solution": "Apply an updateThis issue is addressed in Microsoft Security Bulletin [MS06-021](http://www.microsoft.com/technet/security/bulletin/ms06-021.mspx).  This update modifies the way that Internet Explorer decodes UTF-8 encoded HTML.Read and send email in plain text formatOutlook 2003, Outlook 2002 SP1, and Outlook 6 SP1 can be configured to view email messages in text format. Consider the security of fellow Internet users and send email in plain text format when possible.Do not follow unsolicited linksIn order to convince users to visit their sites, attackers often use URL encoding, IP address variations, long URLs, intentional misspellings, and other techniques to create misleading links. Do not click on unsolicited links received in email, instant messages, web forums, or internet relay chat (IRC) channels. Type URLs directly into the browser to avoid these misleading links. While these are generally good security practices, following these behaviors will not prevent exploitation of this vulnerability in all cases, particularly if a trusted site has been compromised or allows cross-site scripting.",
    "Vendor Information": [
        {
            "Name": "Microsoft Corporation"
        }
    ],
    "CVSS Metrics": [
        {
            "Group": "Base",
            "Score": "",
            "Vector": ""
        },
        {
            "Group": "Temporal",
            "Score": "",
            "Vector": ""
        },
        {
            "Group": "Environmental",
            "Score": "",
            "Vector": ""
        }
    ],
    "References": [
        "[http://www.microsoft.com/technet/security/Bulletin/MS06-021.mspx](http://www.microsoft.com/technet/security/Bulletin/MS06-021.mspx)",
        "[http://www.zerodayinitiative.com/advisories/ZDI-06-017.html](http://www.zerodayinitiative.com/advisories/ZDI-06-017.html)"
    ],
    "Acknowledgements": "Thanks to Microsoft Security for reporting this vulnerability.  Microsoft, in turn, thanks Tippingpoint for reporting this issue.This document was written by Will Dormann.",
    "Other Information": {
        "CVE IDs:": "CVE-2006-2382",
        "Severity Metric:": "17.21",
        "Date Public:": "2006-06-13",
        "Date First Published:": "2006-06-13",
        "Date Last Updated:": "2006-06-13 18:58 UTC",
        "Document Revision:": "2"
    }
}