{
    "Title": "VU#137555 - HP Tru64 UNIX \"chfn\" contains buffer overflow (SSRT2259)",
    "Overview": "The [HP Tru64 UNIX](http://www.tru64unix.compaq.com/) implementation of \"chfn\" contains a locally exploitable buffer overflow.",
    "Description": "A locally exploitable buffer overflow in \"chfn\" may permit a local attacker to gain elevated privileges and execute arbitrary code on a vulnerable host.",
    "Impact": "A local user may be able to gain elevated privileges and execute arbitrary code.",
    "Solution": "Apply a patch.",
    "Vendor Information": [
        {
            "Name": "Hewlett-Packard Company"
        }
    ],
    "CVSS Metrics": [
        {
            "Group": "Base",
            "Score": "",
            "Vector": ""
        },
        {
            "Group": "Temporal",
            "Score": "",
            "Vector": ""
        },
        {
            "Group": "Environmental",
            "Score": "",
            "Vector": ""
        }
    ],
    "References": [
        "[http://www.securityfocus.com/bid/5381](http://www.securityfocus.com/bid/5381)",
        "[http://ftp.support.compaq.com/patches/public/Readmes/unix/t64v51ab3-c0043701-15279-es-20020828.README](http://ftp.support.compaq.com/patches/public/Readmes/unix/t64v51ab3-c0043701-15279-es-20020828.README)"
    ],
    "Acknowledgements": "Thanks to Kevin Finisterre for reporting this vulnerability.This document was written by Ian A Finlay & John W. Shaffer.",
    "Other Information": {
        "CVE IDs:": "None",
        "Severity Metric:": "9.38",
        "Date Public:": "2002-08-01",
        "Date First Published:": "2002-09-20",
        "Date Last Updated:": "2002-09-20 13:47 UTC",
        "Document Revision:": "14"
    }
}