{
    "Title": "VU#138188 - Microsoft Outlook Web Access for Exchange Server script injection vulnerability",
    "Overview": "A script injection vulnerability exists in Microsoft Exchange Server running Outlook Web Access.",
    "Description": "Microsoft Outlook Web Access (OWA) is a service of [Exchange Server](http://www.microsoft.com/exchange/default.mspx).  OWA allows authorized users to read and send email, manage their calendar, and perform other functions on an Exchange server via the Web.Outlook Web Access fails to correctly filter script contained in an email message under certain circumstances.  This results in a vulnerability that could allow an attacker to supply script that would be executed by a user using OWA to read email.",
    "Impact": "A remote attacker with the ability to supply an email message containing specially crafted script may be able to execute the script in the security context of the victim user on the client system.  Microsoft states that user interaction is required to exploit this vulnerability.",
    "Solution": "Apply a patchMicrosoft has published patches for this issue in Microsoft Security Bulletin [MS06-029](http://www.microsoft.com/technet/security/bulletin/ms06-029.mspx).WorkaroundsIn addition to the patches, Microsoft has also published a number of [workarounds](http://www.microsoft.com/technet/security/bulletin/ms06-032.mspx#ELIAC) for this issue in  [Microsoft Security Bulletin MS06-029](http://www.microsoft.com/technet/security/bulletin/ms06-029.mspx).  Users, particularly those who are unable to apply the patch, are encouraged to implement these workarounds.",
    "Vendor Information": [
        {
            "Name": "Microsoft Corporation"
        }
    ],
    "CVSS Metrics": [
        {
            "Group": "Base",
            "Score": "",
            "Vector": ""
        },
        {
            "Group": "Temporal",
            "Score": "",
            "Vector": ""
        },
        {
            "Group": "Environmental",
            "Score": "",
            "Vector": ""
        }
    ],
    "References": [
        "[http://www.microsoft.com/technet/security/bulletin/ms06-029.mspx](http://www.microsoft.com/technet/security/bulletin/ms06-029.mspx)"
    ],
    "Acknowledgements": "Thanks to Microsoft for reporting this vulnerability.  Microsoft, in turn, credits Daniel Fabian of SEC Consult with reporting this issue to them.This document was written by Chad R Dougherty.",
    "Other Information": {
        "CVE IDs:": "CVE-2006-1193",
        "Severity Metric:": "15.19",
        "Date Public:": "2006-06-13",
        "Date First Published:": "2006-06-13",
        "Date Last Updated:": "2006-06-13 20:42 UTC",
        "Document Revision:": "10"
    }
}