{
    "Title": "VU#138457 - Adobe Flash Player fails to properly validate HTTP Referers",
    "Overview": "The Adobe Flash Player fails to properly validate HTTP Referers. This may allow an attacker to conduct cross-site request forgery attacks.",
    "Description": "Adobe Flash Player is a player for the Flash media format and enables frame-based animations with sound to be viewed within a web browser. HTTP Referer Headers are defined in section 14.36 of RFC [2616](http://tools.ietf.org/html/rfc2616#section-14.36):The Referer[sic] request-header field allows the client to specify, for the server's benefit, the address (URI) of the resource from which the Request-URI was obtained (the \"referrer\", although the header field is misspelled.) The Referer request-header allows a server to generate lists of back-links to resources for interest, logging, optimized caching, etc. It also allows obsolete or mistyped links to be traced for maintenance. The Referer field MUST NOT be sent if the Request-URI was obtained from a source that does not have its own URI, such as input from the user keyboard.Per Adobe Security Bulletin APSB [07-12](http://www.adobe.com/support/security/bulletins/apsb07-12.html), HTTP Referers are not sufficiently validated in Flash Player 8.0.34.0 and earlier.",
    "Impact": "An attacker may be able to execute cross-site request forgery attacks.",
    "Solution": "Apply a patchUpdated versions of the affected software have been published to address this issue. Please see the Systems Affected section of this document for more information.",
    "Vendor Information": [
        {
            "Name": "Adobe"
        }
    ],
    "CVSS Metrics": [
        {
            "Group": "Base",
            "Score": "",
            "Vector": ""
        },
        {
            "Group": "Temporal",
            "Score": "",
            "Vector": ""
        },
        {
            "Group": "Environmental",
            "Score": "",
            "Vector": ""
        }
    ],
    "References": [
        "[http://www.adobe.com/support/security/bulletins/apsb07-12.html](http://www.adobe.com/support/security/bulletins/apsb07-12.html)",
        "[http://tools.ietf.org/html/rfc2616#section-14.36](http://tools.ietf.org/html/rfc2616#section-14.36)",
        "[http://secunia.com/advisories/26027/](http://secunia.com/advisories/26027/)"
    ],
    "Acknowledgements": "Thanks to Adobe for information that was used in this report. Adobe credits Daiki Fukumori of Secure Sky Technology, Inc for reporting the vulnerability.This document was written by Ryan Giobbi.",
    "Other Information": {
        "CVE IDs:": "CVE-2007-3457",
        "Severity Metric:": "4.32",
        "Date Public:": "2007-07-10",
        "Date First Published:": "2007-07-12",
        "Date Last Updated:": "2007-07-16 13:54 UTC",
        "Document Revision:": "13"
    }
}