{
    "Title": "VU#138538 - WebEOC is vulnerable to cross-site scripting attacks",
    "Overview": "WebEOC contains multiple cross-site scripting vulnerabilities that may allow a remote attacker to inject and execute arbitrary script using a vulnerable WebEOC site.",
    "Description": "WebEOC is a web-based crisis information management application that provides functions to gather, coordinate, and disseminate information between emergency personnel and Emergency Operations Centers (EOC). WebEOC contains multiple cross-site scripting vulnerabilities in different web pages throughout the application. Cross-site scripting is a technique used to inject malicious script (JavaScript, VBScript, etc.) or HTML into a web page. More information about cross-site scripting can be found in CERT Advisory [CA-2000-02](http://www.cert.org/advisories/CA-2000-02.html).",
    "Impact": "A remote attacker may be able to use a vulnerable WebEOC site to execute arbitrary script. In addition, that attacker may be able to retrieve sensitive data from WebEOC site. This data may include any arbitrary information, such as authentication and medical information.",
    "Solution": "Upgrade Version 6.0.2 corrects this vulnerability. According to ESi:This vulnerability has been addressed in version 6.0.2. Validation checks have been added to all input fields that appeared to be vulnerable to cross-site scripting attacks.To obtain WebEOC upgrades, contact ESi [Technical Support](http://www.esi911.com/esi/support/support.htm).Do not follow unsolicited linksIn order to convince users to visit their sites, attackers often use URL encoding, IP address variations, long URLs, intentional misspellings, and other techniques to create misleading links. Do not click on unsolicited links received in email, instant messages, web forums, or internet relay chat (IRC) channels. Type URLs directly into the browser to avoid these misleading links. While these are generally good security practices, following these behaviors will not prevent exploitation of this vulnerability in all cases, particularly if a trusted site has been compromised or allows cross-site scripting.",
    "Vendor Information": [
        {
            "Name": "ESi"
        }
    ],
    "CVSS Metrics": [
        {
            "Group": "Base",
            "Score": "",
            "Vector": ""
        },
        {
            "Group": "Temporal",
            "Score": "",
            "Vector": ""
        },
        {
            "Group": "Environmental",
            "Score": "",
            "Vector": ""
        }
    ],
    "References": [
        "[http://www.esi911.com/esi/products/webeoc.shtml](http://www.esi911.com/esi/products/webeoc.shtml)",
        "[http://www.esi911.com/esi/support/support.htm](http://www.esi911.com/esi/support/support.htm)",
        "[http://secunia.com/advisories/16075/](http://secunia.com/advisories/16075/)"
    ],
    "Acknowledgements": "This document is based on technical analysis by IOActive and additional information from ESi. Thanks also to the City of Seattle for bringing this to our attention.This document was written by Jeff Gennari.",
    "Other Information": {
        "CVE IDs:": "CVE-2005-2282",
        "Severity Metric:": "6.08",
        "Date Public:": "2005-07-13",
        "Date First Published:": "2005-07-13",
        "Date Last Updated:": "2005-07-26 19:25 UTC",
        "Document Revision:": "47"
    }
}