{
    "Title": "VU#138545 - Java Runtime Environment Image Parsing Code buffer overflow vulnerability",
    "Overview": "The Sun Java Runtime Environment contains a buffer overflow vulnerability that may allow an attacker to execute code or read local files.",
    "Description": "The Java Runtime Environment ([JRE](http://java.sun.com/j2se/1.4.2/download.html)) is a group software packages from Sun Microsystems that allow a computer to access and use Java applications. Sun distributes a JRE plug-in for web browsers that allow websites to include Java applications that can execute in the user's web browser. The JRE is part of the Java Development Kit (JDK).The International Color Consortium ([ICC](http://www.color.org/)) supports cross-platform color management systems. One of these systems is the ICC profile format.There is a buffer overflow vulnerability in the Java Runtime Environment. From Sun Alert [102934](http://www.sunsolve.sun.com/search/document.do?assetkey=1-26-102934-1):A buffer overflow vulnerability in the image parsing code in the Java Runtime Environment may allow an untrusted applet or application to elevate its privileges. For example, an applet may grant itself permissions to read and write local files or execute local applications that are accessible to the user running the untrusted applet.The image parsers that come with the Java Development Kit (JDK) support embedded ICC profiles. The ICC parser that comes with the Sun JRE uses native code that contains the buffer overflow.  More information is available in Chris Evans' security advisory [CESA-2006-004](http://scary.beasts.org/security/CESA-2006-004.html).Note that an attacker may be able to exploit this vulnerability by convincing a user to open a website that hosts a specially crafted Java applet.",
    "Impact": "A remote, unauthenticated attacker may be able to read or write files and execute code with the privileges of the user who is running the JRE.",
    "Solution": "UpdateSun has provided an update to address this issue. Users are encouraged to update to JRE 6 Update 1 or JRE 5.0 Update 11. Administrators should see Sun Alert [102934](http://www.sunsolve.sun.com/search/document.do?assetkey=1-26-102934-1) for a full list of affected products and fixed software. The [Java Test Page](http://java.com/en/download/help/testvm.xml) can be used to determine what version of the Java JRE is currently installed. To adjust the JRE update settings, see the [update](http://java.sun.com/j2se/1.5.0/docs/guide/deployment/deployment-guide/jcp.html#update) section of the Java deployment guide.Disable the JRE browser plug-inDisabling the JRE browser plug-in may mitigate most web-based attacks against this vulnerability. See the [Securing Your Web Browser](http://www.cert.org/tech_tips/securing_browser/) document for more information on how to disable Java in your browser.",
    "Vendor Information": [
        {
            "Name": "Sun Microsystems, Inc."
        }
    ],
    "CVSS Metrics": [
        {
            "Group": "Base",
            "Score": "",
            "Vector": ""
        },
        {
            "Group": "Temporal",
            "Score": "",
            "Vector": ""
        },
        {
            "Group": "Environmental",
            "Score": "",
            "Vector": ""
        }
    ],
    "References": [
        "[http://www.sunsolve.sun.com/search/document.do?assetkey=1-26-102934-1](http://www.sunsolve.sun.com/search/document.do?assetkey=1-26-102934-1)",
        "[http://java.sun.com/j2se/1.5.0/docs/guide/deployment/deployment-guide/jcp.html#update](http://java.sun.com/j2se/1.5.0/docs/guide/deployment/deployment-guide/jcp.html#update)",
        "[http://scary.beasts.org/security/CESA-2006-004.html](http://scary.beasts.org/security/CESA-2006-004.html)",
        "[http://java.sun.com/j2se/1.4.2/download.html](http://java.sun.com/j2se/1.4.2/download.html)",
        "[http://java.com/en/download/help/testvm.xml](http://java.com/en/download/help/testvm.xml)",
        "[http://www.cert.org/tech_tips/securing_browser/](http://www.cert.org/tech_tips/securing_browser/)",
        "[http://www.color.org/](http://www.color.org/)",
        "[http://www.auscert.org.au/render.html?it=7664&template=1](http://www.auscert.org.au/render.html?it=7664&template=1)",
        "[http://www.securityfocus.com/bid/24004](http://www.securityfocus.com/bid/24004)",
        "[http://xforce.iss.net/xforce/xfdb/34318](http://xforce.iss.net/xforce/xfdb/34318)"
    ],
    "Acknowledgements": "Thanks to Sun for information that was used in this report. Sun thanks Chris Evans for reporting this vulnerability.This document was written by Ryan Giobbi.",
    "Other Information": {
        "CVE IDs:": "CVE-2007-2788",
        "Severity Metric:": "12.39",
        "Date Public:": "2007-06-04",
        "Date First Published:": "2007-06-06",
        "Date Last Updated:": "2007-07-16 22:21 UTC",
        "Document Revision:": "22"
    }
}