{
    "Title": "VU#139421 - simpleproxy format string vulnerability",
    "Overview": "A format string vulnerability in the simpleproxy TCP proxy may allow a remote attacker to execute arbitrary code on a vulnerable system.",
    "Description": "simpleproxy, a basic open source TCP proxy, contains a format string vulnerability in an unspecified HTTP proxy request handling routine. If a remote attacker sends simpleproxy a specially crafted HTTP request, they may be able to execute arbitrary code on a vulnerable system.",
    "Impact": "A remote attacker may be able to execute arbitrary code with the privileges of the simpleproxy process.",
    "Solution": "UpgradeUpgrading to simpleproxy version 3.4 corrects this problem.",
    "Vendor Information": [
        {
            "Name": "Debian Linux",
            "Status": "Affected",
            "Vendor Statement": "The old stable distribution (woody) is not affected.For the stable distribution (sarge) this problem has been fixed in version 3.2-3sarge1.For the unstable distribution (sid) this problem has been fixed in version 3.2-4.",
            "Vendor Information": "The vendor has not provided us with any further information regarding this vulnerability."
        },
        {
            "Name": "simpleproxy"
        }
    ],
    "CVSS Metrics": [
        {
            "Group": "Base",
            "Score": "",
            "Vector": ""
        },
        {
            "Group": "Temporal",
            "Score": "",
            "Vector": ""
        },
        {
            "Group": "Environmental",
            "Score": "",
            "Vector": ""
        }
    ],
    "References": [
        "[http://secunia.com/advisories/16567/](http://secunia.com/advisories/16567/)",
        "[http://www.us.debian.org/security/2005/dsa-786](http://www.us.debian.org/security/2005/dsa-786)",
        "[http://sourceforge.net/projects/simpleproxy](http://sourceforge.net/projects/simpleproxy)"
    ],
    "Acknowledgements": "This vulnerability was reported by Ulf Harnhammar.This document was written by Jeff Gennari.",
    "Other Information": {
        "CVE IDs:": "CVE-2005-1857",
        "Severity Metric:": "5.84",
        "Date Public:": "2005-08-26",
        "Date First Published:": "2005-09-02",
        "Date Last Updated:": "2005-10-10 17:31 UTC",
        "Document Revision:": "19"
    }
}