{
    "Title": "VU#139504 - Sun Solaris X Display Manager does not properly handle invalid XDMCP requests",
    "Overview": "There is a vulnerability in the way Sun Solaris handles invalid X Display Manager Control Protocol (XDMCP) requests. Exploitation of this vulnerability could allow an attacker to cause the X Display Manager (XDM) to crash.",
    "Description": "The X Display Manager ([xdm(1)](http://www.xfree86.org/current/xdm.1.html)) is responsible for managing collections of X displays from local or remote servers using the X Display Manager Control Protocol (XDMCP). The Sun Solaris X Display Manager contains a denial-of-service vulnerability that could be triggered by an invalid XDMCP packet.",
    "Impact": "A remote attacker with the ability to send XDMCP packets to a vulnerable system could cause the X Display Manager to crash.",
    "Solution": "Apply patchSun has issued an advisory which addresses this issue. For more information on patches available for your system, please refer to [Sun Security Alert 57619](http://sunsolve.sun.com/pub-cgi/retrieve.pl?doc=fsalert/57619).Restrict accessBlock or restrict UDP(7P) packets destined for port 177/udp from untrusted networks such as the Internet.Disable XDMCP connectionsAccording to the [Sun Security Alert](http://sunsolve.sun.com/pub-cgi/retrieve.pl?doc=fsalert/57619), xdm(1M) can be configured to not listen for XDMCP connections by editing the \"/usr/openwin/lib/X11/xdm/xdm-config\" file and adding the following line: DisplayManager.requestPort: 0Note: Controlling access via the access control list in the \"Xaccess\" file is not effective at preventing this issue.",
    "Vendor Information": [
        {
            "Name": "Sun Microsystems Inc."
        }
    ],
    "CVSS Metrics": [
        {
            "Group": "Base",
            "Score": "",
            "Vector": ""
        },
        {
            "Group": "Temporal",
            "Score": "",
            "Vector": ""
        },
        {
            "Group": "Environmental",
            "Score": "",
            "Vector": ""
        }
    ],
    "References": [
        "[http://sunsolve.sun.com/pub-cgi/retrieve.pl?doc=fsalert/57619](http://sunsolve.sun.com/pub-cgi/retrieve.pl?doc=fsalert/57619)",
        "[http://secunia.com/advisories/12257/](http://secunia.com/advisories/12257/)"
    ],
    "Acknowledgements": "This vulnerability was reported by Sun Microsystems.This document was written by Damon Morda.",
    "Other Information": {
        "CVE IDs:": "None",
        "Severity Metric:": "4.30",
        "Date Public:": "2004-08-09",
        "Date First Published:": "2004-08-11",
        "Date Last Updated:": "2004-08-11 18:39 UTC",
        "Document Revision:": "16"
    }
}