{
    "Title": "VU#140129 - Adobe Reader EScript.api arbitrary code execution",
    "Overview": "The Adobe Acrobat Reader contains a vulnerability that may allow an attacker to execute arbitrary code.",
    "Description": "Adobe Acrobat Reader is software designed to view Portable Document Format (PDF) files. Adobe also distributes the Adobe Acrobat Plug-In to allow users to view PDF files inside of a web browser.Per iDefense Advisory  [02.08.08](http://labs.idefense.com/intelligence/vulnerabilities/display.php?id=656):Remote exploitation of an insecure method exposed by the JavaScript library in Adobe Reader and Acrobat could allow an attacker to execute arbitrary code as the current user.Adobe Reader and Acrobat implement a version of JavaScript in the EScript.api plug-in which is based on the reference implementation used in Mozilla products. One of the methods exposed allows direct control over low level features of the object, which in turn allows execution of arbitrary code.",
    "Impact": "By convincing a user to open a malicious PDF file, a remote, unauthenticated attacker may be able to execute arbitrary code. This can happen in several ways, such as opening an email attachment or viewing a web page.",
    "Solution": "UpdateAccording to the information in Adobe Security bulletin [APSB08-13](http://www.adobe.com/support/security/bulletins/apsb08-13.html), users with version 8 of Adobe Reader or Acrobat should upgrade to version 8.1.2. Users running version 7 of Adobe Reader or Acrobat should upgrade to version 7.1.0.  This issue was intially address for version 8 of Adobe Reader and Acrobat in Adobe Security advisory [APSA08-01](http://www.adobe.com/support/security/advisories/apsa08-01.html).Disable the displaying of PDF documents in the web browserPreventing PDF documents from opening inside a web browser may prevent this vulnerability from being automatically exploited. If this workaround is applied to updated versions of the Adobe reader, it may mitigate future vulnerabilities.To prevent PDF documents from automatically being opened in a web browser:Open Adobe Acrobat Reader.Open the Edit menu.Choose the preferences option.Choose the Internet section.Un-check the \"Display PDF in browser\" check box.Prevent Internet Explorer from automatically opening PDF documentsThe installer for Adobe Reader and Acrobat configures Internet Explorer to automatically open PDF files without any user interaction.  This behavior can be reverted to the safer option of prompting the user by importing the following as a .REG file:Windows Registry Editor Version 5.00[HKEY_CLASSES_ROOT\\AcroExch.Document.7]\"EditFlags\"=hex:00,00,00,00Disable JavaScript in Adobe Reader and Acrobat Disabling Javascript may prevent this vulnerability from being exploited. Acrobat JavaScript can be disabled in the General preferences dialog (Edit -> Preferences -> JavaScript and un-check Enable Acrobat JavaScript).Do not open untrusted PDF filesDo not open unfamiliar or unexpected PDF attachments. Users can convert PDF documents to text by using the Adobe [Online Conversion Tools](http://www.adobe.com/products/acrobat/access_onlinetools.html) site. See the Online Conversion Tools [FAQ](http://www.adobe.com/products/acrobat/access_tools_faq.html) for information about this service. This workaround will not mitigate all attack vectors.",
    "Vendor Information": [
        {
            "Name": "Adobe"
        }
    ],
    "CVSS Metrics": [
        {
            "Group": "Base",
            "Score": "",
            "Vector": ""
        },
        {
            "Group": "Temporal",
            "Score": "",
            "Vector": ""
        },
        {
            "Group": "Environmental",
            "Score": "",
            "Vector": ""
        }
    ],
    "References": [
        "[http://labs.idefense.com/intelligence/vulnerabilities/display.php?id=656](http://labs.idefense.com/intelligence/vulnerabilities/display.php?id=656)",
        "[http://www.adobe.com/support/security/advisories/apsa08-01.html](http://www.adobe.com/support/security/advisories/apsa08-01.html)",
        "[http://www.adobe.com/support/security/bulletins/apsb08-13.html](http://www.adobe.com/support/security/bulletins/apsb08-13.html)",
        "[http://www.adobe.com/products/acrobat/access_onlinetools.html](http://www.adobe.com/products/acrobat/access_onlinetools.html)",
        "[http://www.adobe.com/products/acrobat/access_tools_faq.html](http://www.adobe.com/products/acrobat/access_tools_faq.html)",
        "[http://plugindoc.mozdev.org/faqs/acroread.html](http://plugindoc.mozdev.org/faqs/acroread.html)"
    ],
    "Acknowledgements": "Thanks to Adobe and iDefense for information that was used in this report.This document was written by Ryan Giobbi.",
    "Other Information": {
        "CVE IDs:": "CVE-2007-5663",
        "Severity Metric:": "12.60",
        "Date Public:": "2008-02-09",
        "Date First Published:": "2008-02-12",
        "Date Last Updated:": "2008-05-09 20:18 UTC",
        "Document Revision:": "27"
    }
}