{
    "Title": "VU#140723 - Advanced Poll does not adequately authenticate users",
    "Overview": "Advanced Poll is a polling system written in PHP for use on web sites.  When a flat file database is used, Advanced Poll does not adequately authenticate users, thereby allowing any user to gain Advanced Poll administrative privileges.",
    "Description": "On versions of Advanced Poll older than 1.61 configured to use a flat file database, Advanced Poll allows clients to login as any user by setting the \"logged_in\" variable in the CGI query string of the GET request to Advanced Poll.",
    "Impact": "Attackers may login as the administrative user without authentication and gain adminstrator privileges for Advanced Poll.",
    "Solution": "Upgrade to version 1.61 or later at:[http://www.proxy2.de](http://www.proxy2.de)None.",
    "Vendor Information": [
        {
            "Name": "Chi Kien Uong",
            "Status": "Unknown",
            "Vendor Statement": "We have not received a statement from the vendor.",
            "Vendor Information": "The vendor has not provided us with any further information regarding this vulnerability.",
            "Addendum": "The CERT/CC has no additional comments at this time.If you have feedback, comments, or additional information about this vulnerability, please send us [email](mailto:cert@cert.org?Subject=VU%23140723 Feedback)."
        }
    ],
    "CVSS Metrics": [
        {
            "Group": "Base",
            "Score": "",
            "Vector": ""
        },
        {
            "Group": "Temporal",
            "Score": "",
            "Vector": ""
        },
        {
            "Group": "Environmental",
            "Score": "",
            "Vector": ""
        }
    ],
    "References": [
        "[http://securitytracker.com/alerts/2001/Oct/1002516.html](http://securitytracker.com/alerts/2001/Oct/1002516.html)",
        "[http://www.proxy2.de](http://www.proxy2.de)"
    ],
    "Acknowledgements": "Thanks to Derek Comartin and Security Tracker for reporting this vulnerability.This document was written by a member of the technical staff.",
    "Other Information": {
        "CVE IDs:": "None",
        "Severity Metric:": "1.14",
        "Date Public:": "2001-10-10",
        "Date First Published:": "2001-12-20",
        "Date Last Updated:": "2001-12-21 20:06 UTC",
        "Document Revision:": "10"
    }
}