{
    "Title": "VU#140886 - ManageEngine OpStor Build 8300 and earlier contain multiple vulnerabilities",
    "Overview": "ManageEngine OpStor Build 8300 and earlier contain multiple vulnerabilities.",
    "Description": "[CWE-472](http://cwe.mitre.org/data/definitions/472.html): External Control of Assumed-Immutable Web ParameterIt has been reported that the 'Properties.do?name='  module is vulnerable to an \u2018unauthorized function call\u2019 caused by server failing to properly verify the privilege level of user (ie; Admin, User, or Guest). This could allow a lower privileged user (ie Guest, User) to modify the hidden \u2018edit\u2019  boolean parameter  to \u2018true\u2019, to gain Admin level authority allowing them to make modification to device name and other information.[CWE-79](http://cwe.mitre.org/data/definitions/79.html): Improper Neutralization of Input During Web Page Generation ('Cross-site Scripting')It has been reported that the module name, mentioned above is also vulnerable to XSS injection by storing malformed name/malicious script provided by user. This malicious name is redistributed across subsequent  tabs and subdomain pages in the form of an executable web element.",
    "Impact": "An attacker may be able to read files from the filesystem, read or modify data in the application database, execute arbitrary scripts in the context of a victim's browser, redirect users to other websites, and forge requests on behalf of the victim.",
    "Solution": "UpdateThe vendor has stated that this vulnerability has been address in ManageEngine Build 8500. Affected users are advised to upgrade to ManageEngine Build 8500 or later.Restrict accessAs a general good security practice, only allow connections from trusted hosts and networks. Note that restricting access does not prevent XSS attacks since the attack comes as an HTTP request from a legitimate user's host. Restricting access would prevent an attacker from accessing the interface using stolen credentials from a blocked network location.",
    "Vendor Information": [
        {
            "Name": "Zoho",
            "Status": "Affected",
            "Vendor Statement": "We have not received a statement from the vendor.",
            "Vendor Information": "We are not aware of further vendor information regarding this vulnerability."
        }
    ],
    "CVSS Metrics": [
        {
            "Group": "Base",
            "Score": "6.3",
            "Vector": "AV:N/AC:M/Au:S/C:C/I:N/A:N"
        },
        {
            "Group": "Temporal",
            "Score": "4.4",
            "Vector": "E:U/RL:OF/RC:UR"
        },
        {
            "Group": "Environmental",
            "Score": "1.2",
            "Vector": "CDP:L/TD:L/CR:ND/IR:ND/AR:ND"
        }
    ],
    "References": [
        "[http://cwe.mitre.org/data/definitions/79.html](http://cwe.mitre.org/data/definitions/79.html)",
        "[http://cwe.mitre.org/data/definitions/472.html](http://cwe.mitre.org/data/definitions/472.html)",
        "[http://www.manageengine.com/products/opstor/](http://www.manageengine.com/products/opstor/)"
    ],
    "Acknowledgements": "Thanks to Security Researcher Mr. Aung Khant (aungkhant0911@gmail.com) for reporting this vulnerability.This document was written by Michael Orlando.",
    "Other Information": {
        "CVE IDs:": "CVE-2014-0344",
        "Date Public:": "2014-03-27",
        "Date First Published:": "2014-03-27",
        "Date Last Updated:": "2014-03-27 19:10 UTC",
        "Document Revision:": "11"
    }
}