{
    "Title": "VU#141528 - Mozilla products fail to properly handle JavaScript regular expressions",
    "Overview": "Mozilla products fail to properly handle certain JavaScript regular expressions.  This vulnerability may allow a remote, unauthenticated attacker to execute arbitrary code or cause a denial-of-service condition.",
    "Description": "According to Mozilla Foundation Security Advisory [2006-57](http://www.mozilla.org/security/announce/2006/mfsa2006-57.html): ...a regular expression that ends with a backslash inside an unterminated character set (e.g. \"[\\\\\") will cause the regular epression engine to read beyond the end of the buffer, possibly leading to a crash.JavaScript must be enabled in order for this vulnerability to be exposed. JavaScript is enabled by default in the Firefox web browser, but not in the Mozilla Thunderbird email client. This vulnerability could be exploited in an affected web browser by viewing a specially crafted web page, or in an affected email client by viewing a specially crafted email message.Note that this issue affects Mozilla Firefox, Thunderbird, and SeaMonkey.",
    "Impact": "A remote, unauthenticated attacker may be able to execute arbitrary code or cause a denial-of-service condition.",
    "Solution": "UpgradeThis issue is addressed by Firefox 1.5.0.7, Thunderbird 1.5.0.7, and SeaMonkey 1.0.5.Disable JavaScriptFor instructions on how to disable JavaScript in Firefox, please refer to the Firefox section of the [Securing Your Web Browser](http://www.us-cert.gov/reading_room/securing_browser/#Mozilla_Firefox) document.",
    "Vendor Information": [
        {
            "Name": "Mozilla, Inc."
        }
    ],
    "CVSS Metrics": [
        {
            "Group": "Base",
            "Score": "",
            "Vector": ""
        },
        {
            "Group": "Temporal",
            "Score": "",
            "Vector": ""
        },
        {
            "Group": "Environmental",
            "Score": "",
            "Vector": ""
        }
    ],
    "References": [
        "[http://secunia.com/advisories/21906/](http://secunia.com/advisories/21906/)",
        "[http://www.mozilla.org/security/announce/2006/mfsa2006-57.html](http://www.mozilla.org/security/announce/2006/mfsa2006-57.html)"
    ],
    "Acknowledgements": "This issue was reported in Mozilla Foundation Security Advisory 2006-57.  Mozilla credits Priit Laes, CanadianGuy, Girts Folkmanis, and Catalin Patulea for reporting this issue.This document was written by Chris Taschner.",
    "Other Information": {
        "CVE IDs:": "None",
        "Severity Metric:": "27.00",
        "Date Public:": "2006-09-15",
        "Date First Published:": "2006-09-20",
        "Date Last Updated:": "2006-10-02 13:53 UTC",
        "Document Revision:": "26"
    }
}