{
    "Title": "VU#142121 - zlib \"gzprintf()\" function vulnerable to buffer overflow",
    "Overview": "A buffer overflow exists in one of the functions included with the zlib compression library. This vulnerability may allow a remote attacker to execute arbitrary code or cause a denial of service. An exploit for this vulnerability is publicly available.",
    "Description": "The zlib [website](http://www.gzip.org/zlib/) describes zlib as a \"...lossless data-compression library for use on virtually any computer hardware and operating system.\" A buffer overflow exists in the gzprintf function contained within the zlib compression library. For more detailed information, please see Richard Kettlewell's [advisory](http://www.securityfocus.com/archive/1/312869).",
    "Impact": "A remote attacker may be able to execute code or cause a denial of service.",
    "Solution": "Apply a vendor patch.",
    "Vendor Information": [
        {
            "Name": "Gentoo Linux"
        }
    ],
    "CVSS Metrics": [
        {
            "Group": "Base",
            "Score": "",
            "Vector": ""
        },
        {
            "Group": "Temporal",
            "Score": "",
            "Vector": ""
        },
        {
            "Group": "Environmental",
            "Score": "",
            "Vector": ""
        }
    ],
    "References": [
        "[http://www.gzip.org/zlib/](http://www.gzip.org/zlib/)",
        "[http://online.securityfocus.com/bid/6913](http://online.securityfocus.com/bid/6913)",
        "[http://securityfocus.org/archive/1/312869](http://securityfocus.org/archive/1/312869)",
        "[http://www.securityfocus.com/archive/1/312869](http://www.securityfocus.com/archive/1/312869)",
        "[http://www.iss.net/security_center/static/11381.php](http://www.iss.net/security_center/static/11381.php)",
        "[http://secunia.com/advisories/24788](http://secunia.com/advisories/24788)",
        "[http://kb.vmware.com/selfservice/microsites/search.do?cmd=displayKC&externalId=3616065](http://kb.vmware.com/selfservice/microsites/search.do?cmd=displayKC&externalId=3616065)",
        "[http://kb.vmware.com/selfservice/microsites/search.do?cmd=displayKC&externalId=9916286](http://kb.vmware.com/selfservice/microsites/search.do?cmd=displayKC&externalId=9916286)"
    ],
    "Acknowledgements": "This vulnerability was discovered by Richard Kettlewell.This document was written by Ian A Finlay.",
    "Other Information": {
        "CVE IDs:": "CVE-2003-0107",
        "Severity Metric:": "29.11",
        "Date Public:": "2003-02-22",
        "Date First Published:": "2003-05-23",
        "Date Last Updated:": "2008-06-06 17:03 UTC",
        "Document Revision:": "11"
    }
}