{
    "Title": "VU#142546 - SMA Technologies OpCon UNIX agent adds the same SSH key to all installations",
    "Overview": "SMA Technologies OpCon UNIX agent adds the same SSH key on every installation and subsequent updates. An attacker with access to the private key can gain root access on affected systems.",
    "Description": "During OpCon UNIX agent installation and updates, an SSH public key is added to the root account's authorized_keys file. The corresponding private key titled sma_id_rsa is included with the installation files and is not encrypted with a passphrase. Removal of the OpCon software does not remove the entry from the authorized_keys file.",
    "Impact": "An attacker with access to the private key included with the OpCon UNIX agent installation files can gain SSH access as root on affected systems.",
    "Solution": "Remove private key",
    "Vendor Information": [
        {
            "Name": "SMA Technologies"
        }
    ],
    "CVSS Metrics": null,
    "References": [
        "[https://smatechnologies.hosted-by-files.com/SMAUnixLSAMVulnerabilityFix/](https://smatechnologies.hosted-by-files.com/SMAUnixLSAMVulnerabilityFix/)",
        "[https://serverfault.com/questions/413231/how-to-get-all-fingerprints-for-ssh-authorized-keys2-file](https://serverfault.com/questions/413231/how-to-get-all-fingerprints-for-ssh-authorized-keys2-file)"
    ],
    "Acknowledgements": "Thanks to Nick Holland at Holland Consulting for researching and reporting this vulnerability.",
    "Other Information": {
        "CVE IDs:": "CVE-2022-2154",
        "Date Public:": "2022-06-21",
        "Date First Published:": "2022-06-21",
        "Date Last Updated:": "2022-06-21 16:38 UTC",
        "Document Revision:": "1"
    }
}