{
    "Title": "VU#142629 - Silicon Labs Z-Wave chipsets contain multiple vulnerabilities",
    "Overview": "Various Silicon Labs Z-Wave chipsets do not support encryption, can be downgraded to not use weaker encryption, and are vulnerable to denial of service. Some of these vulnerabilities are inherent in Z-Wave protocol specifications.",
    "Description": "Z-Wave devices based on Silicon Labs chipsets have multiple vulnerabilities. For further details, including specific devices tested, see [Riding the IoT Wave With VFuzz: Discovering Security Flaws in Smart Homes](https://ieeexplore.ieee.org/document/9663293).",
    "Impact": "Depending on the chipset and device, an attacker within Z-Wave radio range can deny service, cause devices to crash, deplete batteries, intercept, observe, and replay traffic, and control vulnerable devices.",
    "Solution": "Mitigations for these vulnerabilities vary based on the chipset and device. In some cases it may be necessary to upgrade to newer hardware, for example, 500 and 700 series chipsets that support S2 authentication and encryption.",
    "Vendor Information": [
        {
            "Name": "Silicon Labs"
        }
    ],
    "CVSS Metrics": null,
    "References": [
        "[https://ieeexplore.ieee.org/document/9663293](https://ieeexplore.ieee.org/document/9663293)",
        "[https://doi.org/10.1109/ACCESS.2021.3138768](https://doi.org/10.1109/ACCESS.2021.3138768)",
        "[https://github.com/CNK2100/VFuzz-public](https://github.com/CNK2100/VFuzz-public)",
        "[https://products.z-wavealliance.org/products/2559](https://products.z-wavealliance.org/products/2559)",
        "[https://z-wavealliance.org/z-wave-oems-developers/](https://z-wavealliance.org/z-wave-oems-developers/)"
    ],
    "Acknowledgements": "Thanks to Carlos Kayembe Nkuba, Seulbae Kim, Sven Dietrich, and Heejo Lee for researching and reporting these vulnerabilities.",
    "Other Information": {
        "CVE IDs:": "CVE-2020-10137CVE-2020-9057CVE-2020-9058CVE-2020-9059CVE-2020-9060CVE-2020-9061",
        "Date Public:": "2022-01-07",
        "Date First Published:": "2022-01-07",
        "Date Last Updated:": "2022-01-09 04:10 UTC",
        "Document Revision:": "5"
    }
}