{
    "Title": "VU#143292 - Microsoft Excel fails to properly process malformed STYLE records",
    "Overview": "Microsoft Excel contains a vulnerability in the handling of malformed STYLE records, which may allow a remote, unauthenticated attacker to execute arbitrary code on a vulnerable system.",
    "Description": "Microsoft Excel contains a vulnerability that could be exploited when Excel opens a specially crafted document.  The vulnerability is caused by incorrect handling of malformed STYLE records.  This vulnerability affects both Windows and Mac versions of Excel",
    "Impact": "By convincing a user to open a specially crafted Excel document, an attacker could execute arbitrary code with the privileges of the user running Excel. If the user is logged in with administrative privileges, the attacker could take complete control of a vulnerable system.  This vulnerability may also cause Excel to crash.",
    "Solution": "Apply an updateThis vulnerability is addressed in Microsoft Security Bulletin [MS06-059](http://www.microsoft.com/technet/security/Bulletin/MS06-059.mspx).Do not open untrusted Excel documentsDo not open unfamiliar or unexpected Excel or other Office documents, particularly those hosted on web sites or delivered as email attachments. Please see Cyber Security Tip [ST04-010](http://www.us-cert.gov/cas/tips/ST04-010.html).Disable automatic opening of Excel documentsBy default, Excel 97 and Excel 2000 will configure Internet Explorer to automatically open Excel documents.  This feature can be disabled by using the [Office Document Open Confirmation Tool](http://www.microsoft.com/downloads/details.aspx?familyid=8B5762D2-077F-4031-9EE6-C9538E9F2A2F).  Mozilla Firefox users should disable automatic opening of files, as specified in the [Securing Your Web Browser](http://www.us-cert.gov/reading_room/securing_browser/#ffdownloadactions) document.Do not rely on file name extension filteringIn most cases, Windows will call Excel to open a document even if the document has an unknown file extension.  For example, if spreadsheet.qwer contains the correct file header information, Windows will open presentation.qwer with Excel.  Filtering for common extensions (e.g., .xls and .xlt) will not detect all Excel documents.  Additionally, a Excel file with no file extension will also open with the Excel application.",
    "Vendor Information": [
        {
            "Name": "Microsoft Corporation"
        }
    ],
    "CVSS Metrics": [
        {
            "Group": "Base",
            "Score": "",
            "Vector": ""
        },
        {
            "Group": "Temporal",
            "Score": "",
            "Vector": ""
        },
        {
            "Group": "Environmental",
            "Score": "",
            "Vector": ""
        }
    ],
    "References": [
        "[http://www.microsoft.com/technet/security/bulletin/ms06-059.mspx](http://www.microsoft.com/technet/security/bulletin/ms06-059.mspx)",
        "[http://secunia.com/advisories/20268/](http://secunia.com/advisories/20268/)",
        "[http://www.securityfocus.com/bid/18872](http://www.securityfocus.com/bid/18872)",
        "[http://www.microsoft.com/downloads/details.aspx?familyid=8B5762D2-077F-4031-9EE6-C9538E9F2A2F](http://www.microsoft.com/downloads/details.aspx?familyid=8B5762D2-077F-4031-9EE6-C9538E9F2A2F)"
    ],
    "Acknowledgements": "This vulnerability was publicly reported by Nanika.This document was written by Will Dormann.",
    "Other Information": {
        "CVE IDs:": "CVE-2006-3431",
        "Severity Metric:": "37.44",
        "Date Public:": "2006-07-03",
        "Date First Published:": "2006-10-10",
        "Date Last Updated:": "2006-10-10 20:19 UTC",
        "Document Revision:": "8"
    }
}