{
    "Title": "VU#143335 - mDNSResponder contains multiple memory-based vulnerabilities",
    "Overview": "mDNSResponder provides unicast and multicast mDNS services on UNIX-like operating systems such as OS X. mDNSResponder version 379.27 and above prior to version 625.41.2 is vulnerable to several buffer overflow vulnerabilities, as well as a null pointer dereference.",
    "Description": "[CWE-120](http://cwe.mitre.org/data/definitions/120.html): Buffer Copy without Checking Size of Input ('Classic Buffer Overflow') - CVE-2015-7987Improper bounds checking in \"GetValueForIPv4Addr()\", \"GetValueForMACAddr()\", \"rfc3110_import()\", and \"CopyNSEC3ResourceRecord()\" functions may allow an attacker to read or write memory.[CWE-476](http://cwe.mitre.org/data/definitions/476.html): NULL Pointer Dereference - CVE-2015-7988Improper input validation in \"handle_regservice_request()\" may allow an attacker to execute arbitrary code or cause a denial of service.Apple has also issued a [security advisory](https://support.apple.com/en-us/HT206846) for these issues.mDNSResponder-379.27 and later before mDNSResponder-625.41.2 are vulnerable to both issues. The CVSS score below is based on CVE-2015-7987.",
    "Impact": "A remote attacker may be able to execute arbitrary code or cause a denial of service on the system running mDNSResponder.",
    "Solution": "Apply an updatemDNSResponder 625.41.2 has been released to address these issues. Affected users should update as soon as possible.",
    "Vendor Information": [
        {
            "Name": "Android Open Source Project",
            "Status": "Affected",
            "Vendor Statement": "We have not received a statement from the vendor.",
            "Vendor Information": "Android is affected by CVE-2015-7988; fix targeted for next major build of Android (Android N)."
        },
        {
            "Name": "Apple",
            "Status": "Affected",
            "Vendor Statement": "We have not received a statement from the vendor.",
            "Vendor Information": "We are not aware of further vendor information regarding this vulnerability."
        },
        {
            "Name": "Arista Networks, Inc.",
            "Status": "Not Affected",
            "Vendor Statement": "We have not received a statement from the vendor.",
            "Vendor Information": "We are not aware of further vendor information regarding this vulnerability."
        },
        {
            "Name": "CoreOS",
            "Status": "Not Affected",
            "Vendor Statement": "We have not received a statement from the vendor.",
            "Vendor Information": "We are not aware of further vendor information regarding this vulnerability."
        },
        {
            "Name": "Debian GNU/Linux",
            "Status": "Not Affected",
            "Vendor Statement": "We have not received a statement from the vendor.",
            "Vendor Information": "We are not aware of further vendor information regarding this vulnerability."
        },
        {
            "Name": "Fedora Project",
            "Status": "Not Affected",
            "Vendor Statement": "We have not received a statement from the vendor.",
            "Vendor Information": "We are not aware of further vendor information regarding this vulnerability."
        },
        {
            "Name": "Infoblox",
            "Status": "Not Affected",
            "Vendor Statement": "We have not received a statement from the vendor.",
            "Vendor Information": "We are not aware of further vendor information regarding this vulnerability."
        },
        {
            "Name": "Intel Corporation",
            "Status": "Not Affected",
            "Vendor Statement": "We have not received a statement from the vendor.",
            "Vendor Information": "We are not aware of further vendor information regarding this vulnerability."
        },
        {
            "Name": "Red Hat, Inc.",
            "Status": "Not Affected",
            "Vendor Statement": "We have not received a statement from the vendor.",
            "Vendor Information": "We are not aware of further vendor information regarding this vulnerability."
        },
        {
            "Name": "ACCESS",
            "Status": "Unknown",
            "Vendor Statement": "We have not received a statement from the vendor."
        },
        {
            "Name": "AT&T",
            "Status": "Unknown",
            "Vendor Statement": "We have not received a statement from the vendor."
        },
        {
            "Name": "Alcatel-Lucent",
            "Status": "Unknown",
            "Vendor Statement": "We have not received a statement from the vendor."
        },
        {
            "Name": "Arch Linux",
            "Status": "Unknown",
            "Vendor Statement": "We have not received a statement from the vendor."
        },
        {
            "Name": "Aruba Networks",
            "Status": "Unknown",
            "Vendor Statement": "We have not received a statement from the vendor."
        },
        {
            "Name": "Avaya, Inc.",
            "Status": "Unknown",
            "Vendor Statement": "We have not received a statement from the vendor."
        },
        {
            "Name": "Belkin, Inc.",
            "Status": "Unknown",
            "Vendor Statement": "We have not received a statement from the vendor."
        },
        {
            "Name": "Blue Coat Systems",
            "Status": "Unknown",
            "Vendor Statement": "We have not received a statement from the vendor."
        },
        {
            "Name": "CA Technologies",
            "Status": "Unknown",
            "Vendor Statement": "We have not received a statement from the vendor."
        },
        {
            "Name": "CentOS",
            "Status": "Unknown",
            "Vendor Statement": "We have not received a statement from the vendor."
        },
        {
            "Name": "Check Point Software Technologies",
            "Status": "Unknown",
            "Vendor Statement": "We have not received a statement from the vendor."
        },
        {
            "Name": "Cisco",
            "Status": "Unknown",
            "Vendor Statement": "We have not received a statement from the vendor."
        },
        {
            "Name": "D-Link Systems, Inc.",
            "Status": "Unknown",
            "Vendor Statement": "We have not received a statement from the vendor."
        },
        {
            "Name": "DesktopBSD",
            "Status": "Unknown",
            "Vendor Statement": "We have not received a statement from the vendor."
        },
        {
            "Name": "DragonFly BSD Project",
            "Status": "Unknown",
            "Vendor Statement": "We have not received a statement from the vendor."
        },
        {
            "Name": "EMC Corporation",
            "Status": "Unknown",
            "Vendor Statement": "We have not received a statement from the vendor."
        },
        {
            "Name": "EfficientIP SAS",
            "Status": "Unknown",
            "Vendor Statement": "We have not received a statement from the vendor."
        },
        {
            "Name": "Enterasys Networks",
            "Status": "Unknown",
            "Vendor Statement": "We have not received a statement from the vendor."
        },
        {
            "Name": "Ericsson",
            "Status": "Unknown",
            "Vendor Statement": "We have not received a statement from the vendor."
        },
        {
            "Name": "Extreme Networks",
            "Status": "Unknown",
            "Vendor Statement": "We have not received a statement from the vendor."
        },
        {
            "Name": "F5 Networks, Inc.",
            "Status": "Unknown",
            "Vendor Statement": "We have not received a statement from the vendor."
        },
        {
            "Name": "Force10 Networks",
            "Status": "Unknown",
            "Vendor Statement": "We have not received a statement from the vendor."
        },
        {
            "Name": "FreeBSD Project",
            "Status": "Unknown",
            "Vendor Statement": "We have not received a statement from the vendor."
        },
        {
            "Name": "Gentoo Linux",
            "Status": "Unknown",
            "Vendor Statement": "We have not received a statement from the vendor."
        },
        {
            "Name": "Google",
            "Status": "Unknown",
            "Vendor Statement": "We have not received a statement from the vendor."
        },
        {
            "Name": "Hardened BSD",
            "Status": "Unknown",
            "Vendor Statement": "We have not received a statement from the vendor."
        },
        {
            "Name": "Hewlett-Packard Company",
            "Status": "Unknown",
            "Vendor Statement": "We have not received a statement from the vendor."
        },
        {
            "Name": "Hitachi",
            "Status": "Unknown",
            "Vendor Statement": "We have not received a statement from the vendor."
        },
        {
            "Name": "Huawei Technologies",
            "Status": "Unknown",
            "Vendor Statement": "We have not received a statement from the vendor."
        },
        {
            "Name": "IBM Corporation",
            "Status": "Unknown",
            "Vendor Statement": "We have not received a statement from the vendor."
        },
        {
            "Name": "IBM eServer",
            "Status": "Unknown",
            "Vendor Statement": "We have not received a statement from the vendor."
        },
        {
            "Name": "Internet Systems Consortium",
            "Status": "Unknown",
            "Vendor Statement": "We have not received a statement from the vendor."
        },
        {
            "Name": "Internet Systems Consortium - DHCP",
            "Status": "Unknown",
            "Vendor Statement": "We have not received a statement from the vendor."
        },
        {
            "Name": "Juniper Networks",
            "Status": "Unknown",
            "Vendor Statement": "We have not received a statement from the vendor."
        },
        {
            "Name": "Lenovo",
            "Status": "Unknown",
            "Vendor Statement": "We have not received a statement from the vendor."
        },
        {
            "Name": "Mandriva S. A.",
            "Status": "Unknown",
            "Vendor Statement": "We have not received a statement from the vendor."
        },
        {
            "Name": "McAfee",
            "Status": "Unknown",
            "Vendor Statement": "We have not received a statement from the vendor."
        },
        {
            "Name": "Microsoft Corporation",
            "Status": "Unknown",
            "Vendor Statement": "We have not received a statement from the vendor."
        },
        {
            "Name": "NEC Corporation",
            "Status": "Unknown",
            "Vendor Statement": "We have not received a statement from the vendor."
        },
        {
            "Name": "NetBSD",
            "Status": "Unknown",
            "Vendor Statement": "We have not received a statement from the vendor."
        },
        {
            "Name": "Nokia",
            "Status": "Unknown",
            "Vendor Statement": "We have not received a statement from the vendor."
        },
        {
            "Name": "Nominum",
            "Status": "Unknown",
            "Vendor Statement": "We have not received a statement from the vendor."
        },
        {
            "Name": "OmniTI",
            "Status": "Unknown",
            "Vendor Statement": "We have not received a statement from the vendor."
        },
        {
            "Name": "OpenBSD",
            "Status": "Unknown",
            "Vendor Statement": "We have not received a statement from the vendor."
        },
        {
            "Name": "OpenDNS",
            "Status": "Unknown",
            "Vendor Statement": "We have not received a statement from the vendor."
        },
        {
            "Name": "Openwall GNU/*/Linux",
            "Status": "Unknown",
            "Vendor Statement": "We have not received a statement from the vendor."
        },
        {
            "Name": "Oracle Corporation",
            "Status": "Unknown",
            "Vendor Statement": "We have not received a statement from the vendor."
        },
        {
            "Name": "PC-BSD",
            "Status": "Unknown",
            "Vendor Statement": "We have not received a statement from the vendor."
        },
        {
            "Name": "Peplink",
            "Status": "Unknown",
            "Vendor Statement": "We have not received a statement from the vendor."
        },
        {
            "Name": "Q1 Labs",
            "Status": "Unknown",
            "Vendor Statement": "We have not received a statement from the vendor."
        },
        {
            "Name": "QNX Software Systems Inc.",
            "Status": "Unknown",
            "Vendor Statement": "We have not received a statement from the vendor."
        },
        {
            "Name": "SUSE Linux",
            "Status": "Unknown",
            "Vendor Statement": "We have not received a statement from the vendor."
        },
        {
            "Name": "SafeNet",
            "Status": "Unknown",
            "Vendor Statement": "We have not received a statement from the vendor."
        },
        {
            "Name": "Secure64 Software Corporation",
            "Status": "Unknown",
            "Vendor Statement": "We have not received a statement from the vendor."
        },
        {
            "Name": "Slackware Linux Inc.",
            "Status": "Unknown",
            "Vendor Statement": "We have not received a statement from the vendor."
        },
        {
            "Name": "SmoothWall",
            "Status": "Unknown",
            "Vendor Statement": "We have not received a statement from the vendor."
        },
        {
            "Name": "Snort",
            "Status": "Unknown",
            "Vendor Statement": "We have not received a statement from the vendor."
        },
        {
            "Name": "Sony Corporation",
            "Status": "Unknown",
            "Vendor Statement": "We have not received a statement from the vendor."
        },
        {
            "Name": "Sourcefire",
            "Status": "Unknown",
            "Vendor Statement": "We have not received a statement from the vendor."
        },
        {
            "Name": "Symantec",
            "Status": "Unknown",
            "Vendor Statement": "We have not received a statement from the vendor."
        },
        {
            "Name": "TippingPoint Technologies Inc.",
            "Status": "Unknown",
            "Vendor Statement": "We have not received a statement from the vendor."
        },
        {
            "Name": "Turbolinux",
            "Status": "Unknown",
            "Vendor Statement": "We have not received a statement from the vendor."
        },
        {
            "Name": "Ubuntu",
            "Status": "Unknown",
            "Vendor Statement": "We have not received a statement from the vendor."
        },
        {
            "Name": "Unisys",
            "Status": "Unknown",
            "Vendor Statement": "We have not received a statement from the vendor."
        },
        {
            "Name": "VMware",
            "Status": "Unknown",
            "Vendor Statement": "We have not received a statement from the vendor."
        },
        {
            "Name": "Wind River",
            "Status": "Unknown",
            "Vendor Statement": "We have not received a statement from the vendor."
        },
        {
            "Name": "ZyXEL",
            "Status": "Unknown",
            "Vendor Statement": "We have not received a statement from the vendor."
        },
        {
            "Name": "dnsmasq",
            "Status": "Unknown",
            "Vendor Statement": "We have not received a statement from the vendor."
        },
        {
            "Name": "m0n0wall",
            "Status": "Unknown",
            "Vendor Statement": "We have not received a statement from the vendor."
        },
        {
            "Name": "openSUSE project",
            "Status": "Unknown",
            "Vendor Statement": "We have not received a statement from the vendor."
        }
    ],
    "CVSS Metrics": [
        {
            "Group": "Base",
            "Score": "6.8",
            "Vector": "AV:N/AC:M/Au:N/C:P/I:P/A:P"
        },
        {
            "Group": "Temporal",
            "Score": "5.3",
            "Vector": "E:POC/RL:OF/RC:C"
        },
        {
            "Group": "Environmental",
            "Score": "4.0",
            "Vector": "CDP:ND/TD:M/CR:ND/IR:ND/AR:ND"
        }
    ],
    "References": [
        "[https://support.apple.com/en-us/HT206846](https://support.apple.com/en-us/HT206846)",
        "[http://www.opensource.apple.com/tarballs/mDNSResponder/](http://www.opensource.apple.com/tarballs/mDNSResponder/)",
        "[https://developer.apple.com/bonjour/](https://developer.apple.com/bonjour/)",
        "[http://cwe.mitre.org/data/definitions/120.html](http://cwe.mitre.org/data/definitions/120.html)",
        "[http://cwe.mitre.org/data/definitions/476.html](http://cwe.mitre.org/data/definitions/476.html)"
    ],
    "Acknowledgements": "Thanks to Apple for reporting this issue to us and working with us to coordinate the fix with vendors.This document was written by Garret Wassermann.",
    "Other Information": {
        "CVE IDs:": "CVE-2015-7987,CVE-2015-7988",
        "Date Public:": "2016-06-20",
        "Date First Published:": "2016-06-20",
        "Date Last Updated:": "2016-06-20 23:38 UTC",
        "Document Revision:": "83"
    }
}