{
    "Title": "VU#143627 - RealSystem Server contains buffer overflow",
    "Overview": "A buffer overflow vulnerability exists in the RealSystem Server. This vulnerability may allow a remote attacker to execute arbitrary code on a vulnerable host. An exploit exists for this vulnerability and is publicly available.",
    "Description": "[RealSystem Server](http://216.239.53.100/search?q=cache:HaQjHgEpmZoC:docs.real.com/docs/rn/rs8/misc/12_01RealSystem_Server.PDF+RealSystem+Server&hl=en&ie=UTF-8) is a streaming media server. A buffer overflow vulnerability in RealSystem Server may allow a remote attacker to execute arbitrary code on a vulnerable host. For more information, please see [RealSystem Server and Proxy Buffer Overflow Vulnerability](http://www.service.real.com/help/faq/security/bufferoverflow.html).",
    "Impact": "A remote attacker may be able to execute arbitrary code with the privileges of the RealSystem Server process.",
    "Solution": "[Update](http://service.real.com/help/faq/security/bufferoverflow.html) your software.",
    "Vendor Information": [
        {
            "Name": "RealNetworks"
        }
    ],
    "CVSS Metrics": [
        {
            "Group": "Base",
            "Score": "",
            "Vector": ""
        },
        {
            "Group": "Temporal",
            "Score": "",
            "Vector": ""
        },
        {
            "Group": "Environmental",
            "Score": "",
            "Vector": ""
        }
    ],
    "References": [
        "[http://216.239.53.100/search?q=cache:HaQjHgEpmZoC:docs.real.com/docs/rn/rs8/misc/12_01RealSystem_Server.PDF+RealSystem+Server&hl=en&ie=UTF-8](http://216.239.53.100/search?q=cache:HaQjHgEpmZoC:docs.real.com/docs/rn/rs8/misc/12_01RealSystem_Server.PDF+RealSystem+Server&hl=en&ie=UTF-8)",
        "[http://www.service.real.com/help/faq/security/bufferoverflow.html](http://www.service.real.com/help/faq/security/bufferoverflow.html)",
        "[http://securitytracker.com/alerts/2002/Feb/1003604.html](http://securitytracker.com/alerts/2002/Feb/1003604.html)"
    ],
    "Acknowledgements": "This vulnerability was discovered by Tim Austwick of the QinetiQ Security Health Check Team.This document was written by Ian A Finlay.",
    "Other Information": {
        "CVE IDs:": "None",
        "Severity Metric:": "25.31",
        "Date Public:": "2003-02-19",
        "Date First Published:": "2003-05-01",
        "Date Last Updated:": "2003-05-01 13:47 UTC",
        "Document Revision:": "6"
    }
}