{
    "Title": "VU#143740 - Netgear GS105PE Prosafe Plus Switch contains hard-coded login credentials",
    "Overview": "Netgear GS105PE Prosafe Plus Switch firmware version 1.2.0.5 contains hard-coded credentials. ([CWE-798](http://cwe.mitre.org/data/definitions/798.html))",
    "Description": "Netgear GS105PE Prosafe Plus Switch contains hard-coded login credentials that can be used for authenticating to the web server running on the device. The username is ntgruser and the password is debugpassword. Once authenticated, the web server provides access to:produce_burn.cgi : Modify the serial number and MAC address of the productregister_debug.cgi : Allow the user to manually set memory to a certain value and extract that value from itbootcode_update.cgi : Allow the user to upload new firmware.Note: The previous version of this note incorrectly identified the Netgear GS108PE as the affected model.",
    "Impact": "A remote unauthenticated attacker may be able to login into the device and execute arbitrary code.",
    "Solution": "The CERT/CC is currently unaware of a practical solution to this problem.",
    "Vendor Information": [
        {
            "Name": "Netgear, Inc.",
            "Status": "Unknown",
            "Vendor Statement": "We have not received a statement from the vendor."
        }
    ],
    "CVSS Metrics": [
        {
            "Group": "Base",
            "Score": "7.8",
            "Vector": "AV:A/AC:L/Au:N/C:C/I:C/A:N"
        },
        {
            "Group": "Temporal",
            "Score": "6.3",
            "Vector": "E:POC/RL:U/RC:UC"
        },
        {
            "Group": "Environmental",
            "Score": "1.7",
            "Vector": "CDP:L/TD:L/CR:ND/IR:ND/AR:ND"
        }
    ],
    "References": [
        "[http://www.netgear.com/business/products/switches/unmanaged-plus/GS105PE.aspx](http://www.netgear.com/business/products/switches/unmanaged-plus/GS105PE.aspx)"
    ],
    "Acknowledgements": "Thanks to Marc Olivier Chouinard for reporting this vulnerability.This document was written by Chris King.",
    "Other Information": {
        "CVE IDs:": "CVE-2014-2969",
        "Date Public:": "2014-07-03",
        "Date First Published:": "2014-07-03",
        "Date Last Updated:": "2014-07-08 14:04 UTC",
        "Document Revision:": "13"
    }
}