{
    "Title": "VU#144233 - Rockwell Automation Allen-Bradley MicroLogix PLC authentication and authorization vulnerabilities",
    "Overview": "Rockwell Automation Allen-Bradley MicroLogix programmable logic controllers (PLCs) do not adequately authenticate or authorize remote connections or commands. An attacker with network access can obtain the management password or issue commands that bypass the authentication mechanism.",
    "Description": "Rockwell Automation Allen-Bradley [MicroLogix](http://www.ab.com/programmablecontrol/plc/micrologix/index.html) PLCs do not adequately authenticate or authorize remote connections or commands. Two vulnerable behaviors have been reported:During the authentication process, the PLC transmits the management password in plain text to the client.When processing remote commands, the PLC checks the session ID but not the password. The PLC will execute any command with a valid session ID, and obtaining an ID does not require the password.It appears that authentication is performed at the client (e.g., [RSLogix](http://www.rockwellautomation.com/rockwellsoftware/design/rslogix5/)), as the PLC does not check the password in either case.These vulnerabilities have been reported in the MicroLogix 1100 PLC. Other products in the MicroLogix series may also be affected.",
    "Impact": "An attacker with network access to a controller could obtain the management password or issue commands that bypass the authentication mechanism. The attacker could disable the controller or change the configuration.",
    "Solution": "Updated firmware is not available. Consider the workarounds listed below. Also, please see Technotes [65980](http://rockwellautomation.custhelp.com/app/answers/detail/a_id/65980/kw/65980/r_id/113025) and [65982](http://rockwellautomation.custhelp.com/app/answers/detail/a_id/65982/kw/65982/r_id/113025).Restrict access To reduce exposure to attacks, restrict network access to PLCs. Following the principle of least privilege, control system networks should not be generally accessible from enterprise networks or the internet. Permit only network traffic that is required for control system operation.Change passwordsChanging passwords can prevent an attacker from accessing a PLC if the password is changed before the attacker attempts access or if different passwords are used on different PLCs. An attacker with network access can obtain the current password.",
    "Vendor Information": [
        {
            "Name": "Rockwell Automation",
            "Status": "Affected",
            "Vendor Statement": "We have not received a statement from the vendor.",
            "Vendor Information": "Please see Technotes [65980](http://rockwellautomation.custhelp.com/app/answers/detail/a_id/65980/kw/65980/r_id/113025) and [65982](http://rockwellautomation.custhelp.com/app/answers/detail/a_id/65982/kw/65982/r_id/113025)."
        }
    ],
    "CVSS Metrics": [
        {
            "Group": "Base",
            "Score": "0",
            "Vector": "AV:--/AC:--/Au:--/C:--/I:--/A:--"
        },
        {
            "Group": "Temporal",
            "Score": "0",
            "Vector": "E:Not Defined (ND)/RL:Not Defined (ND)/RC:Not Defined (ND)"
        },
        {
            "Group": "Environmental",
            "Score": "0",
            "Vector": "CDP:Not Defined (ND)/TD:Not Defined (ND)/CR:Not Defined (ND)/IR:Not Defined (ND)/AR:Not Defined (ND)"
        }
    ],
    "References": [
        "[http://www.securityfocus.com/archive/1/archive/1/508946/100/0/threaded](http://www.securityfocus.com/archive/1/archive/1/508946/100/0/threaded)",
        "[http://www.ab.com/programmablecontrol/plc/micrologix/index.html](http://www.ab.com/programmablecontrol/plc/micrologix/index.html)",
        "[http://www.rockwellautomation.com/rockwellsoftware/design/rslogix5/](http://www.rockwellautomation.com/rockwellsoftware/design/rslogix5/)",
        "[http://rockwellautomation.custhelp.com/app/answers/detail/a_id/65980/kw/65980/r_id/113025](http://rockwellautomation.custhelp.com/app/answers/detail/a_id/65980/kw/65980/r_id/113025)",
        "[http://rockwellautomation.custhelp.com/app/answers/detail/a_id/65982/kw/65982/r_id/113025 ](http://rockwellautomation.custhelp.com/app/answers/detail/a_id/65982/kw/65982/r_id/113025 )",
        "[http://www.rockwellautomation.com/solutions/security](http://www.rockwellautomation.com/solutions/security)"
    ],
    "Acknowledgements": "Thanks to Eyal Udassin of C4 Security for researching and reporting these vulnerabilities. Thanks also to Rockwell Automation for providing technical assistance and developing mitigation techniques.This document was written by Art Manion.",
    "Other Information": {
        "CVE IDs:": "CVE-2009-3739",
        "Severity Metric:": "8.91",
        "Date Public:": "2009-12-18",
        "Date First Published:": "2010-01-20",
        "Date Last Updated:": "2010-06-03 19:38 UTC",
        "Document Revision:": "23"
    }
}