{
    "Title": "VU#144389 - TLS implementations may disclose side channel information via discrepancies between valid and invalid PKCS#1 padding",
    "Overview": "TLS implementations may disclose side channel information via discrepancies between valid and invalid PKCS#1 padding, and may therefore be vulnerable to Bleichenbacher-style attacks. This attack is known as a \"ROBOT attack\".",
    "Description": "[CWE-203](http://cwe.mitre.org/data/definitions/203.html): Information Exposure Through DiscrepancyTransport Layer Security (TLS) is a mechanism for a security transport over network connections, and is defined in RFC 5246. TLS may utilize RSA cryptography to secure the connection, and section 7.4.7 describes how client and server may exchange keys. Implementations that don't closely follow the descriptions in RFC 5246 may leak information to an attacker when they handle PKCS #1 v1.5 padding errors in ways that lets the attacker distinguish between valid and invalid messages. An attacker may utilize discrepancies in TLS error messages to obtain the pre-master secret key private RSA key used by TLS to decrypt sensitive data. This type of attack has become known as a [Bleichenbacher attack](http://archiv.infsec.ethz.ch/education/fs08/secsem/bleichenbacher98.pdf). CERT/CC previously published CERT Advisory [CA-1998-07](https://www.cert.org/historical/advisories/CA-1998-07.cfm) for this type of attack.Some modern cryptographic implementations are vulnerable to Bleichenbacher-style attacks on TLS. While [RFC 5246 Section 7.4.7.1](https://tools.ietf.org/html/rfc5246#section-7.4.7.1) provides advice in order to eliminate discrepancies and defend against Bleichenbacher attacks, implementation-specific error and exception handling may nevertheless re-introduce message discrepancies that act as a cryptographic oracle for a Bleichenbacher-style attack.More information about the research and affected vendors is available from the [researcher's website](https://robotattack.org/).",
    "Impact": "A remote, unauthenticated attacker may be able to obtain the TLS pre-master secret (TLS session key) and decrypt TLS traffic.",
    "Solution": "Disable TLS RSAAffected users and system administrators are encouraged to disable TLS RSA cyphers if possible. Please refer to your product's documentation or contact the vendor's customer service.Apply an updateSome products may have software updates available to address this issue. If an update is available, affected users are encouraged to update product software or firmware. Please see the Affected Vendors list below for more information.Note for developers[](https://tools.ietf.org/html/rfc5246#section-7.4.7.1)[](https://tools.ietf.org/html/rfc5246#section-7.4.7.1)[RFC 5246](https://tools.ietf.org/html/rfc5246#section-7.4.7.1) contains remediation advice for Bleichenbacher-style attacks. Developers are encouraged to review the advice and ensure implementations of TLS or software that utilizes a TLS library does not introduce further message or timing discrepancies that may be used in a Bleichenbacher-style attack.",
    "Vendor Information": [
        {
            "Name": "Cisco",
            "Status": "Affected",
            "Vendor Statement": "We have not received a statement from the vendor.",
            "Vendor Information": "Cisco ACE is affected, and assigned CVE-2017-17428Cisco ASA is affected and assigned CVE-2017-12373Please see Cisco's [security advisory](https://tools.cisco.com/security/center/content/CiscoSecurityAdvisory/cisco-sa-20171212-bleichenbacher) for full vendor statement."
        },
        {
            "Name": "Citrix",
            "Status": "Affected",
            "Vendor Statement": "We have not received a statement from the vendor.",
            "Vendor Information": "Citrix NetScaler ADC and Gateway - CVE-2017-17382"
        },
        {
            "Name": "Erlang"
        }
    ],
    "CVSS Metrics": [
        {
            "Group": "Base",
            "Score": "7.1",
            "Vector": "AV:N/AC:M/Au:N/C:C/I:N/A:N"
        },
        {
            "Group": "Temporal",
            "Score": "5.6",
            "Vector": "E:POC/RL:OF/RC:C"
        },
        {
            "Group": "Environmental",
            "Score": "4.2",
            "Vector": "CDP:ND/TD:M/CR:ND/IR:ND/AR:ND"
        }
    ],
    "References": [
        "[https://robotattack.org](https://robotattack.org)",
        "[https://www.usenix.org/system/files/conference/usenixsecurity14/sec14-paper-meyer.pdf](https://www.usenix.org/system/files/conference/usenixsecurity14/sec14-paper-meyer.pdf)",
        "[http://archiv.infsec.ethz.ch/education/fs08/secsem/bleichenbacher98.pdf](http://archiv.infsec.ethz.ch/education/fs08/secsem/bleichenbacher98.pdf)",
        "[https://www.cert.org/historical/advisories/CA-1998-07.cfm](https://www.cert.org/historical/advisories/CA-1998-07.cfm)",
        "[https://tools.ietf.org/html/rfc5246#section-7.4.7.1](https://tools.ietf.org/html/rfc5246#section-7.4.7.1)",
        "[http://cwe.mitre.org/data/definitions/203.html](http://cwe.mitre.org/data/definitions/203.html)"
    ],
    "Acknowledgements": "Thanks to Hanno Boeck, Juraj Somorovsky of Ruhr-Universit\u00e4t Bochum / Hackmanit GmbH, and Craig Young of Tripwire VERT for reporting this vulnerability.This document was written by Garret Wassermann.",
    "Other Information": {
        "CVE IDs:": "CVE-2017-6168,CVE-2017-1000385,CVE-2017-17427,CVE-2017-13098,CVE-2017-13099,CVE-2017-17428,CVE-2017-17382,CVE-2012-5081,CVE-2016-6883",
        "Date Public:": "2017-12-12",
        "Date First Published:": "2017-12-12",
        "Date Last Updated:": "2018-04-09 17:19 UTC",
        "Document Revision:": "102"
    }
}