{
    "Title": "VU#145134 - Microsoft Windows Internet Naming Service (WINS) replication protocol contains a heap-based buffer overflow",
    "Overview": "A buffer overflow vulnerability in the Microsoft Windows Internet Naming Service (WINS) replication protocol may allow a remote attacker to execute arbitrary code or cause a denial-of-service condition.",
    "Description": "The Microsoft [WINS](http://www.microsoft.com/technet/prodtechnol/windowsserver2003/proddocs/entserver/sag_WINS_ovr_WhatIs.asp) service maps IP addresses to NETBIOS computer names. WINS servers share information via a server-to-server replication protocol that operates on TCP port 42. Connection information for replication peers is stored in a data structure called the association context. Insufficient validation of the buffer where the association context data structure is written allows a heap-based buffer overflow to occur. If a remote attacker supplies a specially crafted replication packet to a vulnerable WINS server, that attacker may be able to exploit the buffer overflow to write arbitrary data to WINS server process memory. According to Microsoft Knowledge Base Article[ ](http://support.microsoft.com/kb/890710)[890710](http://support.microsoft.com/kb/890710): This security issue affects Microsoft Windows NT 4.0 Server, Microsoft Windows NT Server 4.0 Terminal Server Edition, Windows 2000 Server, and Windows Server 2003. Windows 2000 Professional, Windows XP and Windows Millennium Edition (ME) are not affected by this vulnerability. By default, WINS is not installed on Windows NT Server 4.0, Windows NT Server 4.0 Terminal Server Edition, Windows 2000 Server, or Windows Server 2003. By default, WINS is installed and running on Microsoft Small Business Server 2000 and Microsoft Windows Small Business Server 2003. By default, on all versions of Microsoft Small Business Server, the WINS component communication ports are blocked from the Internet, and WINS is available only on the local network.In addition, since the replication only occurs between servers, only WINS servers are vulnerable. WINS clients are not affected by this vulnerability.Please refer to Microsoft Security Bulletin [MS04-045](http://www.microsoft.com/technet/security/bulletin/ms04-045.mspx) for more information regarding this vulnerability and its remediation.",
    "Impact": "A remote attacker may be able to execute arbitrary code with SYSTEM privileges or cause a denial-of-service condition.",
    "Solution": "Apply PatchMicrosoft has released Microsoft Security Bulletin  [MS04-045](http://www.microsoft.com/technet/security/bulletin/ms04-045.mspx) to address this issue. Consider Workarounds in MS04-045Removing the WINS service if it is not neededBlocking TCP and UDP port 42Using IPSec as a communication protocol between WINS serversFor more detailed information please see Microsoft Knowledge Base Article [890710](http://support.microsoft.com/kb/890710) and Microsoft Security Bulletin [MS04-045](http://www.microsoft.com/technet/security/bulletin/ms04-045.mspx).",
    "Vendor Information": [
        {
            "Name": "Microsoft Corporation"
        }
    ],
    "CVSS Metrics": [
        {
            "Group": "Base",
            "Score": "",
            "Vector": ""
        },
        {
            "Group": "Temporal",
            "Score": "",
            "Vector": ""
        },
        {
            "Group": "Environmental",
            "Score": "",
            "Vector": ""
        }
    ],
    "References": [
        "[http://www.immunitysec.com/downloads/instantanea.pdf](http://www.immunitysec.com/downloads/instantanea.pdf)",
        "[http://www.immunitysec.com/downloads/instantanea.sxw](http://www.immunitysec.com/downloads/instantanea.sxw)",
        "[http://support.microsoft.com/kb/890710](http://support.microsoft.com/kb/890710)",
        "[http://www.microsoft.com/technet/security/bulletin/MS04-045.mspx](http://www.microsoft.com/technet/security/bulletin/MS04-045.mspx)",
        "[http://xforce.iss.net/xforce/alerts/id/184 ](http://xforce.iss.net/xforce/alerts/id/184 )",
        "[http://www.securityfocus.com/bid/11763 ](http://www.securityfocus.com/bid/11763 )"
    ],
    "Acknowledgements": "This vulnerability was reported by Nicolas Waisman.Information regarding this vulnerability was provided by the CERT/CC staff, Immunity, Microsoft Knowledge Base Article 890710, and Microsoft Security Bulletin MS04-045.  This document was written by Jeff Gennari.",
    "Other Information": {
        "CVE IDs:": "CVE-2004-1080",
        "Severity Metric:": "26.29",
        "Date Public:": "2004-11-26",
        "Date First Published:": "2004-11-29",
        "Date Last Updated:": "2004-12-17 19:27 UTC",
        "Document Revision:": "151"
    }
}