{
    "Title": "VU#145313 - Novell iPrint Client ActiveX control stack buffer overflows",
    "Overview": "The Novell iPrint Client ActiveX control contains multiple stack buffer overflows, which can allow a remote, unauthenticated attacker to execute arbitrary code on a vulnerable system.",
    "Description": "Novell [iPrint](http://www.novell.com/products/netware/printing/quicklook.html) is a software printing solution that allows for printing over the internet. One of the components of iPrint is an ActiveX control, which is provided by the file ienipp.ocx. This ActiveX control contains buffer overflows in multiple initialization parameters.",
    "Impact": "By convincing a user to view a specially crafted HTML document (e.g., a web page or an HTML email message or attachment), an attacker may be able to execute arbitrary code with the privileges of the user.",
    "Solution": "Apply an updateThis issue is addressed in the [Novell iPrint Client for Windows 4.36](http://download.novell.com/Download?buildid=cbAVckbi_AM~). Please see the Novell Support document [5028061](http://support.novell.com/docs/Readmes/InfoDocument/patchbuilder/readme_5028061.html) for more details.Disable the Novell iPrint Client ActiveX control in Internet ExplorerThe vulnerable ActiveX control can be disabled in Internet Explorer by setting the kill bit for the following CLSID:{36723F97-7AA0-11D4-8919-FF2D71D0D32C}More information about how to set the kill bit is available in [Microsoft Support Document 240797](http://support.microsoft.com/kb/240797).  Alternatively, the following text can be saved as a .REG file and imported to set the kill bit for this control:Windows Registry Editor Version 5.00[HKEY_LOCAL_MACHINE\\SOFTWARE\\Microsoft\\Internet Explorer\\ActiveX Compatibility\\{36723F97-7AA0-11D4-8919-FF2D71D0D32C}]\"Compatibility Flags\"=dword:00000400Disable ActiveXDisabling ActiveX controls in the Internet Zone (or any zone used by an attacker) appears to prevent exploitation of this and other ActiveX vulnerabilities. Instructions for disabling ActiveX in the Internet Zone can be found in the \"[Securing Your Web Browser](http://www.cert.org/tech_tips/securing_browser/#Internet_Explorer)\" document.",
    "Vendor Information": [
        {
            "Name": "Novell, Inc.",
            "Status": "Affected",
            "Vendor Statement": "We have not received a statement from the vendor.",
            "Vendor Information": "We are not aware of further vendor information regarding this vulnerability.",
            "Addendum": "This issue is addressed in the [Novell iPrint Client for Windows 4.36](http://download.novell.com/Download?buildid=cbAVckbi_AM~). Please see the Novell Support document [5028061](http://support.novell.com/docs/Readmes/InfoDocument/patchbuilder/readme_5028061.html) for more details.If you have feedback, comments, or additional information about this vulnerability, please send us [email](mailto:cert@cert.org?Subject=VU%23145313 Feedback)."
        }
    ],
    "CVSS Metrics": [
        {
            "Group": "Base",
            "Score": "",
            "Vector": ""
        },
        {
            "Group": "Temporal",
            "Score": "",
            "Vector": ""
        },
        {
            "Group": "Environmental",
            "Score": "",
            "Vector": ""
        }
    ],
    "References": [
        "[http://support.novell.com/docs/Readmes/InfoDocument/patchbuilder/readme_5028061.html](http://support.novell.com/docs/Readmes/InfoDocument/patchbuilder/readme_5028061.html)",
        "[http://download.novell.com/Download?buildid=cbAVckbi_AM~](http://download.novell.com/Download?buildid=cbAVckbi_AM~)",
        "[http://www.novell.com/products/netware/printing/quicklook.html](http://www.novell.com/products/netware/printing/quicklook.html)",
        "[http://secunia.com/advisories/30709/](http://secunia.com/advisories/30709/)",
        "[http://support.microsoft.com/kb/240797](http://support.microsoft.com/kb/240797)"
    ],
    "Acknowledgements": "This vulnerability was reported by Will Dormann of the CERT/CC.This document was written by Will Dormann.",
    "Other Information": {
        "CVE IDs:": "None",
        "Severity Metric:": "10.94",
        "Date Public:": "2008-06-12",
        "Date First Published:": "2008-06-18",
        "Date Last Updated:": "2009-04-13 17:17 UTC",
        "Document Revision:": "5"
    }
}