{
    "Title": "VU#145486 - Apple Cocoa applications vulnerable to denial of service via malformed TIFF image",
    "Overview": "Apple Mac OS X applications using the Cocoa environment may quit due to an unhandled exception in TIFF image handling routines.",
    "Description": "Mac OS X applications may take advantage of the [Cocoa programming environment](http://developer.apple.com/cocoa/), which is described by Apple as \"an object-oriented application environment designed specifically for developing Mac OS X-only native applications.\"  The NXSeek() routine may seek to an offset outside of the image when handling malformed TIFF files.  This raises an exception that is not handled and as such may cause the application to quit resulting in a denial-of-service condition.",
    "Impact": "An unauthenticated attacker may craft a malformed TIFF file that may cause an application to quit unexpectedly if the TIFF file is opened within the application.  This may be triggered remotely if the application is handling remotely submitted data such as electronic mail.",
    "Solution": "Apply An UpdateApple has addressed the issue in [Security Update 2005-005](http://docs.info.apple.com/article.html?artnum=301528).",
    "Vendor Information": [
        {
            "Name": "Apple Computer Inc."
        }
    ],
    "CVSS Metrics": [
        {
            "Group": "Base",
            "Score": "",
            "Vector": ""
        },
        {
            "Group": "Temporal",
            "Score": "",
            "Vector": ""
        },
        {
            "Group": "Environmental",
            "Score": "",
            "Vector": ""
        }
    ],
    "References": [
        "[http://docs.info.apple.com/article.html?artnum=301528](http://docs.info.apple.com/article.html?artnum=301528)",
        "[http://secunia.com/advisories/15227/](http://secunia.com/advisories/15227/)"
    ],
    "Acknowledgements": "Thanks to Apple Product Security for reporting this vulnerability, who in turn credit Henrik Dalgaard of Echo One with reporting the vulnerability.This document was written by Ken MacInnis.",
    "Other Information": {
        "CVE IDs:": "CVE-2005-1330",
        "Severity Metric:": "1.60",
        "Date Public:": "2005-05-03",
        "Date First Published:": "2005-05-09",
        "Date Last Updated:": "2005-05-11 14:29 UTC",
        "Document Revision:": "6"
    }
}