{
    "Title": "VU#145825 - SISCO OSI stack fails to properly handle malformed packets",
    "Overview": "A vulnerability exists in the SISCO OSI stack. If this vulnerability is successfully exploited, an attacker could cause a denial-of-service condition.",
    "Description": "The SISCO OSI stack is a component of the SISCO MMS-EASE, ICCP Toolkit for MMS-EASE, AX-S4 MMS and AX-S4 ICCP products. The SISCO OSI stack fails to properly handle malformed packets. A remote attacker may be able to trigger this vulnerability by sending a specially crafted series of packets to a vulnerable SISCO OSI stack installation. Note that a valid connection is needed to trigger this vulnerability. The SISCO OSI stack is used in a wide variety of control system applications. Users should check their applications to ensure they are using a non-vulnerable version of the SISCO OSI stack. Users are encouraged to contact their software vendors if they suspect they are vulnerable.",
    "Impact": "A remote attacker can cause the OSI stack to terminate abnormally resulting in a denial-of-service condition requiring an application using the SISCO OSI stack and the SISCO OSI stack itself to be restarted.",
    "Solution": "Upgrade or Patch accordinglySISCO has corrected this problem in the latest version of the SISCO OSI stack. SISCO has also released patches to address this issue in older versions of the SISCO OSI stack for Windows. Restrict AccessRestrict remote access to only trusted hosts by using firewalls or only connecting them to private networks.",
    "Vendor Information": [
        {
            "Name": "SISCO - Systems Integration Specialists Company, Inc.",
            "Status": "Affected",
            "Vendor Statement": "Anyone with questions regarding SISCO's products should contact SISCO directly at: [http://www.sisconet.com/contact.htm](http://www.sisconet.com/contact.htm). SISCO will provide information on the patches available, versions affected, and the changes made in each version of the product to any SISCO customer with a valid license to an affected SISCO product. Users of SISCO products that have purchased an OEM product that uses the SISCO product internally will need to contact the OEM directly for all servicing information.",
            "Vendor Information": "The vendor has not provided us with any further information regarding this vulnerability."
        }
    ],
    "CVSS Metrics": [
        {
            "Group": "Base",
            "Score": "",
            "Vector": ""
        },
        {
            "Group": "Temporal",
            "Score": "",
            "Vector": ""
        },
        {
            "Group": "Environmental",
            "Score": "",
            "Vector": ""
        }
    ],
    "References": [
        "[http://www.sisconet.com/home.htm](http://www.sisconet.com/home.htm)",
        "[http://www.sisconet.com/contact.htm](http://www.sisconet.com/contact.htm)",
        "[http://secunia.com/advisories/23819/](http://secunia.com/advisories/23819/)",
        "[http://www.securityfocus.com/bid/22095](http://www.securityfocus.com/bid/22095)"
    ],
    "Acknowledgements": "Thanks to Matthew D. Franz for researching and reporting this vulnerability.This document was written by Jeff Gennari.",
    "Other Information": {
        "CVE IDs:": "CVE-2006-6489",
        "Severity Metric:": "0.50",
        "Date Public:": "2007-01-17",
        "Date First Published:": "2007-01-17",
        "Date Last Updated:": "2007-01-26 16:54 UTC",
        "Document Revision:": "40"
    }
}