{
    "Title": "VU#145904 - Microsoft Windows 2000 Kerberos service vulnerable to DoS via repeated invalid requests",
    "Overview": "A core service of  Microsoft Windows 2000 domain controllers  fails to correctly handle certain invalid requests. After receiving a number of invalid requests, the domain controller may have to be rebooted to return it to correct operation.  A disabled domain controller can interfere with the ordinary operation of all machines in the domain.",
    "Description": "Microsoft Windows 2000 uses [Kerberos](http://www.ietf.org/rfc/rfc1510.txt) as its default means of authentication.  Kerberos is a [trusted-third-party ](http://citeseer.nj.nec.com/nbib/5384951)scheme that is used to perform mutual authentication between two network entities who trust a \"neutral\" third party, known as a key distribution center (KDC). In the Microsoft implementation of Kerberos, a domain controller serves as the KDC. By making certain kinds of invalid Kerberos requests to a Windows 2000 domain controller repeatedly, an intruder can exhaust the available memory of the system, effectively rendering it incapable of processing further Kerberos requests, possibly interrupting the ordinary operation of other services on that same machine, and severely impacting system performance. In order to recover the memory, a system administrator must reboot the machine. More information about this problem is available in Microsoft Security Bulletin [MS 01-024](http://www.microsoft.com/technet/security/bulletin/ms01-024.asp), and an [advisory ](http://www.ntsecurity.net/Articles/Index.cfm?ArticleID=21043)issued by [Defcom Labs](http://www.defcom.com), who originally discovered the problem.Note that a casual reader of the Microsoft advisory may not appreciate the scope of this vulnerability.  Quoting from their advisory: If there were multiple domain controllers on the domain, the unaffected machines could pick up the other machine\u2019s load.\u00a0 This statement is true, but may lead one to assume that a failure of a domain controller resulting from this vulnerability would be independent of failures of other domain controllers. While having multiple domain controllers is recommended to guard against independent failures (e.g. a disk drive failure), security failures by their very nature are not likely to be independent. Intruders who wish to disrupt the operation of your domain will certainly realize that there may be more than one domain controller; and if they can attack one of them, it is likely that they can attack all of them. Microsoft addressed the issue of redundancy in [Windows 2000 Kerberos Authentication](http://www.microsoft.com/TechNet/win2000/win2ksrv/technote/kerberos.asp). Quoting from that document: The KDC is located on every domain controller, as is the Active Directory service. Both services are started automatically by the domain controller's Local Security Authority (LSA) and run in the process space of the LSA. Neither service can be stopped. Windows 2000 ensures availability of these services by allowing each domain to have several domain controllers, all peers. Any domain controller can accept authentication requests and ticket-granting requests addressed to the domain's KDC. Thus all Windows 2000 domain controllers share a vulnerability  in a service that cannot be disabled and which requires a restart to recover.",
    "Impact": "Intruders can disable domain controllers, effectively halting the processing of logon requests and the granting of new Kerberos tickets.",
    "Solution": "Apply a patch as described in Microsoft Security Bulletin [MS01-024](http://www.microsoft.com/technet/security/bulletin/MS01-024.asp). Limiting access to ports 88 and 464 can reduce your exposure to this problem. In general, we recommend blocking access to all ports that aren't explicitly required.",
    "Vendor Information": [
        {
            "Name": "Microsoft"
        }
    ],
    "CVSS Metrics": [
        {
            "Group": "Base",
            "Score": "",
            "Vector": ""
        },
        {
            "Group": "Temporal",
            "Score": "",
            "Vector": ""
        },
        {
            "Group": "Environmental",
            "Score": "",
            "Vector": ""
        }
    ],
    "References": [
        "[http://www.microsoft.com/technet/security/bulletin/ms01-024.asp](http://www.microsoft.com/technet/security/bulletin/ms01-024.asp)",
        "[http://www.ntsecurity.net/Articles/Index.cfm?ArticleID=21043](http://www.ntsecurity.net/Articles/Index.cfm?ArticleID=21043)",
        "[http://support.microsoft.com/support/kb/articles/Q294/3/91.ASP](http://support.microsoft.com/support/kb/articles/Q294/3/91.ASP)",
        "[http://www.ietf.org/rfc/rfc1510.txt\\](http://www.ietf.org/rfc/rfc1510.txt\\)",
        "[http://www.microsoft.com/TechNet/win2000/win2ksrv/technote/kerberos.asp](http://www.microsoft.com/TechNet/win2000/win2ksrv/technote/kerberos.asp)",
        "[http://www.securityfocus.com/bid/2707](http://www.securityfocus.com/bid/2707)"
    ],
    "Acknowledgements": "This problem was originally discovered by Peter Gr\u00fcndl of Defcom Labs.  A copy of their original advisory is available from Windows IT Security. This document was written by Shawn V. Hernan.",
    "Other Information": {
        "CVE IDs:": "CVE-2001-0237",
        "Severity Metric:": "27.54",
        "Date Public:": "2001-05-09",
        "Date First Published:": "2001-05-17",
        "Date Last Updated:": "2001-06-26 02:29 UTC",
        "Document Revision:": "11"
    }
}