{
    "Title": "VU#146430 - F5 Networks BIG-IP Edge Client information leakage vulnerability",
    "Overview": "F5 Networks has reported a flaw in the BIG-IP APM and the FirePass client-side F5-signed Edge Client components.  The components may leak information from memory. ([CWE-200](http://cwe.mitre.org/data/definitions/200.html))",
    "Description": "F5 Networks has reported a flaw in the BIG-IP APM and the FirePass client-side F5-signed Edge Client components.  The components may leak information from memory.Additional details may be found in the [F5 SOL14969 security advisory](http://support.f5.com/kb/en-us/solutions/public/14000/900/sol14969.html?sr=34905674-).",
    "Impact": "A local attacker may be able to access sensitive information from Edge Client memory.",
    "Solution": "Apply an UpdateUsers should check the [F5 SOL14969 security advisory](http://support.f5.com/kb/en-us/solutions/public/14000/900/sol14969.html?sr=34905674-) to see if their product is vulnerable and to receive a patch.",
    "Vendor Information": [
        {
            "Name": "F5 Networks, Inc.",
            "Status": "Affected",
            "Vendor Statement": "We have not received a statement from the vendor.",
            "Vendor Information": "We are not aware of further vendor information regarding this vulnerability."
        }
    ],
    "CVSS Metrics": [
        {
            "Group": "Base",
            "Score": "4.4",
            "Vector": "AV:L/AC:M/Au:S/C:C/I:N/A:N"
        },
        {
            "Group": "Temporal",
            "Score": "3.6",
            "Vector": "E:F/RL:OF/RC:C"
        },
        {
            "Group": "Environmental",
            "Score": "6.2",
            "Vector": "CDP:MH/TD:H/CR:ND/IR:ND/AR:ND"
        }
    ],
    "References": [
        "[http://support.f5.com/kb/en-us/solutions/public/14000/900/sol14969.html?sr=34905674-](http://support.f5.com/kb/en-us/solutions/public/14000/900/sol14969.html?sr=34905674-)",
        "[http://cwe.mitre.org/data/definitions/200.html](http://cwe.mitre.org/data/definitions/200.html)"
    ],
    "Acknowledgements": "Thanks to Giorgio Casali and Simone Cecchini with Verizon Enterprise Solutions GCIS Threat and Vulnerability Management for discovering this vulnerability.This document was written by Jared Allar.",
    "Other Information": {
        "CVE IDs:": "CVE-2013-6024",
        "Date Public:": "2013-02-04",
        "Date First Published:": "2014-02-06",
        "Date Last Updated:": "2014-02-06 19:01 UTC",
        "Document Revision:": "13"
    }
}