{
    "Title": "VU#146718 - Sendmail fails to handle malformed multipart MIME messages",
    "Overview": "Sendmail does not properly handle malformed multipart MIME messages. This vulnerability may allow a remote, unauthenticated attacker to cause a denial-of-service condition.",
    "Description": "SendmailSendmail is a widely used mail transfer agent (MTA).Mail Transfer Agents (MTA)MTAs are responsible for sending and receiving email messages over the internet. They are also referred to as mail servers or SMTP servers.The ProblemSendmail fails to properly handle malformed multipart MIME messages. This vulnerability may be triggered by sending a specially crafted message to a vulnerable Sendmail MTA.",
    "Impact": "This vulnerability will not cause the Sendmail server process to terminate. However, it may cause the Sendmail to consume a large amount of system resources. Specifically, if a system writes uniquely named core dump files,  this vulnerability may cause available disk space to be filled with core dumps leading to a disruption of system operation resulting in a denial-of-service condition.Additionally, this vulnerability may cause queue runs to abort; if this situation were to occur, processing and delivery of queued messages would be prevented.",
    "Solution": "Upgrade SendmailThis issue is corrected in Sendmail version [8.13.7](http://www.sendmail.org/releases/8.13.7.html). The following workarounds were provided by Sendmail:Limit message sizeLimiting the maximum message size accepted by your server (via the sendmail MaxMessageSize option) will mitigate this vulnerability.Remove stack size limitIf your operating system limits stack size, remove that limit.  This will make the attack more difficult to accomplish, as it will require a very large message.  Also, by limiting the maximum message size accepted by your server (via the sendmail MaxMessageSize  option), you can eliminate the attack completely.Configure your MTA to avoid the negative impacts listed above:Disable core dumps.Enable the ForkEachJob option at the cost of lower queue run performance and potentially a high number of processes. Set QueueSortOrder to random, which will randomize the order jobs are processed.  Note that with random queue sorting, the bad message will still be processed and the queue run aborted every time, but at a different, random spot.",
    "Vendor Information": [
        {
            "Name": "FreeBSD, Inc.",
            "Status": "Affected",
            "Vendor Statement": "We have not received a statement from the vendor.",
            "Vendor Information": "We are not aware of further vendor information regarding this vulnerability.",
            "Addendum": "Refer to [http://security.freebsd.org/advisories/FreeBSD-SA-06:17.sendmail.asc](http://security.freebsd.org/advisories/FreeBSD-SA-06:17.sendmail.asc)If you have feedback, comments, or additional information about this vulnerability, please send us [email](mailto:cert@cert.org?Subject=VU%23146718 Feedback)."
        },
        {
            "Name": "Gentoo Linux",
            "Status": "Affected",
            "Vendor Statement": "Gentoo Linux has this fixed in version 8.13.6-r1. For further details please see GLSA 200606-19 which will be issued shortly.",
            "Vendor Information": "We are not aware of further vendor information regarding this vulnerability."
        },
        {
            "Name": "IBM Corporation",
            "Status": "Affected",
            "Vendor Statement": "To obtain a copy of our security advisory for this issue, please visit:[https://www14.software.ibm.com/webapp/set2/subscriptions/pqvcmjd](https://www14.software.ibm.com/webapp/set2/subscriptions/pqvcmjd)The AIX Security Team is aware of the issues discussed in CERT Vulnerability Note VU#146718. IBM has provided interim fixes that remove possible attack vectors for this vulnerability. These interim fixes should be installed as a precautionary measure.The following APARs will be released to address this issue:APAR number for AIX 5.2.0:  IY85930 (available approx. 08/23/06)APAR number for AIX 5.3.0:  IY85415 (available approx. 08/09/06)An interim fix is available from:[ftp://ftp.software.ibm.com/aix/efixes/security/sendmail_vu146718.tar.Z](ftp://ftp.software.ibm.com/aix/efixes/security/sendmail_vu146718.tar.Z)",
            "Vendor Information": "We are not aware of further vendor information regarding this vulnerability."
        },
        {
            "Name": "NetBSD",
            "Status": "Affected",
            "Vendor Statement": "In response to this and previous issues, Sendmail was removed entirely from the NetBSD-current base system on 2006-05-30. The default MTA has been switched to Postfix.  These changes will be included in NetBSD 4.0 and later releases in order to minimise the risk and maintenance burden for any future sendmail issues.Sendmail remains in the base distribution for the presently maintained release branches, NetBSD 2.* and 3.*, and fixes for this issue have been applied.  Sendmail remains as a supported MTA for users of all NetBSD versions (and many other platforms) via pkgsrc.Details of these fixes and further advice has been published in NetBSD Security Advisory 2006-017.",
            "Vendor Information": "We are not aware of further vendor information regarding this vulnerability.",
            "Addendum": "Refer to [ftp://ftp.netbsd.org/pub/NetBSD/security/advisories/NetBSD-SA2006-017.txt.asc](ftp://ftp.netbsd.org/pub/NetBSD/security/advisories/NetBSD-SA2006-017.txt.asc).If you have feedback, comments, or additional information about this vulnerability, please send us [email](mailto:cert@cert.org?Subject=VU%23146718 Feedback)."
        },
        {
            "Name": "Red Hat, Inc.",
            "Status": "Affected",
            "Vendor Statement": "Red Hat distributes Sendmail in all Red Hat Enterprise Linux releases. By default on Red Hat Enterprise Linux, Sendmail is configured to only accept connections from the local host. Therefore, only users who have configured Sendmail to listen to remote hosts would be remotely vulnerable to this denial of service issue.Updated Sendmail packages will shortly be available along with our advisory at the URL below.  At the same time users of the Red Hat Network will be able to update their systems using the 'up2date' tool.[https://rhn.redhat.com/errata/RHSA-2006-0515.html](https://rhn.redhat.com/errata/RHSA-2006-0515.html)",
            "Vendor Information": "We are not aware of further vendor information regarding this vulnerability."
        },
        {
            "Name": "Sendmail Consortium",
            "Status": "Affected",
            "Vendor Statement": "The Sendmail Consortium strongly recommends that Open Source sendmail users upgrade to 8.13.7 whenever possible. If that is not possible, source code patches are available for 8.12.11 and 8.13.6.Further information is available at [http://www.sendmail.org/](http://www.sendmail.org/).",
            "Vendor Information": "We are not aware of further vendor information regarding this vulnerability."
        },
        {
            "Name": "Sendmail, Inc."
        }
    ],
    "CVSS Metrics": [
        {
            "Group": "Base",
            "Score": "",
            "Vector": ""
        },
        {
            "Group": "Temporal",
            "Score": "",
            "Vector": ""
        },
        {
            "Group": "Environmental",
            "Score": "",
            "Vector": ""
        }
    ],
    "References": [
        "[http://www.sendmail.com/security/advisories/SA-200605-01.txt.asc](http://www.sendmail.com/security/advisories/SA-200605-01.txt.asc)",
        "[http://www.sendmail.org/releases/8.13.7.html](http://www.sendmail.org/releases/8.13.7.html)",
        "[http://www.sendmail.org/releases/8.13.7.html#RS](http://www.sendmail.org/releases/8.13.7.html#RS)",
        "[http://jvn.jp/cert/JVNVU%23146718/index.html](http://jvn.jp/cert/JVNVU%23146718/index.html)",
        "[http://secunia.com/advisories/20473/](http://secunia.com/advisories/20473/)",
        "[http://secunia.com/advisories/15779/](http://secunia.com/advisories/15779/)",
        "[http://secunia.com/advisories/20641/](http://secunia.com/advisories/20641/)",
        "[http://secunia.com/advisories/20673/](http://secunia.com/advisories/20673/)",
        "[http://secunia.com/advisories/20650/](http://secunia.com/advisories/20650/)",
        "[http://secunia.com/advisories/20654/](http://secunia.com/advisories/20654/)",
        "[http://secunia.com/advisories/20651/](http://secunia.com/advisories/20651/)",
        "[http://secunia.com/advisories/20683/](http://secunia.com/advisories/20683/)"
    ],
    "Acknowledgements": "This vulnerability was reported by Sendmail.This document was written by Jeff Gennari based on information from Sendmail.",
    "Other Information": {
        "CVE IDs:": "CVE-2006-1173",
        "Severity Metric:": "13.51",
        "Date Public:": "2006-06-14",
        "Date First Published:": "2006-06-14",
        "Date Last Updated:": "2011-07-22 12:53 UTC",
        "Document Revision:": "43"
    }
}