{
    "Title": "VU#146785 - SETI@home client vulnerable to buffer overflow",
    "Overview": "A buffer overflow vulnerability in the SETI@home client could allow a remote attacker to execute arbitrary code or cause the SETI@home client to fail. An exploit for this vulnerability is known to exist and may be circulating.",
    "Description": "From the [SETI@home website](http://setiathome.ssl.berkeley.edu/):SETI@home is a scientific experiment that uses Internet-connected computers in the Search for Extraterrestrial Intelligence (SETI). You can participate by running a free program that downloads and analyzes radio telescope data.A remotely exploitable buffer overflow in the SETI@home client may allow a remote attacker to execute arbitrary code with the privileges of the victim running SETI@home, or cause the SETI@home client to fail. For more details, please see the [advisory](http://spoor12.edup.tudelft.nl/) written by Berend-Jan Wever.",
    "Impact": "A remote attacker may be able to execute arbitrary code with the privileges of the victim running SETI@home, or cause the SETI@home client to fail.",
    "Solution": "SETI@home has provided an [updated client](http://setiathome.berkeley.edu/download.html) that resolves this vulnerability.",
    "Vendor Information": [
        {
            "Name": "FreeBSD"
        }
    ],
    "CVSS Metrics": [
        {
            "Group": "Base",
            "Score": "",
            "Vector": ""
        },
        {
            "Group": "Temporal",
            "Score": "",
            "Vector": ""
        },
        {
            "Group": "Environmental",
            "Score": "",
            "Vector": ""
        }
    ],
    "References": [
        "[http://setiathome.berkeley.edu/](http://setiathome.berkeley.edu/)",
        "[http://spoor12.edup.tudelft.nl/](http://spoor12.edup.tudelft.nl/)",
        "[http://slashdot.org/articles/03/04/06/156217.shtml?tid=172](http://slashdot.org/articles/03/04/06/156217.shtml?tid=172)",
        "[http://www.neowin.net/comments.php?id=10074&category=software](http://www.neowin.net/comments.php?id=10074&category=software)"
    ],
    "Acknowledgements": "This vulnerability was discovered by Berend-Jan Wever.This document was written by Ian A Finlay.",
    "Other Information": {
        "CVE IDs:": "None",
        "Severity Metric:": "14.06",
        "Date Public:": "2003-04-06",
        "Date First Published:": "2003-04-07",
        "Date Last Updated:": "2003-04-09 13:00 UTC",
        "Document Revision:": "9"
    }
}