{
    "Title": "VU#146704 - Hyperseek 2000 hsx.cgi does not adequately filter user input disclosing directory listings and file contents",
    "Overview": "iWeb Systems Hyperseek search engine may allow malformed URL requests to access files outside the document root of a vulnerable system.",
    "Description": "A specially crafted URL can disclose the directory listing and files of the target system with read permissions.",
    "Impact": "Remote attackers may be able to disclose directory listings and files of the target system with read permissions.",
    "Solution": "Contact the vendor to obtain a patch.",
    "Vendor Information": [
        {
            "Name": "IWeb Systems"
        }
    ],
    "CVSS Metrics": [
        {
            "Group": "Base",
            "Score": "",
            "Vector": ""
        },
        {
            "Group": "Temporal",
            "Score": "",
            "Vector": ""
        },
        {
            "Group": "Environmental",
            "Score": "",
            "Vector": ""
        }
    ],
    "References": [
        "[http://www.securityfocus.com/bid/2314](http://www.securityfocus.com/bid/2314)",
        "[   http://www.hyperseek.com/hyperseek/](   http://www.hyperseek.com/hyperseek/)"
    ],
    "Acknowledgements": "Mc GaN , has been publicly credited for discovering this vulnerability.This document was written by Ian A. Finlay.",
    "Other Information": {
        "CVE IDs:": "CVE-2001-0253",
        "Severity Metric:": "4.50",
        "Date Public:": "2001-01-28",
        "Date First Published:": "2003-02-14",
        "Date Last Updated:": "2003-02-14 20:47 UTC",
        "Document Revision:": "18"
    }
}