{
    "Title": "VU#146896 - Gear Software CD DVD Filter driver privilege escalation vulnerability",
    "Overview": "The Gear Software CD DVD Filter driver contains a privilege escalation vulnerability, which can allow an attacker to gain SYSTEM privileges.",
    "Description": "Gear Software provides a driver called CD DVD Filter, which is provided by GEARAspiWDM.sys. This driver is used by multiple CD/DVD recording applications. The Gear Software CD DVD Filter driver allows unlimited calls to IoAttachDevice from a user-space application. By making multiple calls to IoAttachDevice, an attacker may be able to exploit an integer overflow in the Microsoft Windows kernel to execute code with SYSTEM privileges.",
    "Impact": "An attacker may be able to execute code with SYSTEM privileges.",
    "Solution": "Apply an updateThis issue is addressed in GEAR driver version 4.001.7, which provides GEARAspiWDM.sys version 2.0.7.5. This version of the CD DVD Filter driver limits the number of IoAttachDevice calls that can be made. Please check with your software vendor for updates that contains this fixed driver. If no update is available, the stand-alone driver from GEAR may be installed.Apple iTunes users should install iTunes 8.0, as specified in the [About the security content of iTunes 8.0](http://support.apple.com/kb/HT3025) document.Symantec customers using Norton 360, Norton Ghost, Norton Save and Restore, Backup Exec System Recovery, and Symantec LiveState Recovery should apply an update, as specified in the Symantec Security Advisory [SYM08-017](http://securityresponse.symantec.com/avcenter/security/Content/2008.10.07a.html).",
    "Vendor Information": [
        {
            "Name": "Apple Computer, Inc.",
            "Status": "Affected",
            "Vendor Statement": "We have not received a statement from the vendor.",
            "Vendor Information": "The vendor has not provided us with any further information regarding this vulnerability.",
            "Addendum": "This issue is addressed in iTunes 8.0. Please see Apple Security Update [APPLE-SA-2009-09-09](http://lists.apple.com/archives/Security-announce/2008/Sep/msg00001.html) for more details.If you have feedback, comments, or additional information about this vulnerability, please send us [email](mailto:cert@cert.org?Subject=VU%23146896 Feedback)."
        },
        {
            "Name": "GEAR Software, Inc.",
            "Status": "Affected",
            "Vendor Statement": "We have not received a statement from the vendor.",
            "Vendor Information": "The vendor has not provided us with any further information regarding this vulnerability.",
            "Addendum": "This issue is addressed in GEAR driver version 4.001.7, which provides GEARAspiWDM.sys version 2.0.7.5.If you have feedback, comments, or additional information about this vulnerability, please send us [email](mailto:cert@cert.org?Subject=VU%23146896 Feedback)."
        },
        {
            "Name": "Symantec, Inc.",
            "Status": "Affected",
            "Vendor Statement": "We have not received a statement from the vendor.",
            "Vendor Information": "The vendor has not provided us with any further information regarding this vulnerability.",
            "Addendum": "Symantec customers using Norton 360, Norton Ghost, Norton Save and Restore, Backup Exec System Recovery, and Symantec LiveState Recovery should apply an update, as specified in the Symantec Security Advisory [SYM08-017](http://securityresponse.symantec.com/avcenter/security/Content/2008.10.07a.html).If you have feedback, comments, or additional information about this vulnerability, please send us [email](mailto:cert@cert.org?Subject=VU%23146896 Feedback)."
        }
    ],
    "CVSS Metrics": [
        {
            "Group": "Base",
            "Score": "",
            "Vector": ""
        },
        {
            "Group": "Temporal",
            "Score": "",
            "Vector": ""
        },
        {
            "Group": "Environmental",
            "Score": "",
            "Vector": ""
        }
    ],
    "References": [
        "[http://www.wintercore.com/advisories/advisory_W021008.html](http://www.wintercore.com/advisories/advisory_W021008.html)",
        "[http://lists.apple.com/archives/security-announce//2008/Sep/msg00001.html](http://lists.apple.com/archives/security-announce//2008/Sep/msg00001.html)",
        "[http://support.apple.com/kb/HT3025](http://support.apple.com/kb/HT3025)",
        "[http://securityresponse.symantec.com/avcenter/security/Content/2008.10.07a.html](http://securityresponse.symantec.com/avcenter/security/Content/2008.10.07a.html)"
    ],
    "Acknowledgements": "Thanks to  Ruben Santamarta of Wintercore for reporting this vulnerability by way of the Microsoft Security Response Center.This document was written by Will Dormann.",
    "Other Information": {
        "CVE IDs:": "CVE-2008-3636",
        "Severity Metric:": "5.67",
        "Date Public:": "2008-10-07",
        "Date First Published:": "2008-10-07",
        "Date Last Updated:": "2008-10-07 20:35 UTC",
        "Document Revision:": "14"
    }
}