{
    "Title": "VU#147027 - PHP path translation vulnerability",
    "Overview": "PHP contains a path translation vulnerability that may allow an attacker to execute arbitrary code.",
    "Description": "PHP  is a scripting language that is designed for web-based applications and can be imbedded directly into HTML.PHP versions prior to 5.2.6 contain a path translation vulnerability. For more information about this issue, see the PHP [CVS log](http://cvs.php.net/viewvc.cgi/php-src/sapi/cgi/cgi_main.c?r1=1.267.2.15.2.50.2.12&r2=1.267.2.15.2.50.2.13&diff_format=u).",
    "Impact": "An attacker may be able to execute arbitrary code in the context of an application that uses the vulnerable function. The scope of the impact depends on how the affected application works. Applications that process filename input from the network, such as public-facing web applications, would be vulnerable to a remote attacker.",
    "Solution": "UpgradePHP [5.2.6](http://www.php.net/archive/2008.php#id2008-05-01-1) was released to address this and other issues.",
    "Vendor Information": [
        {
            "Name": "The PHP Group"
        }
    ],
    "CVSS Metrics": [
        {
            "Group": "Base",
            "Score": "",
            "Vector": ""
        },
        {
            "Group": "Temporal",
            "Score": "",
            "Vector": ""
        },
        {
            "Group": "Environmental",
            "Score": "",
            "Vector": ""
        }
    ],
    "References": [
        "[http://www.php.net/ChangeLog-5.php ](http://www.php.net/ChangeLog-5.php )",
        "[http://cvs.php.net/viewvc.cgi/php-src/sapi/cgi/cgi_main.c?r1=1.267.2.15.2.50.2.12&r2=1.267.2.15.2.50.2.13&diff_format=u](http://cvs.php.net/viewvc.cgi/php-src/sapi/cgi/cgi_main.c?r1=1.267.2.15.2.50.2.12&r2=1.267.2.15.2.50.2.13&diff_format=u)"
    ],
    "Acknowledgements": "Thanks to the PHP team for information that was used in this report.This document was written by Ryan Giobbi.",
    "Other Information": {
        "CVE IDs:": "CVE-2008-0599",
        "Severity Metric:": "1.13",
        "Date Public:": "2008-05-06",
        "Date First Published:": "2008-05-06",
        "Date Last Updated:": "2008-07-21 18:01 UTC",
        "Document Revision:": "22"
    }
}