{
    "Title": "VU#147252 - NVIDIA Display Driver for Unix systems vulnerable to buffer overflow",
    "Overview": "A vulnerability in the NVIDIA Display Driver for Unix systems may allow a remote attacker to execute code on a vulnerable system.",
    "Description": "The NVIDIA Display Driver for Unix systems provides access to the display adapter's accelerated features on supported systems, and includes a module for use with the X windowing system.  Some versions of the driver contain a buffer overflow vulnerability in handling the size specification of text character data known as glyphs.An attacker with the ability to supply a specially crafted sequence of glyphs could exploit this vulnerability.  Such an exploit could be supplied remotely via a malicious remote X client or an existing X client program, such as a web browser or email client.We are aware of publicly available exploit code for this vulnerability.",
    "Impact": "A remote unauthenticated attacker may be able to execute arbitrary code on a vulnerable system or cause that system's X server to crash.  The attacker-supplied code would be executed with the privileges of the X server, typically root.",
    "Solution": "We are unaware of a practical solution to this problem.WorkaroundsUse the nv driverDisable the NVIDIA-supplied driver in favor of the \"nv\" driver that is included by default with many X distributions.  Note that implementing this workaround will result in loss of performance and features since the nv driver does not provide access to the accelerated 3D features of the video adapter.Upgrade to the latest beta version of the driverThe latest beta version of the driver for Unix systems (Version: 1.0-9625) does not appear to contain this vulnerability.  More information can be found on the [NVIDIA BETA Drivers download page](http://www.nzone.com/object/nzone_downloads_rel70betadriver.html).  Users may wish to upgrade to this version until an official release can be obtained from the vendor.",
    "Vendor Information": [
        {
            "Name": "NVIDIA"
        }
    ],
    "CVSS Metrics": [
        {
            "Group": "Base",
            "Score": "",
            "Vector": ""
        },
        {
            "Group": "Temporal",
            "Score": "",
            "Vector": ""
        },
        {
            "Group": "Environmental",
            "Score": "",
            "Vector": ""
        }
    ],
    "References": [
        "[http://www.rapid7.com/advisories/R7-0025.jsp ](http://www.rapid7.com/advisories/R7-0025.jsp )",
        "[http://secunia.com/advisories/22419/](http://secunia.com/advisories/22419/)",
        "[http://securitydot.org/xpl/exploits/vulnerabilities/articles/1714/exploit.html](http://securitydot.org/xpl/exploits/vulnerabilities/articles/1714/exploit.html)"
    ],
    "Acknowledgements": "This issue was discovered by Derek Abdine of Rapid7, LLC and reported in Rapid7 Advisory R7-0025.  Rapid7 also credits Marc Bevand with assistance.This document was written by Chad R Dougherty.",
    "Other Information": {
        "CVE IDs:": "CVE-2006-5379",
        "Severity Metric:": "12.29",
        "Date Public:": "2006-10-16",
        "Date First Published:": "2006-10-17",
        "Date Last Updated:": "2006-11-17 17:47 UTC",
        "Document Revision:": "20"
    }
}