{
    "Title": "VU#149070 - Symantec Endpoint Protection network threat protection module Microsoft IIS denial of service vulnerability",
    "Overview": "Symantec Endpoint Protection (SEP) Network Threat Protection module running on a Microsoft Internet Information Services (IIS) webserver contains a denial of service vulnerability when probed by an audit tool.",
    "Description": "Symantec Security Advisory [SYM12-007](http://www.symantec.com/security_response/securityupdates/detail.jsp?fid=security_advisory&pvid=security_advisory&year=2012&suid=20120522_00) states:OverviewVersions of Symantec Endpoint Protection Manager 11.0 running the Network Threat Protection module on Windows Server 2003 are susceptible to a Denial of Service(DoS).  Successful exploitation could potentially result in the system hosting Symantec Endpoint Protection Manager becoming unresponsive to IIS-based web server requests until restarted.DetailsSymantec was notified of a Denial of Service(DoS) within the Symantec Endpoint Protection Manager 11 RU6 and related maintenance packs. A successful exploitation is possible when using audit tools to aggressively scan the targeted Symantec Endpoint Protection Manager host.  After a period of heavy scanning the Network Threat Protection  module responds to the perceived threat by blocking all subsequent traffic to the server.  This can lead the server to stop serving pages and in some instances can cause excessive resource use which can lead to a hang or crash of the server.This issue does not impact the security of the Symantec Endpoint Manager, only the availability of the web server components.It has been reported that this vulnerability affects Microsoft Internet Information Services (IIS) 6.0, however newer versions could be affected.",
    "Impact": "An unauthenticated attacker can cause the Microsoft IIS webserver to become unresponsive leading to a denial of service condition.",
    "Solution": "UpdateThe vendor has stated that this vulnerability has been addressed in SEP 11.0.7000 RU7 MP2. Users are advised to upgrade to release SEP 11.0.7000 RU7 MP2 or later. The vendor states that updates will be available through customers\u2019 normal support/download locations.Restart server or IIS serviceThe vendor has stated that manually restarting the server and/or IIS service will remedy the situation.",
    "Vendor Information": [
        {
            "Name": "Symantec",
            "Status": "Affected",
            "Vendor Statement": "We have not received a statement from the vendor.",
            "Vendor Information": "We are not aware of further vendor information regarding this vulnerability."
        }
    ],
    "CVSS Metrics": [
        {
            "Group": "Base",
            "Score": "4.3",
            "Vector": "AV:N/AC:M/Au:N/C:N/I:N/A:P"
        },
        {
            "Group": "Temporal",
            "Score": "3.2",
            "Vector": "E:U/RL:OF/RC:C"
        },
        {
            "Group": "Environmental",
            "Score": "1",
            "Vector": "CDP:L/TD:L/CR:ND/IR:ND/AR:ND"
        }
    ],
    "References": [
        "[http://www.symantec.com/security_response/securityupdates/detail.jsp?fid=security_advisory&pvid=security_advisory&year=2012&suid=20120522_00](http://www.symantec.com/security_response/securityupdates/detail.jsp?fid=security_advisory&pvid=security_advisory&year=2012&suid=20120522_00)"
    ],
    "Acknowledgements": "Thanks to Greg Johnson of Clear Skies Security for reporting this vulnerability.This document was written by Michael Orlando.",
    "Other Information": {
        "CVE IDs:": "CVE-2012-1821",
        "Date Public:": "2012-05-22",
        "Date First Published:": "2012-06-05",
        "Date Last Updated:": "2012-06-05 12:16 UTC",
        "Document Revision:": "15"
    }
}