{
    "Title": "VU#149457 - Sun Java JRE vulnerable to arbitrary code execution via an undetermined error",
    "Overview": "A vulnerability in the Sun Java Runtime Environment may allow an attacker to execute arbitrary code on a vulnerable system.",
    "Description": "The Sun Java Runtime Environment ([JRE](http://java.sun.com/j2se/1.4.2/download.html)) allows users to run [Java](http://java.sun.com/javase/technologies/) applications in a browser or as standalone programs. Sun has made the JRE available for multiple operating systems.The following statement is from Sunsolve Document ID [102729](http://sunsolve.sun.com/search/document.do?assetkey=1-26-102729-1):Two buffer overflow vulnerabilities in the Java Runtime Environment may independently allow an untrusted applet to elevate its privileges. For example, an applet may grant itself permissions to read and write local files or execute local applications that are accessible to the user running the untrusted applet.Sun acknowledges, with thanks, Chris Evans, for bringing these issues to our attention.",
    "Impact": "A remote unauthenticated attacker may be able to execute arbitrary code.",
    "Solution": "UpgradeSun has released an upgrade to address this issue. See Sunsolve Document ID [102729](http://sunsolve.sun.com/search/document.do?assetkey=1-26-102729-1) for more details. To adjust the JRE update settings, see the [update](http://java.sun.com/j2se/1.5.0/docs/guide/deployment/deployment-guide/jcp.html#update) section of the Java deployment guide.Disable JavaDisabling the Java browser plugin may prevent a malicious web page from exploiting this vulnerability. See [Securing Your Web Browser](http://www.us-cert.gov/reading_room/securing_browser/) for instructions on how to disable Java in your browser.",
    "Vendor Information": [
        {
            "Name": "Sun Microsystems, Inc."
        }
    ],
    "CVSS Metrics": [
        {
            "Group": "Base",
            "Score": "",
            "Vector": ""
        },
        {
            "Group": "Temporal",
            "Score": "",
            "Vector": ""
        },
        {
            "Group": "Environmental",
            "Score": "",
            "Vector": ""
        }
    ],
    "References": [
        "[http://secunia.com/advisories/23445/](http://secunia.com/advisories/23445/)",
        "[http://sunsolve.sun.com/search/document.do?assetkey=1-26-102729-1](http://sunsolve.sun.com/search/document.do?assetkey=1-26-102729-1)",
        "[http://scary.beasts.org/security/CESA-2005-008.txt](http://scary.beasts.org/security/CESA-2005-008.txt)",
        "[http://secunia.com/advisories/23803/](http://secunia.com/advisories/23803/)",
        "[http://java.sun.com/j2se/1.5.0/docs/guide/deployment/deployment-guide/jcp.html#update](http://java.sun.com/j2se/1.5.0/docs/guide/deployment/deployment-guide/jcp.html#update)",
        "[http://www.securityfocus.com/bid/21675](http://www.securityfocus.com/bid/21675)",
        "[http://secunia.com/advisories/24189/](http://secunia.com/advisories/24189/)",
        "[http://secunia.com/advisories/24468/](http://secunia.com/advisories/24468/)",
        "[http://secunia.com/advisories/25283/](http://secunia.com/advisories/25283/)"
    ],
    "Acknowledgements": "Sun thanks Chris Evans for reporting this vulnerability.This document was written by Ryan Giobbi.",
    "Other Information": {
        "CVE IDs:": "CVE-2006-6731",
        "Severity Metric:": "24.24",
        "Date Public:": "2006-12-20",
        "Date First Published:": "2007-01-09",
        "Date Last Updated:": "2007-05-16 18:58 UTC",
        "Document Revision:": "34"
    }
}