{
    "Title": "VU#150326 - Internet Security Systems' BlackICE and RealSecure contain a heap overflow in the processing of SMB packets",
    "Overview": "Internet Security Systems' BlackICE and RealSecure intrusion detection products contain a remotely exploitable vulnerability. Exploitation of this vulnerability could lead to the compromise of the system with privileges of the vulnerable process, typically the \"SYSTEM\" user.",
    "Description": "[Internet Security Systems](http://www.iss.net/) (ISS) has two lines of intrusion detection and prevention products, BlackICE and RealSecure. A heap overflow vulnerability has been discovered in the code that processes Server Message Block (SMB) packets. Since all packets are processed by these products, this vulnerability can be exploited even when the utilities are set to their most restrictive settings. When these products receive an SMB packet, the packet is disassembled, processed and reassembled. The vulnerability occurs in the code that reassembles the SMB packet. eEye Digital Security has released an [advisory](http://www.eeye.com/html/Research/Advisories/AD20040226.html) and according to their advisory, this vulnerability can be remotely exploited via a single crafted SMB packet. According to eEye's [advisory](http://www.eeye.com/html/Research/Advisories/AD20040226.html), the following products are affected:RealSecure Network 7.0, XPU 20.15 through 22.9Real Secure Server Sensor 7.0 XPU 20.16 through 22.9Proventia A Series XPU 20.15 through 22.9Proventia G Series XPU 22.3 through 22.9Proventia M Series XPU 1.3 through 1.7RealSecure Desktop 7.0 eba through ebhRealSecure Desktop 3.6 ebr through ecbRealSecure Guard 3.6 ebr through ecbRealSecure Sentry 3.6 ebr through ecbBlackICE PC Protection 3.6 cbr through ccbBlackICE Server Protection 3.6 cbr through ccbISS has also released an advisory about this issue, available at[ http://xforce.iss.net/xforce/alerts/id/165](http://xforce.iss.net/xforce/alerts/id/165). Quoting from the ISS advisory: Externally facing networks that do not allow SMB connections are not vulnerable to attack.Furthermore, ISS has released the following updates to correct this problemRealSecure Network 7.0, XPU 22.10RealSecure Server Sensor 7.0, XPU 22.10Proventia A Series, XPU 22.10Proventia G Series, XPU 22.10Proventia M Series, XPU 1.8RealSecure Desktop 7.0 ebjRealSecure Desktop 3.6 ecdRealSecure Guard 3.6 ecdRealSecure Sentry 3.6 ecdBlackICE PC Protection 3.6 ccdBlackICE Server Protection 3.6 ccdWe encourage you to apply these updates as soon as practical.",
    "Impact": "Exploitation of this vulnerability could lead to the execution of arbitrary code on the system with privileges of the vulnerable process, typically the \"SYSTEM\" user on the windows platform.",
    "Solution": "This vulnerability has been fixed in both the BlackICE and RealSecure releases.This vulnerability is resolved in BlackICE 3.6.ccd. BlackICE updates are available at [http://blackice.iss.net/update_center/index.php](http://blackice.iss.net/update_center/index.php). RealSecure updates are available at [http://www.iss.net/download/](http://www.iss.net/download/).Until a patch can be applied, blocking SMB traffic at your network perimeter may mitigate the risk this vulnerability presents. this may or may not be practical based on network configuration and requirements.",
    "Vendor Information": [
        {
            "Name": "Internet Security Systems Inc."
        }
    ],
    "CVSS Metrics": [
        {
            "Group": "Base",
            "Score": "",
            "Vector": ""
        },
        {
            "Group": "Temporal",
            "Score": "",
            "Vector": ""
        },
        {
            "Group": "Environmental",
            "Score": "",
            "Vector": ""
        }
    ],
    "References": [
        "[http://www.eeye.com/html/Research/Advisories/AD20040226.html](http://www.eeye.com/html/Research/Advisories/AD20040226.html)",
        "[http://www.eeye.com/html/Research/Upcoming/20040213.html](http://www.eeye.com/html/Research/Upcoming/20040213.html)",
        "[http://xforce.iss.net/xforce/alerts/id/165](http://xforce.iss.net/xforce/alerts/id/165)"
    ],
    "Acknowledgements": "Thanks to eEye Digital Security for reporting this vulnerability.This document was written by Jason A Rafail and Shawn Hernan based on information supplied by ISS and Eeye.",
    "Other Information": {
        "CVE IDs:": "None",
        "Severity Metric:": "12.12",
        "Date Public:": "2004-02-13",
        "Date First Published:": "2004-02-27",
        "Date Last Updated:": "2004-02-27 15:44 UTC",
        "Document Revision:": "25"
    }
}