{
    "Title": "VU#150508 - Oracle E-Business Suite Applications Technology Stack vulnerability",
    "Overview": "An unspecified vulnerability in the Oracle Applications Technology Stack may allow a remote, unauthenticated attacker to compromise system confidentiality and integrity.",
    "Description": "Oracle Applications Technology Stack is a collection of Oracle products bundled with the Oracle E-Business Suite. There is an vulnerability in the Applications Technology Stack. The details of this vulnerability are not clear. However, Oracle states this issue can allow an attacker to easily compromise system confidentiality and integrity.This issue is identified as APPS06 in the [Oracle Critical Patch Update for October 2005](http://www.oracle.com/technology/deploy/security/pdf/cpuoct2005.html).",
    "Impact": "A remote, unauthenticated attacker may be able to may be able gain access to, and modify sensitive information.",
    "Solution": "Apply updates Apply the appropriate patch or upgrade as specified in the [Oracle Critical Patch Update for October 2005](http://www.oracle.com/technology/deploy/security/pdf/cpuoct2005.html).",
    "Vendor Information": [
        {
            "Name": "Oracle Corporation"
        }
    ],
    "CVSS Metrics": [
        {
            "Group": "Base",
            "Score": "",
            "Vector": ""
        },
        {
            "Group": "Temporal",
            "Score": "",
            "Vector": ""
        },
        {
            "Group": "Environmental",
            "Score": "",
            "Vector": ""
        }
    ],
    "References": [
        "[http://www.oracle.com/technology/deploy/security/pdf/cpuoct2005.html](http://www.oracle.com/technology/deploy/security/pdf/cpuoct2005.html)",
        "[http://secunia.com/advisories/17250/](http://secunia.com/advisories/17250/)",
        "[http://www.red-database-security.com/advisory/details_oracle_cpu_october](http://www.red-database-security.com/advisory/details_oracle_cpu_october)"
    ],
    "Acknowledgements": "This document is based on information contained in the Oracle Critical Patch Update for October 2005. This document was written by Jeff Gennari.",
    "Other Information": {
        "CVE IDs:": "None",
        "Severity Metric:": "16.20",
        "Date Public:": "2005-10-18",
        "Date First Published:": "2005-10-21",
        "Date Last Updated:": "2005-10-21 17:49 UTC",
        "Document Revision:": "7"
    }
}