{
    "Title": "VU#151305 - CA Brightstor ARCserve Backup fails to properly process RPC requests",
    "Overview": "The Computer Associates BrightStor ARCserve Backup contains a buffer overflow in the handling of RPC data that may allow a remote attacker to execute arbitrary code.",
    "Description": "[BrightStor ARCserve Backup](http://www3.ca.com/solutions/ProductFamily.aspx?ID=115) is a backup and data retention tool that integrates with other BrightStor Data Availability and BrightStor Storage Management solutions.  A vulnerability exists in Mediasrv.exe which is a component of BrightStor ARCserve Backup Tape Engine.  The [Tape Engine](http://www3.ca.com/Files/DataSheets/bab_11-5_for_windows_options_and_agents_ds.pdf) features allow BrightStor ARCserve Backup products to use tape drives for storage. This vulnerability may be exploited by sending a specially crafted RPC request to a vulnerable system.  According to Shirkdog Security Advisory [SHK-004](http://www.shirkdog.us/shk-004.html):There seems to be an design error in the handling of RPC data with xdr procedures across several .dll's imported by Mediasvr.exe.Note that the vulnerable software may be running on any machines that have BrightStor ARCserve Backup products installed.We are aware of publicly available exploit code for this vulnerability.",
    "Impact": "A remote, unauthenticated attacker may be able to execute arbitrary code.",
    "Solution": "UpdateBrightStor has released patches to address this issue.  See [BrightStor ARCserve Backup Media Server Security Notice](http://supportconnectw.ca.com/public/storage/infodocs/babmedser-secnotice.asp) for more details.Disable mediasvr.exeComputer Associates recommends the following temporary workaround to mitigate the vulnerability:1) Rename the \"mediasvr.exe\" file to a non-functional file name,such as \"mediasvc.exe.disable\".2) Then restart the CA BrightStor Tape Engine service.Note that this will disable the product's command line functionality.",
    "Vendor Information": [
        {
            "Name": "Computer Associates eTrust Security Management",
            "Status": "Affected",
            "Vendor Statement": "We have not received a statement from the vendor.",
            "Vendor Information": "The vendor has not provided us with any further information regarding this vulnerability."
        }
    ],
    "CVSS Metrics": [
        {
            "Group": "Base",
            "Score": "",
            "Vector": ""
        },
        {
            "Group": "Temporal",
            "Score": "",
            "Vector": ""
        },
        {
            "Group": "Environmental",
            "Score": "",
            "Vector": ""
        }
    ],
    "References": [
        "[http://secunia.com/advisories/24682/](http://secunia.com/advisories/24682/)",
        "[http://supportconnectw.ca.com/public/storage/infodocs/babmedser-secnotice.asp](http://supportconnectw.ca.com/public/storage/infodocs/babmedser-secnotice.asp)"
    ],
    "Acknowledgements": "This issue was publicly reported in Shirkdog Security Advisory SHK-004. This document was written by Chris Taschner.",
    "Other Information": {
        "CVE IDs:": "CVE-2007-1785",
        "Severity Metric:": "27.56",
        "Date Public:": "2007-03-29",
        "Date First Published:": "2007-04-02",
        "Date Last Updated:": "2007-05-10 14:06 UTC",
        "Document Revision:": "20"
    }
}