{
    "Title": "VU#154307 - Synel SY-780/A terminal denial-of-service vulnerability",
    "Overview": "Synel SY-780/A terminals contain a denial-of-service vulnerability when specific ports of the device are scanned.",
    "Description": "According to Synel's [website](http://www.synel.com/time-and-attendance/sy-780a.html) the SY-780/A terminal is a stand-alone device used for time & attendance monitoring, production floor control, job costing, and access control applications. It has been reported that performing a port or vulnerability scan against this device or specifically hitting ports 1641, 3734 or 3735, will cause the device to stop responding completely.",
    "Impact": "If an attacker performs a port scan on the SY-780/A terminal, that attacker can completely lock the device, making the device inaccessible.",
    "Solution": "We are currently unaware of a practical solution to this problem.Restrict network accessAs a general good security practice, only allow connections from trusted hosts and networks.",
    "Vendor Information": [
        {
            "Name": "Synel"
        }
    ],
    "CVSS Metrics": [
        {
            "Group": "Base",
            "Score": "7.8",
            "Vector": "AV:N/AC:L/Au:N/C:N/I:N/A:C"
        },
        {
            "Group": "Temporal",
            "Score": "6.3",
            "Vector": "E:F/RL:W/RC:UC"
        },
        {
            "Group": "Environmental",
            "Score": "1.9",
            "Vector": "CDP:LM/TD:L/CR:ND/IR:ND/AR:ND"
        }
    ],
    "References": [
        "[http://www.synel.com/time-and-attendance/sy-780a.html](http://www.synel.com/time-and-attendance/sy-780a.html)"
    ],
    "Acknowledgements": "Thanks to the reporter that wishes to remain anonymous. This document was written by Michael Orlando.",
    "Other Information": {
        "CVE IDs:": "CVE-2012-2970",
        "Date Public:": "2012-07-09",
        "Date First Published:": "2012-07-09",
        "Date Last Updated:": "2012-07-09 11:41 UTC",
        "Document Revision:": "14"
    }
}