{
    "Title": "VU#154421 - Energizer DUO USB battery charger software allows unauthorized remote system access",
    "Overview": "The software available for the Energizer DUO USB battery charger contains a backdoor that allows unauthorized remote system access.",
    "Description": "Energizer DUO is a USB battery charger. An optional Windows application that allows the user to view the battery charging status has been available on the Energizer website. The installer for the Energizer DUO software places the file UsbCharger.dll in the application's directory and Arucer.dll in the Windows system32 directory. When the Energizer UsbCharger software executes, it utilizes the UsbCharger.dll component for providing USB communication capabilities. UsbCharger.dll executes Arucer.dll via the Windows rundll32.exe mechanism, and it also configures Arucer.dll to execute automatically when Windows starts by creating an entry in the HKLM\\SOFTWARE\\Microsoft\\Windows\\CurrentVersion\\Run registry key.Arucer.dll is a backdoor that allows unauthorized remote system access via accepting connections on 7777/tcp. Note that Windows XP SP2 and later systems include a firewall by default. Upon running the Energizer UsbCharger software for the first time, a dialog similar to the following is displayed:If the user selects \"Unblock,\" then the system will be at risk. Also note that if the application is unblocked, this will cause Windows to add rundll32.exe to the Windows Firewall exceptions list. This means that any DLL that is executed through the rundll32.exe mechanism will be excluded from the Windows Firewall, regardless of the DLL or port used.The backdoor capabilities include the ability to list directories, send and receive files, and execute programs.  The hash information for the file isMD5: 1070be3e60a1868d2cd62fc90d76c861SHA1: d102b1d2538d8771be85403272e5a22a4b3f81adThe file details for Arucer.dll are--a-- W32i \u00a0 DLL CHS \u00a0 \u00a0 \u00a0 \u00a0 1.0.0.1 shp \u00a0 \u00a0 28,672 05-10-2007 arucer.dll\u00a0 \u00a0 \u00a0 \u00a0 Language \u00a0 \u00a0 \u00a0 \u00a00x0804 (Chinese (PRC))\u00a0 \u00a0 \u00a0 \u00a0 CharSet \u00a0 \u00a0 \u00a0 \u00a0 0x04b0 Unicode\u00a0 \u00a0 \u00a0 \u00a0 OleSelfRegister Disabled\u00a0 \u00a0 \u00a0 \u00a0 CompanyName\u00a0 \u00a0 \u00a0 \u00a0 FileDescription Arucer DLL\u00a0 \u00a0 \u00a0 \u00a0 InternalName \u00a0 \u00a0Arucer\u00a0 \u00a0 \u00a0 \u00a0 OriginalFilenam Arucer.DLL\u00a0 \u00a0 \u00a0 \u00a0 ProductName \u00a0 \u00a0 Arucer Dynamic Link Library\u00a0 \u00a0 \u00a0 \u00a0 ProductVersion \u00a01, 0, 0, 1\u00a0 \u00a0 \u00a0 \u00a0 FileVersion \u00a0 \u00a0 1, 0, 0, 1\u00a0 \u00a0 \u00a0 \u00a0 LegalCopyright \u00a0???? (C) 2006\u00a0 \u00a0 \u00a0 \u00a0 LegalTrademarks\u00a0 \u00a0 \u00a0 \u00a0 VS_FIXEDFILEINFO:\u00a0 \u00a0 \u00a0 \u00a0 Signature: \u00a0 \u00a0 \u00a0feef04bd\u00a0 \u00a0 \u00a0 \u00a0 Struc Ver: \u00a0 \u00a0 \u00a000010000\u00a0 \u00a0 \u00a0 \u00a0 FileVer: \u00a0 \u00a0 \u00a0 \u00a000010000:00000001 (1.0:0.1)\u00a0 \u00a0 \u00a0 \u00a0 ProdVer: \u00a0 \u00a0 \u00a0 \u00a000010000:00000001 (1.0:0.1)\u00a0 \u00a0 \u00a0 \u00a0 FlagMask: \u00a0 \u00a0 \u00a0 0000003f\u00a0 \u00a0 \u00a0 \u00a0 Flags: \u00a0 \u00a0 \u00a0 \u00a0 \u00a000000000\u00a0 \u00a0 \u00a0 \u00a0 OS: \u00a0 \u00a0 \u00a0 \u00a0 \u00a0 \u00a0 00000004 Win32\u00a0 \u00a0 \u00a0 \u00a0 FileType: \u00a0 \u00a0 \u00a0 00000002 Dll\u00a0 \u00a0 \u00a0 \u00a0 SubType: \u00a0 \u00a0 \u00a0 \u00a000000000\u00a0 \u00a0 \u00a0 \u00a0 FileDate: \u00a0 \u00a0 \u00a0 00000000:00000000",
    "Impact": "An attacker is able to remotely control a system, including the ability to list directories, send and receive files, and execute programs. The backdoor operates with the privileges of the logged-on user.",
    "Solution": "Remove the Energizer UsbCharger softwareRemoving the Energizer UsbCharger software will also remove the registry value that causes the backdoor to execute automatically when Windows starts. The Arucer.dll file will remain in the system32 directory, but the mechanisms for executing the code in the DLL will not be present.Remove the Arucer.dll fileThe backdoor component of the Energizer UsbCharger software can be removed by deleting the Arucer.dll file from the Windows system32 directory. Because the backdoor hosted by rundll32.exe continues to run after the software has been uninstalled, Windows may need to be restarted before this file can be removed.Remove \"Run DLL as an App\" exclusion from the Windows FirewallIf the user unblocks Run DLL as an App (rundll32.exe) from the Windows Firewall, the exclusion will remain after the Energizer UsbCharger software has been uninstalled. To restore the firewall to the previous state, the \"Run a DLL as an App\" entry should be removed from the exclusions list.Block or restrict network accessBlocking access to 7777/tcp can mitigate this vulnerability by preventing network connectivity to the backdoor. This may be achieved with network perimeter devices or host-based software firewalls. The Energizer UsbCharger software does not automatically add an exception to the Windows Firewall for 7777/tcp or the backdoor application. Therefore, the first time that Energizer UsbCharger is executed, the user will be prompted that \"Run a DLL as an APP\" has been blocked by the Windows Firewall.The following Snort rules can be used to detect network traffic related to this backdoor:alert tcp $EXTERNAL_NET any -> $HOME_NET 7777 (msg:\"Arucer Command Execution\"; flow:established; content:\"|C2 E5 E5 E5 9E DD A4 A3 D4 A6 D4 D3 D1 C8 A0 A7 A1 D3 C8 D1 87 D7 87 C8 A7 A6 D4 A3 C8 D3 D1 D3 D2 D1 A0 DC DD A4 D2 D4 D5 98 E5|\"; classtype:trojan-activity; sid:1000004; rev:2;)alert tcp $EXTERNAL_NET any -> $HOME_NET 7777 (msg:\"Arucer DIR Listing\"; flow:established; content:\"|C2 E5 E5 E5 9E D5 D4 D2 D1 A1 D7 A3 A6 C8 D2 A6 A7 D3 C8 D1 84 D7 D7 C8 DD D2 A6 D2 C8 D2 A7 A7 D2 D7 A4 D6 D7 A3 D4 DC A3 98 E5|\"; classtype:trojan-activity; sid:1000005; rev:2;)alert tcp $EXTERNAL_NET any -> $HOME_NET 7777 (msg:\"Arucer WRITE FILE command\"; flow: established; content:\"|C2 E5 E5 E5 9E DC DD A1 DC D0 DD A3 A6 C8 A1 D5 A4 D7 C8 D1 83 D4 86 C8 A7 DD D1 D4 C8 D7 D6 D7 A4 A7 D6 D0 D2 A0 D2 A6 DD 98 E5|\"; classtype:trojan-activity; sid:1000006; rev:2;)alert tcp $EXTERNAL_NET any -> $HOME_NET 7777 (msg:\"Arucer READ FILE Command\"; flow:established; content:\"|C2 E5 E5 E5 9E A3 D3 A6 D1 D6 A0 D4 A4 C8 D4 D0 D0 D4 C8 D1 D5 D5 D5 C8 A4 D1 DD D6 C8 A6 D6 D3 D4 DC D3 DC A4 A0 A6 D1 D4 98 E5|\"; classtype:trojan-activity; sid:1000007; rev:2;)alert tcp $EXTERNAL_NET any -> $HOME_NET 7777 (msg:\"Arucer NOP Command\"; flow:established; content:\"|C2 E5 E5 E5 9E D2 DD D6 A0 A4 A6 A7 A3 C8 A0 A3 DD A7 C8 D1 DC DD 80 C8 A4 D5 D0 DC C8 A3 D5 A7 D0 A7 A1 D4 D7 D3 D1 D4 A0 98 E5|\"; classtype:trojan-activity; sid:1000008; rev:2;)alert tcp $EXTERNAL_NET any -> $HOME_NET 7777 (msg:\"Arucer FIND FILE Command\"; flow:established; content:\"|C2 E5 E5 E5 9E A0 A4 D2 A4 D7 A0 A7 D2 C8 D4 A0 D1 DC C8 D1 81 D0 83 C8 A7 D1 A1 DD C8 A1 D3 D3 D1 D0 A7 D2 D1 D1 D5 A0 D6 98 E5|\"; classtype:trojan-activity; sid:1000009; rev:2;)alert tcp $EXTERNAL_NET any -> $HOME_NET 7777 (msg:\"Arucer YES Command\"; flow:established; content:\"|C2 E5 E5 E5 9E A0 D7 A4 A6 D0 D5 DD DC C8 D6 DD D7 D5 C8 D1 D6 83 80 C8 DD A4 D1 A1 C8 A4 D2 D5 D7 DD A3 A4 A1 DD A6 D7 DD 98 E5|\"; classtype:trojan-activity; sid:1000010; rev:2;)alert tcp $EXTERNAL_NET any -> $HOME_NET 7777 (msg:\"Arucer ADD RUN ONCE Command\"; flow:established; content:\"|C2 E5 E5 E5 9E D6 DD D1 A0 A7 A0 D7 A6 C8 A3 DC A0 A4 C8 D1 83 D3 87 C8 DC D1 A0 A3 C8 A6 DC A1 D7 A1 A4 D0 DD A3 A1 D4 D6 98 E5|\"; classtype:trojan-activity; sid:1000011; rev:2;)alert tcp $EXTERNAL_NET any -> $HOME_NET 7777 (msg:\"Arucer DEL FILE Command\"; flow:established; content:\"|C2 E5 E5 E5 9E D1 A3 D1 A3 D5 A1 DD DD C8 A0 D2 D4 D0 C8 D1 87 D4 83 C8 A7 D6 D4 D4 C8 D3 D4 A0 D0 D6 D5 A6 D7 A6 DD A3 A6 98 E5|\"; classtype:trojan-activity; sid:1000012; rev:2;",
    "Vendor Information": [
        {
            "Name": "Energizer, Inc.",
            "Status": "Affected",
            "Vendor Statement": "We have not received a statement from the vendor.",
            "Vendor Information": "The vendor has not provided us with any further information regarding this vulnerability."
        }
    ],
    "CVSS Metrics": [
        {
            "Group": "Base",
            "Score": "",
            "Vector": ""
        },
        {
            "Group": "Temporal",
            "Score": "",
            "Vector": ""
        },
        {
            "Group": "Environmental",
            "Score": "",
            "Vector": ""
        }
    ],
    "References": [
        "[http://www.marketwatch.com/story/energizer-announces-duo-charger-and-usb-charger-software-problem-2010-03-05](http://www.marketwatch.com/story/energizer-announces-duo-charger-and-usb-charger-software-problem-2010-03-05)",
        "[http://www.symantec.com/connect/blogs/trojan-found-usb-battery-charger-software](http://www.symantec.com/connect/blogs/trojan-found-usb-battery-charger-software)",
        "[http://www.energizerrecharge.eu/en/range/chargers/usb](http://www.energizerrecharge.eu/en/range/chargers/usb)",
        "[http://www.threatexpert.com/report.aspx?md5=3f4f10b927677e45a495d0cdd4390aaf](http://www.threatexpert.com/report.aspx?md5=3f4f10b927677e45a495d0cdd4390aaf)",
        "[http://www.energizer.com/usbcharger/](http://www.energizer.com/usbcharger/)"
    ],
    "Acknowledgements": "Thanks to Ed Schaller for reporting this vulnerability.This document was written by Will Dormann.",
    "Other Information": {
        "CVE IDs:": "CVE-2010-0103",
        "Severity Metric:": "2.09",
        "Date Public:": "2010-03-05",
        "Date First Published:": "2010-03-05",
        "Date Last Updated:": "2010-04-15 14:31 UTC",
        "Document Revision:": "47"
    }
}