{
    "Title": "VU#154883 - Cisco IPS MC Malformed Configuration Download Vulnerability",
    "Overview": "Cisco Management Center for IPS Sensors (IPS MC) contains a vulnerability that may cause some IPS signatures to become unintentionally disabled.",
    "Description": "Cisco IOS IPS[Cisco IOS IPS](http://www.cisco.com/en/US/products/ps6634/products_ios_protocol_group_home.html) (Intrusion Prevention System) is a feature for Cisco IOS devices that provides in-line intrusion prevention services.  Cisco IOS IPS performs packet inspection and can stop malicious traffic based on signatures.CiscoWorks VPN/Security Management Solution[CiscoWorks VPN/Security Management Solution](http://www.cisco.com/en/US/products/sw/cscowork/ps2330/) (VMS) is a collection of network management tools that provides the ability to configure and manage firewalls, IPS devices, VPN routers, and other devices.Cisco Management Center for IPS Sensors[Cisco Management Center for IPS Sensors](http://www.cisco.com/en/US/products/sw/cscowork/ps3990/index.html) (IPS MC) is a component of CiscoWorks VMS.  Cisco IPS MC is a web-based application that can be used to manage configurations for Cisco IPS devices.  Cisco IPS MC can be used to deploy signatures to such devices.The ProblemIf a Cisco IOS IPS device has been configured by Cisco IPS MC, the configuration file may not contain a default port field for some signatures.  Such signatures will be disabled on the Cisco IOS IPS device.",
    "Impact": "The Cisco IOS IPS device may not detect or prevent certain types of network attacks.",
    "Solution": "Apply a patch or upgradePlease refer to the \"[Software Versions and Fixes](http://www.cisco.com/warp/public/707/cisco-sa-20051101-ipsmc.shtml#software)\" section of the [Cisco Security Advisory](http://www.cisco.com/warp/public/707/cisco-sa-20051101-ipsmc.shtml) for more information on upgrading.",
    "Vendor Information": [
        {
            "Name": "Cisco Systems, Inc.",
            "Status": "Affected",
            "Vendor Statement": "Please see [http://www.cisco.com/warp/public/707/cisco-sa-20051101-ipsmc.shtml](http://www.cisco.com/warp/public/707/cisco-sa-20051101-ipsmc.shtml)",
            "Vendor Information": "The vendor has not provided us with any further information regarding this vulnerability.",
            "Addendum": "Published 11/01/2005 at [http://www.cisco.com/warp/public/707/cisco-sa-20051101-ipsmc.pdf](http://www.cisco.com/warp/public/707/cisco-sa-20051101-ipsmc.pdf)[](https://kb.cert.org/static-bigvince-prod-kb-eb/vincepub/files/JSHA-6HQUNB_attach_cisco-sa-20051101-ipsmc.pdf)If you have feedback, comments, or additional information about this vulnerability, please send us [email](mailto:cert@cert.org?Subject=VU%23154883 Feedback)."
        }
    ],
    "CVSS Metrics": [
        {
            "Group": "Base",
            "Score": "",
            "Vector": ""
        },
        {
            "Group": "Temporal",
            "Score": "",
            "Vector": ""
        },
        {
            "Group": "Environmental",
            "Score": "",
            "Vector": ""
        }
    ],
    "References": [
        "[http://www.cisco.com/warp/public/707/cisco-sa-20051101-ipsmc.shtml](http://www.cisco.com/warp/public/707/cisco-sa-20051101-ipsmc.shtml)",
        "[http://www.cisco.com/warp/public/707/cisco-sa-20051101-ipsmc.pdf](http://www.cisco.com/warp/public/707/cisco-sa-20051101-ipsmc.pdf)",
        "[http://secunia.com/advisories/17397/](http://secunia.com/advisories/17397/)"
    ],
    "Acknowledgements": "Thanks to Cisco Systems Product Security Incident Response Team for reporting this vulnerability.This document was written by Will Dormann.",
    "Other Information": {
        "CVE IDs:": "None",
        "Severity Metric:": "3.90",
        "Date Public:": "2005-11-01",
        "Date First Published:": "2005-11-02",
        "Date Last Updated:": "2005-11-02 19:36 UTC",
        "Document Revision:": "9"
    }
}