{
    "Title": "VU#155563 - Microsoft Office Project vulnerable to remote code execution via specially crafted Project file",
    "Overview": "A vulnerability in the way Microsoft Office Project parses files may lead to execution of arbitrary code.",
    "Description": "Microsoft Office Project contains a vulnerability that could be exploited when Project attempts to parse specially crafted files.  According to Microsoft Security Bulletin [MS08-018](http://www.microsoft.com/technet/security/bulletin/MS08-018.mspx), \"Microsoft Project does not properly validate memory resource allocations when opening Project files.\"",
    "Impact": "A remote, unauthenticated attacker may be able to execute arbitrary code with the privileges of the affected user or cause a denial-of-service condition.",
    "Solution": "UpdateMicrosoft has released an update to address this issue. See Microsoft Security Bulletin [MS08-018](http://www.microsoft.com/technet/security/bulletin/MS08-018.mspx) for more details.Do not open untrusted Microsoft Office documentsDo not open unfamiliar or unexpected Microsoft Office documents, particularly those hosted on web sites or delivered as email attachments. Please see Cyber Security Tip [ST04-010](http://www.us-cert.gov/cas/tips/ST04-010.html).Disable automatic opening of Microsoft Office documentsBy default, Microsoft Office 97 and Microsoft Office 2000 will configure Internet Explorer to automatically open Microsoft Office documents.  This feature can be disabled by using the [Office Document Open Confirmation Tool](http://www.microsoft.com/downloads/details.aspx?familyid=8B5762D2-077F-4031-9EE6-C9538E9F2A2F&displaylang=en).  Mozilla Firefox users should disable automatic opening of files by following the instructions in the [Securing Your Web Browser](http://www.us-cert.gov/reading_room/securing_browser/#ffdownloadactions) document.Do not rely on file name extension filteringIn most cases, Windows will call a Microsoft Office application to open a document, even if the document has an unknown file extension.  Filtering for common extensions (e.g., .ppt, .xls, and .doc) will not detect all Microsoft Office documents.  Additionally, a Microsoft Office file with no file extension will also open with a Microsoft Office application.",
    "Vendor Information": [
        {
            "Name": "Microsoft Corporation"
        }
    ],
    "CVSS Metrics": [
        {
            "Group": "Base",
            "Score": "",
            "Vector": ""
        },
        {
            "Group": "Temporal",
            "Score": "",
            "Vector": ""
        },
        {
            "Group": "Environmental",
            "Score": "",
            "Vector": ""
        }
    ],
    "References": [
        "[http://www.microsoft.com/technet/security/Bulletin/MS08-018.mspx](http://www.microsoft.com/technet/security/Bulletin/MS08-018.mspx)"
    ],
    "Acknowledgements": "This vulnerability was reported in Microsoft Security Bulletin MS08-018.  Microsoft credits National Cyber Security Center, The Republic of Korea for reporting this Project Memory Validation Vulnerability.This document was written by Chris Taschner.",
    "Other Information": {
        "CVE IDs:": "CVE-2008-1088",
        "Severity Metric:": "24.30",
        "Date Public:": "2008-04-08",
        "Date First Published:": "2008-04-08",
        "Date Last Updated:": "2008-04-29 17:10 UTC",
        "Document Revision:": "11"
    }
}