{
    "Title": "VU#157447 - OpenSSH UseLogin directive permits privilege escalation",
    "Overview": "OpenSSH is an implementation of the Secure Shell protocol. When OpenSSH is configured with the UseLogin directive equal to \"yes\", an intruder can execute arbitrary code with the privileges of OpenSSH, usually root.",
    "Description": "[OpenSSH](http://www.openssh.com) contains a vulnerability that permits an intruder to execute arbitrary code. When the UseLogin directive is enabled, a user can set environment variables that are used by login. An intruder can use this vulnerability to execute commands with the privileges of OpenSSH, usually root. UseLogin is not enabled by default; however, it is a common configuration. The intruder must be able to authenticate to the system using public key authentication.This vulnerability is not related to VU#40327 ([https://www.kb.cert.org/vuls/id/40327](https://www.kb.cert.org/vuls/id/40327)).[](https://www.kb.cert.org/vulcatalog/id/569272)",
    "Impact": "An intruder can use this vulnerability to execute commands with the privileges of OpenSSH, usually root.",
    "Solution": "OpenSSH 3.0.2 resolves this vulnerability and is available at [ftp://ftp.openbsd.com/pub/OpenBSD/OpenSSH/openssh-3.0.2.tgz](ftp://ftp.openbsd.com/pub/OpenBSD/OpenSSH/openssh-3.0.2.tgz).We strongly encourage you to review your configuration to determine whether or not UseLogin is enabled. If the use of UseLogin is required at your site, you may wish to temporarily disable access to the SSH service until a patch can be applied.",
    "Vendor Information": [
        {
            "Name": "BSDI"
        }
    ],
    "CVSS Metrics": [
        {
            "Group": "Base",
            "Score": "",
            "Vector": ""
        },
        {
            "Group": "Temporal",
            "Score": "",
            "Vector": ""
        },
        {
            "Group": "Environmental",
            "Score": "",
            "Vector": ""
        }
    ],
    "References": [
        "[http://www.securityfocus.com/bid/3614](http://www.securityfocus.com/bid/3614)",
        "[ftp://ftp.openbsd.com/pub/OpenBSD/OpenSSH/openssh-3.0.2.tgz](ftp://ftp.openbsd.com/pub/OpenBSD/OpenSSH/openssh-3.0.2.tgz)",
        "[http://marc.theaimsgroup.com/?l=openssh-unix-dev&m=100747128105913&w=2](http://marc.theaimsgroup.com/?l=openssh-unix-dev&m=100747128105913&w=2)"
    ],
    "Acknowledgements": "The CERT/CC thanks Marcus Friedl of OpenBSD, and Jacques A. Vidrine of FreeBSD for information related to this vulnerability.This document was written by Jason Rafail.",
    "Other Information": {
        "CVE IDs:": "None",
        "Severity Metric:": "15.75",
        "Date Public:": "2001-12-04",
        "Date First Published:": "2001-12-04",
        "Date Last Updated:": "2002-01-02 16:28 UTC",
        "Document Revision:": "16"
    }
}