{
    "Title": "VU#158003 - Power2Go buffer overflow vulnerability",
    "Overview": "Power2Go 8 contains a buffer overflow in the handling of project (.p2g) files, which can allow a remote, unauthenticated attacker to execute arbitrary code on a vulnerable system.",
    "Description": "According to CyberLink's [website](http://www.cyberlink.com/products/power2go/burning_en_US.html), \"Power2Go 8 features all the tools you need to easily copy all your media to any disc. Now you can mount disc images as virtual drives, rip, copy and edit your music and experience the ultimate in convenience with drag and drop burning.\" Power2Go 8, and possibly prior versions, fails to perform adequate boundary checks on user-supplied input when parsing malformed project (.p2g) files causing a stack-based buffer overflow leading to possible remote code execution.The reporter has also stated that the WaveEditor component of Power2Go 8 contains the same vulnerability when parsing WaveEditor project files (.wve).",
    "Impact": "By causing the Power2Go 8 application to parse a specially-crafted project (.p2g) file, a remote, unauthenticated attacker may be able to execute arbitrary code with the privileges of the user using the application.",
    "Solution": "We are currently unaware of a practical solution to this problem.Use the Microsoft Enhanced Mitigation Experience ToolkitThe [Microsoft Enhanced Mitigation Experience Toolkit](http://www.microsoft.com/download/en/details.aspx?id=1677) (EMET) can be used to help prevent exploitation of these vulnerabilities.Enable DEP in Microsoft WindowsConsider enabling Data Execution Prevention (DEP) in supported versions of Windows. DEP should not be treated as a complete workaround, but it can mitigate the execution of attacker-supplied code in some cases. Microsoft has published detailed technical information about DEP in Security Research & Defense blog posts \"Understanding DEP as a mitigation technology\" [part 1](http://blogs.technet.com/srd/archive/2009/06/05/understanding-dep-as-a-mitigation-technology-part-1.aspx) and [part 2](http://blogs.technet.com/srd/archive/2009/06/12/understanding-dep-as-a-mitigation-technology-part-2.aspx). DEP should be used in conjunction with the application of patches or other mitigations described in this document.Note that when relying on DEP for exploit mitigation, it is important to use a system that supports Address Space Layout Randomization (ASLR) as well. ASLR is not supported by Windows XP or Windows Server 2003 or earlier. ASLR was introduced with Microsoft Windows Vista and Windows Server 2008.  Please see the Microsoft SRD blog entry: [On the effectiveness of DEP and ASLR](http://blogs.technet.com/b/srd/archive/2010/12/08/on-the-effectiveness-of-dep-and-aslr.aspx) for more details.",
    "Vendor Information": [
        {
            "Name": "CyberLink Corporation",
            "Status": "Affected",
            "Vendor Statement": "We have not received a statement from the vendor.",
            "Vendor Information": "We are not aware of further vendor information regarding this vulnerability."
        }
    ],
    "CVSS Metrics": [
        {
            "Group": "Base",
            "Score": "",
            "Vector": ""
        },
        {
            "Group": "Temporal",
            "Score": "",
            "Vector": ""
        },
        {
            "Group": "Environmental",
            "Score": "",
            "Vector": ""
        }
    ],
    "References": [
        "[http://www.cyberlink.com/products/power2go/burning_en_US.html](http://www.cyberlink.com/products/power2go/burning_en_US.html)"
    ],
    "Acknowledgements": "Thanks to Tom Gregory of Spentera for reporting this vulnerability.This document was written by Michael Orlando.",
    "Other Information": {
        "CVE IDs:": "None",
        "Severity Metric:": "0.01",
        "Date Public:": "2011-12-09",
        "Date First Published:": "2011-12-09",
        "Date Last Updated:": "2011-12-09 12:23 UTC",
        "Document Revision:": "6"
    }
}