{
    "Title": "VU#158323 - Oracle Configurator discloses version and host information via \"test\" argument passed to servlet",
    "Overview": "A servlet component of Oracle Configurator may post sensitive version and host information to any Web user that makes a crafted request to the server.",
    "Description": "Oracle Configurator is an Internet application used to configure Oracle Application and Database Servers. If a user sends a request to the Oracle Configurator servlet component named \"oracle.apps.cz.servlet.UiServlet\" with CGI variable \"test\" set to \"version\", the servlet returns sensitive build and schema information. If a user sends a request with CGI variable \"test\" set to \"host\", the servlet returns the hostname and the port on which the Oracle Apache web server is running.",
    "Impact": "Attackers may learn sensitive information about an Oracle installation, which may aid them in attacking the system.",
    "Solution": "Apply a patch from your vendorRefer to Oracle Security Alert #31 for details:[http://technet.oracle.com/deploy/security/htdocs/oconfigvul.html](http://technet.oracle.com/deploy/security/htdocs/oconfigvul.html)",
    "Vendor Information": [
        {
            "Name": "Oracle",
            "Status": "Affected",
            "Vendor Statement": "\"The vulnerability has been rectified and patches detailed in Oracle Security Alert #31:[http://otn.oracle.com/deploy/security/htdocs/oconfigvul.html](http://otn.oracle.com/deploy/security/htdocs/oconfigvul.html)",
            "Vendor Information": "The vendor has not provided us with any further information regarding this vulnerability.",
            "Addendum": "The CERT/CC has no additional comments at this time.If you have feedback, comments, or additional information about this vulnerability, please send us [email](mailto:cert@cert.org?Subject=VU%23158323 Feedback)."
        }
    ],
    "CVSS Metrics": [
        {
            "Group": "Base",
            "Score": "",
            "Vector": ""
        },
        {
            "Group": "Temporal",
            "Score": "",
            "Vector": ""
        },
        {
            "Group": "Environmental",
            "Score": "",
            "Vector": ""
        }
    ],
    "References": [
        "[http://technet.oracle.com/deploy/security/htdocs/oconfigvul.html](http://technet.oracle.com/deploy/security/htdocs/oconfigvul.html)",
        "[http://securitytracker.com/alerts/2002/Apr/1003967.html](http://securitytracker.com/alerts/2002/Apr/1003967.html)",
        "[http://www.securityfocus.com/bid/4433](http://www.securityfocus.com/bid/4433)"
    ],
    "Acknowledgements": "Thanks to Oracle for reporting this vulnerability.This document was written by Shawn Van Ittersum.",
    "Other Information": {
        "CVE IDs:": "None",
        "Severity Metric:": "9.38",
        "Date Public:": "2002-04-01",
        "Date First Published:": "2002-07-31",
        "Date Last Updated:": "2002-07-31 22:51 UTC",
        "Document Revision:": "8"
    }
}