{
    "Title": "VU#158499 - HP Tru64 UNIX \"csh\" contains buffer overflow (SSRT2275)",
    "Overview": "The [HP Tru64 UNIX](http://www.tru64unix.compaq.com/) implementation of \"csh\" contains a locally exploitable buffer overflow.",
    "Description": "\"[csh](http://www.tru64unix.compaq.com/docs/base_doc/DOCUMENTATION/V40G_HTML/MAN/MAN1/0078____.HTM)[](http://www.tru64unix.compaq.com/docs/base_doc/DOCUMENTATION/V40G_HTML/MAN/MAN1/0407____.HTM)[](http://www.tru64unix.compaq.com/docs/base_doc/DOCUMENTATION/V40G_HTML/MAN/MAN8/0256____.HTM)[](http://www.tru64unix.compaq.com/docs/base_doc/DOCUMENTATION/V40G_HTML/MAN/MAN1/0017____.HTM)[](http://www.tru64unix.compaq.com/docs/base_doc/DOCUMENTATION/V40G_HTML/MAN/MAN1/0173____.HTM)[](http://www.tru64unix.compaq.com/docs/base_doc/DOCUMENTATION/V50_HTML/MAN/MAN1/0090____.HTM)[](http://www.tru64unix.compaq.com/docs/base_doc/DOCUMENTATION/V40G_HTML/MAN/MAN8/0173____.HTM)[](http://www.tru64unix.compaq.com/docs/base_doc/DOCUMENTATION/V40G_HTML/MAN/MAN1/0199____.HTM)\" [](http://www.tru64unix.compaq.com/docs/base_doc/DOCUMENTATION/V40G_HTML/MAN/MAN1/0198____.HTM)[](http://www.tru64unix.compaq.com/docs/base_doc/DOCUMENTATION/V40G_HTML/MAN/MAN1/0200____.HTM)[](http://www.tru64unix.compaq.com/docs/base_doc/DOCUMENTATION/V40G_HTML/MAN/MAN8/0172____.HTM)is used to invoke the C shell and interpret commands. A locally exploitable buffer overflow in \"csh\" may permit a local attacker to gain elevated privileges and execute arbitrary code on a vulnerable host.",
    "Impact": "A local user may be able to gain elevated privileges and execute arbitrary code.",
    "Solution": "Apply a patch.",
    "Vendor Information": [
        {
            "Name": "Hewlett-Packard Company",
            "Status": "Affected",
            "Vendor Statement": "[http://wwss1pro.compaq.com/support/reference_library/viewdocument.asp?source=SRB0039W.xml&dt=11](http://wwss1pro.compaq.com/support/reference_library/viewdocument.asp?source=SRB0039W.xml&dt=11)",
            "Vendor Information": "The vendor has not provided us with any further information regarding this vulnerability.",
            "Addendum": "The CERT/CC has no additional comments at this time.If you have feedback, comments, or additional information about this vulnerability, please send us [email](mailto:cert@cert.org?Subject=VU%23158499 Feedback)."
        }
    ],
    "CVSS Metrics": [
        {
            "Group": "Base",
            "Score": "",
            "Vector": ""
        },
        {
            "Group": "Temporal",
            "Score": "",
            "Vector": ""
        },
        {
            "Group": "Environmental",
            "Score": "",
            "Vector": ""
        }
    ],
    "References": [
        "[http://wwss1pro.compaq.com/support/reference_library/viewdocument.asp?source=SRB0039W.xml&dt=11](http://wwss1pro.compaq.com/support/reference_library/viewdocument.asp?source=SRB0039W.xml&dt=11)"
    ],
    "Acknowledgements": "Thanks to KF for reporting this vulnerability.This document was written by Ian A Finlay.",
    "Other Information": {
        "CVE IDs:": "None",
        "Severity Metric:": "7.50",
        "Date Public:": "2002-08-30",
        "Date First Published:": "2002-09-10",
        "Date Last Updated:": "2002-09-10 17:56 UTC",
        "Document Revision:": "15"
    }
}