{
    "Title": "VU#158647 - Microsoft Windows Object Linking and Embedding (OLE) OleAut32 library SafeArrayRedim function vulnerable to remote code execution via Internet Explorer",
    "Overview": "A vulnerability in Microsoft Windows OLE could allow remote code execution if a user views a specially-crafted web page in Internet Explorer.",
    "Description": "The Microsoft Windows OLE OleAut32.dll library provides the SafeArrayRedim function that allows resizing of SAFEARRAY objects in memory. In certain circumstances, this library does not properly check sizes of arrays when an error occurs ([CVE-2014-6332](https://web.nvd.nist.gov/view/vuln/detail?vulnId=CVE-2014-6332)). The improper size allows an attacker to manipulate memory in a way that can bypass the Internet Explorer Enhanced Protected Mode (EPM) sandbox as well as the Enhanced Mitigation Experience Toolkit (EMET).This vulnerability can be exploited using a specially-crafted web page utilizing VBscript in Internet Explorer, however it may also impact other software that makes use of OleAut32.dll and/or VBscript.A Metasploit module exploiting this vulnerability [has been released](https://forsec.nl/wp-content/uploads/2014/11/ms14_064_ie_olerce.rb_.txt).More information is available in a [blog post](http://securityintelligence.com/ibm-x-force-researcher-finds-significant-vulnerability-in-microsoft-windows/) from IBM X-Force.",
    "Impact": "Arbitrary code can be run on the computer with user privileges. If the user is an administrator, the attacker may run arbitrary code as an administrator, fully compromising the system.",
    "Solution": "Apply an updateAn update is available from Microsoft. Please see Microsoft Security Bulletin [MS14-064](https://technet.microsoft.com/library/security/MS14-064).Disable active content in Internet ExplorerDisabling active content (scripting) in Internet Explorer may help mitigate this vulnerability. Please see Microsoft's [guidance](http://support.microsoft.com/kb/154036) on disabling active content.",
    "Vendor Information": [
        {
            "Name": "Microsoft Corporation"
        }
    ],
    "CVSS Metrics": [
        {
            "Group": "Base",
            "Score": "9.3",
            "Vector": "AV:N/AC:M/Au:N/C:C/I:C/A:C"
        },
        {
            "Group": "Temporal",
            "Score": "7.3",
            "Vector": "E:POC/RL:OF/RC:C"
        },
        {
            "Group": "Environmental",
            "Score": "7.3",
            "Vector": "CDP:ND/TD:H/CR:ND/IR:ND/AR:ND"
        }
    ],
    "References": [
        "[https://technet.microsoft.com/library/security/MS14-064](https://technet.microsoft.com/library/security/MS14-064)",
        "[https://web.nvd.nist.gov/view/vuln/detail?vulnId=CVE-2014-6332](https://web.nvd.nist.gov/view/vuln/detail?vulnId=CVE-2014-6332)",
        "[http://securityintelligence.com/ibm-x-force-researcher-finds-significant-vulnerability-in-microsoft-windows/](http://securityintelligence.com/ibm-x-force-researcher-finds-significant-vulnerability-in-microsoft-windows/)",
        "[https://forsec.nl/wp-content/uploads/2014/11/ms14_064_ie_olerce.rb_.txt](https://forsec.nl/wp-content/uploads/2014/11/ms14_064_ie_olerce.rb_.txt)"
    ],
    "Acknowledgements": "Microsoft credits Robert Freeman of IBM X-Force.This document was written by Garret Wassermann.",
    "Other Information": {
        "CVE IDs:": "CVE-2014-6332",
        "Date Public:": "2014-11-11",
        "Date First Published:": "2014-11-13",
        "Date Last Updated:": "2014-11-18 18:55 UTC",
        "Document Revision:": "34"
    }
}