{
    "Title": "VU#158609 - IBM Tivoli Provisioning Manager for OS Deployment (TPMfOSD) allows buffer overflow via HTTP request",
    "Overview": "The IBM Tivoli Provisioning Manager for OS Deployment (TPMfOSD) contains a buffer overflow vulnerability in the web server component. This vulnerability may allow an attacker to execute arbitrary code with SYSTEM privileges or cause a denial of service.",
    "Description": "IBM Tivoli Provisioning Manager for OS Deployment ([TPMfOSD](http://www-306.ibm.com/software/tivoli/products/prov-mgr-os-deploy/)) is a network boot server that facilitates central management of networked workstations. IBM TPMfOSD contains a buffer overflow vulnerability within the logging functionality of the web server component. A remote, unauthenticated attacker may be able to exploit this vulnerability by sending a specially crafted HTTPS (443/TCP) request to a target machine.",
    "Impact": "A remote, unauthenticated attacker could execute arbitrary code with SYSTEM privileges or crash the server process, causing a denial of service.",
    "Solution": "Apply an UpdateIBM has released [Interim Fix 3 Version 5.1.0.3](http://www-1.ibm.com/support/docview.wss?uid=swg24018010) to address this issue.Block or Restrict AccessBlock or restrict access to the web server component from untrusted hosts and networks.",
    "Vendor Information": [
        {
            "Name": "IBM Corporation"
        }
    ],
    "CVSS Metrics": [
        {
            "Group": "Base",
            "Score": "",
            "Vector": ""
        },
        {
            "Group": "Temporal",
            "Score": "",
            "Vector": ""
        },
        {
            "Group": "Environmental",
            "Score": "",
            "Vector": ""
        }
    ],
    "References": [
        "[http://labs.idefense.com/intelligence/vulnerabilities/display.php?id=647](http://labs.idefense.com/intelligence/vulnerabilities/display.php?id=647)",
        "[http://www-1.ibm.com/support/docview.wss?uid=swg24018010](http://www-1.ibm.com/support/docview.wss?uid=swg24018010)",
        "[http://securitytracker.com/alerts/2008/Jan/1019249.html](http://securitytracker.com/alerts/2008/Jan/1019249.html)",
        "[http://www.securityfocus.com/bid/27387](http://www.securityfocus.com/bid/27387)",
        "[http://secunia.com/advisories/28604](http://secunia.com/advisories/28604)"
    ],
    "Acknowledgements": "Thanks to iDefense Labs for reporting this vulnerability.This document was written by John Hollenberger.",
    "Other Information": {
        "CVE IDs:": "CVE-2008-0401",
        "Severity Metric:": "8.17",
        "Date Public:": "2008-01-24",
        "Date First Published:": "2008-03-06",
        "Date Last Updated:": "2008-03-06 15:36 UTC",
        "Document Revision:": "17"
    }
}