{
    "Title": "VU#159220 - Microsoft Internet Explorer vulnerable to heap overflow via the HTML Help Control \"Image\" property",
    "Overview": "The HTML Help ActiveX control contains a heap overflow vulnerability.  This may allow a remote, unauthenticated attacker to execute arbitrary code on a vulnerable system.",
    "Description": "ActiveX[ActiveX](http://www.microsoft.com/com/default.mspx) is a technology that allows programmers to create reusable software components that can be incorporated into applications to extend their functionality.  Internet Explorer is a common Windows application that makes use of ActiveX controls.HTML Help ControlThe HTML Help Control (HHCtrl Object) is a Windows ActiveX control that provides the ability to view HTML help files. The HHCtrl Object is included in the file hhctrl.ocx and provides the ProgID (Programmatic Identifier) of Internet.HHCtrl. The problemThe HHCtrl Object contains a heap overflow vulnerability when the Image property of the control is set.  When the Image property is set multiple times, the heap memory can be corrupted.",
    "Impact": "By convincing a user to view a specially crafted HTML document (e.g., a web page or an HTML email message or attachment), an attacker may be able to execute arbitrary code with the privileges of the user.  The attacker could also cause Internet Explorer (or the program using the WebBrowser control) to crash.",
    "Solution": "Apply an updateThis vulnerability is addressed in Microsoft Security Bulletin [MS06-046](http://www.microsoft.com/technet/security/Bulletin/MS06-046.mspx).Disable ActiveXDisabling ActiveX controls in the Internet Zone (or any zone used by an attacker) appears to prevent exploitation of this vulnerability.  Instructions for disabling ActiveX in the Internet Zone can be found in the \"[Securing Your Web Browser\"](http://www.us-cert.gov/reading_room/securing_browser/#Internet_Explorer) document[](http://www.us-cert.gov/reading_room/securing_browser/#Internet_Explorer) and the [Malicious Web Scripts FAQ](http://www.cert.org/tech_tips/malicious_code_FAQ.html#ie56).",
    "Vendor Information": [
        {
            "Name": "Microsoft Corporation",
            "Status": "Affected",
            "Vendor Statement": "We have not received a statement from the vendor.",
            "Vendor Information": "The vendor has not provided us with any further information regarding this vulnerability.",
            "Addendum": "Please see Microsoft Security Bulletin [MS06-046](http://www.microsoft.com/technet/security/Bulletin/MS06-046.mspx).If you have feedback, comments, or additional information about this vulnerability, please send us [email](mailto:cert@cert.org?Subject=VU%23159220 Feedback)."
        }
    ],
    "CVSS Metrics": [
        {
            "Group": "Base",
            "Score": "",
            "Vector": ""
        },
        {
            "Group": "Temporal",
            "Score": "",
            "Vector": ""
        },
        {
            "Group": "Environmental",
            "Score": "",
            "Vector": ""
        }
    ],
    "References": [
        "[http://www.microsoft.com/technet/security/bulletin/ms06-046.mspx](http://www.microsoft.com/technet/security/bulletin/ms06-046.mspx)",
        "[http://www.us-cert.gov/reading_room/securing_browser/#Internet_Explorer](http://www.us-cert.gov/reading_room/securing_browser/#Internet_Explorer)",
        "[http://browserfun.blogspot.com/2006/07/mobb-2-internethhctrl-image-property.html](http://browserfun.blogspot.com/2006/07/mobb-2-internethhctrl-image-property.html)",
        "[http://osvdb.org/26835](http://osvdb.org/26835)",
        "[http://secunia.com/advisories/20906/](http://secunia.com/advisories/20906/)"
    ],
    "Acknowledgements": "This vulnerability was publicly reported by HD Moore.This document was written by Will Dormann.",
    "Other Information": {
        "CVE IDs:": "CVE-2006-3357",
        "Severity Metric:": "13.16",
        "Date Public:": "2006-07-02",
        "Date First Published:": "2006-07-07",
        "Date Last Updated:": "2006-08-08 19:23 UTC",
        "Document Revision:": "9"
    }
}