{
    "Title": "VU#159484 - Microsoft Visual Basic for Applications buffer overflow",
    "Overview": "Microsoft Visual Basic for Applications fails to properly validate document properties. This vulnerability could allow a remote attacker to execute arbitrary code.",
    "Description": "Visual Basic For Applications (VBA)According to Microsoft Security Bulletin [MS06-047](http://www.microsoft.com/technet/security/bulletin/ms06-047.mspx):Microsoft VBA is a development technology for developing client desktop packaged applications and integrating them with existing data and systems. Microsoft VBA is based on the Microsoft Visual Basic development system. Microsoft Office products include VBA and make use of VBA to perform certain functions. VBA can also be used to build customized applications based around an existing host application. The ProblemMicrosoft VBA fails to properly validate document properties allowing a buffer overflow to occur. For more information refer to Microsoft Security Bulletin [MS06-047](http://www.microsoft.com/technet/security/bulletin/ms06-047.mspx).",
    "Impact": "A remote attacker may be able to execute arbitrary code.",
    "Solution": "Apply an updateThis vulnerability is addressed in Microsoft Security Bulletin [MS06-0047.](http://www.microsoft.com/technet/security/Bulletin/MS06-047.mspx)",
    "Vendor Information": [
        {
            "Name": "Microsoft Corporation"
        }
    ],
    "CVSS Metrics": [
        {
            "Group": "Base",
            "Score": "",
            "Vector": ""
        },
        {
            "Group": "Temporal",
            "Score": "",
            "Vector": ""
        },
        {
            "Group": "Environmental",
            "Score": "",
            "Vector": ""
        }
    ],
    "References": [
        "[http://www.microsoft.com/technet/security/bulletin/ms06-047.mspx](http://www.microsoft.com/technet/security/bulletin/ms06-047.mspx)"
    ],
    "Acknowledgements": "This vulnerability was reported in Microsoft Security Bulletin MS06-0047. Microsoft credits Ka Chun Leung of Symantec with providing information regarding this issue.This document was written by Jeff Gennari.",
    "Other Information": {
        "CVE IDs:": "CVE-2006-3649",
        "Date Public:": "2006-08-08",
        "Date First Published:": "2006-08-08",
        "Date Last Updated:": "2006-08-08 21:22 UTC",
        "Document Revision:": "5"
    }
}