{
    "Title": "VU#159523 - Adobe Flash Player integer overflow vulnerability",
    "Overview": "Adobe Flash contains an integer overflow vulnerability. This vulnerability may allow an attacker to execute code on an affected system.",
    "Description": "The Adobe Flash Player is a player for the Flash media format and enables frame-based animations and multimedia to be viewed within a web browser.Adobe Flash Player contains an integer overflow vulnerability. An attacker may be able to trigger this overflow by convincing a user to open a specially crafted SWF file. The SWF file could be hosted or imbedded in a web page.",
    "Impact": "A remote, unauthenticated attacker may be able to execute arbitrary code or cause the Flash player to crash.",
    "Solution": "UpgradeAdobe has released Flash version [9.0.124.0](http://www.adobe.com/shockwave/download/download.cgi?P1_Prod_Version=ShockwaveFlash) to address this issue.Limit access to Flash filesLimiting access to untrusted Flash files may block some attack vectors that use malformed Flash files. See [Securing Your Web Browser](http://www.us-cert.gov/reading_room/securing_browser/) for more information. Consider using the [NoScript](http://noscript.net/) extension to whitelist web sites that can run Flash in Mozilla browsers such as Firefox. See the NoScript [FAQ](http://noscript.net/features#contentblocking) for more information.",
    "Vendor Information": [
        {
            "Name": "Adobe"
        }
    ],
    "CVSS Metrics": [
        {
            "Group": "Base",
            "Score": "0",
            "Vector": "AV:--/AC:--/Au:--/C:--/I:--/A:--"
        },
        {
            "Group": "Temporal",
            "Score": "0",
            "Vector": "E:ND/RL:ND/RC:ND"
        },
        {
            "Group": "Environmental",
            "Score": "0",
            "Vector": "CDP:ND/TD:ND/CR:ND/IR:ND/AR:ND"
        }
    ],
    "References": [
        "[http://www.adobe.com/support/security/bulletins/apsb08-11.html](http://www.adobe.com/support/security/bulletins/apsb08-11.html)",
        "[http://noscript.net/](http://noscript.net/)",
        "[http://www.us-cert.gov/reading_room/securing_browser/](http://www.us-cert.gov/reading_room/securing_browser/)",
        "[http://www.matasano.com/log/1032/this-new-vulnerability-dowds-inhuman-flash-exploit/](http://www.matasano.com/log/1032/this-new-vulnerability-dowds-inhuman-flash-exploit/)",
        "[http://documents.iss.net/whitepapers/IBM_X-Force_WP_final.pdf](http://documents.iss.net/whitepapers/IBM_X-Force_WP_final.pdf)",
        "[https://www.securecoding.cert.org/confluence/x/vwE](https://www.securecoding.cert.org/confluence/x/vwE)",
        "[https://www.securecoding.cert.org/confluence/x/QgE](https://www.securecoding.cert.org/confluence/x/QgE)"
    ],
    "Acknowledgements": "Thanks to Adobe for information that was used in this report.This document was written by Ryan Giobbi.",
    "Other Information": {
        "CVE IDs:": "CVE-2007-0071",
        "Severity Metric:": "38.81",
        "Date Public:": "2008-04-08",
        "Date First Published:": "2008-04-25",
        "Date Last Updated:": "2008-07-21 17:59 UTC",
        "Document Revision:": "26"
    }
}