{
    "Title": "VU#160448 - libpng integer overflow in image height processing",
    "Overview": "The Portable Network Graphics library ([libpng](http://www.libpng.org/pub/png/libpng.html)) contains a remotely exploitable vulnerability which could cause affected applications to crash.",
    "Description": "The Portable Network Graphics ([PNG](http://www.libpng.org/pub/png/spec/1.2/PNG-Contents.html)[](http://www.libpng.org/pub/png/)) image format is used as an alternative to other image formats such as the Graphics Interchange Format (GIF).  The libpng reference library is available for application developers to support the PNG image format.An integer overflow error exists in the handling of PNG image height within the png_read_png() function.  As a result, a PNG image with excessive height may cause an integer overflow on a memory allocation and could cause the affected application to crash.Multiple applications support the PNG image format including web browsers, email clients, and various graphic utilities. Because multiple products have used the libpng reference library to implement native PNG image processing, multiple applications will be affected by this issue in different ways.",
    "Impact": "An attacker could cause a vulnerable application to crash by supplying a specially-crafted PNG image.  Vulnerable applications that read images from network sources could be exploited remotely.",
    "Solution": "Apply a patch from the vendorPatches have been released to address this vulnerability.  Please see the Systems Affected section of this document for more details.",
    "Vendor Information": [
        {
            "Name": "Apple Computer Inc.",
            "Status": "Affected",
            "Vendor Statement": "We have not received a statement from the vendor.",
            "Vendor Information": "The vendor has not provided us with any further information regarding this vulnerability.",
            "Addendum": "The CERT/CC has no additional comments at this time.If you have feedback, comments, or additional information about this vulnerability, please send us [email](mailto:cert@cert.org?Subject=VU%23160448 Feedback)."
        },
        {
            "Name": "MontaVista Software",
            "Status": "Affected",
            "Vendor Statement": "We have not received a statement from the vendor.",
            "Vendor Information": "The vendor has not provided us with any further information regarding this vulnerability.",
            "Addendum": "The CERT/CC has no additional comments at this time.If you have feedback, comments, or additional information about this vulnerability, please send us [email](mailto:cert@cert.org?Subject=VU%23160448 Feedback)."
        },
        {
            "Name": "libpng.org",
            "Status": "Affected",
            "Vendor Statement": "We have not received a statement from the vendor.",
            "Vendor Information": "The vendor has not provided us with any further information regarding this vulnerability.",
            "Addendum": "This issue has been resolved in libpng version [1.2.6rc1](http://sourceforge.net/project/showfiles.php?group_id=5624&package_id=5683&release_id=258107) (release candidate 1). An older version of libpng containing the backported fixes, [1.0.16rc1](http://sourceforge.net/project/showfiles.php?group_id=5624&package_id=5683&release_id=258106), is also available.If you have feedback, comments, or additional information about this vulnerability, please send us [email](mailto:cert@cert.org?Subject=VU%23160448 Feedback)."
        },
        {
            "Name": "IBM",
            "Status": "Not Affected",
            "Vendor Statement": "The AIX Operating System is not vulnerable to the issues discussed in CERT Vulnerability Notes VU#817368, VU#236656, VU#477512, VU#160448 and VU#286464.",
            "Vendor Information": "The vendor has not provided us with any further information regarding this vulnerability.",
            "Addendum": "The CERT/CC has no additional comments at this time.If you have feedback, comments, or additional information about this vulnerability, please send us [email](mailto:cert@cert.org?Subject=VU%23160448 Feedback)."
        },
        {
            "Name": "Juniper Networks",
            "Status": "Not Affected",
            "Vendor Statement": "Juniper Networks products are not susceptible to this vulnerability",
            "Vendor Information": "The vendor has not provided us with any further information regarding this vulnerability.",
            "Addendum": "The CERT/CC has no additional comments at this time.If you have feedback, comments, or additional information about this vulnerability, please send us [email](mailto:cert@cert.org?Subject=VU%23160448 Feedback)."
        },
        {
            "Name": "NEC Corporation",
            "Status": "Not Affected",
            "Vendor Statement": "sent on August 2, 2004[Software Products] * E-mail client software \"WeMail\" \u00a0 (shareware developped by NEC Communication Systems,Ltd.)- is NOT vulnerable. It does not include any code originated from libPNG. * We continue to try to investigate other products possibly affected \u00a0 by these vulnerabilities.",
            "Vendor Information": "The vendor has not provided us with any further information regarding this vulnerability.",
            "Addendum": "The CERT/CC has no additional comments at this time.If you have feedback, comments, or additional information about this vulnerability, please send us [email](mailto:cert@cert.org?Subject=VU%23160448 Feedback)."
        },
        {
            "Name": "BSDI"
        }
    ],
    "CVSS Metrics": [
        {
            "Group": "Base",
            "Score": "",
            "Vector": ""
        },
        {
            "Group": "Temporal",
            "Score": "",
            "Vector": ""
        },
        {
            "Group": "Environmental",
            "Score": "",
            "Vector": ""
        }
    ],
    "References": [
        "[http://scary.beasts.org/security/CESA-2004-001.txt](http://scary.beasts.org/security/CESA-2004-001.txt)",
        "[http://www.libpng.org/pub/png/](http://www.libpng.org/pub/png/)",
        "[http://libpng.sourceforge.net/](http://libpng.sourceforge.net/)"
    ],
    "Acknowledgements": "Thanks to Chris Evans for reporting this vulnerability.This document was written by Chad Dougherty and Damon Morda.",
    "Other Information": {
        "CVE IDs:": "CVE-2004-0599",
        "Severity Metric:": "0.97",
        "Date Public:": "2004-08-04",
        "Date First Published:": "2004-08-04",
        "Date Last Updated:": "2004-08-04 15:59 UTC",
        "Document Revision:": "18"
    }
}