{
    "Title": "VU#160460 - Dell PowerConnect 6248P series switch denial of service vulnerability",
    "Overview": "Dell PowerConnect 6248P series switches contain a denial of service vulnerability when parsing malformed requests.",
    "Description": "Dell PowerConnect 6248P series switches contain a denial of service vulnerability when parsing malformed requests which could cause the switch to crash and become unavailable.",
    "Impact": "An authenticated attacker can cause the Dell PowerConnect 6248P series switch to crash and become unavailable.",
    "Solution": "We are currently unaware of a practical solution to this problem.Restrict AccessThe Dell PowerConnect M6220 series switch web interface should not be Internet facing.",
    "Vendor Information": [
        {
            "Name": "Dell Computer Corporation, Inc.",
            "Status": "Affected",
            "Vendor Statement": "We have not received a statement from the vendor.",
            "Vendor Information": "We are not aware of further vendor information regarding this vulnerability."
        }
    ],
    "CVSS Metrics": [
        {
            "Group": "Base",
            "Score": "7.8",
            "Vector": "AV:N/AC:L/Au:N/C:N/I:N/A:C"
        },
        {
            "Group": "Temporal",
            "Score": "6",
            "Vector": "E:POC/RL:W/RC:UC"
        },
        {
            "Group": "Environmental",
            "Score": "1.6",
            "Vector": "CDP:L/TD:L/CR:ND/IR:ND/AR:ND"
        }
    ],
    "References": [
        "[http://www.dell.com/us/enterprise/p/powerconnect-6248P/pd](http://www.dell.com/us/enterprise/p/powerconnect-6248P/pd)"
    ],
    "Acknowledgements": "Thanks to Gary Blosser for reporting this vulnerability.This document was written by Michael Orlando.",
    "Other Information": {
        "CVE IDs:": "CVE-2013-0120",
        "Date Public:": "2013-02-22",
        "Date First Published:": "2013-02-22",
        "Date Last Updated:": "2013-02-22 17:33 UTC",
        "Document Revision:": "8"
    }
}