{
    "Title": "VU#162451 - Cisco IOS fails to properly process solicited SNMP operations",
    "Overview": "Cisco IOS contains a vulnerability in the processing of solicited Simple Network Management Protocol ([SNMP](http://www.ietf.org/rfc/rfc1157.txt)) operations that may result in memory corruption of the device causing it to reload. Sustained exploitation of this vulnerability could lead to a denial of service condition affect a large segment of the Internet community.",
    "Description": "The SNMP protocol enables network and system administrators to remotely monitor and configure devices on the network (devices such as switches and routers). There is a vulnerability in way Cisco IOS processes solicited SNMP operations. Sustained exploitation of this vulnerability could lead to a denial of service condition affecting large portions of the Internet community.For more information, please refer to [Cisco Security Advisory: \"Vulnerabilities in SNMP Message Processing\"](http://www.cisco.com/warp/public/707/cisco-sa-20040420-snmp.shtml).",
    "Impact": "A remote, unauthenticated attacker could cause the vulnerable device to reload. Repeated exploitation of this vulnerability could lead to a sustained denial of service condition.",
    "Solution": "UpgradeCisco has published detailed information about upgrading affected Cisco IOS software to correct this vulnerability. System managers are encouraged to upgrade to one of the non-vulnerable releases. For additional information regarding availability of repaired releases, please refer to the \"[Software Versions and Fixes](http://www.cisco.com/warp/public/707/cisco-sa-20040420-snmp.shtml#software)\" section of the [Cisco Security Advisory](http://www.cisco.com/warp/public/707/cisco-sa-20040420-snmp.shtml).WorkaroundsCisco recommends a number of workarounds, including disabling SNMP processing on affected devices. For a complete list of workarounds, see the [Cisco Security Advisory](http://www.cisco.com/warp/public/707/cisco-sa-20040420-snmp.shtml).",
    "Vendor Information": [
        {
            "Name": "Cisco Systems Inc."
        }
    ],
    "CVSS Metrics": [
        {
            "Group": "Base",
            "Score": "",
            "Vector": ""
        },
        {
            "Group": "Temporal",
            "Score": "",
            "Vector": ""
        },
        {
            "Group": "Environmental",
            "Score": "",
            "Vector": ""
        }
    ],
    "References": [
        "[http://www.cisco.com/warp/public/707/cisco-sa-20040420-snmp.shtml](http://www.cisco.com/warp/public/707/cisco-sa-20040420-snmp.shtml)",
        "[http://www.ietf.org/rfc/rfc1157.txt](http://www.ietf.org/rfc/rfc1157.txt)"
    ],
    "Acknowledgements": "Thanks to Cisco for reporting this vulnerability.This document was written by Jeff S Havrilla.",
    "Other Information": {
        "CVE IDs:": "None",
        "Severity Metric:": "90.97",
        "Date Public:": "2004-04-20",
        "Date First Published:": "2004-04-20",
        "Date Last Updated:": "2004-04-21 01:45 UTC",
        "Document Revision:": "19"
    }
}