{
    "Title": "VU#165022 - Microsoft Log Sink Class ActiveX control incorrectly marked \"safe for scripting\"",
    "Overview": "The Microsoft Log Sink Class ActiveX control is incorrectly marked safe for scripting.  This may allow a remote attacker to create or append to arbitrary files on a vulnerable system.",
    "Description": "ActiveX[ActiveX](http://www.microsoft.com/com/default.mspx) is a technology that allows programmers to create reusable software components that can be incorporated into applications to extend their functionality.  Internet Explorer is a common Windows application that makes use of ActiveX controls.ActiveX safety determinationInternet Explorer determines if an ActiveX control is safe by querying the [IObjectSafety interface](http://msdn.microsoft.com/workshop/components/com/reference/ifaces/iobjectsafety/iobjectsafety.asp) of the object and by querying the Implemented Categories registry key for the control, as specified by [Microsoft Knowledge Base Article 216434](http://support.microsoft.com/kb/216434/) and the [MSDN ActiveX safety article](http://msdn.microsoft.com/workshop/components/activex/safety.asp).  ActiveX security optionsThrough either the IObjectSafety interface or the appropriate registry values, an ActiveX control can be marked as \"safe for scripting\" and/or \"safe for initialization.\"  According to the MSDN article [Signing and Marking ActiveX Controls](http://msdn.microsoft.com/library/default.asp?url=/library/en-us/dnaxctrl/html/msdn_signmark.asp):If you mark your control as safe for initializing, you are asserting that no matter what values are used to initialize your control, it won't do anything that would damage a user's system or compromise the user's security.If you mark your control as safe for scripting, you are asserting that your control won't do anything to damage a user's system or compromise the user's security, regardless of how your control's methods and properties are manipulated by the Web page's script. In other words, it has to accept any method calls (with any parameters) and/or property manipulations in any order without doing anything bad. The MSDN article [Designing Secure ActiveX Controls](http://msdn.microsoft.com/workshop/components/activex/security.asp) states:Controls are marked as not safe for scripting or data initialization by default. Don't implement them unless the functionality of the control is hampered without them.Log Sink Class ActiveX controlThe Log Sink Class ActiveX control is provided by the Microsoft SharePoint Portal Server Core Objects Library, pkmcore.dll.  This file is provided by several Microsoft products, including Office XP, Visio 2002, and SharePoint Portal Server 2001 client.  The Log Sink Class ActiveX control has the ability to create files on the local file system.The ProblemThe Microsoft Log Sink Class ActiveX control can create or append to arbitrary files on the local file system, but it is marked as \"safe for scripting\" and \"safe for initialization\" via the IObjectSafety interface.",
    "Impact": "By convincing a victim to click on a link in an HTML document (web page, HTML email), an attacker could create or append to arbitrary files on a vulnerable system within the security context of the user running IE. These files could contain code that could be executed through other means.  The user may click the file inadvertently, or the file may be placed in a sensitive location, such as the Windows Startup folder.  Please note that this vulnerability is being actively exploited.",
    "Solution": null,
    "Vendor Information": [
        {
            "Name": "Microsoft Corporation",
            "Status": "Affected",
            "Vendor Statement": "We have not received a statement from the vendor.",
            "Vendor Information": "The vendor has not provided us with any further information regarding this vulnerability.",
            "Addendum": "Office XP users should install the [Office XP Update October 12, 2004](http://support.microsoft.com/kb/837253/), which addresses this issue.  This update may also be installed via [Office Update](http://office.microsoft.com/en-us/officeupdate/default.aspx).Visio 2002 users should install [Visio 2002 Service Pack 2](http://support.microsoft.com/kb/830242/).  This update may also be installed via [Office Update](http://office.microsoft.com/en-us/officeupdate/default.aspx).SharePoint Portal users should install [SharePoint Portal Server 2001 Service Pack 2](http://www.microsoft.com/sharepoint/server/downloads/sp2.asp).  Client systems should install the [client components for SharePoint Portal Server 2001 SP2](http://www.microsoft.com/sharepoint/server/downloads/OfficeComponents.asp).If you have feedback, comments, or additional information about this vulnerability, please send us [email](mailto:cert@cert.org?Subject=VU%23165022 Feedback)."
        }
    ],
    "CVSS Metrics": [
        {
            "Group": "Base",
            "Score": "",
            "Vector": ""
        },
        {
            "Group": "Temporal",
            "Score": "",
            "Vector": ""
        },
        {
            "Group": "Environmental",
            "Score": "",
            "Vector": ""
        }
    ],
    "References": [
        "[http://support.microsoft.com/kb/837253/](http://support.microsoft.com/kb/837253/)",
        "[http://support.microsoft.com/kb/321780/](http://support.microsoft.com/kb/321780/)",
        "[http://support.microsoft.com/kb/216434/](http://support.microsoft.com/kb/216434/)",
        "[http://support.microsoft.com/kb/830242/](http://support.microsoft.com/kb/830242/)",
        "[http://www.microsoft.com/sharepoint/server/downloads/sp2.asp](http://www.microsoft.com/sharepoint/server/downloads/sp2.asp)",
        "[http://msdn.microsoft.com/workshop/components/activex/safety.asp](http://msdn.microsoft.com/workshop/components/activex/safety.asp)",
        "[http://msdn.microsoft.com/workshop/components/activex/security.asp](http://msdn.microsoft.com/workshop/components/activex/security.asp)",
        "[http://office.microsoft.com/en-us/officeupdate/default.aspx](http://office.microsoft.com/en-us/officeupdate/default.aspx)"
    ],
    "Acknowledgements": "This vulnerability was reported by Microsoft.This document was written by Will Dormann.",
    "Other Information": {
        "CVE IDs:": "CVE-2005-0360",
        "Severity Metric:": "38.31",
        "Date Public:": "2003-01-13",
        "Date First Published:": "2005-06-27",
        "Date Last Updated:": "2005-06-29 14:14 UTC",
        "Document Revision:": "22"
    }
}