{
    "Title": "VU#166651 - Husdawg, LLC Systems Requirements Lab ActiveX control and Java applet vulnerable to arbitrary code download and execution",
    "Overview": "The Husdawg, LLC. System Requirements Lab ActiveX control and Java applet allow an unauthenticated remote attacker to download and execute arbitrary code.",
    "Description": "Husdawg, LLC. provides an ActiveX control and signed Java Applet that are used for benchmarking the capabilities of a PC. The ActiveX control is provided by sysreqlab.dll, sysreqlabsli.dll, or sysreqlab2.dll, and the Java version is provided by SRLApplet.class, which may be contained in sysreqlab2.jar or sysreqlab.jar. The software is commonly used to determine if a system meets the requirements necessary to run video games. The System Requirements Lab components can be scripted to request an executable file from that server, which is then immediately executed. This file may be retrieved over HTTP, HTTPS, or FTP protocols.",
    "Impact": "A remote, unauthenticated attacker may be able to execute arbitrary code on a vulnerable server.",
    "Solution": "Apply an updateThis vulnerability is addressed in version 3 of the System Requirements Lab software. This version is available on the [systemrequirementlab.com](http://www.systemrequirementslab.com/referrer/srtest) web server. This version of the ActiveX control restricts which domains can call the methods provided by the control.The primary ActiveX version of the software has also been disabled in Internet Explorer with the update for [Microsoft Security Advisory (956391)](http://www.microsoft.com/technet/security/advisory/956391.mspx). Note that this update does not prevent the vulnerable Java version of the control from being used, nor does it disable every vulnerable version of the ActiveX control. Please see the [CERT/CC Vulnerability Analysis Blog](http://www.cert.org/blogs/vuls/2008/06/signed_java_security_worse_tha.html) for more details about vulnerable Java applets.Block outbound requests from the System Requirements Lab softwareIt may be possible to prevent this vulnerability from being exploited by filtering network requests from the System Requirements Lab software. Updates that occur using HTTP will contain the HTTP header: User-Agent: SRLWhen the System Requirements Lab software retrieves an update using the FTP protocol, it will use the following pattern:USER anonymousPASS IEUser@SIZE //system.xmlRETR //system.xmlCWD //system.xmlDisable the System Requirements Lab ActiveX controls in Internet ExplorerThe vulnerable ActiveX controls can be disabled in Internet Explorer by setting the kill bit for the following CLSIDs:{67A5F8DC-1A4B-4D66-9F24-A704AD929EEE}{BE833F39-1E0C-468C-BA70-25AAEE55775E}{BE833F39-1E0C-468C-BA70-25AAEE55775F}More information about how to set the kill bit is available in [Microsoft Support Document 240797](http://support.microsoft.com/kb/240797).  Alternatively, the following text can be saved as a .REG file and imported to set the kill bit for these controls:Windows Registry Editor Version 5.00[HKEY_LOCAL_MACHINE\\SOFTWARE\\Microsoft\\Internet Explorer\\ActiveX Compatibility\\{67A5F8DC-1A4B-4D66-9F24-A704AD929EEE}]\"Compatibility Flags\"=dword:00000400[HKEY_LOCAL_MACHINE\\SOFTWARE\\Microsoft\\Internet Explorer\\ActiveX Compatibility\\{BE833F39-1E0C-468C-BA70-25AAEE55775E}]\"Compatibility Flags\"=dword:00000400[HKEY_LOCAL_MACHINE\\SOFTWARE\\Microsoft\\Internet Explorer\\ActiveX Compatibility\\{BE833F39-1E0C-468C-BA70-25AAEE55775F}]\"Compatibility Flags\"=dword:00000400Disable ActiveXDisabling ActiveX controls in the Internet Zone (or any zone used by an attacker) appears to prevent exploitation of this and other ActiveX vulnerabilities. Instructions for disabling ActiveX in the Internet Zone can be found in the \"[Securing Your Web Browser](http://www.cert.org/tech_tips/securing_browser/#Internet_Explorer)\" document.\u00a0 Disable JavaThis vulnerability can be mitigated by disabling Java in your web browser.  Instructions for disabling Java can be found in the \"[Securing Your Web Browser](http://www.cert.org/tech_tips/securing_browser/)\" document.",
    "Vendor Information": [
        {
            "Name": "Husdawg",
            "Status": "Affected",
            "Vendor Statement": "We have not received a statement from the vendor.",
            "Vendor Information": "The vendor has not provided us with any further information regarding this vulnerability.",
            "Addendum": "This vulnerability is addressed in version 3 of the System Requirements Lab software. This version is available on the [systemrequirementlab.com](http://www.systemrequirementslab.com/referrer/srtest) web server. This version of the ActiveX control restricts which domains can call the methods provided by the control.The primary ActiveX version of the software has also been disabled in Internet Explorer with the update for [Microsoft Security Advisory (956391)](http://www.microsoft.com/technet/security/advisory/956391.mspx). Note that this update does not prevent the vulnerable Java version of the control from being used, nor does it disable every vulnerable version of the ActiveX control. Please see the [CERT/CC Vulnerability Analysis Blog](http://www.cert.org/blogs/vuls/2008/06/signed_java_security_worse_tha.html) for more details about vulnerable Java applets.If you have feedback, comments, or additional information about this vulnerability, please send us [email](mailto:cert@cert.org?Subject=VU%23166651 Feedback)."
        }
    ],
    "CVSS Metrics": [
        {
            "Group": "Base",
            "Score": "",
            "Vector": ""
        },
        {
            "Group": "Temporal",
            "Score": "",
            "Vector": ""
        },
        {
            "Group": "Environmental",
            "Score": "",
            "Vector": ""
        }
    ],
    "References": [
        "[http://www.systemrequirementslab.com/bulletins/security_bulletin_1.html](http://www.systemrequirementslab.com/bulletins/security_bulletin_1.html)",
        "[http://www.husdawg.com/systemrequirementslab/Company.html](http://www.husdawg.com/systemrequirementslab/Company.html)",
        "[http://www.microsoft.com/technet/security/advisory/956391.mspx](http://www.microsoft.com/technet/security/advisory/956391.mspx)",
        "[http://www.securityfocus.com/bid/31752](http://www.securityfocus.com/bid/31752)",
        "[http://www.securityfocus.com/archive/1/497400](http://www.securityfocus.com/archive/1/497400)"
    ],
    "Acknowledgements": "This vulnerability was reported by Andre Protas of eEye Digital Security, who in turn credit Greg Linares. Additional information about vulnerable components was provided by Will Dormann of the CERT/CC.This document was written by Will Dormann.",
    "Other Information": {
        "CVE IDs:": "CVE-2008-4385",
        "Severity Metric:": "12.70",
        "Date Public:": "2008-10-14",
        "Date First Published:": "2008-10-14",
        "Date Last Updated:": "2008-10-20 12:08 UTC",
        "Document Revision:": "25"
    }
}