{
    "Title": "VU#166743 - Das U-Boot AES-CBC encryption implementation contains multiple vulnerabilities",
    "Overview": "Das U-Boot is a device bootloader that can read its configuration from an AES encrypted file. For devices utilizing this environment encryption mode, U-Boot's use of a zero initialization vector and improper handling of an error condition may allow attacks against the underlying cryptographic implementation and allow an attacker to decrypt the data.",
    "Description": "[CWE-329](http://cwe.mitre.org/data/definitions/329.html): Not Using a Random IV with CBC Mode - CVE-2017-3225Das U-Boot's AES-CBC encryption feature uses a zero (0) initialization vector. This allows an attacker to perform dictionary attacks on encrypted data produced by Das U-Boot to learn information about the encrypted data.[CWE-208](https://cwe.mitre.org/data/definitions/208.html): Information Exposure Through Timing Discrepancy - CVE-2017-3226Devices that make use of Das U-Boot's AES-CBC encryption feature using environment encryption (i.e., setting the configuration parameter CONFIG_ENV_AES=y) read environment variables from disk as the encrypted disk image is processed. An attacker with physical access to the device can manipulate the encrypted environment data to include a crafted two-byte sequence which triggers an error in environment variable parsing. This error condition is improperly handled by Das U-Boot, resulting in an immediate process termination with a debugging message.The immediate failure can be used as an oracle for a Vaudenay-style timing attack on the cryptography, allowing a dedicated attacker to decrypt and potentially modify the contents of the device.",
    "Impact": "An attacker with physical access to the device may be able to decrypt the device's contents.",
    "Solution": "The CERT/CC is currently unaware of a practical solution to this problem. U-Boot versions prior to 2017.09 contain the vulnerable code; the feature was deprecated and removed in the 2017.09 release.",
    "Vendor Information": [
        {
            "Name": "Brocade Communication Systems",
            "Status": "Not Affected",
            "Vendor Statement": "We have not received a statement from the vendor.",
            "Vendor Information": "Brocade products are not affected. Users may find Brocade's full statement in the advisories at the URLs below."
        },
        {
            "Name": "D-Link Systems, Inc.",
            "Status": "Not Affected",
            "Vendor Statement": "We have not received a statement from the vendor.",
            "Vendor Information": "D-Link has performed an audit and determined that no presently-supported devices utilize U-Boot. Furthermore, legacy products that make use of U-Boot do not appear to be impacted."
        },
        {
            "Name": "Juniper Networks",
            "Status": "Not Affected",
            "Vendor Statement": "We have not received a statement from the vendor.",
            "Vendor Information": "We are not aware of further vendor information regarding this vulnerability."
        },
        {
            "Name": "NXP Semiconductors Inc.",
            "Status": "Not Affected",
            "Vendor Statement": "We have not received a statement from the vendor.",
            "Vendor Information": "NXP does not enable the affected encryption feature for its products."
        },
        {
            "Name": "QUALCOMM Incorporated",
            "Status": "Not Affected",
            "Vendor Statement": "We have not received a statement from the vendor.",
            "Vendor Information": "We are not aware of further vendor information regarding this vulnerability."
        },
        {
            "Name": "Texas Instruments",
            "Status": "Not Affected",
            "Vendor Statement": "We have not received a statement from the vendor.",
            "Vendor Information": "According to TI, the version(s) of Das U-Boot included with TI products does not enable the encryption functionality, and so is unaffected."
        },
        {
            "Name": "Ubiquiti Networks",
            "Status": "Not Affected",
            "Vendor Statement": "We have not received a statement from the vendor.",
            "Vendor Information": "We are not aware of further vendor information regarding this vulnerability."
        },
        {
            "Name": "Broadcom",
            "Status": "Unknown",
            "Vendor Statement": "We have not received a statement from the vendor."
        },
        {
            "Name": "Cavium",
            "Status": "Unknown",
            "Vendor Statement": "We have not received a statement from the vendor."
        },
        {
            "Name": "Cisco",
            "Status": "Unknown",
            "Vendor Statement": "We have not received a statement from the vendor."
        },
        {
            "Name": "DENX Software",
            "Status": "Unknown",
            "Vendor Statement": "We have not received a statement from the vendor."
        },
        {
            "Name": "Imagination Technologies",
            "Status": "Unknown",
            "Vendor Statement": "We have not received a statement from the vendor."
        },
        {
            "Name": "Marvell Semiconductors",
            "Status": "Unknown",
            "Vendor Statement": "We have not received a statement from the vendor."
        },
        {
            "Name": "Oracle Corporation",
            "Status": "Unknown",
            "Vendor Statement": "We have not received a statement from the vendor."
        },
        {
            "Name": "STMicroelectronics",
            "Status": "Unknown",
            "Vendor Statement": "We have not received a statement from the vendor."
        }
    ],
    "CVSS Metrics": [
        {
            "Group": "Base",
            "Score": "5.6",
            "Vector": "AV:L/AC:H/Au:N/C:C/I:C/A:N"
        },
        {
            "Group": "Temporal",
            "Score": "5",
            "Vector": "E:POC/RL:U/RC:C"
        },
        {
            "Group": "Environmental",
            "Score": "3.8",
            "Vector": "CDP:ND/TD:M/CR:ND/IR:ND/AR:ND"
        }
    ],
    "References": [
        "[https://cwe.mitre.org/data/definitions/208.html](https://cwe.mitre.org/data/definitions/208.html)",
        "[http://cwe.mitre.org/data/definitions/329.html](http://cwe.mitre.org/data/definitions/329.html)"
    ],
    "Acknowledgements": "Thanks to Allan Xavier for reporting this vulnerability.This document was written by Garret Wassermann.",
    "Other Information": {
        "CVE IDs:": "CVE-2017-3225,CVE-2017-3226",
        "Date Public:": "2017-09-08",
        "Date First Published:": "2017-09-08",
        "Date Last Updated:": "2017-10-12 12:52 UTC",
        "Document Revision:": "55"
    }
}