{
    "Title": "VU#166700 - Microsoft Word malformed data structure vulnerability",
    "Overview": "A vulnerability in Microsoft Word could allow an attacker to execute arbitrary code on a vulnerable system.",
    "Description": "Microsoft Word fails to properly handle malformed data structures allowing memory corruption to occur. This vulnerability can be triggered by opening a specially crafted document with Microsoft Word. It is possible that the vulnerability can be exploited by opening a Microsoft Office document that includes an embedded Word document. We are aware of public reports of active exploitation of this vulnerability.More information is available in Microsoft Security Bulletin [MS07-014](http://www.microsoft.com/technet/security/Bulletin/MS07-014.mspx).",
    "Impact": "By convincing a user to open a specially crafted Word document, an attacker could execute arbitrary code with the privileges of the user running Word. If the user is logged in with administrative privileges, the attacker could take complete control of a vulnerable system.",
    "Solution": "Apply Update for MicrosoftMicrosoft has addressed this vulnerability in Microsoft Security Bulletin [MS07-014](http://www.microsoft.com/technet/security/Bulletin/MS07-014.mspx).Do not open untrusted Word documentsDo not open unfamiliar or unexpected Word or other Office documents, particularly those hosted on web sites or delivered as email attachments. Please see Cyber Security Tip [ST04-010](http://www.us-cert.gov/cas/tips/ST04-010.html).Do not rely on file name extension filteringIn most cases, Windows will call Word to open a document even if the document has an unknown file extension. For example, if document.qwer contains the correct file header information, Windows will open document.qwer with Word. Filtering for common extensions (e.g., .doc, and .dot) will not detect all Word documents. Disable automatic opening of Microsoft Office documentsBy default, Microsoft Office 97 and Microsoft Office 2000 will configure Internet Explorer to automatically open Microsoft Office documents. This feature can be disabled by using the [Office Document Open Confirmation Tool](http://www.microsoft.com/downloads/details.aspx?familyid=8B5762D2-077F-4031-9EE6-C9538E9F2A2F&displaylang=en). Mozilla Firefox users should disable automatic opening of files, as specified in the [Securing Your Web Browser](http://www.us-cert.gov/reading_room/securing_browser/#ffdownloadactions) document.",
    "Vendor Information": [
        {
            "Name": "Microsoft Corporation"
        }
    ],
    "CVSS Metrics": [
        {
            "Group": "Base",
            "Score": "",
            "Vector": ""
        },
        {
            "Group": "Temporal",
            "Score": "",
            "Vector": ""
        },
        {
            "Group": "Environmental",
            "Score": "",
            "Vector": ""
        }
    ],
    "References": [
        "[http://www.microsoft.com/technet/security/Bulletin/MS07-014.mspx](http://www.microsoft.com/technet/security/Bulletin/MS07-014.mspx)",
        "[http://blogs.technet.com/msrc/archive/2006/12/10/new-report-of-a-word-zero-day.aspx](http://blogs.technet.com/msrc/archive/2006/12/10/new-report-of-a-word-zero-day.aspx)",
        "[http://blogs.technet.com/msrc/archive/2006/12/15/update-on-current-word-vulnerability-reports.aspx](http://blogs.technet.com/msrc/archive/2006/12/15/update-on-current-word-vulnerability-reports.aspx)",
        "[http://vil.nai.com/vil/content/v_vul27249.htm](http://vil.nai.com/vil/content/v_vul27249.htm)",
        "[http://isc.sans.org/diary.php?storyid=1925](http://isc.sans.org/diary.php?storyid=1925)",
        "[http://www.microsoft.com/technet/security/bulletin/ms07-014.mspx](http://www.microsoft.com/technet/security/bulletin/ms07-014.mspx)",
        "[http://www.securityfocus.com/bid/21518](http://www.securityfocus.com/bid/21518)"
    ],
    "Acknowledgements": "This issue was reported by Microsoft and McAfee.This document was written by Jeff Gennari.",
    "Other Information": {
        "CVE IDs:": "CVE-2006-6456",
        "Severity Metric:": "37.87",
        "Date Public:": "2006-12-10",
        "Date First Published:": "2006-12-11",
        "Date Last Updated:": "2007-02-23 13:24 UTC",
        "Document Revision:": "22"
    }
}