{
    "Title": "VU#167623 - SHDesigns Resident Download Manager does not authenticate firmware downloads",
    "Overview": "SHDesigns' Resident Download Manager (as well as the Ethernet Download Manager) does not authenticate firmware downloads before executing code and deploying them to devices.",
    "Description": "[CWE-494](https://cwe.mitre.org/data/definitions/494.html): Download of Code Without Integrity Check - CVE-2016-6567SHDesigns' Resident Download Manager provides firmware update capabilities for [Rabbit](https://www.digi.com/products/rabbitprocessor) 2000/3000 CPU boards, which according to the reporter may be used in some industrial control and embedded applications.The Resident Download Manager does not verify that the firmware is authentic before executing code and deploying the firmware to devices. A remote attacker with the ability to send UDP traffic to the device may be able to execute arbitrary code on the device.According to [SHDesigns' website](http://shdesigns.org/rabbit/), the Resident Download Manager and other Rabbit Tools have been discontinued since June 2011.",
    "Impact": "A remote attacker with the ability to send UDP traffic to the device may be able to execute arbitrary code on the device.",
    "Solution": "The CERT/CC is currently unaware of a practical solution to this problem.According to the reporter, affected users may disable the network update feature. It is also possible that developers of products using the Resident Download Manager may be able to write a download verification wrapper around the Resident Download Manager library, but may not be practical in all scenarios.Affected users may also consider the following workaround:Restrict network accessRestrict network access to the device containing the Rabbit CPU and Resident Download Manager to a secured LAN segment.",
    "Vendor Information": [
        {
            "Name": "AddOn Technologies",
            "Status": "Affected",
            "Vendor Statement": "This vulnerability was addressed in the basic design of our Addon keypad since its inception. The SH Designs program cannot be used to modify the firmware in our keypad without specialized knowledge of specific procedures necessary to initiate a firmware replacement.We have further strengthened the procedure as of firmware version 5.5.05 to include the necessity to also enter the administrator password to initiate a firmware replacement.To identify which type of protection your keypad has, verify the program version in the keypad by looking at the printed header at power-up.To be clear, the SH Designs program that has the vulnerability would normally only be used by trained service personnel on a very infrequent basis. Field updates to the firmware in the keypad are not often done. Also, specific knowledge of the keypad operation is necessary to use the SH Designs program to perform a firmware update. Furthermore, the knowledge and time investment necessary to create and install a program that might be able to perform a malicious action with an embedded processor like the one used in our keypad creates a very unlikely scenario that it would ever be attempted. Our product does not even use a standard operating system. The keypad is also normally used in a secure location that would have UDP access restricted at the router to the subnet level.",
            "Vendor Information": "We are not aware of further vendor information regarding this vulnerability."
        },
        {
            "Name": "Dataprobe, Inc.",
            "Status": "Affected",
            "Vendor Statement": "We have not received a statement from the vendor.",
            "Vendor Information": "We are not aware of further vendor information regarding this vulnerability.",
            "Addendum": "We have reached out to the vendor regarding the SHDesigns RDM vulnerability.Additionally, the cookie authentication bypass vulnerability reported in the tmcnet.com blog was assigned CVE IDs as follows:CVE-2007-6759 = Dataprobe iBootBar (with 2007-09-20 and possibly laterreleased firmware) allows remote attackers to bypass authentication,and conduct power-cycle attacks on connected devices, via a DCRABBITcookie.CVE-2007-6760 = Dataprobe iBootBar (with 2007-09-20 and possibly laterbeta firmware) allows remote attackers to bypass authentication, andconduct power-cycle attacks on connected devices, via a DCCOOKIEcookie.If you have feedback, comments, or additional information about this vulnerability, please send us [email](mailto:cert@cert.org?Subject=VU%23167623 Feedback)."
        },
        {
            "Name": "SHDesigns",
            "Status": "Affected",
            "Vendor Statement": "We have not received a statement from the vendor.",
            "Vendor Information": "We are not aware of further vendor information regarding this vulnerability."
        },
        {
            "Name": "Cobham plc",
            "Status": "Unknown",
            "Vendor Statement": "We have not received a statement from the vendor."
        },
        {
            "Name": "Grass Valley",
            "Status": "Unknown",
            "Vendor Statement": "We have not received a statement from the vendor."
        },
        {
            "Name": "IDC Corporation",
            "Status": "Unknown",
            "Vendor Statement": "We have not received a statement from the vendor."
        },
        {
            "Name": "Maguire",
            "Status": "Unknown",
            "Vendor Statement": "We have not received a statement from the vendor."
        }
    ],
    "CVSS Metrics": [
        {
            "Group": "Base",
            "Score": "9.3",
            "Vector": "AV:N/AC:M/Au:N/C:C/I:C/A:C"
        },
        {
            "Group": "Temporal",
            "Score": "8",
            "Vector": "E:POC/RL:U/RC:UR"
        },
        {
            "Group": "Environmental",
            "Score": "6.0",
            "Vector": "CDP:ND/TD:M/CR:ND/IR:ND/AR:ND"
        }
    ],
    "References": [
        "[http://shdesigns.org/rabbit/](http://shdesigns.org/rabbit/)",
        "[https://www.digi.com/products/rabbitprocessor](https://www.digi.com/products/rabbitprocessor)",
        "[https://www.digi.com/lp/rabbit](https://www.digi.com/lp/rabbit)",
        "[https://cwe.mitre.org/data/definitions/494.html](https://cwe.mitre.org/data/definitions/494.html)"
    ],
    "Acknowledgements": "Thanks to Nolan Ray of NCC Group for reporting this vulnerability.This document was written by Garret Wassermann.",
    "Other Information": {
        "CVE IDs:": "CVE-2016-6567,CVE-2007-6759,CVE-2007-6760",
        "Date Public:": "2017-01-31",
        "Date First Published:": "2017-01-31",
        "Date Last Updated:": "2017-04-07 20:03 UTC",
        "Document Revision:": "54"
    }
}