{
    "Title": "VU#167739 - Trend Micro InterScan eManager vulnerable to remotely exploitable buffer overflow",
    "Overview": "A remotely exploitable buffer overflow exists in [Trend Micro InterScan eManager](http://www.antivirus.com/products/isem/).",
    "Description": "[Trend Micro InterScan eManager](http://www.antivirus.com/products/isem/) is an application that inspects email traffic flowing into and out of a network for confidential or inappropriate material entering and/or leaving the network. This application has the capability to inspect, modify, and/or block email at the border of the enterprise. [Trend Micro InterScan eManager](http://www.antivirus.com/products/isem/) includes several dynamic link libraries which provide management features for the system administrator over an http interface. Some of these dynamic link libraries contain a remotely exploitable buffer overflow.",
    "Impact": "Remote intruders can execute arbitrary code with SYSTEM privileges in the Local System security context.",
    "Solution": "The following versions of InterScan eManager are affected. InterScan eManager for NT Ver.3.51 (English)InterScan eManager for NT Ver.3.51(Japanese)These tests were performed on the following Operating Systems:Windows NT 4.0 Server + SP6a [English]Windows NT 4.0 Server + SP6a [Japanese]A patch for InterScan eManager for NT Ver.3.51J is available from [http://www.trendmicro.co.jp/esolution/solutionDetail.asp?solutionID=3142](http://www.trendmicro.co.jp/esolution/solutionDetail.asp?solutionID=3142) A patch for InterScan eManager for NT Ver.3.51 is pending.If console access via the web is not necessary, remove /eManager virtual directory with the use of Internet Service Manager.Enable NTLM authentication using the Internet Service Manager. This will provide restricted access to Web-based console.Restrict access to web-based console with the use of packet filtering technologies.",
    "Vendor Information": [
        {
            "Name": "Trend Micro"
        }
    ],
    "CVSS Metrics": [
        {
            "Group": "Base",
            "Score": "",
            "Vector": ""
        },
        {
            "Group": "Temporal",
            "Score": "",
            "Vector": ""
        },
        {
            "Group": "Environmental",
            "Score": "",
            "Vector": ""
        }
    ],
    "References": [
        "[http://www.trendmicro.co.jp/esolution/solutionDetail.asp?solutionID=3142](http://www.trendmicro.co.jp/esolution/solutionDetail.asp?solutionID=3142)",
        "[http://www.lac.co.jp/security/english/snsadv_e/42_e.html](http://www.lac.co.jp/security/english/snsadv_e/42_e.html)"
    ],
    "Acknowledgements": "This vulnerability was discovered by Little eArth Corporation Co., Ltd and was made public on September 12, 2001.This document was written by Ian A. Finlay.",
    "Other Information": {
        "CVE IDs:": "CVE-2001-0958",
        "Severity Metric:": "33.75",
        "Date Public:": "2001-09-12",
        "Date First Published:": "2001-09-13",
        "Date Last Updated:": "2001-09-13 17:33 UTC",
        "Document Revision:": "52"
    }
}