{
    "Title": "VU#167928 - Microsoft Word malformed string vulnerability",
    "Overview": "A vulnerability in Microsoft Word could allow an attacker to execute arbitrary code on a vulnerable system.",
    "Description": "Microsoft Word contains a vulnerability that could be exploited when Word opens a specially crafted document. It is possible that the vulnerability can be exploited by opening a Microsoft Office document that includes an embedded Word document. More information is available in Microsoft Security Bulletin [MS07-014](http://www.microsoft.com/technet/security/Bulletin/MS07-014.mspx).Note that reports claim this vulnerability is actively being exploited.",
    "Impact": "By convincing a user to open a specially crafted Word document, an attacker could execute arbitrary code with the privileges of the user running Word. If the user is logged in with administrative privileges, the attacker could take complete control of a vulnerable system.",
    "Solution": "Apply Update for Microsoft Microsoft has addressed this vulnerability in Microsoft Security Bulletin [MS07-014](http://www.microsoft.com/technet/security/Bulletin/MS07-014.mspx).Do not open untrusted Word documentsDo not open unfamiliar or unexpected Word or other Office documents, particularly those hosted on web sites or delivered as email attachments. Please see Cyber Security Tip [ST04-010](http://www.us-cert.gov/cas/tips/ST04-010.html).Do not rely on file name extension filteringIn most cases, Windows will call Word to open a document even if the document has an unknown file extension. For example, if document.qwer contains the correct file header information, Windows will open document.qwer with Word. Filtering for common extensions (e.g., .doc, and .dot) will not detect all Word documents. Disable automatic opening of Microsoft Office documentsBy default, Microsoft Office 97 and Microsoft Office 2000 will configure Internet Explorer to automatically open Microsoft Office documents. This feature can be disabled by using the [Office Document Open Confirmation Tool](http://www.microsoft.com/downloads/details.aspx?familyid=8B5762D2-077F-4031-9EE6-C9538E9F2A2F&displaylang=en). Mozilla Firefox users should disable automatic opening of files, as specified in the [Securing Your Web Browser](http://www.us-cert.gov/reading_room/securing_browser/#ffdownloadactions) document.",
    "Vendor Information": [
        {
            "Name": "Microsoft Corporation"
        }
    ],
    "CVSS Metrics": [
        {
            "Group": "Base",
            "Score": "",
            "Vector": ""
        },
        {
            "Group": "Temporal",
            "Score": "",
            "Vector": ""
        },
        {
            "Group": "Environmental",
            "Score": "",
            "Vector": ""
        }
    ],
    "References": [
        "[http://www.microsoft.com/technet/security/Bulletin/MS07-014.mspx](http://www.microsoft.com/technet/security/Bulletin/MS07-014.mspx)",
        "[http://www.microsoft.com/technet/security/advisory/929433.mspx](http://www.microsoft.com/technet/security/advisory/929433.mspx)",
        "[http://blogs.technet.com/msrc/archive/2006/12/15/update-on-current-word-vulnerability-reports.aspx](http://blogs.technet.com/msrc/archive/2006/12/15/update-on-current-word-vulnerability-reports.aspx)",
        "[http://blogs.technet.com/msrc/archive/2006/12/06/microsoft-security-advisory-929433-posted.aspx](http://blogs.technet.com/msrc/archive/2006/12/06/microsoft-security-advisory-929433-posted.aspx)",
        "[http://www.microsoft.com/downloads/details.aspx?familyid=8B5762D2-077F-4031-9EE6-C9538E9F2A2F&displaylang=en](http://www.microsoft.com/downloads/details.aspx?familyid=8B5762D2-077F-4031-9EE6-C9538E9F2A2F&displaylang=en)",
        "[http://secunia.com/advisories/23232/](http://secunia.com/advisories/23232/)",
        "[http://www.microsoft.com/technet/security/bulletin/ms07-014.mspx](http://www.microsoft.com/technet/security/bulletin/ms07-014.mspx)",
        "[http://www.securityfocus.com/bid/21451](http://www.securityfocus.com/bid/21451)"
    ],
    "Acknowledgements": "This vulnerability was reported by Microsoft.This document was written by Jeff Gennari.",
    "Other Information": {
        "CVE IDs:": "CVE-2006-5994",
        "Severity Metric:": "37.87",
        "Date Public:": "2006-12-05",
        "Date First Published:": "2006-12-06",
        "Date Last Updated:": "2007-02-23 13:06 UTC",
        "Document Revision:": "12"
    }
}