{
    "Title": "VU#168372 - Adobe Flash Player allowScriptAccess protection bypass vulnerability",
    "Overview": "A vulnerability in Adobe Flash Player may allow a remote attacker to bypass allowScriptAccess protection.",
    "Description": "[Adobe Flash Player](http://www.adobe.com/products/flash/flashpro/) is a player for the Flash media format and enables frame-based animations with sound to be viewed within a web browser. According to [Adobe](http://www.adobe.com/cfusion/knowledgebase/index.cfm?id=tn_16494):The AllowScriptAccess parameter of the Macromedia Flash Player controls the ability to perform outbound scripting from within a Flash SWF. A vulnerability in Adobe Flash Player may allow an attacker to circumvent the allowScriptAccess parameter. The specific cause of the underlying defect is not known.",
    "Impact": "By convincing a victim to view a HTML document (web page, HTML email) containing specially crafted Adobe Flash SWF file, an attacker could access content in a different security domain than the one containing the attacker's document.",
    "Solution": "Upgrade Flash PlayerAdobe has addressed this issue in [Adobe Flash Player 9.0.16.0](http://www.adobe.com/products/flashplayer/).Apply updatesUsers who are unable to upgrade to Adobe Flash Player 9.0.16.0  should apply the appropriate player update listed in Adobe Security Bulletin [APSB06-11](http://www.adobe.com/support/security/bulletins/apsb06-11.html).Users running operating systems that do not support Adobe Flash Player 8 should refer to the updates in Adobe's [Flash Player TechNote](http://www.adobe.com/cfusion/knowledgebase/index.cfm?id=d9c2fe33). Microsoft has released an update to address this issue. See [Microsoft Security Bulletin MS06-069](http://www.microsoft.com/technet/security/bulletin/ms06-069.mspx) for more details.Disable Adobe Flash Player in your web browserUntil it is possible to upgrade to Adobe Flash Player 9.0.16.0 or apply the appropriate update, disabling Adobe Flash Player in the web browser will reduce the chances of exploitation.",
    "Vendor Information": [
        {
            "Name": "Adobe"
        }
    ],
    "CVSS Metrics": [
        {
            "Group": "Base",
            "Score": "",
            "Vector": ""
        },
        {
            "Group": "Temporal",
            "Score": "",
            "Vector": ""
        },
        {
            "Group": "Environmental",
            "Score": "",
            "Vector": ""
        }
    ],
    "References": [
        "[http://secunia.com/advisories/21865/](http://secunia.com/advisories/21865/)",
        "[http://www.adobe.com/cfusion/knowledgebase/index.cfm?id=tn_16494](http://www.adobe.com/cfusion/knowledgebase/index.cfm?id=tn_16494)",
        "[http://www.adobe.com/devnet/security/security_zone/mpsb02-08.html](http://www.adobe.com/devnet/security/security_zone/mpsb02-08.html)",
        "[http://www.adobe.com/support/security/bulletins/apsb06-11.html](http://www.adobe.com/support/security/bulletins/apsb06-11.html)",
        "[http://www.microsoft.com/technet/security/bulletin/ms06-069.mspx](http://www.microsoft.com/technet/security/bulletin/ms06-069.mspx)"
    ],
    "Acknowledgements": "This issue was reported in Adobe Security bulletin APSB06-11. This document was written by Jeff Gennari.",
    "Other Information": {
        "CVE IDs:": "CVE-2006-4640",
        "Severity Metric:": "14.29",
        "Date Public:": "2006-09-12",
        "Date First Published:": "2006-09-20",
        "Date Last Updated:": "2006-11-14 21:30 UTC",
        "Document Revision:": "23"
    }
}