{
    "Title": "VU#168873 - Oracle E-Business Suite Report Review Agent (RRA) allows arbitrary files to be retrieved with no authentication",
    "Overview": "A vulnerability in [Oracle's E-Business Suite](http://www.oracle.com/applications/index.html) Report Review Agent (RRA) allows arbitrary files to be retrieved with no authentication.",
    "Description": "A vulnerability exists in the Oracle E-Business Suite Report Review Agent (RRA). This vulnerability may allow a remote attacker to retrieve arbitrary information from Oracle Applications Concurrent Manager servers prior to authentication. For more information, please see the following documents:[Oracle Security Alert 53](http://otn.oracle.com/deploy/security/pdf/2003alert53.pdf)[Integrity Security Alert](http://www.integrigy.com/alerts/FNDFS_Vulnerability.htm)",
    "Impact": "A remote attacker may be able to retrieve arbitrary information from Oracle Applications Concurrent Manager servers prior to authentication.",
    "Solution": "Apply a vendor supplied patch.MitigationMonitor and/or restrict access to the Concurrent Manager server(s). It may be possible to use TCP Wrappers or similar technology to provide improved access control and logging. Additionally, an application-level firewall and Intrusion Detection System (IDS) may be able to filter requests. Note that these workarounds are designed to limit access and detect exploit attempts. These workarounds do not prevent exploitation of this vulnerability. For more information about which ports to filter, please see the [Integrity Security Alert](http://www.integrigy.com/alerts/FNDFS_Vulnerability.htm).",
    "Vendor Information": [
        {
            "Name": "Oracle Corporation"
        }
    ],
    "CVSS Metrics": [
        {
            "Group": "Base",
            "Score": "",
            "Vector": ""
        },
        {
            "Group": "Temporal",
            "Score": "",
            "Vector": ""
        },
        {
            "Group": "Environmental",
            "Score": "",
            "Vector": ""
        }
    ],
    "References": [
        "[http://www.integrigy.com/info/Integrigy_OracleDB_Listener_Security.pdf](http://www.integrigy.com/info/Integrigy_OracleDB_Listener_Security.pdf)",
        "[http://otn.oracle.com/deploy/security/pdf/2003alert53.pdf](http://otn.oracle.com/deploy/security/pdf/2003alert53.pdf)",
        "[http://www.integrigy.com/alerts/FNDFS_Vulnerability.htm](http://www.integrigy.com/alerts/FNDFS_Vulnerability.htm)",
        "[http://securitytracker.com/alerts/2003/Apr/1006550.html](http://securitytracker.com/alerts/2003/Apr/1006550.html)",
        "[http://www.oracle.com/applications/index.html](http://www.oracle.com/applications/index.html)"
    ],
    "Acknowledgements": "This vulnerability was discovered by Stephen Kost of Integrigy Corporation.This document was written by Ian A Finlay.",
    "Other Information": {
        "CVE IDs:": "None",
        "Severity Metric:": "9.38",
        "Date Public:": "2003-04-10",
        "Date First Published:": "2003-04-14",
        "Date Last Updated:": "2003-04-14 16:54 UTC",
        "Document Revision:": "15"
    }
}