{
    "Title": "VU#169059 - X11 vulnerable to buffer overflow in handling of -xrm option",
    "Overview": "The X11 library included with many UNIX variants contains a buffer-overflow vulnerability that may allow attackers to gain root privileges.",
    "Description": "The X11 library contains an unspecified buffer-overflow vulnerability.  Programs that use this library and accept the -xrm option (including xterm) also contain this vulnerability.",
    "Impact": "Attackers may be able to gain root privileges by exploiting affected setuid root programs (such as xterm) that use the X11 library.",
    "Solution": "Apply a patchSee the Systems Affected section for details, or contact your vendor directly.None.",
    "Vendor Information": [
        {
            "Name": "The SCO Group (SCO UnixWare)",
            "Status": "Affected",
            "Vendor Statement": "Any command linked to this library that accepts the -xrm option [including xterm] will core dump if a long string is used as the argument.  Any setuid setgid program that accepts the -xrm option is vulnerable to attack.We now have fixes for this issue for both Open UNIX and UnixWare on our security website:[http://stage.caldera.com/support/security/](http://stage.caldera.com/support/security/)as advisory CSSA-2002-SCO.15.",
            "Vendor Information": "The vendor has not provided us with any further information regarding this vulnerability.",
            "Addendum": "The CERT/CC has no additional comments at this time.If you have feedback, comments, or additional information about this vulnerability, please send us [email](mailto:cert@cert.org?Subject=VU%23169059 Feedback)."
        },
        {
            "Name": "Apple Computer Inc.",
            "Status": "Not Affected",
            "Vendor Statement": "Regarding VU#169059 - X11 vulnerable to buffer overflow, we do not ship the X11 libraries in Mac OS X or Mac OS X Server.This means that Mac OS X and Mac OS X Server are not vulnerable to this problem unless a user adds the X11 libraries on their own.",
            "Vendor Information": "The vendor has not provided us with any further information regarding this vulnerability.",
            "Addendum": "The CERT/CC has no additional comments at this time.If you have feedback, comments, or additional information about this vulnerability, please send us [email](mailto:cert@cert.org?Subject=VU%23169059 Feedback)."
        },
        {
            "Name": "Hewlett-Packard Company",
            "Status": "Not Affected",
            "Vendor Statement": "Source: Hewlett-Packard Company Software Security Response Teamcross reference id: SSRT2275\u00a0 HP-UX \u00a0 \u00a0 \u00a0 \u00a0 - not vulnerable\u00a0 HP-MPE/ix \u00a0 \u00a0 - not vulnerable\u00a0 HP Tru64 UNIX - not vulnerable\u00a0 HP OpenVMS \u00a0 \u00a0- not vulnerable\u00a0 HP NonStop Servers - not vulnerableTo report potential security vulnerabilities in HP software,send an E-mail message to: [mailto:security-alert@hp.com](mailto:security-alert@hp.com)",
            "Vendor Information": "The vendor has not provided us with any further information regarding this vulnerability.",
            "Addendum": "The CERT/CC has no additional comments at this time.If you have feedback, comments, or additional information about this vulnerability, please send us [email](mailto:cert@cert.org?Subject=VU%23169059 Feedback)."
        },
        {
            "Name": "MontaVista Software",
            "Status": "Not Affected",
            "Vendor Statement": "None of our products are vulnerable to this issue.",
            "Vendor Information": "The vendor has not provided us with any further information regarding this vulnerability.",
            "Addendum": "The CERT/CC has no additional comments at this time.If you have feedback, comments, or additional information about this vulnerability, please send us [email](mailto:cert@cert.org?Subject=VU%23169059 Feedback)."
        },
        {
            "Name": "Openwall GNU/*/Linux",
            "Status": "Not Affected",
            "Vendor Statement": "We don't re-distribute X11.",
            "Vendor Information": "The vendor has not provided us with any further information regarding this vulnerability.",
            "Addendum": "The CERT/CC has no additional comments at this time.If you have feedback, comments, or additional information about this vulnerability, please send us [email](mailto:cert@cert.org?Subject=VU%23169059 Feedback)."
        }
    ],
    "CVSS Metrics": [
        {
            "Group": "Base",
            "Score": "",
            "Vector": ""
        },
        {
            "Group": "Temporal",
            "Score": "",
            "Vector": ""
        },
        {
            "Group": "Environmental",
            "Score": "",
            "Vector": ""
        }
    ],
    "References": [
        "[http://ciac.llnl.gov/ciac/bulletins/h-92a.shtml](http://ciac.llnl.gov/ciac/bulletins/h-92a.shtml)",
        "[ftp://ftp.x.org/pub/R6.3/fixes/fix-02](ftp://ftp.x.org/pub/R6.3/fixes/fix-02)",
        "[http://stage.caldera.com/support/security/](http://stage.caldera.com/support/security/)",
        "[ftp://stage.caldera.com/pub/security/openunix/CSSA-2002-SCO.15/CSSA-2002-SCO.15.txt](ftp://stage.caldera.com/pub/security/openunix/CSSA-2002-SCO.15/CSSA-2002-SCO.15.txt)"
    ],
    "Acknowledgements": "Thanks to jG gM for reporting this vulnerability.This document was written by Shawn Van Ittersum.",
    "Other Information": {
        "CVE IDs:": "CVE-2002-0517",
        "Severity Metric:": "6.78",
        "Date Public:": "1997-05-28",
        "Date First Published:": "2002-09-16",
        "Date Last Updated:": "2003-03-24 20:53 UTC",
        "Document Revision:": "15"
    }
}