{
    "Title": "VU#171364 - Oracle Application Server SQL*ReportWriter vulnerability",
    "Overview": "An unspecified vulnerability in the Oracle SQL*ReportWriter may allow a remote, unauthenticated attacker to compromise system confidentiality and integrity.",
    "Description": "Oracle SQL*ReportWriter is a component of the Oracle Application Server. There is an vulnerability in the Oracle SQL*ReportWriter, but the details of this vulnerability are not clear. However, Oracle states that this issue can allow an attacker to easily compromise system confidentiality and integrity.This issue is identified as AS10 in the [Oracle Critical Patch Update for October 2005](http://www.oracle.com/technology/deploy/security/pdf/cpuoct2005.html).",
    "Impact": "A remote, unauthenticated attacker may be able to access and modify sensitive information.",
    "Solution": "Apply updates Apply the appropriate patch or upgrade as specified in the [Oracle Critical Patch Update for October 2005](http://www.oracle.com/technology/deploy/security/pdf/cpuoct2005.html).",
    "Vendor Information": [
        {
            "Name": "Oracle Corporation"
        }
    ],
    "CVSS Metrics": [
        {
            "Group": "Base",
            "Score": "",
            "Vector": ""
        },
        {
            "Group": "Temporal",
            "Score": "",
            "Vector": ""
        },
        {
            "Group": "Environmental",
            "Score": "",
            "Vector": ""
        }
    ],
    "References": [
        "[http://www.oracle.com/technology/deploy/security/pdf/cpuoct2005.html](http://www.oracle.com/technology/deploy/security/pdf/cpuoct2005.html)",
        "[http://secunia.com/advisories/17250/](http://secunia.com/advisories/17250/)",
        "[http://www.red-database-security.com/advisory/details_oracle_cpu_october](http://www.red-database-security.com/advisory/details_oracle_cpu_october)"
    ],
    "Acknowledgements": "This document is based on information contained in the Oracle Critical Patch Update for October 2005. This document was written by Jeff Gennari.",
    "Other Information": {
        "CVE IDs:": "None",
        "Severity Metric:": "14.58",
        "Date Public:": "2005-10-18",
        "Date First Published:": "2005-10-21",
        "Date Last Updated:": "2005-10-24 20:03 UTC",
        "Document Revision:": "14"
    }
}