{
    "Title": "VU#172244 - Apple Mac OS X ImageIO vulnerable to integer overflow via specially crafted Radiance image",
    "Overview": "The Apple Mac OS X ImageIO framework contains an integer overflow that may allow a remote attacker to execute arbitrary code on an affected system.",
    "Description": "Apple's ImageIO is an image processing framework that was introduced in Mac OS X 10.4 (Tiger).  It includes the ability to process images in a number of different formats, including those specified by the [Radiance](http://radsite.lbl.gov/radiance/) lighting simulation and rendering system.  ImageIO is used by several applications, including WebCore and Safari.  ImageIO contains an unspecified integer overflow in the handling of Radiance images.",
    "Impact": "By convincing a user to view a specially crafted Radiance image (e.g., contained within a web page), an attacker could execute arbitrary code with the privileges of the user.  The attacker could also cause the application using the ImageIO library to crash.  Any application that uses ImageIO may be vulnerable.",
    "Solution": "Apply an updatePlease see [Apple Security Update 2006-004](http://docs.info.apple.com/article.html?artnum=304063) for details on updates.",
    "Vendor Information": [
        {
            "Name": "Apple Computer, Inc.",
            "Status": "Affected",
            "Vendor Statement": "We have not received a statement from the vendor.",
            "Vendor Information": "The vendor has not provided us with any further information regarding this vulnerability.",
            "Addendum": "Please see [Apple Security Update 2006-004](http://docs.info.apple.com/article.html?artnum=304063) for details on updates.If you have feedback, comments, or additional information about this vulnerability, please send us [email](mailto:cert@cert.org?Subject=VU%23172244 Feedback)."
        }
    ],
    "CVSS Metrics": [
        {
            "Group": "Base",
            "Score": "",
            "Vector": ""
        },
        {
            "Group": "Temporal",
            "Score": "",
            "Vector": ""
        },
        {
            "Group": "Environmental",
            "Score": "",
            "Vector": ""
        }
    ],
    "References": [
        "[http://docs.info.apple.com/article.html?artnum=304063](http://docs.info.apple.com/article.html?artnum=304063)",
        "[http://secunia.com/advisories/21253/](http://secunia.com/advisories/21253/)"
    ],
    "Acknowledgements": "Thanks to Apple Product Security for reporting this vulnerability.This document was written by Chad R Dougherty.",
    "Other Information": {
        "CVE IDs:": "CVE-2006-3501",
        "Severity Metric:": "7.43",
        "Date Public:": "2006-08-01",
        "Date First Published:": "2006-08-02",
        "Date Last Updated:": "2006-08-14 13:15 UTC",
        "Document Revision:": "16"
    }
}