{
    "Title": "VU#172489 - RealNetworks products fail to properly handle chunked data",
    "Overview": "Numerous RealNetworks products do not properly handle chunked data. This vulnerability may allow a remote attacker to execute arbitrary code on a vulnerable system.",
    "Description": "RealNetworks RealPlayerRealNetworks [RealPlayer](http://www.real.com/) is a multimedia application that allows users to view local and remote audio/video content. Chunked EncodingChunked encoding is a means to transfer variable-sized units of data (called chunks) from a web client to a web server. The ProblemNumerous RealNetworks products fail to properly handle file chunks allowing a buffer overflow to occur. By persuading a user to access a RealPlayer file hosted on a malicious server, a remote attacker may be able to execute arbitrary code.ConsiderationsA complete list of affected software is available in the [RealNetwork Security Update](http://service.real.com/realplayer/security/03162006_player/en/) for March 2006.",
    "Impact": "By convincing a user to open RealPlayer file hosted on a malicious server, a remote unauthenticated attacker can execute arbitrary code.",
    "Solution": "Patch RealPlayerApply the patches supplied in the [RealNetwork Security Update](http://service.real.com/realplayer/security/03162006_player/en/) for March 2006.Disable RealPlayer in your web browserAn attacker may be able to exploit this vulnerability by persuading a user to access a RealPlayer file with a web browser. Disabling RealPlayer in the web browser will eliminate this attack vector thereby reducing the chances of exploitation. To disable RealPlayer in Microsoft Internet Explorer, disable the RealPlayer ActiveX control. In other web browsers, such as Mozilla Firefox, disable the RealPlayer plugin.",
    "Vendor Information": [
        {
            "Name": "RealNetworks, Inc."
        }
    ],
    "CVSS Metrics": [
        {
            "Group": "Base",
            "Score": "",
            "Vector": ""
        },
        {
            "Group": "Temporal",
            "Score": "",
            "Vector": ""
        },
        {
            "Group": "Environmental",
            "Score": "",
            "Vector": ""
        }
    ],
    "References": [
        "[http://www.idefense.com/intelligence/vulnerabilities/display.php?id=404](http://www.idefense.com/intelligence/vulnerabilities/display.php?id=404)",
        "[http://securitytracker.com/id?1015808 ](http://securitytracker.com/id?1015808 )",
        "[http://www.service.real.com/realplayer/security/03162006_player/en/ ](http://www.service.real.com/realplayer/security/03162006_player/en/ )",
        "[http://secunia.com/advisories/19358/](http://secunia.com/advisories/19358/)",
        "[http://secunia.com/advisories/19365/](http://secunia.com/advisories/19365/)"
    ],
    "Acknowledgements": "This vulnerability was reported by iDEFENSE Labs.This document was written by Jeff Gennari.",
    "Other Information": {
        "CVE IDs:": "CVE-2005-2922",
        "Severity Metric:": "20.20",
        "Date Public:": "2006-03-23",
        "Date First Published:": "2006-04-05",
        "Date Last Updated:": "2006-05-17 12:45 UTC",
        "Document Revision:": "33"
    }
}