{
    "Title": "VU#173009 - Snare Agent web interface cross-site request forgery vulnerabilities",
    "Overview": "The Snare Agent web interface is susceptible to cross-site request forgery attacks.",
    "Description": "The web interface allows the administrator to manage several agent settings, including changing the listening port and password.  These HTTP requests do not perform proper validity checks and are susceptible to a cross-site request forgery attack.The vulnerability is reported in the following products and versions:Snare for Solaris 3.2.3 and priorSnare for Windows 3.1.7 and priorSnare for Linux 1.5.0 and priorSnare for AIX 1.5.0 and priorSnare for Irix 1.4 and priorEpilog for Windows 1.5.3 and priorEpilog for Unix version 1.2 and prior",
    "Impact": "An attacker can change several agent settings, such as the password or listening port, if able to trick an administrator into visiting a specially crafted link.",
    "Solution": "The vendor has released patched versions of the agent to remediate this issue.",
    "Vendor Information": [
        {
            "Name": "InterSect Alliance"
        }
    ],
    "CVSS Metrics": [
        {
            "Group": "Base",
            "Score": "",
            "Vector": ""
        },
        {
            "Group": "Temporal",
            "Score": "",
            "Vector": ""
        },
        {
            "Group": "Environmental",
            "Score": "",
            "Vector": ""
        }
    ],
    "References": [
        "[http://holisticinfosec.org/content/view/144/45/](http://holisticinfosec.org/content/view/144/45/)",
        "[http://secunia.com/advisories/39562](http://secunia.com/advisories/39562)",
        "[http://www.intersectalliance.com/projects/index.html](http://www.intersectalliance.com/projects/index.html)"
    ],
    "Acknowledgements": "Thanks to Russ McRee for reporting this vulnerability.This document was written by Jared Allar.",
    "Other Information": {
        "CVE IDs:": "None",
        "Date Public:": "2010-06-29",
        "Date First Published:": "2010-06-29",
        "Date Last Updated:": "2010-07-01 18:56 UTC",
        "Document Revision:": "16"
    }
}