{
    "Title": "VU#173977 - HP Tru64 UNIX \"ps\" contains buffer overflow (SSRT2256)",
    "Overview": "The [HP Tru64 UNIX](http://www.tru64unix.compaq.com/) implementation of \"ps\" contains a locally exploitable buffer overflow.",
    "Description": "\"[ps](http://www.tru64unix.compaq.com/docs/base_doc/DOCUMENTATION/V40G_HTML/MAN/MAN1/0287____.HTM)[](http://www.tru64unix.compaq.com/docs/base_doc/DOCUMENTATION/V40G_HTML/MAN/MAN8/0256____.HTM)[](http://www.tru64unix.compaq.com/docs/base_doc/DOCUMENTATION/V40G_HTML/MAN/MAN1/0017____.HTM)[](http://www.tru64unix.compaq.com/docs/base_doc/DOCUMENTATION/V40G_HTML/MAN/MAN1/0173____.HTM)[](http://www.tru64unix.compaq.com/docs/base_doc/DOCUMENTATION/V50_HTML/MAN/MAN1/0090____.HTM)[](http://www.tru64unix.compaq.com/docs/base_doc/DOCUMENTATION/V40G_HTML/MAN/MAN8/0173____.HTM)[](http://www.tru64unix.compaq.com/docs/base_doc/DOCUMENTATION/V40G_HTML/MAN/MAN1/0199____.HTM)\" [](http://www.tru64unix.compaq.com/docs/base_doc/DOCUMENTATION/V40G_HTML/MAN/MAN1/0198____.HTM)[](http://www.tru64unix.compaq.com/docs/base_doc/DOCUMENTATION/V40G_HTML/MAN/MAN1/0200____.HTM)[](http://www.tru64unix.compaq.com/docs/base_doc/DOCUMENTATION/V40G_HTML/MAN/MAN8/0172____.HTM)is used to display information about running processes. A locally exploitable buffer overflow in \"ps\" may permit a local attacker to gain elevated privileges and execute arbitrary code on a vulnerable host.",
    "Impact": "A local user may be able to gain elevated privileges and execute arbitrary code.",
    "Solution": "Apply a patch.",
    "Vendor Information": [
        {
            "Name": "Hewlett-Packard Company"
        }
    ],
    "CVSS Metrics": [
        {
            "Group": "Base",
            "Score": "",
            "Vector": ""
        },
        {
            "Group": "Temporal",
            "Score": "",
            "Vector": ""
        },
        {
            "Group": "Environmental",
            "Score": "",
            "Vector": ""
        }
    ],
    "References": [
        "[http://wwss1pro.compaq.com/support/reference_library/viewdocument.asp?source=SRB0039W.xml&dt=11](http://wwss1pro.compaq.com/support/reference_library/viewdocument.asp?source=SRB0039W.xml&dt=11)"
    ],
    "Acknowledgements": "This document was written by Ian A Finlay.",
    "Other Information": {
        "CVE IDs:": "None",
        "Severity Metric:": "5.63",
        "Date Public:": "2002-08-30",
        "Date First Published:": "2002-09-10",
        "Date Last Updated:": "2002-09-10 17:15 UTC",
        "Document Revision:": "7"
    }
}