{
    "Title": "VU#174059 - GRUB2 bootloader is vulnerable to buffer overflow",
    "Overview": "The GRUB2 boot loader is vulnerable to buffer overflow, which results in arbitrary code execution during the boot process, even when Secure Boot is enabled.",
    "Description": "[GRUB2](https://www.gnu.org/software/grub/) is a multiboot boot loader that replaced GRUB Legacy in [2012](https://www.archlinux.org/news/grub-legacy-no-longer-supported/). A boot loader is the first  program that runs upon boot and loads the operating system. Many vendors also use a shim, a signed software package that contains the vendor\u00e2\u0080\u0099s certificate and code that verifies and runs the boot loader. This means that firmware Certificate Authority providers can just sign the shim as opposed to all of the other supported programs.",
    "Impact": "An authenticated, local attacker could modify the contents of the GRUB2 configuration file to execute arbitrary code that bypasses signature verification. This could allow the attacker to gain persistence on the device, even with Secure Boot enabled. Because the attacker's code runs before the operating system, the attacker could control how the operating system is loaded, directly patch the operating system, or even direct the bootloader to alternate OS images. All versions of GRUB2 that load commands from an external grub.cfg configuration file are vulnerable.",
    "Solution": "Apply an update if operationally feasible",
    "Vendor Information": [
        {
            "Name": "CentOS"
        }
    ],
    "CVSS Metrics": null,
    "References": [
        "[https://eclypsium.com/2020/07/29/theres-a-hole-in-the-boot/](https://eclypsium.com/2020/07/29/theres-a-hole-in-the-boot/)",
        "[https://www.gnu.org/software/grub/](https://www.gnu.org/software/grub/)",
        "[https://www.debian.org/security/2020-GRUB-UEFI-SecureBoot/](https://www.debian.org/security/2020-GRUB-UEFI-SecureBoot/)",
        "[https://www.archlinux.org/news/grub-legacy-no-longer-supported/](https://www.archlinux.org/news/grub-legacy-no-longer-supported/)",
        "[https://wiki.debian.org/SecureBoot](https://wiki.debian.org/SecureBoot)",
        "[https://uefi.org/](https://uefi.org/)"
    ],
    "Acknowledgements": "Thanks to Mickey Shkatov and Jesse Michael from Eclypsium for reporting this vulnerability.",
    "Other Information": {
        "CVE IDs:": "CVE-2020-10713",
        "Date Public:": "2020-07-29",
        "Date First Published:": "2020-07-29",
        "Date Last Updated:": "2020-08-13 17:52 UTC",
        "Document Revision:": "6"
    }
}