{
    "Title": "VU#174086 - tcpdump contains vulnerability in ISAKMP decoding function rawprint() in print-isakmp.c",
    "Overview": "[tcpdump](http://www.tcpdump.org) contains a vulnerability in the way it parses Internet Security Association and Key Management Protocol ([ISAKMP](Internet%20Security%20Association%20and%20Key%20Management%20Protocol%20(ISAKMP)%20packets.)) packets.",
    "Description": "tcpdump is a widely-used network sniffer that is capable of decoding [ISAKMP](Internet%20Security%20Association%20and%20Key%20Management%20Protocol%20(ISAKMP)%20packets.) packets.  A vulnerability exists in the way the tcpdump rawprint() function (in print-isakmp.c) parses certain malformed ISAKMP packets containing an invalid \"len\" or \"loc\" value.  For more information, please see [RHSA-2004-007](http://rhn.redhat.com/errata/RHSA-2004-007.html).",
    "Impact": "A remote attacker could cause a denial of service or possibly execute arbitrary code with privileges of the tcpdump process.",
    "Solution": "Upgrade or Apply PatchUpgrade or apply a patch as specified by your vendor.",
    "Vendor Information": [
        {
            "Name": "Debian",
            "Status": "Affected",
            "Vendor Statement": "We have not received a statement from the vendor.",
            "Vendor Information": "The vendor has not provided us with any further information regarding this vulnerability.",
            "Addendum": "Please see [DSA-425-1](http://www.debian.org/security/2004/dsa-425http://www.debian.org/security/2004/dsa-425).If you have feedback, comments, or additional information about this vulnerability, please send us [email](mailto:cert@cert.org?Subject=VU%23174086 Feedback)."
        },
        {
            "Name": "Guardian Digital Inc."
        }
    ],
    "CVSS Metrics": [
        {
            "Group": "Base",
            "Score": "",
            "Vector": ""
        },
        {
            "Group": "Temporal",
            "Score": "",
            "Vector": ""
        },
        {
            "Group": "Environmental",
            "Score": "",
            "Vector": ""
        }
    ],
    "References": [
        "[http://marc.theaimsgroup.com/?l=tcpdump-workers&m=107325073018070&w=2 ](http://marc.theaimsgroup.com/?l=tcpdump-workers&m=107325073018070&w=2 )",
        "[http://www.redhat.com/support/errata/RHSA-2004-007.html ](http://www.redhat.com/support/errata/RHSA-2004-007.html )",
        "[http://www.secunia.com/advisories/10636/](http://www.secunia.com/advisories/10636/)",
        "[http://www.ietf.org/rfc/rfc2408.txt](http://www.ietf.org/rfc/rfc2408.txt)",
        "[http://www.tcpdump.org/](http://www.tcpdump.org/)",
        "[http://xforce.iss.net/xforce/xfdb/14837](http://xforce.iss.net/xforce/xfdb/14837)",
        "[http://www.securityfocus.com/bid/9423](http://www.securityfocus.com/bid/9423)"
    ],
    "Acknowledgements": "This vulnerability was originally reported by Red Hat, Inc.  Red Hat, in turn, credits Jonathan Heusser for discovering this vulnerability.This document was written by Damon Morda.",
    "Other Information": {
        "CVE IDs:": "CVE-2004-0057",
        "Severity Metric:": "2.95",
        "Date Public:": "2004-01-14",
        "Date First Published:": "2004-01-16",
        "Date Last Updated:": "2004-01-22 17:43 UTC",
        "Document Revision:": "11"
    }
}