{
    "Title": "VU#174119 - Solarwinds Network Performance Monitor 10.2.2 contains multiple vulnerabilities",
    "Overview": "Solarwinds Network Performance Monitor 10.2.2 and possibly earlier versions contain a cross-site scripting (XSS), and cross-site request forgery (CSRF) vulnerability.",
    "Description": "Solarwinds Network Performance Monitor 10.2.2 can be attacked by modifying the snmpd.conf file with malicious JavaScript (XSS) ([CWE-79](http://cwe.mitre.org/data/definitions/79.html)) (CVE-2012-2577).  The malicious JavaScript is stored in the application and then may be leveraged to mount an CSRF ([CWE-352](http://cwe.mitre.org/data/definitions/352.html)) (CVE-2012-2602) attack against a logged on administrator.",
    "Impact": "A remote unauthenticated attacker may obtain sensitive information, cause a denial of service condition or execute arbitrary code with the privileges of the application.",
    "Solution": "Apply an UpdateSolarwinds has released [Network Performance Monitor 10.3.1](http://www.solarwinds.com/documentation/Orion/docs/ReleaseNotes/releaseNotes.htm) to address these vulnerabilities.  Customers may obtain the update from the [Solarwinds Customer Portal.](http://www.solarwinds.com/customerportal/)Restrict accessAs a general good security practice, only allow connections from trusted hosts and networks. Note that restricting access does not prevent XSS or CSRF attacks since the attack comes as an HTTP request from a legitimate user's host. Restricting access would prevent an attacker from accessing a web interface using stolen credentials from a blocked network location.",
    "Vendor Information": [
        {
            "Name": "SOLARWINDS",
            "Status": "Affected",
            "Vendor Statement": "We have not received a statement from the vendor.",
            "Vendor Information": "We are not aware of further vendor information regarding this vulnerability."
        }
    ],
    "CVSS Metrics": [
        {
            "Group": "Base",
            "Score": "6.8",
            "Vector": "AV:N/AC:M/Au:N/C:P/I:P/A:P"
        },
        {
            "Group": "Temporal",
            "Score": "5.3",
            "Vector": "E:POC/RL:OF/RC:C"
        },
        {
            "Group": "Environmental",
            "Score": "1.3",
            "Vector": "CDP:ND/TD:L/CR:ND/IR:ND/AR:ND"
        }
    ],
    "References": [
        "[http://www.solarwinds.com/documentation/Orion/docs/ReleaseNotes/releaseNotes.htm](http://www.solarwinds.com/documentation/Orion/docs/ReleaseNotes/releaseNotes.htm)"
    ],
    "Acknowledgements": "Thanks to Offensive Security for reporting these vulnerabilities.This document was written by Jared Allar.",
    "Other Information": {
        "CVE IDs:": "CVE-2012-2602,CVE-2012-2577",
        "Date Public:": "2012-07-20",
        "Date First Published:": "2012-08-03",
        "Date Last Updated:": "2014-08-15 02:45 UTC",
        "Document Revision:": "17"
    }
}