{
    "Title": "VU#174248 - Cisco Content Services Switch (CSS) permits non-privileged user to enter debug mode",
    "Overview": "A vulnerability in Cisco Content Services Switches (Arrowpoint)  allows a valid user to gain administrative access.",
    "Description": "Cisco CSS switches run Cisco WebNS software. A user with a valid account on a CSS device can gain unauthorized administrative access to the device. See the Cisco advisory available at [http://www.cisco.com/warp/public/707/arrowpoint-useraccnt-debug-pub.shtml](http://www.cisco.com/warp/public/707/arrowpoint-useraccnt-debug-pub.shtml) for more information.",
    "Impact": "Local users can gain administrative access to the switch.",
    "Solution": "Update to version 4.01B19s of Cisco WebNS software.",
    "Vendor Information": [
        {
            "Name": "Cisco"
        }
    ],
    "CVSS Metrics": [
        {
            "Group": "Base",
            "Score": "",
            "Vector": ""
        },
        {
            "Group": "Temporal",
            "Score": "",
            "Vector": ""
        },
        {
            "Group": "Environmental",
            "Score": "",
            "Vector": ""
        }
    ],
    "References": [
        "[http://www.cisco.com/warp/public/707/arrowpoint-useraccnt-debug-pub.shtml](http://www.cisco.com/warp/public/707/arrowpoint-useraccnt-debug-pub.shtml)",
        "[http://www.securityfocus.com/bid/2559](http://www.securityfocus.com/bid/2559)",
        "[http://www.ciac.org/ciac/bulletins/l-069.shtml](http://www.ciac.org/ciac/bulletins/l-069.shtml)",
        "[http://www.uniras.gov.uk/l1/l2/l3/brief2001/UNIRAS%20Briefing%20-%204601-%20Cisco%20Content%20Services%20Switch%20User%20Account%20Vulnerability.txt](http://www.uniras.gov.uk/l1/l2/l3/brief2001/UNIRAS%20Briefing%20-%204601-%20Cisco%20Content%20Services%20Switch%20User%20Account%20Vulnerability.txt)"
    ],
    "Acknowledgements": "Our thanks to Cisco for the information provided in their advisory. This document was written by Shawn V. Hernan.",
    "Other Information": {
        "CVE IDs:": "CVE-2001-0414",
        "Severity Metric:": "13.50",
        "Date Public:": "2001-04-04",
        "Date First Published:": "2001-04-28",
        "Date Last Updated:": "2001-04-28 04:07 UTC",
        "Document Revision:": "8"
    }
}