{
    "Title": "VU#175068 - PivotX password reset vulnerability",
    "Overview": "The PivotX web content management system 2.2.3 and earlier is affected by a password reset vulnerability.",
    "Description": "PivotX contains a vulnerability that allows an attacker to change the password of any account just by guessing the username.  Version 2.2.4 has been reported to not be affected. This vulnerability is being exploited in the wild and users should immediately upgrade to 2.2.5 or later.  Mitigation steps for users that have been compromised have been posted to the [PivotX Support Community](http://forum.pivotx.net/viewtopic.php?f=2&t=1967).",
    "Impact": "An attacker can gain admin access to the PivotX content management system with a specially crafted URL.  Admin access allows the possibility to upload files to the server as well.",
    "Solution": "Apply an UpdateUpgrade to version 2.2.5 or later.",
    "Vendor Information": [
        {
            "Name": "PivotX"
        }
    ],
    "CVSS Metrics": [
        {
            "Group": "Base",
            "Score": "",
            "Vector": ""
        },
        {
            "Group": "Temporal",
            "Score": "",
            "Vector": ""
        },
        {
            "Group": "Environmental",
            "Score": "",
            "Vector": ""
        }
    ],
    "References": [
        "[http://forum.pivotx.net/viewtopic.php?p=10639#p10639](http://forum.pivotx.net/viewtopic.php?p=10639#p10639)",
        "[http://blog.pivotx.net/archive/2011/02/16/pivotx-225-released](http://blog.pivotx.net/archive/2011/02/16/pivotx-225-released)",
        "[http://forum.pivotx.net/viewtopic.php?f=2&t=1967](http://forum.pivotx.net/viewtopic.php?f=2&t=1967)"
    ],
    "Acknowledgements": "Thanks to \"Hans F. Nordhaug\" for reporting this vulnerability.This document was written by Jared Allar.",
    "Other Information": {
        "CVE IDs:": "CVE-2011-1035",
        "Severity Metric:": "49.95",
        "Date Public:": "2011-02-18",
        "Date First Published:": "2011-02-18",
        "Date Last Updated:": "2011-02-18 23:24 UTC",
        "Document Revision:": "11"
    }
}