{
    "Title": "VU#175500 - Snort Back Orifice preprocessor buffer overflow",
    "Overview": "A buffer overflow exists in the Snort Back Orifice preprocessor that may allow a remote, unauthenticated attacker to execute arbitrary code, possibly with elevated privileges.",
    "Description": "[Snort](http://www.snort.org/) is an open-source intrusion detection system (IDS). A lack of validation on attacker-controlled data may allow a buffer overflow to occur in the in Snort Back Orifice preprocessor. A remote, unauthenticated attacker may be able to trigger the buffer overflow by sending a specially crafted Back Orifice ping to a vulnerable Snort installation. To exploit this vulnerability, an attacker does not need to send packets directly to the Snort sensor. It is sufficient to send packets to any of the hosts on the network monitored by Snort.",
    "Impact": "A remote attacker can execute arbitrary code with the privileges of the Snort process, typically root or SYSTEM.",
    "Solution": "UpdateThis issue has been addressed in Snort version [2.4.3](http://www.snort.org/dl/).Disable Snort Back Orifice preprocessorDisabling the Snort Back Orifice preprocessor will mitigate this vulnerability. However, without the Snort preprocessor, the Snort sensor will not detect or prevent Back Orifice traffic. Snort suggests the following steps to disable the Back Orifice preprocessor:The Back Orifice preprocessor can be disabled by commenting out the line \"preprocessor bo\" in snort.conf. This can be done in any text editor using the following procedure:1. Locate the line \"preprocessor bo\"2. Comment out this line by preceding it with a hash (#). The new line will look like \"#preprocessor bo\"3. Save the file4. Restart snort",
    "Vendor Information": [
        {
            "Name": "FreeBSD, Inc.",
            "Status": "Affected",
            "Vendor Statement": "snort is available in the FreeBSD Ports Collection.  Please see [http://vuxml.freebsd.org/97d45e95-3ffc-11da-a263-0001020eed82.html](http://vuxml.freebsd.org/97d45e95-3ffc-11da-a263-0001020eed82.html) for details regarding this vulnerability.",
            "Vendor Information": "The vendor has not provided us with any further information regarding this vulnerability."
        },
        {
            "Name": "Nortel Networks, Inc.",
            "Status": "Affected",
            "Vendor Statement": "We have not received a statement from the vendor.",
            "Vendor Information": "The vendor has not provided us with any further information regarding this vulnerability.",
            "Addendum": "Please see Nortel Security Advisory Bulletin 2005006335, available from [http://nortel.com/securityadvisories](http://nortel.com/securityadvisories).If you have feedback, comments, or additional information about this vulnerability, please send us [email](mailto:cert@cert.org?Subject=VU%23175500 Feedback)."
        },
        {
            "Name": "SUSE Linux",
            "Status": "Affected",
            "Vendor Statement": "We are currently fixing this issue and will release updates very soon.As soon as the new packages are available our customers can install the fixed version of snort by using YOU Online-Update.",
            "Vendor Information": "The vendor has not provided us with any further information regarding this vulnerability."
        },
        {
            "Name": "Snort",
            "Status": "Affected",
            "Vendor Statement": "No statement is currently available from the vendor regarding this vulnerability.",
            "Vendor Information": "The vendor has not provided us with any further information regarding this vulnerability.",
            "Addendum": "Please see [http://www.snort.org/pub-bin/snortnews.cgi#99](http://www.snort.org/pub-bin/snortnews.cgi#99)In addition, the following is from the Snort version 2.4.3 Release notes: 2005-10-17 - Snort 2.4.3 Released[*] Improvements \u00a0 \u00a0* Fixed possible buffer overflow in \u00a0back orifice preprocessor. \u00a0 \u00a0* Added snort.conf options to bo preprocessor for finer control of  \u00a0 \u00a0 \u00a0alerting and dropping of bo traffic. \u00a0 \u00a0* Added alert to detect the bo buffer overflow attack against snort.If you have feedback, comments, or additional information about this vulnerability, please send us [email](mailto:cert@cert.org?Subject=VU%23175500 Feedback)."
        },
        {
            "Name": "Sourcefire",
            "Status": "Affected",
            "Vendor Statement": "We have not received a statement from the vendor.",
            "Vendor Information": "The vendor has not provided us with any further information regarding this vulnerability.",
            "Addendum": "Sourcefire Intrusion Sensors v4.0.2 and higher are affected by this vulnerability.  We do not know what versions or patches address this vulnerability.  Please contact Sourcefire [customer support](http://www.sourcefire.com/services/support.html).If you have feedback, comments, or additional information about this vulnerability, please send us [email](mailto:cert@cert.org?Subject=VU%23175500 Feedback)."
        },
        {
            "Name": "Ubuntu",
            "Status": "Affected",
            "Vendor Statement": "Snort is not officially supported in Ubuntu, the package resides in the \"universe\" section of the archive.  The next Ubuntu release will contain a fixed version.  We will gladly accept community efforts to fix it for the currently released Ubuntu versions, though.",
            "Vendor Information": "The vendor has not provided us with any further information regarding this vulnerability."
        },
        {
            "Name": "Apple Computer, Inc.",
            "Status": "Not Affected",
            "Vendor Statement": "Mac OS X and Mac OS X Server do not contain software affected by the issue described in this vulnerability note.",
            "Vendor Information": "The vendor has not provided us with any further information regarding this vulnerability."
        },
        {
            "Name": "Avaya, Inc.",
            "Status": "Not Affected",
            "Vendor Statement": "Avaya Systems products do not ship with snort BackOrafice installed, and are therefore not vulnerable to this issue.",
            "Vendor Information": "The vendor has not provided us with any further information regarding this vulnerability."
        },
        {
            "Name": "Debian Linux",
            "Status": "Not Affected",
            "Vendor Statement": "The vulnerable code in snort is not present in the versions shipped with Debian stable (3.1, alias sarge) and Debian oldstable (3.0, alias woody).",
            "Vendor Information": "The vendor has not provided us with any further information regarding this vulnerability."
        },
        {
            "Name": "F5 Networks, Inc.",
            "Status": "Not Affected",
            "Vendor Statement": "F5 products do not include Snort components and are not vulnerable to this issue.",
            "Vendor Information": "The vendor has not provided us with any further information regarding this vulnerability."
        },
        {
            "Name": "Global Technology Associates",
            "Status": "Not Affected",
            "Vendor Statement": "This vulnerability VU#175500 does not affect any GTA Firewall products.",
            "Vendor Information": "The vendor has not provided us with any further information regarding this vulnerability."
        },
        {
            "Name": "Hitachi",
            "Status": "Not Affected",
            "Vendor Statement": "Hitachi does not have any SNORT products.",
            "Vendor Information": "The vendor has not provided us with any further information regarding this vulnerability."
        },
        {
            "Name": "Internet Security Systems, Inc.",
            "Status": "Not Affected",
            "Vendor Statement": "We have not received a statement from the vendor.",
            "Vendor Information": "The vendor has not provided us with any further information regarding this vulnerability."
        },
        {
            "Name": "Intoto",
            "Status": "Not Affected",
            "Vendor Statement": "Intoto's iGateway network security platform does not use Snort, so it is not vulnerable to the potential buffer overflow exploit described in this vulnerability note.",
            "Vendor Information": "The vendor has not provided us with any further information regarding this vulnerability."
        },
        {
            "Name": "Juniper Networks, Inc.",
            "Status": "Not Affected",
            "Vendor Statement": "Juniper Networks products are not susceptible to this vulnerability.",
            "Vendor Information": "The vendor has not provided us with any further information regarding this vulnerability."
        },
        {
            "Name": "NextHop Technologies, Inc.",
            "Status": "Not Affected",
            "Vendor Statement": "NextHop Technologies does not make use of the Snort Back Orifice preprocessor in any of our products; as a result no NextHop products are susceptible to this vulnerability.",
            "Vendor Information": "The vendor has not provided us with any further information regarding this vulnerability."
        },
        {
            "Name": "Openwall GNU/*/Linux",
            "Status": "Not Affected",
            "Vendor Statement": "Openwall GNU/*/Linux is not vulnerable.  We do not package Snort.",
            "Vendor Information": "The vendor has not provided us with any further information regarding this vulnerability."
        },
        {
            "Name": "Red Hat, Inc.",
            "Status": "Not Affected",
            "Vendor Statement": "The snort application is not shipped as part of any Red Hat Enterprise Linux distribution.",
            "Vendor Information": "The vendor has not provided us with any further information regarding this vulnerability."
        },
        {
            "Name": "Secure Computing Network Security Division",
            "Status": "Not Affected",
            "Vendor Statement": "Snort is not part of any Secure Computing products, so this should have no effect on us.",
            "Vendor Information": "The vendor has not provided us with any further information regarding this vulnerability."
        },
        {
            "Name": "Stonesoft",
            "Status": "Not Affected",
            "Vendor Statement": "Stonesoft's StoneGate IPS, Intrusion Detection and Analysis for Active Response, uses its own intrusion detection engine and does not rely on Snort code.  Therefore the vulnerability in Snort's Back Orifice preprocessor does not affect Stonesoft products in any way.",
            "Vendor Information": "The vendor has not provided us with any further information regarding this vulnerability."
        },
        {
            "Name": "Sun Microsystems, Inc.",
            "Status": "Not Affected",
            "Vendor Statement": "Sun distributes snort-2.0.0 with Solaris Companion CD or Solaris Operating System Freeware site:  [http://www.sun.com/software/solaris/freeware/](http://www.sun.com/software/solaris/freeware/).  snort-2.0.0 is not affected by this vulnerability.Also Sun's Java Desktop System (JDS) for Linux does not contain snort and is not vulnerable.",
            "Vendor Information": "The vendor has not provided us with any further information regarding this vulnerability."
        },
        {
            "Name": "Watchguard Technologies, Inc.",
            "Status": "Not Affected",
            "Vendor Statement": "WatchGuard is not effected by this issue.",
            "Vendor Information": "The vendor has not provided us with any further information regarding this vulnerability."
        },
        {
            "Name": "3com, Inc.",
            "Status": "Unknown",
            "Vendor Statement": "We have not received a statement from the vendor.",
            "Vendor Information": "The vendor has not provided us with any further information regarding this vulnerability."
        },
        {
            "Name": "AT&T",
            "Status": "Unknown",
            "Vendor Statement": "We have not received a statement from the vendor.",
            "Vendor Information": "The vendor has not provided us with any further information regarding this vulnerability."
        },
        {
            "Name": "Alcatel",
            "Status": "Unknown",
            "Vendor Statement": "We have not received a statement from the vendor.",
            "Vendor Information": "The vendor has not provided us with any further information regarding this vulnerability."
        },
        {
            "Name": "Avici Systems, Inc.",
            "Status": "Unknown",
            "Vendor Statement": "We have not received a statement from the vendor.",
            "Vendor Information": "The vendor has not provided us with any further information regarding this vulnerability."
        },
        {
            "Name": "Borderware Technologies",
            "Status": "Unknown",
            "Vendor Statement": "We have not received a statement from the vendor.",
            "Vendor Information": "The vendor has not provided us with any further information regarding this vulnerability."
        },
        {
            "Name": "Bro",
            "Status": "Unknown",
            "Vendor Statement": "We have not received a statement from the vendor.",
            "Vendor Information": "The vendor has not provided us with any further information regarding this vulnerability."
        },
        {
            "Name": "CIAC",
            "Status": "Unknown",
            "Vendor Statement": "We have not received a statement from the vendor.",
            "Vendor Information": "The vendor has not provided us with any further information regarding this vulnerability."
        },
        {
            "Name": "Charlotte's Web Networks",
            "Status": "Unknown",
            "Vendor Statement": "We have not received a statement from the vendor.",
            "Vendor Information": "The vendor has not provided us with any further information regarding this vulnerability."
        },
        {
            "Name": "Check Point Software Technologies",
            "Status": "Unknown",
            "Vendor Statement": "We have not received a statement from the vendor.",
            "Vendor Information": "The vendor has not provided us with any further information regarding this vulnerability.",
            "Addendum": "Check Point is [acquiring](http://www.checkpoint.com/sourcefire/) Sourcefire.If you have feedback, comments, or additional information about this vulnerability, please send us [email](mailto:cert@cert.org?Subject=VU%23175500 Feedback)."
        },
        {
            "Name": "Chiaro Networks, Inc.",
            "Status": "Unknown",
            "Vendor Statement": "We have not received a statement from the vendor.",
            "Vendor Information": "The vendor has not provided us with any further information regarding this vulnerability."
        },
        {
            "Name": "Cisco Systems, Inc.",
            "Status": "Unknown",
            "Vendor Statement": "We have not received a statement from the vendor.",
            "Vendor Information": "The vendor has not provided us with any further information regarding this vulnerability."
        },
        {
            "Name": "Computer Associates",
            "Status": "Unknown",
            "Vendor Statement": "We have not received a statement from the vendor.",
            "Vendor Information": "The vendor has not provided us with any further information regarding this vulnerability."
        },
        {
            "Name": "Computer Associates eTrust Security Management",
            "Status": "Unknown",
            "Vendor Statement": "We have not received a statement from the vendor.",
            "Vendor Information": "The vendor has not provided us with any further information regarding this vulnerability."
        },
        {
            "Name": "Conectiva Inc.",
            "Status": "Unknown",
            "Vendor Statement": "We have not received a statement from the vendor.",
            "Vendor Information": "The vendor has not provided us with any further information regarding this vulnerability."
        },
        {
            "Name": "Cray Inc.",
            "Status": "Unknown",
            "Vendor Statement": "We have not received a statement from the vendor.",
            "Vendor Information": "The vendor has not provided us with any further information regarding this vulnerability."
        },
        {
            "Name": "D-Link Systems, Inc.",
            "Status": "Unknown",
            "Vendor Statement": "We have not received a statement from the vendor.",
            "Vendor Information": "The vendor has not provided us with any further information regarding this vulnerability."
        },
        {
            "Name": "Data Connection, Ltd.",
            "Status": "Unknown",
            "Vendor Statement": "We have not received a statement from the vendor.",
            "Vendor Information": "The vendor has not provided us with any further information regarding this vulnerability."
        },
        {
            "Name": "EMC, Inc. (formerly Data General Corporation)",
            "Status": "Unknown",
            "Vendor Statement": "We have not received a statement from the vendor.",
            "Vendor Information": "The vendor has not provided us with any further information regarding this vulnerability."
        },
        {
            "Name": "Engarde Secure Linux",
            "Status": "Unknown",
            "Vendor Statement": "We have not received a statement from the vendor.",
            "Vendor Information": "The vendor has not provided us with any further information regarding this vulnerability."
        },
        {
            "Name": "Enterasys Networks",
            "Status": "Unknown",
            "Vendor Statement": "We have not received a statement from the vendor.",
            "Vendor Information": "The vendor has not provided us with any further information regarding this vulnerability."
        },
        {
            "Name": "Ericsson",
            "Status": "Unknown",
            "Vendor Statement": "We have not received a statement from the vendor.",
            "Vendor Information": "The vendor has not provided us with any further information regarding this vulnerability."
        },
        {
            "Name": "Extreme Networks",
            "Status": "Unknown",
            "Vendor Statement": "We have not received a statement from the vendor.",
            "Vendor Information": "The vendor has not provided us with any further information regarding this vulnerability."
        },
        {
            "Name": "Fedora Project",
            "Status": "Unknown",
            "Vendor Statement": "We have not received a statement from the vendor.",
            "Vendor Information": "The vendor has not provided us with any further information regarding this vulnerability."
        },
        {
            "Name": "Force10 Networks, Inc.",
            "Status": "Unknown",
            "Vendor Statement": "We have not received a statement from the vendor.",
            "Vendor Information": "The vendor has not provided us with any further information regarding this vulnerability."
        },
        {
            "Name": "Fortinet, Inc.",
            "Status": "Unknown",
            "Vendor Statement": "We have not received a statement from the vendor.",
            "Vendor Information": "The vendor has not provided us with any further information regarding this vulnerability."
        },
        {
            "Name": "Foundry Networks, Inc.",
            "Status": "Unknown",
            "Vendor Statement": "We have not received a statement from the vendor.",
            "Vendor Information": "The vendor has not provided us with any further information regarding this vulnerability."
        },
        {
            "Name": "Fujitsu",
            "Status": "Unknown",
            "Vendor Statement": "We have not received a statement from the vendor.",
            "Vendor Information": "The vendor has not provided us with any further information regarding this vulnerability."
        },
        {
            "Name": "GNU netfilter",
            "Status": "Unknown",
            "Vendor Statement": "We have not received a statement from the vendor.",
            "Vendor Information": "The vendor has not provided us with any further information regarding this vulnerability."
        },
        {
            "Name": "Gentoo Linux",
            "Status": "Unknown",
            "Vendor Statement": "We have not received a statement from the vendor.",
            "Vendor Information": "The vendor has not provided us with any further information regarding this vulnerability."
        },
        {
            "Name": "Hewlett-Packard Company",
            "Status": "Unknown",
            "Vendor Statement": "We have not received a statement from the vendor.",
            "Vendor Information": "The vendor has not provided us with any further information regarding this vulnerability."
        },
        {
            "Name": "Hyperchip",
            "Status": "Unknown",
            "Vendor Statement": "We have not received a statement from the vendor.",
            "Vendor Information": "The vendor has not provided us with any further information regarding this vulnerability."
        },
        {
            "Name": "IBM Corporation",
            "Status": "Unknown",
            "Vendor Statement": "We have not received a statement from the vendor.",
            "Vendor Information": "The vendor has not provided us with any further information regarding this vulnerability."
        },
        {
            "Name": "IP Filter",
            "Status": "Unknown",
            "Vendor Statement": "We have not received a statement from the vendor.",
            "Vendor Information": "The vendor has not provided us with any further information regarding this vulnerability."
        },
        {
            "Name": "Immunix Communications, Inc.",
            "Status": "Unknown",
            "Vendor Statement": "We have not received a statement from the vendor.",
            "Vendor Information": "The vendor has not provided us with any further information regarding this vulnerability."
        },
        {
            "Name": "Ingrian Networks, Inc.",
            "Status": "Unknown",
            "Vendor Statement": "We have not received a statement from the vendor.",
            "Vendor Information": "The vendor has not provided us with any further information regarding this vulnerability."
        },
        {
            "Name": "Intel Corporation",
            "Status": "Unknown",
            "Vendor Statement": "We have not received a statement from the vendor.",
            "Vendor Information": "The vendor has not provided us with any further information regarding this vulnerability."
        },
        {
            "Name": "Linksys (A division of Cisco Systems)",
            "Status": "Unknown",
            "Vendor Statement": "We have not received a statement from the vendor.",
            "Vendor Information": "The vendor has not provided us with any further information regarding this vulnerability."
        },
        {
            "Name": "Lucent Technologies",
            "Status": "Unknown",
            "Vendor Statement": "We have not received a statement from the vendor.",
            "Vendor Information": "The vendor has not provided us with any further information regarding this vulnerability."
        },
        {
            "Name": "Luminous Networks",
            "Status": "Unknown",
            "Vendor Statement": "We have not received a statement from the vendor.",
            "Vendor Information": "The vendor has not provided us with any further information regarding this vulnerability."
        },
        {
            "Name": "Mandriva, Inc.",
            "Status": "Unknown",
            "Vendor Statement": "We have not received a statement from the vendor.",
            "Vendor Information": "The vendor has not provided us with any further information regarding this vulnerability."
        },
        {
            "Name": "McAfee",
            "Status": "Unknown",
            "Vendor Statement": "We have not received a statement from the vendor.",
            "Vendor Information": "The vendor has not provided us with any further information regarding this vulnerability."
        },
        {
            "Name": "Microsoft Corporation",
            "Status": "Unknown",
            "Vendor Statement": "We have not received a statement from the vendor.",
            "Vendor Information": "The vendor has not provided us with any further information regarding this vulnerability."
        },
        {
            "Name": "MontaVista Software, Inc.",
            "Status": "Unknown",
            "Vendor Statement": "We have not received a statement from the vendor.",
            "Vendor Information": "The vendor has not provided us with any further information regarding this vulnerability."
        },
        {
            "Name": "Multinet (owned Process Software Corporation)",
            "Status": "Unknown",
            "Vendor Statement": "We have not received a statement from the vendor.",
            "Vendor Information": "The vendor has not provided us with any further information regarding this vulnerability."
        },
        {
            "Name": "Multitech, Inc.",
            "Status": "Unknown",
            "Vendor Statement": "We have not received a statement from the vendor.",
            "Vendor Information": "The vendor has not provided us with any further information regarding this vulnerability."
        },
        {
            "Name": "NEC Corporation",
            "Status": "Unknown",
            "Vendor Statement": "We have not received a statement from the vendor.",
            "Vendor Information": "The vendor has not provided us with any further information regarding this vulnerability."
        },
        {
            "Name": "NetBSD",
            "Status": "Unknown",
            "Vendor Statement": "We have not received a statement from the vendor.",
            "Vendor Information": "The vendor has not provided us with any further information regarding this vulnerability."
        },
        {
            "Name": "Network Appliance, Inc.",
            "Status": "Unknown",
            "Vendor Statement": "We have not received a statement from the vendor.",
            "Vendor Information": "The vendor has not provided us with any further information regarding this vulnerability."
        },
        {
            "Name": "Novell, Inc.",
            "Status": "Unknown",
            "Vendor Statement": "We have not received a statement from the vendor.",
            "Vendor Information": "The vendor has not provided us with any further information regarding this vulnerability."
        },
        {
            "Name": "OpenBSD",
            "Status": "Unknown",
            "Vendor Statement": "We have not received a statement from the vendor.",
            "Vendor Information": "The vendor has not provided us with any further information regarding this vulnerability."
        },
        {
            "Name": "QNX, Software Systems, Inc.",
            "Status": "Unknown",
            "Vendor Statement": "We have not received a statement from the vendor.",
            "Vendor Information": "The vendor has not provided us with any further information regarding this vulnerability."
        },
        {
            "Name": "Redback Networks, Inc.",
            "Status": "Unknown",
            "Vendor Statement": "We have not received a statement from the vendor.",
            "Vendor Information": "The vendor has not provided us with any further information regarding this vulnerability."
        },
        {
            "Name": "Riverstone Networks, Inc.",
            "Status": "Unknown",
            "Vendor Statement": "We have not received a statement from the vendor.",
            "Vendor Information": "The vendor has not provided us with any further information regarding this vulnerability."
        },
        {
            "Name": "Sequent Computer Systems, Inc.",
            "Status": "Unknown",
            "Vendor Statement": "We have not received a statement from the vendor.",
            "Vendor Information": "The vendor has not provided us with any further information regarding this vulnerability."
        },
        {
            "Name": "Silicon Graphics, Inc.",
            "Status": "Unknown",
            "Vendor Statement": "We have not received a statement from the vendor.",
            "Vendor Information": "The vendor has not provided us with any further information regarding this vulnerability."
        },
        {
            "Name": "Slackware Linux Inc.",
            "Status": "Unknown",
            "Vendor Statement": "We have not received a statement from the vendor.",
            "Vendor Information": "The vendor has not provided us with any further information regarding this vulnerability."
        },
        {
            "Name": "Sony Corporation",
            "Status": "Unknown",
            "Vendor Statement": "We have not received a statement from the vendor.",
            "Vendor Information": "The vendor has not provided us with any further information regarding this vulnerability."
        },
        {
            "Name": "Symantec, Inc.",
            "Status": "Unknown",
            "Vendor Statement": "We have not received a statement from the vendor.",
            "Vendor Information": "The vendor has not provided us with any further information regarding this vulnerability."
        },
        {
            "Name": "The SCO Group",
            "Status": "Unknown",
            "Vendor Statement": "We have not received a statement from the vendor.",
            "Vendor Information": "The vendor has not provided us with any further information regarding this vulnerability."
        },
        {
            "Name": "TippingPoint, Technologies, Inc.",
            "Status": "Unknown",
            "Vendor Statement": "We have not received a statement from the vendor.",
            "Vendor Information": "The vendor has not provided us with any further information regarding this vulnerability."
        },
        {
            "Name": "Trustix Secure Linux",
            "Status": "Unknown",
            "Vendor Statement": "We have not received a statement from the vendor.",
            "Vendor Information": "The vendor has not provided us with any further information regarding this vulnerability."
        },
        {
            "Name": "Turbolinux",
            "Status": "Unknown",
            "Vendor Statement": "We have not received a statement from the vendor.",
            "Vendor Information": "The vendor has not provided us with any further information regarding this vulnerability."
        },
        {
            "Name": "Unisys",
            "Status": "Unknown",
            "Vendor Statement": "We have not received a statement from the vendor.",
            "Vendor Information": "The vendor has not provided us with any further information regarding this vulnerability."
        },
        {
            "Name": "Wind River Systems, Inc.",
            "Status": "Unknown",
            "Vendor Statement": "We have not received a statement from the vendor.",
            "Vendor Information": "The vendor has not provided us with any further information regarding this vulnerability."
        },
        {
            "Name": "ZyXEL",
            "Status": "Unknown",
            "Vendor Statement": "We have not received a statement from the vendor.",
            "Vendor Information": "The vendor has not provided us with any further information regarding this vulnerability."
        },
        {
            "Name": "eSoft, Inc.",
            "Status": "Unknown",
            "Vendor Statement": "We have not received a statement from the vendor.",
            "Vendor Information": "The vendor has not provided us with any further information regarding this vulnerability."
        }
    ],
    "CVSS Metrics": [
        {
            "Group": "Base",
            "Score": "0",
            "Vector": "AV:--/AC:--/Au:--/C:--/I:--/A:--"
        },
        {
            "Group": "Temporal",
            "Score": "0",
            "Vector": "E:Not Defined (ND)/RL:Not Defined (ND)/RC:Not Defined (ND)"
        },
        {
            "Group": "Environmental",
            "Score": "0",
            "Vector": "CDP:Not Defined (ND)/TD:Not Defined (ND)/CR:Not Defined (ND)/IR:Not Defined (ND)/AR:Not Defined (ND)"
        }
    ],
    "References": [
        "[http://www.snort.org/pub-bin/snortnews.cgi#99](http://www.snort.org/pub-bin/snortnews.cgi#99)",
        "[http://www.snort.org/docs/change_logs/2.4.3/Changelog.txt](http://www.snort.org/docs/change_logs/2.4.3/Changelog.txt)",
        "[http://www.snort.org/docs/snort_htmanuals/htmanual_2.4/node11.html#SECTION00310000000000000000](http://www.snort.org/docs/snort_htmanuals/htmanual_2.4/node11.html#SECTION00310000000000000000)",
        "[http://xforce.iss.net/xforce/alerts/id/207](http://xforce.iss.net/xforce/alerts/id/207)",
        "[http://secunia.com/advisories/17220/](http://secunia.com/advisories/17220/)"
    ],
    "Acknowledgements": "This vulnerability was researched and reported by Internet Security Systems (ISS). This document was written by Art Manion and Jeff Gennari.",
    "Other Information": {
        "CVE IDs:": "CVE-2005-3252",
        "Severity Metric:": "31.05",
        "Date Public:": "2005-10-18",
        "Date First Published:": "2005-10-18",
        "Date Last Updated:": "2005-11-11 06:14 UTC",
        "Document Revision:": "39"
    }
}