{
    "Title": "VU#176160 - IPswitch WhatsUp Gold contains multiple XSS vulnerabilities and a SQLi",
    "Overview": "IPSwitch's WhatsUp Gold version 16.3, and possibly previous versions, is vulnerable to SQL injection and cross-site scripting attacks.",
    "Description": "[CWE-89](http://cwe.mitre.org/data/definitions/89.html): Improper Neutralization of Special Elements used in an SQL Command ('SQL Injection') - CVE-2015-6004The \"Find Device\" search field does not properly neutralize user input, allowing an unauthenticated (e.g., the guest account) attacker to perform SQL queries and commands by inserting ticks or percent characters.The \"UniqueID\" parameter does not sufficiently sanitize user-provided input, leading to a complete compromise of the database associated with the WhatsUpGold application. This parameter is only accessible post-authentication. For more information, please see Rapid7's advisory [R7-2015-19](https://community.rapid7.com/community/infosec/blog/2015/12/16/multiple-disclosures-for-multiple-network-management-systems).[CWE-80](http://cwe.mitre.org/data/definitions/80.html): Improper Neutralization of Script-Related HTML Tags in a Web Page (Basic XSS) - CVE-2015-6005A stored XSS vulnerability can be triggered by poisoning certain SNMP OID objects and waiting for a WhatsUpGold instance to query the SNMP endpoint. SNMP trap messages may also be used. For more information, please see Rapid7's advisory R7-2015-19.Furthermore, the following user input fields do not properly neutralize user input, allowing an attacker to perform stored XSS attacks:View NamesGroup NamesFlow Monitor Credentials and Threshold NameTask Library Name and DescriptionPolicy Library Name and DescriptionTemplate Library Name and DescriptionSystem Script Library Name and DescriptionCLI Settings Library DescriptionThese fields appear to be only accessible by privileged accounts (e.g., administrator accounts) and therefore are unlikely to be exploited in practice.According to the reporters, WhatsUp Gold version 16.3 is affected by these vulnerabilities. Other versions may also be affected.The CVSS score below is based on CVE-2015-6004.",
    "Impact": "An unauthenticated remote attacker may perform SQL commands on the backend database. An administrator may be able to perform cross-site scripting attacks on other administrators and users.",
    "Solution": "Apply an updateIPSwitch has released WhatsUp Gold version 16.4 to address these issues. Affected users should update as soon as possible.",
    "Vendor Information": [
        {
            "Name": "Ipswitch, Inc",
            "Status": "Affected",
            "Vendor Statement": "We have not received a statement from the vendor.",
            "Vendor Information": "We are not aware of further vendor information regarding this vulnerability."
        }
    ],
    "CVSS Metrics": [
        {
            "Group": "Base",
            "Score": "7.5",
            "Vector": "AV:N/AC:L/Au:N/C:P/I:P/A:P"
        },
        {
            "Group": "Temporal",
            "Score": "5.9",
            "Vector": "E:POC/RL:OF/RC:C"
        },
        {
            "Group": "Environmental",
            "Score": "4.4",
            "Vector": "CDP:N/TD:M/CR:ND/IR:ND/AR:ND"
        }
    ],
    "References": [
        "[https://community.rapid7.com/community/infosec/blog/2015/12/16/multiple-disclosures-for-multiple-network-management-systems](https://community.rapid7.com/community/infosec/blog/2015/12/16/multiple-disclosures-for-multiple-network-management-systems)"
    ],
    "Acknowledgements": "Thanks to an anonymous researcher working with Beyond Security's SSD program, Owen Shearing of 7Safe Ltd., and Rapid7 for independently reporting SQL injection issues to us. Thanks to the anonymous researcher and Rapid7 for also reporting cross-site scripting vulnerabilities.This document was written by Garret Wassermann.",
    "Other Information": {
        "CVE IDs:": "CVE-2015-6004,CVE-2015-6005",
        "Date Public:": "2015-12-16",
        "Date First Published:": "2015-12-16",
        "Date Last Updated:": "2015-12-27 21:23 UTC",
        "Document Revision:": "71"
    }
}