{
    "Title": "VU#176301 - Auto-Maskin DCU 210E RP 210E and Marine Pro Observer App",
    "Overview": "Auto-Maskin RP remote panels and DCU controls units are used to monitor and control ship engines. The units have several authentication and encryption vulnerabilities which can allow attackers to access the units and control connected engines.",
    "Description": "CWE 798: \u200bUse of Hard-Coded Credentials - CVE\u20132018-5399The DCU 210E firmware contains an undocumented Dropbear SSH server with a hardcoded username and password. The password is easily susceptible to cracking.CWE-346:\u200bOrigin Validation Error - CVE\u20132018-5400The Auto-Maskin products utilize an undocumented custom protocol to set up Modbus communications with other devices without validating those devices.CWE-319:\u200b Cleartext Transmission of Sensitive Information - CVE\u20132018-5401The devices transmit process control information via unencrypted Modbus communications.CWE-319:\u200b Cleartext Transmission of Sensitive Information - CVE\u20132018-5402The embedded webserver uses unencrypted plaintext for the transmission of the administrator PIN.",
    "Impact": "An attacker can exploit this vulnerability to observe information about configurations, settings, what sensors are present and in use, and other information. An attacker can send arbitrary ModBus (control) information to the engine control units.",
    "Solution": "CERT/CC is currently unaware of an update to address the vulnerabilities.Critical control devices such as these should only be accessible via private, carefully secured networks.",
    "Vendor Information": [
        {
            "Name": "Auto-Maskin AS"
        }
    ],
    "CVSS Metrics": [
        {
            "Group": "Base",
            "Score": "0",
            "Vector": "AV:--/AC:--/Au:--/C:--/I:--/A:--"
        },
        {
            "Group": "Temporal",
            "Score": "0",
            "Vector": "E:ND/RL:ND/RC:ND"
        },
        {
            "Group": "Environmental",
            "Score": "0",
            "Vector": "CDP:ND/TD:ND/CR:ND/IR:ND/AR:ND"
        }
    ],
    "References": [
        "[]()"
    ],
    "Acknowledgements": "Thanks to Brian Satira and Brian Olson for reporting this vulnerability.This document was written by Dan Klinedinst.",
    "Other Information": {
        "CVE IDs:": "CVE\u00e2\u0080\u00932018-5399,CVE-2018-5400,CVE-2018-5401,CVE-2018-5402",
        "Date Public:": "2018-10-06",
        "Date First Published:": "2018-10-06",
        "Date Last Updated:": "2018-10-16 18:51 UTC",
        "Document Revision:": "16"
    }
}