{
    "Title": "VU#176380 - Microsoft Jet Database Engine fails to properly validate Access database files",
    "Overview": "A vulnerability in the Microsoft Jet database engine could allow a remote attacker to execute code of their choice on a vulnerable system.",
    "Description": "The Microsoft Jet Database Engine (Jet) provides data access functionality to a number of other Microsoft and many third party applications.  An input validation error in the way that the Jet engine library handles the database files used by Microsoft Access (.mdb files) results in a vulnerability that could allow a remote attacker to execute code on a vulnerable system.  In order to exploit this vulnerability, the attacker would need the ability to supply a specially crafted .mdb file and coax or trick a user into opening it.  The malicious .mdb file could be supplied remotely by a number of methods including, but not limited to, a web page, an email message, or a shared network folder.",
    "Impact": "A remote, unauthenticated attacker with the ability to supply a specially crafted .mdb file could execute code of their choice on a vulnerable system.  The attacker-supplied code would be executed with the same privileges as the user context of the application using the Jet Database Engine.",
    "Solution": "The CERT/CC is currently unaware of a practical solution to this problem.WorkaroundsAvoid opening Microsoft Access Database (.mdb) files from untrusted sources.",
    "Vendor Information": [],
    "CVSS Metrics": [
        {
            "Group": "Base",
            "Score": "",
            "Vector": ""
        },
        {
            "Group": "Temporal",
            "Score": "",
            "Vector": ""
        },
        {
            "Group": "Environmental",
            "Score": "",
            "Vector": ""
        }
    ],
    "References": [
        "[http://marc.theaimsgroup.com/?l=bugtraq&m=111231465920199&w=2](http://marc.theaimsgroup.com/?l=bugtraq&m=111231465920199&w=2)",
        "[http://www.hexview.com/docs/20050331-1.txt](http://www.hexview.com/docs/20050331-1.txt)",
        "[http://secunia.com/advisories/14896/](http://secunia.com/advisories/14896/)",
        "[http://www.securityfocus.com/bid/12960](http://www.securityfocus.com/bid/12960)"
    ],
    "Acknowledgements": "This vulnerability was originally reported by researchers at HexView.This document was written by Chad R Dougherty.",
    "Other Information": {
        "CVE IDs:": "CVE-2005-0944",
        "Severity Metric:": "4.28",
        "Date Public:": "2005-03-31",
        "Date First Published:": "2005-10-03",
        "Date Last Updated:": "2005-10-03 19:55 UTC",
        "Document Revision:": "10"
    }
}