{
    "Title": "VU#176363 - ncompress vulnerable to buffer overflow via long filename",
    "Overview": "Some versions of ncompress contain a buffer-overflow vulnerability.",
    "Description": "Versions 4.2.4 and earlier of ncompress do not properly handle filenames longer than 1023 characters.",
    "Impact": "By supplying long filenames to ncompress, an attacker may be able to gain local access to the server or force ncompress to execute arbitrary code.",
    "Solution": "Obtain a patch from your vendor.Remove ncompress or remove execute permissions.",
    "Vendor Information": [
        {
            "Name": "Debian",
            "Status": "Unknown",
            "Vendor Statement": "We have not received a statement from the vendor.",
            "Vendor Information": "The vendor has not provided us with any further information regarding this vulnerability.",
            "Addendum": "The CERT/CC has no additional comments at this time.If you have feedback, comments, or additional information about this vulnerability, please send us [email](mailto:cert@cert.org?Subject=VU%23176363 Feedback)."
        },
        {
            "Name": "Hewlett-Packard Company",
            "Status": "Unknown",
            "Vendor Statement": "We have not received a statement from the vendor.",
            "Vendor Information": "The vendor has not provided us with any further information regarding this vulnerability.",
            "Addendum": "The CERT/CC has no additional comments at this time.If you have feedback, comments, or additional information about this vulnerability, please send us [email](mailto:cert@cert.org?Subject=VU%23176363 Feedback)."
        },
        {
            "Name": "IBM-zSeries",
            "Status": "Unknown",
            "Vendor Statement": "We have not received a statement from the vendor.",
            "Vendor Information": "The vendor has not provided us with any further information regarding this vulnerability.",
            "Addendum": "The CERT/CC has no additional comments at this time.If you have feedback, comments, or additional information about this vulnerability, please send us [email](mailto:cert@cert.org?Subject=VU%23176363 Feedback)."
        },
        {
            "Name": "MandrakeSoft",
            "Status": "Unknown",
            "Vendor Statement": "We have not received a statement from the vendor.",
            "Vendor Information": "The vendor has not provided us with any further information regarding this vulnerability.",
            "Addendum": "The CERT/CC has no additional comments at this time.If you have feedback, comments, or additional information about this vulnerability, please send us [email](mailto:cert@cert.org?Subject=VU%23176363 Feedback)."
        },
        {
            "Name": "Sequent",
            "Status": "Unknown",
            "Vendor Statement": "We have not received a statement from the vendor.",
            "Vendor Information": "The vendor has not provided us with any further information regarding this vulnerability.",
            "Addendum": "The CERT/CC has no additional comments at this time.If you have feedback, comments, or additional information about this vulnerability, please send us [email](mailto:cert@cert.org?Subject=VU%23176363 Feedback)."
        }
    ],
    "CVSS Metrics": [
        {
            "Group": "Base",
            "Score": "",
            "Vector": ""
        },
        {
            "Group": "Temporal",
            "Score": "",
            "Vector": ""
        },
        {
            "Group": "Environmental",
            "Score": "",
            "Vector": ""
        }
    ],
    "References": [
        "[http://security-archive.merton.ox.ac.uk/security-audit-200106/0008.html](http://security-archive.merton.ox.ac.uk/security-audit-200106/0008.html)"
    ],
    "Acknowledgements": "Thanks to Pavel Kankovsky for reporting this vulnerability.This document was written by Shawn Van Ittersum.",
    "Other Information": {
        "CVE IDs:": "None",
        "Severity Metric:": "0.92",
        "Date Public:": "2001-11-20",
        "Date First Published:": "2002-08-01",
        "Date Last Updated:": "2002-08-10 19:45 UTC",
        "Document Revision:": "11"
    }
}