{
    "Title": "VU#176556 - Microsoft Office fails to properly parse malformed records",
    "Overview": "A vulnerability in the way Microsoft Office parses files containing malformed records may lead to execution of arbitrary code.",
    "Description": "Microsoft Office contains a vulnerability that could be exploited when Office attempts to parse specially crafted records.  According to Microsoft Security Bulletin [MS06-062](http://www.microsoft.com/technet/security/bulletin/ms06-062.mspx):When Office opens a specially crafted file and parses a malformed string, it may corrupt system memory in such a way that an attacker could execute arbitrary code.This vulnerability affects Microsoft Office for both Microsoft Windows and Apple Macintosh.",
    "Impact": "A remote, unauthenticated attacker may be able to execute arbitrary code with the privileges of the affected user or cause a denial-of-service condition.",
    "Solution": "UpdateMicrosoft has released an update to address this issue. See Microsoft Security Bulletin [MS06-062](http://www.microsoft.com/technet/security/bulletin/ms06-062.mspx) for more details.Do not open untrusted Microsoft Office documentsDo not open unfamiliar or unexpected Microsoft Office documents, particularly those hosted on web sites or delivered as email attachments. Please see Cyber Security Tip [ST04-010](http://www.us-cert.gov/cas/tips/ST04-010.html).Disable automatic opening of Microsoft Office documentsBy default, Microsoft Office 97 and Microsoft Office 2000 will configure Internet Explorer to automatically open Microsoft Office documents.  This feature can be disabled by using the [Office Document Open Confirmation Tool](http://www.microsoft.com/downloads/details.aspx?familyid=8B5762D2-077F-4031-9EE6-C9538E9F2A2F&displaylang=en).  Mozilla Firefox users should disable automatic opening of files, as specified in the [Securing Your Web Browser](http://www.us-cert.gov/reading_room/securing_browser/#ffdownloadactions) document.Do not rely on file name extension filteringIn most cases, Windows will call a Microsoft Office application to open a document, even if the document has an unknown file extension.  Filtering for common extensions (e.g., .ppt, .xls, and .doc) will not detect all Microsoft Office documents.  Additionally, a Microsoft Office file with no file extension will also open with a Microsoft Office application.",
    "Vendor Information": [
        {
            "Name": "Microsoft Corporation"
        }
    ],
    "CVSS Metrics": [
        {
            "Group": "Base",
            "Score": "",
            "Vector": ""
        },
        {
            "Group": "Temporal",
            "Score": "",
            "Vector": ""
        },
        {
            "Group": "Environmental",
            "Score": "",
            "Vector": ""
        }
    ],
    "References": [
        "[http://www.microsoft.com/technet/security/bulletin/ms06-062.mspx](http://www.microsoft.com/technet/security/bulletin/ms06-062.mspx)"
    ],
    "Acknowledgements": "This vulnerability was reported in Microsoft Security Bulletin MS06-062.  Microsoft credits Sowhat of Nevis Labs for reporting this issue.This document was written by Chris Taschner.",
    "Other Information": {
        "CVE IDs:": "CVE-2006-3864",
        "Severity Metric:": "19.24",
        "Date Public:": "2006-10-10",
        "Date First Published:": "2006-10-11",
        "Date Last Updated:": "2006-11-06 18:02 UTC",
        "Document Revision:": "10"
    }
}