{
    "Title": "VU#176732 - Apple Safari vulnerable to buffer overflow",
    "Overview": "Apple Safari is vulnerable to a stack-based buffer overflow. This may allow a remote attacker to execute arbitrary code on a vulnerable system.",
    "Description": "Safari Apple [Safari](http://www.apple.com/safari/) is a web browser that comes with the [Mac OS X](http://www.apple.com/macosx/) operating system.The ProblemApple Safari contains a stack-based buffer overflow. This vulnerability can be triggered by persuading a user to access a web page containing specially crafted JavaScript with Safari.",
    "Impact": "A remote attacker may be able to execute arbitrary code on a vulnerable system.",
    "Solution": "Install an updateThis issue is corrected in [Apple Security Update 2006-001](http://docs.info.apple.com/article.html?artnum=303382).Disable JavaScript in SafariFor instructions on how to disable JavaScript in Safari, please refer to the Safari section of the [Securing Your Web Browser](http://www.us-cert.gov/reading_room/securing_browser/#Safari) document.",
    "Vendor Information": [
        {
            "Name": "Apple Computer, Inc."
        }
    ],
    "CVSS Metrics": [
        {
            "Group": "Base",
            "Score": "",
            "Vector": ""
        },
        {
            "Group": "Temporal",
            "Score": "",
            "Vector": ""
        },
        {
            "Group": "Environmental",
            "Score": "",
            "Vector": ""
        }
    ],
    "References": [
        "[http://docs.info.apple.com/article.html?artnum=303382](http://docs.info.apple.com/article.html?artnum=303382)",
        "[http://secunia.com/advisories/19064/](http://secunia.com/advisories/19064/)"
    ],
    "Acknowledgements": "This issue was reported in Apple Security Update 2006-001. This document was written by Jeff Gennari",
    "Other Information": {
        "CVE IDs:": "CVE-2006-0387",
        "Severity Metric:": "17.21",
        "Date Public:": "2006-03-02",
        "Date First Published:": "2006-03-03",
        "Date Last Updated:": "2006-03-03 15:02 UTC",
        "Document Revision:": "10"
    }
}