{
    "Title": "VU#177067 - HP Tru64 UNIX \"passwd\" contains buffer overflow (SSRT2192)",
    "Overview": "The [HP Tru64 UNIX](http://www.tru64unix.compaq.com/) implementation of \"passwd\" contains a locally exploitable buffer overflow.",
    "Description": "\"passwd\" is a utility used to change the password for the current user. A locally exploitable buffer overflow in \"passwd\" may permit a local attacker to gain elevated privileges and execute arbitrary code on a vulnerable host.",
    "Impact": "A local user may be able to gain elevated privileges and execute arbitrary code.",
    "Solution": "Apply a patch.",
    "Vendor Information": [
        {
            "Name": "Hewlett-Packard Company"
        }
    ],
    "CVSS Metrics": [
        {
            "Group": "Base",
            "Score": "",
            "Vector": ""
        },
        {
            "Group": "Temporal",
            "Score": "",
            "Vector": ""
        },
        {
            "Group": "Environmental",
            "Score": "",
            "Vector": ""
        }
    ],
    "References": [
        "[http://www.securityfocus.com/bid/5380](http://www.securityfocus.com/bid/5380)",
        "[http://ftp.support.compaq.com/patches/public/Readmes/unix/duv40fb18-c0067403-14947-es-20020730.README](http://ftp.support.compaq.com/patches/public/Readmes/unix/duv40fb18-c0067403-14947-es-20020730.README)",
        "[http://ftp.support.compaq.com/patches/public/unix/v5.1a/t64v51ab3-c0043701-15279-es-20020828.README](http://ftp.support.compaq.com/patches/public/unix/v5.1a/t64v51ab3-c0043701-15279-es-20020828.README)",
        "[https://www.jcu.edu.au/pipermail/auscert-subscriber/2002-August/000271.html](https://www.jcu.edu.au/pipermail/auscert-subscriber/2002-August/000271.html)"
    ],
    "Acknowledgements": "This vulnerability was discovered by SNOsoft.This document was written by Ian A Finlay.",
    "Other Information": {
        "CVE IDs:": "None",
        "Severity Metric:": "7.50",
        "Date Public:": "2002-08-01",
        "Date First Published:": "2002-09-05",
        "Date Last Updated:": "2002-09-05 18:05 UTC",
        "Document Revision:": "21"
    }
}