{
    "Title": "VU#177092 - KCodes NetUSB kernel driver is vulnerable to buffer overflow",
    "Overview": "KCodes NetUSB is vulnerable to a buffer overflow via the network that may result in a denial of service or code execution.",
    "Description": "[KCodes](http://www.kcodes.com/) NetUSB is a Linux kernel module that provides USB over IP. It is used to provide USB device sharing on a home user network.[CWE-120](http://cwe.mitre.org/data/definitions/120.html): Buffer Copy without Checking Size of Input ('Classic Buffer Overflow') - CVE-2015-3036According to the reporter, computer client data provided when connecting to the NetUSB server is not properly validated by the driver before processing, resulting in a buffer overflow that may lead to a denial of service or code execution. More information can be found in SEC Consult's [advisory](https://www.sec-consult.com/fxdata/seccons/prod/temedia/advisories_txt/20150519-0_KCodes_NetUSB_Kernel_Stack_Buffer_Overflow_v10.txt).The NetUSB driver provided by KCodes has been integrated into several vendors' products. For more information, please see the Vendor Information section below.CERT/CC has been unable to confirm this information directly with KCodes.",
    "Impact": "According to the reporter, an unauthenticated attacker on the local network can trigger a buffer overflow that may result in a denial of service or code execution. Some device default configurations may allow a remote attacker as well.",
    "Solution": "Update the firmwareRefer to the Vendor Information section below and contact your vendor for firmware update information.Affected users may also consider the following workarounds:Disable device sharingConsult your device's vendor and documentation as some devices may allow disabling the USB device sharing service on your network.Block port 20005Blocking port 20005 on the local network may help mitigate this attack by preventing access to the service.",
    "Vendor Information": [
        {
            "Name": "D-Link Systems, Inc.",
            "Status": "Affected",
            "Vendor Statement": "We have not received a statement from the vendor.",
            "Vendor Information": "Several models are affected, included DIR-685 Rev. A1. An updated firmware is expected out by the end of May 2015 or sooner. For full list of affected models, please see the vendor advisory at the link below.The current shipping product-line which deploys Shareport Mobile or mydlink Shareport are not affected by this vulnerability."
        },
        {
            "Name": "KCodes",
            "Status": "Affected",
            "Vendor Statement": "We have not received a statement from the vendor.",
            "Vendor Information": "We are not aware of further vendor information regarding this vulnerability."
        },
        {
            "Name": "Netgear, Inc.",
            "Status": "Affected",
            "Vendor Statement": "We have not received a statement from the vendor.",
            "Vendor Information": "Netgear calls the USB-over-IP feature \"ReadySHARE\" ([http://www.netgear.com/readyshare](http://www.netgear.com/readyshare)). For more details, see Netgear's advisory at the URL below.The reporter has also identified the latest firmware for NETGEAR WNDR4500 as being affected. Others models may also be vulnerable."
        },
        {
            "Name": "TP-LINK",
            "Status": "Affected",
            "Vendor Statement": "We have not received a statement from the vendor.",
            "Vendor Information": "The vendor is in the process of releasing updated firmware addressing this vulnerability. Below is a list of affected devices, sent by the vendor to the reporter; CERT/CC has not been able to confirm this list directly with the vendor:DSL Modem Routers(Model Number)Hardware VersionRelease DateArcher VR200vV1.0Already releasedTD-W8970 V3.0Already releasedTD-W9980 V1.0Already releasedArcher D2 V1.0Before 2015/05/22Archer D5V1.0Before 2015/05/25Archer D7 V1.0Before 2015/05/25Archer D9 V1.0Before 2015/05/25TD-W8968 V3.0Before 2015/05/25TD-W8980 V3.0Before 2015/05/25TD-W8968 V1.0Before 2015/05/30TD-W8968 V2.0Before 2015/05/30TD-VG3631 V1.0Before 2015/05/30TD-W8970 V1.0Before 2015/05/30TD-W8970B V1.0Before 2015/05/30TD-W8980B V1.0Before 2015/05/30TD-W9980B V1.0Before 2015/05/30Archer D7BV1.0Before 2015/05/31TD-VG3631V1.0Before 2015/05/31TX-VG1530(GPON)V1.0Before 2015/05/31TD-VG3511V1.0End-Of-Life\u00a0Wireless Routers(Model Number)Hardware VersionRelease DateArcher C20V1.0Not affectedArcher C7V2.0Already releasedArcher C2 V1.0Before 2015/05/22Archer C5 V1.2Before 2015/05/22Archer C9 V1.0Before 2015/05/22TL-WR3500V1.0Before 2015/05/22TL-WR3600 V1.0Before 2015/05/22TL-WR4300 V1.0Before 2015/05/22Archer C20i V1.0Before 2015/05/25Archer C5 V2.0Before 2015/05/30Archer C7 V1.0Before 2015/05/30Archer C8 V1.0Before 2015/05/30TL-WR842ND V2.0Before 2015/05/30TL-WR1043ND V2.0Before 2015/05/30TL-WR1043ND V3.0Before 2015/05/30TL-WR1045ND V2.0Before 2015/05/30TL-WR842NDV1.0End-Of-LifeTD-W1042NDV1.0End-Of-LifeTD-W1043NDV1.0End-Of-LifeTD-WDR4900V1.0End-Of-LifeThe exact release date may change due to some unexpected incidents."
        },
        {
            "Name": "TRENDnet",
            "Status": "Affected",
            "Vendor Statement": "We have not received a statement from the vendor.",
            "Vendor Information": "Several TRENDnet models are affected, please see the security advisory below."
        },
        {
            "Name": "ZyXEL",
            "Status": "Affected",
            "Vendor Statement": "We have not received a statement from the vendor.",
            "Vendor Information": "Updates are expected in June. List of models affected currently unavailable."
        },
        {
            "Name": "Ambir Technologies",
            "Status": "Not Affected",
            "Vendor Statement": "We have not received a statement from the vendor.",
            "Vendor Information": "According to an Ambir representative, \"We have no products that use the Kcodes technology or products nor do we resell Kcodes products.\""
        },
        {
            "Name": "Peplink"
        }
    ],
    "CVSS Metrics": [
        {
            "Group": "Base",
            "Score": "5.7",
            "Vector": "AV:A/AC:M/Au:N/C:N/I:N/A:C"
        },
        {
            "Group": "Temporal",
            "Score": "4.9",
            "Vector": "E:POC/RL:W/RC:C"
        },
        {
            "Group": "Environmental",
            "Score": "3.7",
            "Vector": "CDP:ND/TD:M/CR:ND/IR:ND/AR:ND"
        }
    ],
    "References": [
        "[https://www.sec-consult.com/fxdata/seccons/prod/temedia/advisories_txt/20150519-0_KCodes_NetUSB_Kernel_Stack_Buffer_Overflow_v10.txt](https://www.sec-consult.com/fxdata/seccons/prod/temedia/advisories_txt/20150519-0_KCodes_NetUSB_Kernel_Stack_Buffer_Overflow_v10.txt)",
        "[http://blog.sec-consult.com/2015/05/kcodes-netusb-how-small-taiwanese.html](http://blog.sec-consult.com/2015/05/kcodes-netusb-how-small-taiwanese.html)"
    ],
    "Acknowledgements": "Thanks to Stefan Viehboeck of SEC Consult Vulnerability Lab for reporting this vulnerability.This document was written by Garret Wassermann.",
    "Other Information": {
        "CVE IDs:": "CVE-2015-3036",
        "Date Public:": "2015-05-19",
        "Date First Published:": "2015-05-19",
        "Date Last Updated:": "2015-06-05 14:54 UTC",
        "Document Revision:": "96"
    }
}