{
    "Title": "VU#178560 - Dallas Semiconductor iButton DS1991 vulnerable to dictionary attack",
    "Overview": "The Dallas Semiconductor iButton DS1991 is vulnerable to a dictionary attack, allowing an intruder to recover passwords.",
    "Description": "The [Dallas Semiconductor](http://www.dalsemi.com/index.html)[ iButton](http://www.ibutton.com) DS1911 stores 1 kilobyte of data in 3 separate password-protected areas. It includes functionality intended to prevent passwords guessing, but is vulnerable to dictionary attacks. For more information, see the advisory published by @stake Research Labs, available at  [http://www.atstake.com/research/advisories/2001/a011801-1.txt](http://www.atstake.com/research/advisories/2001/a011801-1.txt)",
    "Impact": "Intruders can use a dictionary attack to recover passwords.",
    "Solution": "Use passwords not found in any dictionary of any language, rewrite your application, or upgrade to the DS1963S.",
    "Vendor Information": [
        {
            "Name": "Dallas Semiconductor"
        }
    ],
    "CVSS Metrics": [
        {
            "Group": "Base",
            "Score": "",
            "Vector": ""
        },
        {
            "Group": "Temporal",
            "Score": "",
            "Vector": ""
        },
        {
            "Group": "Environmental",
            "Score": "",
            "Vector": ""
        }
    ],
    "References": [
        "[http://www.atstake.com/research/advisories/index.html#011801-1](http://www.atstake.com/research/advisories/index.html#011801-1)",
        "[http://www.atstake.com/research/advisories/2001/a011801-1.txt](http://www.atstake.com/research/advisories/2001/a011801-1.txt)"
    ],
    "Acknowledgements": "Our thanks to @stake Research Labs for the information contained in their advisory. This document was written by Shawn V. Hernan.",
    "Other Information": {
        "CVE IDs:": "None",
        "Severity Metric:": "8.73",
        "Date Public:": "2001-01-18",
        "Date First Published:": "2001-05-06",
        "Date Last Updated:": "2001-06-21 04:26 UTC",
        "Document Revision:": "8"
    }
}