{
    "Title": "VU#179014 - Mozilla CSS integer overflow vulnerability",
    "Overview": "Mozilla products contain an integer overflow that could allow a remote, unauthenticated attacker to execute arbitrary code.",
    "Description": "Cascading Style Sheets[CSS](http://www.w3.org/Style/CSS/) is a mechanism for adding style to web documents. The problemMozilla products contain an integer overflow in the CSS letter spacing property. This may allow a remote attacker to manipulate memory allocation routines to create an undersized buffer. When data is copied to this buffer, a heap-based buffer overflow may occur. For a list of affected, products refer to Mozilla Foundation Security Advisory [2006-22](http://www.mozilla.org/security/announce/2006/mfsa2006-22.html).",
    "Impact": "If an attacker can persuade a user to access a specially crafted web page, that attacker may be able to execute arbitrary code.",
    "Solution": "UpgradeRefer to Mozilla Foundation Security Advisory [2006-22](http://www.mozilla.org/security/announce/2006/mfsa2006-22.html) for fixed versions of Mozilla products.",
    "Vendor Information": [
        {
            "Name": "Mozilla, Inc."
        }
    ],
    "CVSS Metrics": [
        {
            "Group": "Base",
            "Score": "",
            "Vector": ""
        },
        {
            "Group": "Temporal",
            "Score": "",
            "Vector": ""
        },
        {
            "Group": "Environmental",
            "Score": "",
            "Vector": ""
        }
    ],
    "References": [
        "[http://www.mozilla.org/security/announce/2006/mfsa2006-22.html](http://www.mozilla.org/security/announce/2006/mfsa2006-22.html)",
        "[http://www.w3.org/Style/CSS/](http://www.w3.org/Style/CSS/)",
        "[https://bugzilla.mozilla.org/show_bug.cgi?id=325403](https://bugzilla.mozilla.org/show_bug.cgi?id=325403)"
    ],
    "Acknowledgements": "This vulnerability was reported in Mozilla Foundation Security Advisory 2006-22.This document was written by Jeff Gennari.",
    "Other Information": {
        "CVE IDs:": "CVE-2006-1730",
        "Severity Metric:": "31.40",
        "Date Public:": "2006-04-13",
        "Date First Published:": "2006-04-17",
        "Date Last Updated:": "2006-05-17 12:43 UTC",
        "Document Revision:": "21"
    }
}