{
    "Title": "VU#179105 - RealNetworks GameHouse dldisplay ActiveX control stack buffer overflows",
    "Overview": "The RealNetworks GameHouse dldisplay ActiveX control contains multiple stack buffer overflows, which could allow a remote, unauthenticated attacker to execute arbitrary code on a vulnerable system.",
    "Description": "RealNetworks GameHouse is a web site that provides games.  GameHouse has an ActiveX control called dldisplay, which is provided by ghdlctl.dll.  This ActiveX control contains multiple stack buffer overflows.",
    "Impact": "By convincing a user to view a specially crafted HTML document (e.g., a web page or an HTML email message or attachment), an attacker may be able to execute arbitrary code with the privileges of the user.  The attacker could also cause Internet Explorer (or the program using the WebBrowser control) to crash.",
    "Solution": "We are currently unaware of a practical solution to this problem.  Please consider the following workaroundsDisable the GameHouse dldisplay ActiveX control in Internet ExplorerThe vulnerable ActiveX control can be disabled in Internet Explorer by setting the kill bit for the following CLSID:{4F5E4276-C120-11D6-A1FD-00508B9D48EA}More information about how to set the kill bit is available in [Microsoft Support Document 240797](http://support.microsoft.com/kb/240797).  Alternatively, the following text can be saved as a .REG file and imported to set the kill bit for this control:Windows Registry Editor Version 5.00[HKEY_LOCAL_MACHINE\\SOFTWARE\\Microsoft\\Internet Explorer\\ActiveX Compatibility\\{4F5E4276-C120-11D6-A1FD-00508B9D48EA}]\"Compatibility Flags\"=dword:00000400Disable ActiveXDisabling ActiveX controls in the Internet Zone (or any zone used by an attacker) appears to prevent exploitation of this and other ActiveX vulnerabilities. Instructions for disabling ActiveX in the Internet Zone can be found in the \"[Securing Your Web Browser](http://www.cert.org/tech_tips/securing_browser/#Internet_Explorer)\" document.",
    "Vendor Information": [
        {
            "Name": "RealNetworks, Inc.",
            "Status": "Affected",
            "Vendor Statement": "We have not received a statement from the vendor.",
            "Vendor Information": "We are not aware of further vendor information regarding this vulnerability.",
            "Addendum": "Please disable the vulnerable ActiveX control.If you have feedback, comments, or additional information about this vulnerability, please send us [email](mailto:cert@cert.org?Subject=VU%23179105 Feedback)."
        }
    ],
    "CVSS Metrics": [
        {
            "Group": "Base",
            "Score": "",
            "Vector": ""
        },
        {
            "Group": "Temporal",
            "Score": "",
            "Vector": ""
        },
        {
            "Group": "Environmental",
            "Score": "",
            "Vector": ""
        }
    ],
    "References": [
        "[http://www.securityfocus.com/bid/24534](http://www.securityfocus.com/bid/24534)",
        "[http://secunia.com/advisories/25757/](http://secunia.com/advisories/25757/)",
        "[http://support.microsoft.com/kb/240797](http://support.microsoft.com/kb/240797)"
    ],
    "Acknowledgements": "This vulnerability was reported by Will Dormann of the CERT/CC.This document was written by Will Dormann.",
    "Other Information": {
        "CVE IDs:": "CVE-2007-2924",
        "Severity Metric:": "0.86",
        "Date Public:": "2007-06-19",
        "Date First Published:": "2007-06-19",
        "Date Last Updated:": "2009-04-13 17:14 UTC",
        "Document Revision:": "10"
    }
}