{
    "Title": "VU#179281 - Electronic Arts SnoopyCtrl ActiveX control and plug-in stack buffer overflows",
    "Overview": "The Electronic Arts SnoopyCtrl ActiveX control and plug-in contains multiple stack buffer overflows, which could allow a remote, unauthenticated attacker to execute arbitrary code on a vulnerable system.",
    "Description": "Electronic Arts (EA.com) provides an ActiveX control and Netscape-style plug-in called SnoopyCtrl.  This control, provided by NPSnpy.dll, is included with an EA.com update package.  The SnoopyCtrl ActiveX control and plug-in contains buffer overflow vulnerabilities in multiple methods and initialization parameters.",
    "Impact": "By convincing a user to view a specially crafted HTML document (e.g., a web page or an HTML email message or attachment), a remote, unauthenticated attacker may be able to execute arbitrary code with the privileges of the user on a vulnerable system.",
    "Solution": "We are currently unaware of a practical solution to this problem.  Please consider the following workaroundsDisable the SnoopyCtrl ActiveX control in Internet ExplorerThe vulnerable ActiveX control can be disabled in Internet Explorer by setting the kill bit for the following CLSID:{525A15D0-4938-11D4-94C7-0050DA20189B}More information about how to set the kill bit is available in [Microsoft Support Document 240797](http://support.microsoft.com/kb/240797).  Alternatively, the following text can be saved as a .REG file and imported to set the kill bit for this control:Windows Registry Editor Version 5.00[HKEY_LOCAL_MACHINE\\SOFTWARE\\Microsoft\\Internet Explorer\\ActiveX Compatibility\\{525A15D0-4938-11D4-94C7-0050DA20189B}]\"Compatibility Flags\"=dword:00000400Disable the SnoopyCtrl plug-in in other browsersThe SnoopyCtrl plug-in can be disabled in other browsers, such as Firefox, by removing the NPSnpy.dll file from the plugins directory.Disable ActiveXDisabling ActiveX controls in the Internet Zone (or any zone used by an attacker) appears to prevent exploitation of this and other ActiveX vulnerabilities. Instructions for disabling ActiveX in the Internet Zone can be found in the \"[Securing Your Web Browser](http://www.cert.org/tech_tips/securing_browser/#Internet_Explorer)\" document.\u00a0 Disable plug-insDisabling plug-ins by default can prevent exploitation of this and other plug-in vulnerabilities.  This can be accomplished by configuring [NoScript](https://addons.mozilla.org/en-US/firefox/addon/722) to Forbid other plugins for untrusted sites.",
    "Vendor Information": [
        {
            "Name": "Electronic Arts",
            "Status": "Affected",
            "Vendor Statement": "We have not received a statement from the vendor.",
            "Vendor Information": "The vendor has not provided us with any further information regarding this vulnerability.",
            "Addendum": "Please disable the vulnerable ActiveX control and plug-in.If you have feedback, comments, or additional information about this vulnerability, please send us [email](mailto:cert@cert.org?Subject=VU%23179281 Feedback)."
        }
    ],
    "CVSS Metrics": [
        {
            "Group": "Base",
            "Score": "",
            "Vector": ""
        },
        {
            "Group": "Temporal",
            "Score": "",
            "Vector": ""
        },
        {
            "Group": "Environmental",
            "Score": "",
            "Vector": ""
        }
    ],
    "References": [
        "[http://secunia.com/advisories/27143/](http://secunia.com/advisories/27143/)",
        "[http://www.securityfocus.com/bid/25970](http://www.securityfocus.com/bid/25970)",
        "[http://support.microsoft.com/kb/240797](http://support.microsoft.com/kb/240797)",
        "[https://addons.mozilla.org/en-US/firefox/addon/722](https://addons.mozilla.org/en-US/firefox/addon/722)"
    ],
    "Acknowledgements": "This vulnerability was reported by Will Dormann of the CERT/CC.This document was written by Will Dormann.",
    "Other Information": {
        "CVE IDs:": "CVE-2007-4466",
        "Severity Metric:": "4.02",
        "Date Public:": "2007-10-08",
        "Date First Published:": "2007-10-08",
        "Date Last Updated:": "2007-10-09 13:40 UTC",
        "Document Revision:": "14"
    }
}