{
    "Title": "VU#180091 - VeriCentre web application SQL injection vulnerability",
    "Overview": "The VeriCentre web application contains a SQL injection vulnerability.",
    "Description": "[CWE-89](http://cwe.mitre.org/data/definitions/89.html): Improper Neutralization of Special Elements used in an SQL Command ('SQL Injection')The VeriCentre web application contains a SQL injection vulnerability within the TerminalId, ModelName, and ApplicationName parameters.Additional information can be found in the vulnerability reporter's [advisory](http://www.clearskies.net/documents/css-advisory-css1211-vericentre.pdf).",
    "Impact": "A remote authenticated attacker may be able to issue commands against the database.",
    "Solution": "UpdateThe vendor has stated that these vulnerabilities have been addressed in Web Console 2.2 build 36. The vendor recommends that users update to Web Console 2.2 build 36 or higher.Restrict accessAs a general good security practice, only allow connections from trusted hosts and networks. Note that restricting access does not prevent SQLi attacks since the attack comes as an SQL request from a legitimate user's host. Restricting access would prevent an attacker from accessing a web interface using stolen credentials from a blocked network location.",
    "Vendor Information": [
        {
            "Name": "verifone",
            "Status": "Affected",
            "Vendor Statement": "We have not received a statement from the vendor.",
            "Vendor Information": "We are not aware of further vendor information regarding this vulnerability."
        }
    ],
    "CVSS Metrics": [
        {
            "Group": "Base",
            "Score": "3.5",
            "Vector": "AV:N/AC:M/Au:S/C:P/I:N/A:N"
        },
        {
            "Group": "Temporal",
            "Score": "2.7",
            "Vector": "E:POC/RL:OF/RC:ND"
        },
        {
            "Group": "Environmental",
            "Score": "0.9",
            "Vector": "CDP:L/TD:L/CR:ND/IR:ND/AR:ND"
        }
    ],
    "References": [
        "[http://global.verifone.com/products/software/estate-management/vericentre](http://global.verifone.com/products/software/estate-management/vericentre)",
        "[http://www.clearskies.net/documents/css-advisory-css1211-vericentre.pdf](http://www.clearskies.net/documents/css-advisory-css1211-vericentre.pdf)"
    ],
    "Acknowledgements": "Thanks to Cory Eubanks, Clear Skies Security LLC, for reporting this vulnerability.This document was written by Michael Orlando.",
    "Other Information": {
        "CVE IDs:": "CVE-2012-4951",
        "Date Public:": "2012-11-06",
        "Date First Published:": "2012-11-06",
        "Date Last Updated:": "2012-11-06 12:29 UTC",
        "Document Revision:": "8"
    }
}