{
    "Title": "VU#180049 - CPU hardware utilizing speculative execution may be vulnerable to cache side-channel attacks",
    "Overview": "CPU hardware utilizing speculative execution may be vulnerable to cache timing side-channel analysis. Two vulnerabilities are identified, known as \"Variant 3a\" and \"Variant 4\".",
    "Description": "Speculative execution is a technique used by many modern processors to improve performance by predicting which instructions may be executed based on past execution history. An attacker with local user access may be able to utilize sequences of speculative execution to perform a cache timing side-channel analysis.[CWE-208](http://cwe.mitre.org/data/definitions/208.html): Information Exposure Through Timing DiscrepancyCVE-2018-3639 \u2013 Speculative Store Bypass (SSB) \u2013 also known as \"Variant 4\"Systems with microprocessors utilizing speculative execution and speculative execution of memory reads before the addresses of all prior memory writes are known may read an earlier value of the data. Subsequent speculative memory accesses cause allocations into the cache, which may allow a sequence of speculative loads to be used to perform timing side-channel attacks. In particular, if an attacker has control of a previously cached value, or the first store and load instructions are accesses onto the stack, an attacker may be able to control future speculative execution and access arbitrary privileged data by using less privileged code with timing side-channel analysis.CVE-2018-3640 \u2013 Rogue System Register Read (RSRE) \u2013 also known as \"Variant 3a\"Systems with microprocessors utilizing speculative execution and that perform speculative reads of system registers may return a speculative register value that is then used in subsequent speculative load instructions. These subsequence speculative loads cause allocations into the cache that may allow a sequence of speculative loads to be used to perform timing side-channel attacks. An attacker with local user access may be able to use timing side-channel analysis to determine the values stored in system registers.For more information and technical details, please see the original Project Zero [bug report](https://bugs.chromium.org/p/project-zero/issues/detail?id=1528), Intel's security advisory [INTEL-SA-00115](https://www.intel.com/content/www/us/en/security-center/advisory/intel-sa-00115.html), AMD's [whitepaper](https://developer.amd.com/wp-content/resources/124441_AMD64_SpeculativeStoreBypassDisable_Whitepaper_final.pdf), and ARM's [whitepaper](https://developer.arm.com/support/arm-security-updates/speculative-processor-vulnerability).These vulnerabilities have been noted in the media for their similarity to previously-disclosed vulnerabilities: CVE-2017-5753 (Variant 1, \"Spectre\"), CVE-2017-5715 (Variant 2, \"Spectre\"), CVE-2017-5754 (Variant 3, \"Meltdown\"). See [VU#584653](https://www.kb.cert.org/vuls/id/584653) for further information.",
    "Impact": "An attacker with local user access may be able to read arbitrary privileged data or system register values by utilizing cache timing side-channel analysis.",
    "Solution": "Update system softwareAffected users should check with OEM and system software vendors and apply any available updates as soon as possible. Microcode updates and other system updates are expected to be available within the coming weeks. The Vendor Status links below provide further information.Update your browserAffected users should update to the latest version of any web browser in use. Most leading browser providers have recently deployed mitigations in their Managed Runtimes \u2013 mitigations that substantially increase the difficulty of exploiting side channels in a modern web browser. These techniques would likewise increase the difficulty of exploiting a side channel in a browser based on SSB.",
    "Vendor Information": [
        {
            "Name": "AMD",
            "Status": "Affected",
            "Vendor Statement": "We have not received a statement from the vendor.",
            "Vendor Information": "AMD has released a [whitepaper](https://developer.amd.com/wp-content/resources/124441_AMD64_SpeculativeStoreBypassDisable_Whitepaper_final.pdf) with further details.",
            "Addendum": "AMD was reported by researchers as having been affected: [https://bugs.chromium.org/p/project-zero/issues/detail?id=1528](https://bugs.chromium.org/p/project-zero/issues/detail?id=1528).If you have feedback, comments, or additional information about this vulnerability, please send us [email](mailto:cert@cert.org?Subject=VU%23180049 Feedback)."
        },
        {
            "Name": "ARM Limited"
        }
    ],
    "CVSS Metrics": [
        {
            "Group": "Base",
            "Score": "4.4",
            "Vector": "AV:L/AC:M/Au:S/C:C/I:N/A:N"
        },
        {
            "Group": "Temporal",
            "Score": "3.4",
            "Vector": "E:POC/RL:OF/RC:C"
        },
        {
            "Group": "Environmental",
            "Score": "3.4",
            "Vector": "CDP:ND/TD:ND/CR:ND/IR:ND/AR:ND"
        }
    ],
    "References": [
        "[https://vuls.cert.org/confluence/display/Wiki/Vulnerabilities+Associated+with+CPU+Speculative+Execution](https://vuls.cert.org/confluence/display/Wiki/Vulnerabilities+Associated+with+CPU+Speculative+Execution)",
        "[https://bugs.chromium.org/p/project-zero/issues/detail?id=1528](https://bugs.chromium.org/p/project-zero/issues/detail?id=1528)",
        "[https://www.intel.com/content/www/us/en/security-center/advisory/intel-sa-00115.html](https://www.intel.com/content/www/us/en/security-center/advisory/intel-sa-00115.html)",
        "[https://developer.arm.com/support/arm-security-updates/speculative-processor-vulnerability](https://developer.arm.com/support/arm-security-updates/speculative-processor-vulnerability)",
        "[https://developer.amd.com/wp-content/resources/124441_AMD64_SpeculativeStoreBypassDisable_Whitepaper_final.pdf](https://developer.amd.com/wp-content/resources/124441_AMD64_SpeculativeStoreBypassDisable_Whitepaper_final.pdf)",
        "[https://support.apple.com//HT208394](https://support.apple.com//HT208394)",
        "[https://www.kb.cert.org/vuls/id/584653](https://www.kb.cert.org/vuls/id/584653)",
        "[https://www.us-cert.gov/ncas/alerts/TA18-141A](https://www.us-cert.gov/ncas/alerts/TA18-141A)",
        "[http://cwe.mitre.org/data/definitions/208.html](http://cwe.mitre.org/data/definitions/208.html)",
        "[https://software.intel.com/sites/default/files/managed/c5/63/336996-Speculative-Execution-Side-Channel-Mitigations.pdf](https://software.intel.com/sites/default/files/managed/c5/63/336996-Speculative-Execution-Side-Channel-Mitigations.pdf)",
        "[https://software.intel.com/sites/default/files/managed/b9/f9/336983-Intel-Analysis-of-Speculative-Execution-Side-Channels-White-Paper.pdf](https://software.intel.com/sites/default/files/managed/b9/f9/336983-Intel-Analysis-of-Speculative-Execution-Side-Channels-White-Paper.pdf)"
    ],
    "Acknowledgements": "Intel would like to acknowledge and thank Jann Horn of Google Project Zero (GPZ) and Ken Johnson of the Microsoft Security Response Center (MSRC) for independently reporting CVE-2018-3639.Intel would like to acknowledge and thank Zdenek Sojka, Rudolf Marek and Alex Zuepke from SYSGO AG (https://sysgo.com) for reporting CVE-2018-3640. Intel would also like to acknowledge and thank Innokentiy Sennovskiy from BiZone LLC (bi.zone).This document was written by Garret Wassermann.",
    "Other Information": {
        "CVE IDs:": "CVE-2018-3639,CVE-2018-3640",
        "Date Public:": "2018-05-21",
        "Date First Published:": "2018-05-21",
        "Date Last Updated:": "2018-06-19 15:17 UTC",
        "Document Revision:": "96"
    }
}