{
    "Title": "VU#180119 - WellinTech KingView 6.53 remote heap overflow vulnerability",
    "Overview": "WellinTech KingView 6.53 contains a remote heap overflow vulnerability in the HistorySrv process which may allow a remote, unauthenticated attacker to execute arbitrary code.",
    "Description": "According to WellinTech's [website](http://en.wellintech.com/products/detail.aspx?contentid=15): \"KingView software is a high-pormance production which can be used to building a data information service platform in automatic field. KingView software can provide graphic visualization which takes your operations management, control and optimization. KingView is widely used in power, water conservancy,buildings, coalmine, environmental protection, metallurgy and so on. \" KingView runs a HistorySrv service that listens on port 777 that listens for incoming connections. This service is vulnerable to a remote heap overflow when a payload containing malicious Flink and Blink pointers are sent to the service.Exploit code for this vulnerability is publicly available.",
    "Impact": "An attacker can cause the service to crash and may be able to execute arbitrary code as the user.",
    "Solution": "According to WellinTech's [website](http://en.wellintech.com/products/detail.aspx?contentid=25) a patch (version 6.53(2010-12-15)) has been issued to address this vulnerability. Restrict AccessEnable firewall rules to restrict access for port 777/tcp to only trusted sources.",
    "Vendor Information": [
        {
            "Name": "WellinTech"
        }
    ],
    "CVSS Metrics": [
        {
            "Group": "Base",
            "Score": "",
            "Vector": ""
        },
        {
            "Group": "Temporal",
            "Score": "",
            "Vector": ""
        },
        {
            "Group": "Environmental",
            "Score": "",
            "Vector": ""
        }
    ],
    "References": [
        "[http://thesauceofutterpwnage.blogspot.com/2011/01/waking-up-sleeping-dragon.html](http://thesauceofutterpwnage.blogspot.com/2011/01/waking-up-sleeping-dragon.html)",
        "[http://www.us-cert.gov/control_systems/pdf/ICSA-11-017-01.pdf](http://www.us-cert.gov/control_systems/pdf/ICSA-11-017-01.pdf)",
        "[http://thesauceofutterpwnage.blogspot.com/2011/01/wellintech-issues-security-patch-to.html](http://thesauceofutterpwnage.blogspot.com/2011/01/wellintech-issues-security-patch-to.html)",
        "[http://www.kingview.com/news/detail.aspx?contentid=528](http://www.kingview.com/news/detail.aspx?contentid=528)",
        "[http://www.cnnvd.org.cn/showCnnvd.html?id=2011010108](http://www.cnnvd.org.cn/showCnnvd.html?id=2011010108)",
        "[http://www.cert.org.cn/articles/bulletin/common/2011011325250.shtml](http://www.cert.org.cn/articles/bulletin/common/2011011325250.shtml)",
        "[http://threatpost.com/en_us/blogs/china-cert-we-missed-report-scada-hole-011311](http://threatpost.com/en_us/blogs/china-cert-we-missed-report-scada-hole-011311)",
        "[http://secunia.com/advisories/42851](http://secunia.com/advisories/42851)",
        "[http://en.wellintech.com/products/detail.aspx?contentid=25](http://en.wellintech.com/products/detail.aspx?contentid=25)"
    ],
    "Acknowledgements": "This vulnerability was reported by Dillon Beresford of NSS Labs.This document was written by Michael Orlando.",
    "Other Information": {
        "CVE IDs:": "CVE-2011-0406",
        "Severity Metric:": "91.20",
        "Date Public:": "2011-01-09",
        "Date First Published:": "2011-01-12",
        "Date Last Updated:": "2011-01-18 15:08 UTC",
        "Document Revision:": "31"
    }
}