{
    "Title": "VU#180345 - Microsoft Kodak Image Viewer code execution vulnerability",
    "Overview": "The Kodak Image Viewer which is included in Windows 2000 contains a code execution vulnerability.",
    "Description": "The Kodak Image Viewer is included in Windows 2000. It may also be present on other versions of Windows that were upgraded from Windows 2000.Per Microsoft Security Bulletin MS07-055:A remote code execution vulnerability exists in the way that the Kodak Image Viewer in Windows handles specially crafted image files. An attacker could exploit the vulnerability by constructing a specially crafted image that could potentially allow remote code execution if a user visited a Web site, viewed a specially crafted e-mail message, or opened an e-mail attachment. An attacker who successfully exploited this vulnerability could take complete control of an affected system.Note that there is publicly available [proof of concept code](http://milw0rm.com/exploits/4584) that targets this vulnerability.",
    "Impact": "A remote, unauthenticated attacker may be able to execute arbitrary code.",
    "Solution": "UpdateMicrosoft has released an [update](http://www.microsoft.com/technet/security/bulletin/ms07-055.mspx) to address this vulnerability.Run applications as with limited user accountsWhen possible, running applications with a user account that has limited privileges may reduce the impact of this vulnerability.",
    "Vendor Information": [
        {
            "Name": "Microsoft Corporation"
        }
    ],
    "CVSS Metrics": [
        {
            "Group": "Base",
            "Score": "",
            "Vector": ""
        },
        {
            "Group": "Temporal",
            "Score": "",
            "Vector": ""
        },
        {
            "Group": "Environmental",
            "Score": "",
            "Vector": ""
        }
    ],
    "References": [
        "[http://www.microsoft.com/technet/security/bulletin/ms07-055.mspx](http://www.microsoft.com/technet/security/bulletin/ms07-055.mspx)",
        "[http://milw0rm.com/exploits/4584](http://milw0rm.com/exploits/4584)",
        "[http://www.milw0rm.com/exploits/4616](http://www.milw0rm.com/exploits/4616)"
    ],
    "Acknowledgements": "Microsoft credits Cu Fang for reporting and Rita Schappler for providing information about this vulnerability. This document was written by Ryan Giobbi.",
    "Other Information": {
        "CVE IDs:": "CVE-2007-2217",
        "Severity Metric:": "20.66",
        "Date Public:": "2007-10-09",
        "Date First Published:": "2007-10-30",
        "Date Last Updated:": "2007-11-12 16:32 UTC",
        "Document Revision:": "9"
    }
}