{
    "Title": "VU#180336 - CA BrightStor ARCserve Backup Message Engine RPC buffer overflow",
    "Overview": "The Computer Associates BrightStor ARCserve Backup Message Engine contains a buffer overflow vulnerability. If successfully exploited, this vulnerability may allow a remote attacker to execute arbitrary code.",
    "Description": "[BrightStor ARCserve Backup](http://www3.ca.com/solutions/ProductFamily.aspx?ID=115) is a backup and data retention tool that integrates with other BrightStor Data Availability and BrightStor Storage Management solutions. The Message Engine service is installed and started automatically on BrightStor ARCserve Backup servers.According to a report from [Zero Day Initiative](http://www.zerodayinitiative.com/advisories/ZDI-07-003.html), the BrightStor ARCserve Backup Message Engine contains a vulnerability that is caused by incorrect handling of RPC requests. This vulnerability may be exploited by sending a malformed RPC request to port 6503/tcp or\u00a06504/tcp on a vulnerable system.Note that the vulnerable software may be running on any machines that have BrightStor ARCserve Backup products installed.",
    "Impact": "A remote, unauthenticated attacker may be able to execute arbitrary code.",
    "Solution": "UpgradeComputer Associates has released [updates](http://supportconnectw.ca.com/public/storage/infodocs/babimpsec-notice.asp) to address this vulnerability.Restrict AccessRestricting access to port 6503/tcp and 6504/tcp at the network perimeter may help mitigate this vulnerability.",
    "Vendor Information": [
        {
            "Name": "Computer Associates"
        }
    ],
    "CVSS Metrics": [
        {
            "Group": "Base",
            "Score": "",
            "Vector": ""
        },
        {
            "Group": "Temporal",
            "Score": "",
            "Vector": ""
        },
        {
            "Group": "Environmental",
            "Score": "",
            "Vector": ""
        }
    ],
    "References": [
        "[http://supportconnectw.ca.com/public/storage/infodocs/babimpsec-notice.asp](http://supportconnectw.ca.com/public/storage/infodocs/babimpsec-notice.asp)",
        "[http://www.zerodayinitiative.com/advisories/ZDI-07-003.html](http://www.zerodayinitiative.com/advisories/ZDI-07-003.html)",
        "[http://www3.ca.com/solutions/ProductFamily.aspx?ID=115](http://www3.ca.com/solutions/ProductFamily.aspx?ID=115)",
        "[http://secunia.com/advisories/23648/](http://secunia.com/advisories/23648/)",
        "[http://securitytracker.com/alerts/2007/Jan/1017506.html](http://securitytracker.com/alerts/2007/Jan/1017506.html)",
        "[http://www.securityfocus.com/bid/22005](http://www.securityfocus.com/bid/22005)"
    ],
    "Acknowledgements": "This vulnerability was publicly reported by the Zero Day Initiative, who in turn credit Tenable Network Security.This document was written by Ryan Giobbi.",
    "Other Information": {
        "CVE IDs:": "CVE-2007-0169",
        "Severity Metric:": "2.84",
        "Date Public:": "2007-01-11",
        "Date First Published:": "2007-01-12",
        "Date Last Updated:": "2007-01-30 21:28 UTC",
        "Document Revision:": "28"
    }
}