{
    "Title": "VU#180513 - Microsoft Video ActiveX control stack buffer overflow",
    "Overview": "The Microsoft Video ActiveX control contains a stack buffer overflow vulnerability, which can allow a remote, unauthenticated attacker to execute arbitrary code on a vulnerable system.",
    "Description": "Microsoft Windows comes with an ActiveX component called \"ActiveX control for streaming video,\" which is provided by msvidctl.dll. This component provides a number of Class Identifiers (CLSIDs) that are marked as Safe for Scripting and Safe for Initialization, which means that they can be used by Internet Explorer. The ActiveX controls provided by msvidctl.dll fail to properly handle file input, which can result in stack memory corruption. This can allow the Structured Exception Handler (SEH) to be overwritten, thus allowing subversion of the program execution flow.",
    "Impact": "By convincing a user to view a specially crafted HTML document (e.g., a web page or an HTML email message or attachment), an attacker may be able to execute arbitrary code with the privileges of the user.",
    "Solution": "Microsoft has released an update to address this issue. See Microsoft Security Bulletin [MS09-032](http://www.microsoft.com/technet/security/bulletin/ms09-032.mspx) for more information.Disable the vulnerable ActiveX controlsMicrosoft Security Advisory ([972890](http://www.microsoft.com/technet/security/advisory/972890.mspx)) explains how to disable the 45 ActiveX controls provided by msvidctl.dll to mitigate this vulnerability. A Microsoft Fix it application is provided in Microsoft Knowledgebase article [972890](http://support.microsoft.com/kb/972890) to disable these controls.Disable ActiveXDisabling ActiveX controls in the Internet Zone (or any zone used by an attacker) appears to prevent exploitation of this and other ActiveX vulnerabilities. Instructions for disabling ActiveX in the Internet Zone can be found in the \"[Securing Your Web Browser](http://www.us-cert.gov/reading_room/securing_browser/#Internet_Explorer)\" document.",
    "Vendor Information": [
        {
            "Name": "Microsoft Corporation"
        }
    ],
    "CVSS Metrics": [
        {
            "Group": "Base",
            "Score": "",
            "Vector": ""
        },
        {
            "Group": "Temporal",
            "Score": "",
            "Vector": ""
        },
        {
            "Group": "Environmental",
            "Score": "",
            "Vector": ""
        }
    ],
    "References": [
        "[http://www.microsoft.com/technet/security/advisory/972890.mspx](http://www.microsoft.com/technet/security/advisory/972890.mspx)",
        "[http://support.microsoft.com/kb/972890](http://support.microsoft.com/kb/972890)",
        "[http://dvlabs.tippingpoint.com/blog/2009/07/09/microsoft-video-activex-control-0day-technical-details](http://dvlabs.tippingpoint.com/blog/2009/07/09/microsoft-video-activex-control-0day-technical-details)",
        "[http://addxorrol.blogspot.com/2009/07/poking-around-msvidctldll.html](http://addxorrol.blogspot.com/2009/07/poking-around-msvidctldll.html)",
        "[http://isc.sans.org/diary.html?storyid=6733](http://isc.sans.org/diary.html?storyid=6733)",
        "[http://www.csis.dk/dk/nyheder/nyheder.asp?tekstID=799](http://www.csis.dk/dk/nyheder/nyheder.asp?tekstID=799)",
        "[http://blogs.technet.com/srd/archive/2009/07/06/new-vulnerability-in-mpeg2tunerequest-activex-control-object-in-msvidctl-dll.aspx](http://blogs.technet.com/srd/archive/2009/07/06/new-vulnerability-in-mpeg2tunerequest-activex-control-object-in-msvidctl-dll.aspx)",
        "[http://www.us-cert.gov/cas/techalerts/TA09-187A.html](http://www.us-cert.gov/cas/techalerts/TA09-187A.html)",
        "[http://www.us-cert.gov/cas/techalerts/TA09-195A.html](http://www.us-cert.gov/cas/techalerts/TA09-195A.html)",
        "[http://www.microsoft.com/technet/security/bulletin/ms09-032.mspx](http://www.microsoft.com/technet/security/bulletin/ms09-032.mspx)"
    ],
    "Acknowledgements": "This document was written by Will Dormann.",
    "Other Information": {
        "CVE IDs:": "CVE-2008-0015",
        "Severity Metric:": "65.31",
        "Date Public:": "2009-07-04",
        "Date First Published:": "2009-07-06",
        "Date Last Updated:": "2009-07-15 20:59 UTC",
        "Document Revision:": "24"
    }
}