{
    "Title": "VU#180868 - Microsoft Distributed Transaction Coordinator vulnerable to buffer overflow via specially crafted network message",
    "Overview": "Microsoft Distributed Transaction Coordinator (MSDTC) may be vulnerable to a flaw that allows remote unauthenticated attackers to execute arbitrary code.",
    "Description": "The Microsoft Distributed Transaction Coordinator (MSDTC) is described by Microsoft as \"distributed transaction facility for Microsoft Windows platforms\".  Microsoft Windows platforms may be vulnerable to a flaw in the MSDTC implementation caused by an unchecked buffer that may allow a remote, unauthenticated user to execute arbitrary code and take complete control of the system.Microsoft Windows 2000 is vulnerable to remote, unauthenticated users exploiting this flaw from the network and locally.  Microsoft Windows XP SP1 and Windows Server 2003 are vulnerable to local authenticated attackers exploiting this flaw.  Microsoft Windows XP SP2 and Windows Server 2003 SP1 are not vulnerable.Note that on Windows XP SP1 MSDTC Network DTC Access is allowed by default and if the service is started by any local user, the system may be vulnerable to remote, unauthenticated attacks.  An administrator can disable the service and prevent a normal user from starting it.  Windows Server 2003 is not configured by default to allow Network DTC Access, though the MSDTC service is started by default.  If Network DTC Access is allowed by an administrator, the system may be vulnerable to remote, unauthenticated attacks.Remotely-vulnerable systems listen on port 3372/tcp and a dynamic high TCP port.Public [reports](http://isc.sans.org/diary.php?storyid=759) indicate that exploit code is available for this vulnerability at this time.",
    "Impact": "A remote, unauthenticated attacker may be able to execute arbitrary code on a system.",
    "Solution": "Apply an updatePlease see [Microsoft Security Bulletin MS05-051](http://www.microsoft.com/technet/security/Bulletin/MS05-051.mspx) for more information.",
    "Vendor Information": [
        {
            "Name": "Microsoft Corporation"
        }
    ],
    "CVSS Metrics": [
        {
            "Group": "Base",
            "Score": "",
            "Vector": ""
        },
        {
            "Group": "Temporal",
            "Score": "",
            "Vector": ""
        },
        {
            "Group": "Environmental",
            "Score": "",
            "Vector": ""
        }
    ],
    "References": [
        "[http://www.microsoft.com/technet/security/Bulletin/MS05-051.mspx](http://www.microsoft.com/technet/security/Bulletin/MS05-051.mspx)",
        "[http://www.eeye.com/html/research/advisories/AD20051011b.html](http://www.eeye.com/html/research/advisories/AD20051011b.html)"
    ],
    "Acknowledgements": "Microsoft reported this vulnerability, and in turn thank eEye Digital Security for information on the issue.This document was written by Ken MacInnis.",
    "Other Information": {
        "CVE IDs:": "CVE-2005-2119",
        "Severity Metric:": "17.40",
        "Date Public:": "2005-10-11",
        "Date First Published:": "2005-10-11",
        "Date Last Updated:": "2005-10-13 18:32 UTC",
        "Document Revision:": "16"
    }
}