{
    "Title": "VU#180864 - Clam AntiVirus fails to properly handle crafted Portable Executable (PE) files",
    "Overview": "A vulnerability in the way Clam AntiVirus processes Portable Executable (PE) files may lead to execution of arbitrary code.",
    "Description": "Clam AntiVirus is a GPL virus scanner that has built-in support for for a number of file types including PE.  According to [iDefense Public Advisory: 10.15.06](http://labs.idefense.com/intelligence/vulnerabilities/display.php?id=422):While processing certain PE elements, two variables can be very large and integer overflow could occur. This would result in less memory being allocated than was expected by the programmer and subsequent code would overflow the heap buffer.Note that an attacker must send a specially crafted PE file through any email gateway or personal anti-virus client that employs the Clam AntiVirus scanning engine in order to exploit this vulnerability.",
    "Impact": "A remote, unauthenticated attacker may be able to execute arbitrary code or cause a denial of service condition.",
    "Solution": "UpdateClam AntiVirus has released an updated version to address this issue.  Refer to [File Release Notes and Changelog for Clam AntiVirus 0.88.5](http://sourceforge.net/project/shownotes.php?release_id=455799&group_id=86638).",
    "Vendor Information": [
        {
            "Name": "Clam AntiVirus"
        }
    ],
    "CVSS Metrics": [
        {
            "Group": "Base",
            "Score": "",
            "Vector": ""
        },
        {
            "Group": "Temporal",
            "Score": "",
            "Vector": ""
        },
        {
            "Group": "Environmental",
            "Score": "",
            "Vector": ""
        }
    ],
    "References": [
        "[http://labs.idefense.com/intelligence/vulnerabilities/display.php?id=422 ](http://labs.idefense.com/intelligence/vulnerabilities/display.php?id=422 )",
        "[http://kolab.org/security/kolab-vendor-notice-13.txt ](http://kolab.org/security/kolab-vendor-notice-13.txt )",
        "[http://www.securityfocus.com/bid/20535 ](http://www.securityfocus.com/bid/20535 )",
        "[http://www.frsirt.com/english/advisories/2006/4034 ](http://www.frsirt.com/english/advisories/2006/4034 )",
        "[http://www.frsirt.com/english/advisories/2006/4136 ](http://www.frsirt.com/english/advisories/2006/4136 )",
        "[http://securitytracker.com/id?1017068 ](http://securitytracker.com/id?1017068 )",
        "[http://secunia.com/advisories/22370 ](http://secunia.com/advisories/22370 )",
        "[http://secunia.com/advisories/22421 ](http://secunia.com/advisories/22421 )",
        "[http://secunia.com/advisories/22498 ](http://secunia.com/advisories/22498 )",
        "[http://secunia.com/advisories/22488 ](http://secunia.com/advisories/22488 )",
        "[http://secunia.com/advisories/22537 ](http://secunia.com/advisories/22537 )",
        "[http://xforce.iss.net/xforce/xfdb/29607 ](http://xforce.iss.net/xforce/xfdb/29607 )"
    ],
    "Acknowledgements": "This issue was reported in File Release Notes and Changelog for Clam AntiVirus 0.88.5.This document was written by Chris Taschner.",
    "Other Information": {
        "CVE IDs:": "CVE-2006-4182",
        "Severity Metric:": "10.40",
        "Date Public:": "2006-10-16",
        "Date First Published:": "2006-11-07",
        "Date Last Updated:": "2006-11-07 21:41 UTC",
        "Document Revision:": "14"
    }
}