{
    "Title": "VU#182777 - IBM AIX nslookup buffer overflow in lex routines",
    "Overview": "There is a problem with the nslookup program related to the handling of long strings.",
    "Description": "This problem is reported to be the result of incorrect bounds checking on the part of the lex routines used in nslookup.  This vulnerability is mentioned in an IBM advisory as being exploited by attackers.",
    "Impact": "The impact of this vulnerability is not clear.  It may be possible for local attackers to gain root privileges on the vulnerable system.",
    "Solution": "Apply a PatchIBM has released patches to correct this problem.  For AIX version 4.3, system administrators should apply APAR#IX79909.",
    "Vendor Information": [
        {
            "Name": "IBM"
        }
    ],
    "CVSS Metrics": [
        {
            "Group": "Base",
            "Score": "",
            "Vector": ""
        },
        {
            "Group": "Temporal",
            "Score": "",
            "Vector": ""
        },
        {
            "Group": "Environmental",
            "Score": "",
            "Vector": ""
        }
    ],
    "References": [
        "[http://techsupport.services.ibm.com/support/rs6000.support/fixsearch?fixdb=aix4&srchtype=apar&query=IX79909](http://techsupport.services.ibm.com/support/rs6000.support/fixsearch?fixdb=aix4&srchtype=apar&query=IX79909)",
        "[http://techsupport.services.ibm.com/rs6000/aix.uhuic_getrec?args=DVhuron.boulder.ibm.com+DBAIX+DA96551+STIX79909+USbin](http://techsupport.services.ibm.com/rs6000/aix.uhuic_getrec?args=DVhuron.boulder.ibm.com+DBAIX+DA96551+STIX79909+USbin)"
    ],
    "Acknowledgements": "This document was written by Cory F. Cohen.",
    "Other Information": {
        "CVE IDs:": "None",
        "Severity Metric:": "5.91",
        "Date Public:": "1998-07-06",
        "Date First Published:": "2001-09-26",
        "Date Last Updated:": "2001-09-26 18:04 UTC",
        "Document Revision:": "3"
    }
}