{
    "Title": "VU#183692 - PHP Address Book sqli vulnerability",
    "Overview": "PHP Address Book web application is vulnerable to multiple sqli injection vulnerabilities.",
    "Description": "[CWE-89](http://cwe.mitre.org/data/definitions/89.html): Improper Neutralization of Special Elements used in an SQL Command ('SQL Injection')PHP Address Book 8.2.5 and possibly older versions fail to sanitize input from multiple functions. [http://www.example.com/addressbook/register/checklogin.php?username=](http://www.example.com/addressbook/register/checklogin.php?username=){insert}&password=pass[http://www.example.com/addressbook/register/admin_index.php?q=](http://www.example.com/addressbook/register/admin_index.php?q=){insert}[http://www.example.com/addressbook/register/delete_user.php?id=](http://www.example.com/addressbook/register/delete_user.php?id=){insert}[http://www.example.com/addressbook/register/edit_user.php?id=](http://www.example.com/addressbook/register/edit_user.php?id=){insert}Additional information on vulnerable functions can be found at Acadion Security [advisory](http://www.acadion.nl/labs/advisory/20130203-phpaddressbook.html).",
    "Impact": "A remote unauthenticated attacker may be able to run a subset of SQL commands against the back-end database.",
    "Solution": "We are currently unaware of a practical solution to this problem.Restrict accessAs a general good security practice, only allow connections from trusted hosts and networks. Note that restricting access does not prevent SQLi attacks since the attack comes as an SQL request from a legitimate user's host. Restricting access would prevent an attacker from accessing a web interface using stolen credentials from a blocked network location.",
    "Vendor Information": [
        {
            "Name": "PHP Address Book"
        }
    ],
    "CVSS Metrics": [
        {
            "Group": "Base",
            "Score": "9",
            "Vector": "AV:N/AC:L/Au:N/C:C/I:P/A:P"
        },
        {
            "Group": "Temporal",
            "Score": "6.5",
            "Vector": "E:U/RL:W/RC:UC"
        },
        {
            "Group": "Environmental",
            "Score": "1.7",
            "Vector": "CDP:L/TD:L/CR:ND/IR:ND/AR:ND"
        }
    ],
    "References": [
        "[http://cwe.mitre.org/data/definitions/89.html](http://cwe.mitre.org/data/definitions/89.html)",
        "[http://sourceforge.net/projects/php-addressbook/](http://sourceforge.net/projects/php-addressbook/)",
        "[http://www.acadion.nl/labs/advisory/20130203-phpaddressbook.html](http://www.acadion.nl/labs/advisory/20130203-phpaddressbook.html)"
    ],
    "Acknowledgements": "Thanks to Jurgen Voorneveld of Acadion Security for reporting this vulnerability.This document was written by Michael Orlando.",
    "Other Information": {
        "CVE IDs:": "CVE-2013-0135",
        "Date Public:": "2013-04-05",
        "Date First Published:": "2013-04-05",
        "Date Last Updated:": "2013-04-05 18:00 UTC",
        "Document Revision:": "16"
    }
}