{
    "Title": "VU#184077 - Navarino Infinity web interface is affected by multiple vulnerabilities.",
    "Overview": "Navarino Infinity web interface up to version 2.2 is affected by multiple vulnerabilities.",
    "Description": "[CWE-89](https://cwe.mitre.org/data/definitions/287.html): Improper Neutralization of Special Elements used in an SQL Command ('SQL Injection') - CVE-2018-5384Navarino Infinity exposes an unauthenticated script that is prone to blind sql injection.[CWE-384](https://cwe.mitre.org/data/definitions/287.html): Session Fixation - CVE-2018-5385Navarino Infinity is prone to session fixation attacks.  The server accepts the session ID as a GET parameter which can lead to bypassing the two factor authentication in some installations.[CWE-288](https://cwe.mitre.org/data/definitions/287.html): Authentication Bypass Using an Alternate Path or Channel -CVE-2018-5386Some Navarino Infinity functions placed in the URL can bypass any authentication mechanism leading to an information leak.",
    "Impact": "A remote, unauthenticated attacker may be able to bypass authentication and perform some administrative functions or perform SQL injection.",
    "Solution": "According to the vendor's website, the [hotfix](https://navarino.gr/archives/6989) has been made available to all Infinity users.",
    "Vendor Information": [
        {
            "Name": "Navarino"
        }
    ],
    "CVSS Metrics": [
        {
            "Group": "Base",
            "Score": "10",
            "Vector": "AV:N/AC:L/Au:N/C:C/I:C/A:C"
        },
        {
            "Group": "Temporal",
            "Score": "8.7",
            "Vector": "E:--/RL:OF/RC:C"
        },
        {
            "Group": "Environmental",
            "Score": "8.7",
            "Vector": "CDP:ND/TD:ND/CR:ND/IR:ND/AR:ND"
        }
    ],
    "References": [
        "[https://cwe.mitre.org/data/definitions/89.html](https://cwe.mitre.org/data/definitions/89.html)",
        "[https://cwe.mitre.org/data/definitions/384.html](https://cwe.mitre.org/data/definitions/384.html)",
        "[https://cwe.mitre.org/data/definitions/288.html](https://cwe.mitre.org/data/definitions/288.html)"
    ],
    "Acknowledgements": "Thanks to Vangelis Stykas for reporting this vulnerability.This document was written by Noelle Allon.",
    "Other Information": {
        "CVE IDs:": "CVE-2018-5384,CVE-2018-5385,CVE-2018-5386",
        "Date Public:": "2018-02-07",
        "Date First Published:": "2018-03-27",
        "Date Last Updated:": "2018-03-27 17:19 UTC",
        "Document Revision:": "42"
    }
}