{
    "Title": "VU#18419 - IBM AIX nslookup fails to drop root privileges",
    "Overview": "The nslookup command fails to drop privileges, allowing local attackers to gain root privileges.",
    "Description": "The nslookup program fails to drop the privileges it gains from being setuid.  This access appears to be needed to read the \"/etc/resolv.conf\" file.  This problem was described in IBM ERS advisory ERS-SVA-E01-1997:008.1.",
    "Impact": "Intruders with access to a local user account may be able to gain root privileges.",
    "Solution": "Apply a PatchFor AIX version 4.1, system administrators should apply APAR #IX71464.  For AIX version 4.2, system administrators should apply APAR #IX70815.Disable the setuid bit on nslookupYou can prevent this vulnerability from being exploited by removing the setuid bit from the nslookup program.  You can do this by executing the following command as root:chmod 555 /usr/bin/nslookup",
    "Vendor Information": [
        {
            "Name": "IBM"
        }
    ],
    "CVSS Metrics": [
        {
            "Group": "Base",
            "Score": "N/A",
            "Vector": "N/A"
        },
        {
            "Group": "Temporal",
            "Score": "N/A",
            "Vector": "N/A"
        },
        {
            "Group": "Environmental",
            "Score": "",
            "Vector": "N/A"
        }
    ],
    "References": [
        "[http://xforce.iss.net/static/604.php](http://xforce.iss.net/static/604.php)",
        "[http://groups.google.com/groups?q=ERS-SVA-E01-1997:008.1&hl=en&rnum=3&selm=6383r7%24kts%243%40watnews1.watson.ibm.com](http://groups.google.com/groups?q=ERS-SVA-E01-1997:008.1&hl=en&rnum=3&selm=6383r7%24kts%243%40watnews1.watson.ibm.com)"
    ],
    "Acknowledgements": "This document was written by Cory F. Cohen.",
    "Other Information": {
        "CVE IDs:": "CVE-1999-0093",
        "Severity Metric:": "2.76",
        "Date Public:": "1997-10-29",
        "Date First Published:": "2001-09-26",
        "Date Last Updated:": "2001-09-27 19:00 UTC",
        "Document Revision:": "10"
    }
}