{
    "Title": "VU#184100 - D-Link DAP-1320 Rev Ax is vulnerable to a command injection",
    "Overview": "The D-Link DAP-1320 Rev Ax firmware update mechanism contains a command injection vulnerability.",
    "Description": "[CWE-78](http://cwe.mitre.org/data/definitions/78.html): Improper Neutralization of Special Elements used in an OS Command ('OS Command Injection')A remote unauthenticated attacker may execute commands on the device by taking advantage of the firmware update mechanism. This attack does require interception and manipulation of network communications using commonly available tools.The D-Link DAP-1320 Rev Ax firmware version 1.11 (released 22 Dec 2013) has been shown to be vulnerable. Other firmware versions prior to version 1.21b05 may also be vulnerable.",
    "Impact": "A remote unauthenticated attacker may execute commands on the device by taking advantage of the firmware update mechanism.",
    "Solution": "Update the firmwareAccording to D-Link's [security advisory](http://securityadvisories.dlink.com/security/publication.aspx?name=SAP10050), users should update the firmware of affected devices to version 1.21b05.",
    "Vendor Information": [
        {
            "Name": "D-Link Systems, Inc."
        }
    ],
    "CVSS Metrics": [
        {
            "Group": "Base",
            "Score": "10",
            "Vector": "AV:N/AC:L/Au:N/C:C/I:C/A:C"
        },
        {
            "Group": "Temporal",
            "Score": "7.8",
            "Vector": "E:POC/RL:OF/RC:C"
        },
        {
            "Group": "Environmental",
            "Score": "5.9",
            "Vector": "CDP:ND/TD:M/CR:ND/IR:ND/AR:ND"
        }
    ],
    "References": [
        "[http://web.nvd.nist.gov/view/vuln/detail?vulnId=CVE-2015-2050](http://web.nvd.nist.gov/view/vuln/detail?vulnId=CVE-2015-2050)",
        "[http://securityadvisories.dlink.com/security/publication.aspx?name=SAP10050](http://securityadvisories.dlink.com/security/publication.aspx?name=SAP10050)"
    ],
    "Acknowledgements": "Thanks to Mike Baucom, Allen Harper, and J. Rach of Tangible Security for discovering and reporting this vulnerability. Tangible Security would also like to publically thank D-Link for their cooperation and desire to make their products and customers more secure.This document was written by Garret Wassermann.",
    "Other Information": {
        "CVE IDs:": "CVE-2015-2050",
        "Date Public:": "2015-03-13",
        "Date First Published:": "2015-03-16",
        "Date Last Updated:": "2015-03-16 17:02 UTC",
        "Document Revision:": "18"
    }
}