{
    "Title": "VU#184558 - BEA WebLogic Server contains a vulnerability in the URL pattern matching",
    "Overview": "There is a vulnerability in the URL pattern matching functionality of BEA WebLogic Server that could allow URL restrictions to be bypassed.",
    "Description": "BEA Systems describes [WebLogic Server](http://www.bea.com/framework.jsp?CNT=index.htm&FP=/content/products/server) as \"an industrial-strength application infrastructure for developing, integrating, securing, and managing distributed Java applications.\" The WebLogic Server provides a feature that allows an administrator to restrict access to certain URLs. There is a vulnerability in this URL pattern matching feature that could cause patterns ending in \"*\" rather than \"/*\" to be evaluated as wildcard patterns. According to the [BEA Security Advisory](http://dev2dev.bea.com/resourcelibrary/advisoriesnotifications/BEA04_56.00.jsp),In WebLogic Server version 6.x, the illegal URL pattern of /mydir* is treated the same as the legal URL pattern /mydir/*. If a WebLogic Server version 6.x Web application used the illegal syntax and is moved to WebLogic Server version 7.x or greater, the URL patterns that were protected by the illegal syntax will stop being protected. There is no notification in the change of protection.According to the [BEA Security Advisory](http://dev2dev.bea.com/resourcelibrary/advisoriesnotifications/BEA04_56.00.jsp)[](http://dev2dev.bea.com/resourcelibrary/advisoriesnotifications/BEA04_47.00.jsp), the following versions of WebLogic Server and Express are affected by this vulnerability:WebLogic Server and WebLogic Express version 8.1 through Service Pack 1, on all platformsWebLogic Server and WebLogic Express version 7.0 through Service Pack 4, on all platforms",
    "Impact": "A remote user could access restricted URLs that were previously protected by specific URL pattern matching syntax.",
    "Solution": "Upgrade or Fix SyntaxWebLogic Server and WebLogic Express version 8.1Upgrade to WebLogic Server and WebLogic Express version 8.1 Service Pack 2.orIn all deployed web applications, convert the illegal URL patterns to legal syntax.WebLogic Server and WebLogic Express version 7.0Upgrade to WebLogic Server and WebLogic Express version 7.0 Service Pack 5.orIn all deployed web applications, convert the illegal URL patterns to legal syntax.",
    "Vendor Information": [
        {
            "Name": "BEA Systems Inc."
        }
    ],
    "CVSS Metrics": [
        {
            "Group": "Base",
            "Score": "",
            "Vector": ""
        },
        {
            "Group": "Temporal",
            "Score": "",
            "Vector": ""
        },
        {
            "Group": "Environmental",
            "Score": "",
            "Vector": ""
        }
    ],
    "References": [
        "[http://dev2dev.bea.com/resourcelibrary/advisoriesnotifications/BEA04_56.00.jsp](http://dev2dev.bea.com/resourcelibrary/advisoriesnotifications/BEA04_56.00.jsp)",
        "[http://secunia.com/advisories/11435/](http://secunia.com/advisories/11435/)",
        "[http://www.securitytracker.com/alerts/2004/Apr/1009896.html](http://www.securitytracker.com/alerts/2004/Apr/1009896.html)"
    ],
    "Acknowledgements": "This vulnerability was reported by BEA Systems Inc.This document was written by Damon Morda.",
    "Other Information": {
        "CVE IDs:": "None",
        "Severity Metric:": "4.16",
        "Date Public:": "2004-04-21",
        "Date First Published:": "2004-04-26",
        "Date Last Updated:": "2004-04-26 20:44 UTC",
        "Document Revision:": "23"
    }
}