{
    "Title": "VU#184820 - Adobe Acrobat does not adequately validate Acrobat JavaScript",
    "Overview": "Adobe Acrobat contains a vulnerability in its JavaScript parsing engine that could allow an attacker to place arbitrary files on the local file system.",
    "Description": "Different versions of Adobe Acrobat software can create, modify, and read Portable Document Format (PDF) files.  Acrobat JavaScript implements PDF-specific objects, methods, and properties and provides functionality similar to that of HTML client JavaScript.  More information about Acrobat JavaScript is available from [Acrobat 5 JavaScript Training](http://partners.adobe.com/asn/developer/training/acrobat/javascript/main.html) site and in the [Acrobat JavaScript Object Specification](http://partners.adobe.com/asn/developer/pdfs/tn/5186AcroJS.pdf).A vulnerability in the way Acrobat 5 validates JavaScript in PDF files could allow arbitrary files to be written to any location on the local file system that is writeable by the user running Acrobat.  From the [Adobe Acrobat 5.0.5 Security, Accessibility, and Forms patch](http://www.adobe.com/support/downloads/detail.jsp?ftpID=2121):Due to a vulnerability in the JavaScript parsing engine, a malicious PDF document can instruct Acrobat to write code into the user's Plug-ins folder.  Any file in the user's Plug-ins folder that is developed to the Acrobat plug-in specification will automatically install and run when a user launches Acrobat.According to Adobe, the full version of Acrobat 5 and Acrobat Approval 5 for the Windows platform are vulnerable.  Acrobat 6 and all versions of Acrobat Reader are not vulnerable.  Acrobat and Acrobat Approval for Macintosh and Acrobat for UNIX are not vulnerable.",
    "Impact": "An attacker could cause arbitrary files to be written to the local file system within the scope of the users' permissions.A virus (W32.Yourde) that exploits this vulnerability has been discovered.  This virus does not destroy data.  More detailed information is available in write-ups from [Symantec](http://securityresponse.symantec.com/avcenter/venc/data/w32.yourde.html) and [McAfee](http://vil.nai.com/vil/content/v_100269.htm).",
    "Solution": "Apply Patch or UpgradeInstall the [Adobe Acrobat 5.0.5 Security, Accessibility, and Forms patch](http://www.adobe.com/support/downloads/detail.jsp?ftpID=2121) or upgrade to Acrobat 6 or later.Disable JavaScriptAcrobat JavaScript can be disabled in the General preferences dialog (Edit > Preferences > General > JavaScript).Restrict Access to Plug-ins DirectoryUse NTFS file permissions to prevent users from writing to the Plug-ins directory (typically C:\\Program Files\\Adobe\\Acrobat 5.0\\Acrobat\\Plug_ins).  This will protect against the W32.Yourde virus, but it will not prevent malicious JavaScript from writing to other locations.Remove JavaScript Plug-inRemove the JavaScript plug-in (EScript.api) from the Plug-ins directory.  This will effectively disable Acrobat JavaScript and may cause other unexpected results.Maintain Anti-Virus SoftwareAs a general best practice, maintain updated anti-virus software.  Links to anti-virus vendors and other information are available on the [Computer Virus Resources](http://www.cert.org/other_sources/viruses.html) page.",
    "Vendor Information": [
        {
            "Name": "Adobe Systems Incorporated"
        }
    ],
    "CVSS Metrics": [
        {
            "Group": "Base",
            "Score": "",
            "Vector": ""
        },
        {
            "Group": "Temporal",
            "Score": "",
            "Vector": ""
        },
        {
            "Group": "Environmental",
            "Score": "",
            "Vector": ""
        }
    ],
    "References": [
        "[http://www.adobe.com/support/downloads/detail.jsp?ftpID=2121](http://www.adobe.com/support/downloads/detail.jsp?ftpID=2121)",
        "[http://securityresponse.symantec.com/avcenter/venc/data/w32.yourde.html](http://securityresponse.symantec.com/avcenter/venc/data/w32.yourde.html)",
        "[http://vil.nai.com/vil/content/v_100269.htm](http://vil.nai.com/vil/content/v_100269.htm)",
        "[http://partners.adobe.com/asn/developer/training/acrobat/javascript/main.html](http://partners.adobe.com/asn/developer/training/acrobat/javascript/main.html)",
        "[http://partners.adobe.com/asn/acrobat/docs.jsp](http://partners.adobe.com/asn/acrobat/docs.jsp)",
        "[http://partners.adobe.com/asn/developer/pdfs/tn/5186AcroJS.pdf](http://partners.adobe.com/asn/developer/pdfs/tn/5186AcroJS.pdf)"
    ],
    "Acknowledgements": "This vulnerability was reported by John Landwehr of  Adobe Systems Inc.This document was written by Art Manion.",
    "Other Information": {
        "CVE IDs:": "CVE-2003-0284",
        "Severity Metric:": "4.65",
        "Date Public:": "2003-04-30",
        "Date First Published:": "2003-05-13",
        "Date Last Updated:": "2003-07-10 20:44 UTC",
        "Document Revision:": "35"
    }
}