{
    "Title": "VU#18500 - IBM AIX portmir buffer overflow",
    "Overview": "There is a buffer overflow vulnerability in the AIX portmir command that may allow local attackers to gain root privileges.",
    "Description": "There is a buffer overflow in the AIX portmir command.  This problem was described in IBM ERS security bulletin: ERS-SVA-E01-1997:006.1.",
    "Impact": "Attackers with access to a local user account may gain root privileges.",
    "Solution": "Apply a PatchIBM has released patches to correct this problem.  For AIX version 4.2.1, system administrators should apply APAR#IX71795.Disable the setuid bit on the portmir commandDisabling the setuid bit on the portmir command will prevent this vulnerability from being exploited.  ?You can do this by running the following command as root:chmod u-s /usr/sbin/portmir",
    "Vendor Information": [
        {
            "Name": "IBM"
        }
    ],
    "CVSS Metrics": [
        {
            "Group": "Base",
            "Score": "",
            "Vector": ""
        },
        {
            "Group": "Temporal",
            "Score": "",
            "Vector": ""
        },
        {
            "Group": "Environmental",
            "Score": "",
            "Vector": ""
        }
    ],
    "References": [
        "[http://groups.google.com/groups?q=ERS-SVA-E01-1997:006.1&hl=en&rnum=3&selm=6383eb%24kts%241%40watnews1.watson.ibm.com](http://groups.google.com/groups?q=ERS-SVA-E01-1997:006.1&hl=en&rnum=3&selm=6383eb%24kts%241%40watnews1.watson.ibm.com)",
        "[http://xforce.iss.net/static/592.php](http://xforce.iss.net/static/592.php)"
    ],
    "Acknowledgements": "This document was written by Cory F. Cohen.",
    "Other Information": {
        "CVE IDs:": "CVE-1999-0092",
        "Severity Metric:": "4.31",
        "Date Public:": "1997-10-29",
        "Date First Published:": "2001-09-26",
        "Date Last Updated:": "2001-09-27 18:58 UTC",
        "Document Revision:": "10"
    }
}