{
    "Title": "VU#185100 - TP-LINK TL-WR841N wireless router local file inclusion vulnerability",
    "Overview": "The TP-LINK TL-WR841N wireless router contains a local file inclusion vulnerability which could allow an attacker to download critical configuration files off the device.",
    "Description": "[CWE-829](http://cwe.mitre.org/data/definitions/829.html): Inclusion of Functionality from Untrusted Control SphereThe TP-LINK TL-WR841N wireless router web-based management interface contains a local file inclusion (LFI) vulnerability. The URL parameter is not properly sanitized before being parsed. It has been reported that TP-LINK TL-WR841N wireless router running firmware version: 3.13.9 Build 120201 Rel.54965n and below are affected.",
    "Impact": "An attacker with access to the TP-LINK TL-WR841N web interface could download critical configuration files off the device.",
    "Solution": "We are currently unaware of a practical solution to this problem.Restrict accessAs a general good security practice, only allow connections from trusted hosts and networks. Note that restricting access does not prevent local file inclusion attacks since the attack comes as an HTTP request from a legitimate user's host. Restricting access would prevent an attacker from accessing the TP-LINK TL-WR841N web interface using stolen credentials from a blocked network location.",
    "Vendor Information": [
        {
            "Name": "TP-Link"
        }
    ],
    "CVSS Metrics": [
        {
            "Group": "Base",
            "Score": "4.3",
            "Vector": "AV:N/AC:M/Au:N/C:P/I:N/A:N"
        },
        {
            "Group": "Temporal",
            "Score": "3.1",
            "Vector": "E:U/RL:W/RC:UC"
        },
        {
            "Group": "Environmental",
            "Score": "0.9",
            "Vector": "CDP:L/TD:L/CR:ND/IR:ND/AR:ND"
        }
    ],
    "References": [
        "[http://www.tp-link.com/en/products/details/?model=TL-WR841N ](http://www.tp-link.com/en/products/details/?model=TL-WR841N )",
        "[http://cwe.mitre.org/data/definitions/829.html](http://cwe.mitre.org/data/definitions/829.html)"
    ],
    "Acknowledgements": "Thanks to Matan Azugi for reporting this vulnerability.This document was written by Michael Orlando.",
    "Other Information": {
        "CVE IDs:": "CVE-2012-6276",
        "Date Public:": "2013-01-11",
        "Date First Published:": "2013-01-11",
        "Date Last Updated:": "2013-01-11 13:23 UTC",
        "Document Revision:": "7"
    }
}