{
    "Title": "VU#185251 - cgiemail web-based email system does not adequately validate user input thereby causing buffer overflow in cgisco.c",
    "Overview": "There exists a buffer overflow vulnerability in cgiemail that allows execution of arbitrary code.",
    "Description": "cgiemail is a CGI program maintained that composes data submitted on Web forms into email messages.  The cgicso.c component of the web-based email system cgiemail contains a buffer overflow vulnerability.",
    "Impact": "HTTP clients may execute arbitrary code on the web server, with the privileges of the web server process.",
    "Solution": "The CERT/CC is currently unaware of a practical solution to this problem.Remove cgiemail from web servers that serve untrusted clients.",
    "Vendor Information": [
        {
            "Name": "Massachusetts Institute of Technology (MIT)",
            "Status": "Unknown",
            "Vendor Statement": "We have not received a statement from the vendor.",
            "Vendor Information": "The vendor has not provided us with any further information regarding this vulnerability.",
            "Addendum": "The CERT/CC has no additional comments at this time.If you have feedback, comments, or additional information about this vulnerability, please send us [email](mailto:cert@cert.org?Subject=VU%23185251 Feedback)."
        }
    ],
    "CVSS Metrics": [
        {
            "Group": "Base",
            "Score": "",
            "Vector": ""
        },
        {
            "Group": "Temporal",
            "Score": "",
            "Vector": ""
        },
        {
            "Group": "Environmental",
            "Score": "",
            "Vector": ""
        }
    ],
    "References": [
        "[http://securitytracker.com/alerts/2001/Sep/1002395.html](http://securitytracker.com/alerts/2001/Sep/1002395.html)",
        "[http://web.mit.edu/wwwdev/cgiemail/](http://web.mit.edu/wwwdev/cgiemail/)"
    ],
    "Acknowledgements": "Thanks to Security Tracker for reporting this vulnerability.This document was written by Shawn Van Ittersum.",
    "Other Information": {
        "CVE IDs:": "None",
        "Severity Metric:": "7.97",
        "Date Public:": "2002-01-16",
        "Date First Published:": "2002-01-16",
        "Date Last Updated:": "2002-01-16 23:39 UTC",
        "Document Revision:": "10"
    }
}