{
    "Title": "VU#186131 - Blahz-DNS does not properly authenticate users before granting access to various configuration pages",
    "Overview": "Blahz-DNS does not properly authenticate users.",
    "Description": "Blahz-DNS does not properly authenticate users. As a result, an attacker can gain access to various configuration pages. For more detailed information, please see the [ppp-design advisory](http://www.ppp-design.de/advisories_show.php?adv=blahz-dns__authentication_bypass_vulnerability.txt).",
    "Impact": "An attacker can gain access to various configuration pages and make modifications to DNS information.",
    "Solution": "Upgrade to version to .25.",
    "Vendor Information": [
        {
            "Name": "Mike Roest"
        }
    ],
    "CVSS Metrics": [
        {
            "Group": "Base",
            "Score": "",
            "Vector": ""
        },
        {
            "Group": "Temporal",
            "Score": "",
            "Vector": ""
        },
        {
            "Group": "Environmental",
            "Score": "",
            "Vector": ""
        }
    ],
    "References": [
        "[http://blahzdns.sourceforge.net](http://blahzdns.sourceforge.net)",
        "[http://www.ppp-design.de/advisories.php](http://www.ppp-design.de/advisories.php)",
        "[http://www.securityfocus.com/bid/4618](http://www.securityfocus.com/bid/4618)",
        "[http://www.iss.net/security_center/static/8951.php](http://www.iss.net/security_center/static/8951.php)",
        "[http://sourceforge.net/project/shownotes.php?release_id=87004](http://sourceforge.net/project/shownotes.php?release_id=87004)",
        "[http://archives.neohapsis.com/archives/bugtraq/2002-04/0395.html](http://archives.neohapsis.com/archives/bugtraq/2002-04/0395.html)"
    ],
    "Acknowledgements": "Thanks to ppp-design for reporting this vulnerability.This document was written by Ian A. Finlay.",
    "Other Information": {
        "CVE IDs:": "CVE-2002-0599",
        "Severity Metric:": "16.54",
        "Date Public:": "2002-04-29",
        "Date First Published:": "2003-03-21",
        "Date Last Updated:": "2003-03-21 15:14 UTC",
        "Document Revision:": "10"
    }
}