{
    "Title": "VU#186944 - EMC Retrospect Client buffer overflow vulnerability",
    "Overview": "EMC Retrospect Client contains a buffer overflow. This vulnerability may allow a remote attacker to execute arbitrary code on a vulnerable system.",
    "Description": "EMC Retrospect Backup and Recovery Software EMC Retrospect is a is a backup and recovery application designed for small to medium sized networks. In a typical Retrospect setup, the EMC Retrospect Client software is installed on all of the computers that require backups. The clients are then configured to listen on port 497/tcp for commands from the EMC  Retrospect Server. Note that the EMC  Backup runs with SYSTEM privileges on Windows systems and root privileges on UNIX-based systems.The Problem There is a buffer overflow in the EMC Retrospect Client. The overflow can be triggered by sending a specially crafted packet  to a system running a vulnerable version of the EMC  Retrospect Client software.Please refer to the EMC Retrospect Knowledgebase Article# [9511](http://kb.dantz.com/display/2n/articleDirect/index.asp?aid=9511) for information on affected versions of the EMC Retrospect Client software.",
    "Impact": "If a remote attacker sends a specially crafted packet to an EMC Retrospect Client installation, that attacker may be able to execute arbitrary code with elevated privileges.",
    "Solution": "UpgradeUpgrade to a patched version of the EMC Retrospect Client. A list of fixed EMC Retrospect Clients is available in EMC Retrospect Knowledgebase Article# [9511](http://kb.dantz.com/display/2n/articleDirect/index.asp?aid=9511). In addition, the following workaround may mitigate this vulnerability.Restrict accessYou may wish to block access to the vulnerable software from outside your network perimeter, specifically by blocking access to the port used by EMC  Retrospect Client (497/tcp). This will limit your exposure to attacks. However, blocking at the network perimeter would still allow attackers within the perimeter of your network to exploit the vulnerability. The use of host-based firewalls in addition to network-based firewalls can help restrict access to specific hosts within the network. It is important to understand your network's configuration and service requirements before deciding what changes are appropriate.",
    "Vendor Information": [
        {
            "Name": "EMC Software",
            "Status": "Affected",
            "Vendor Statement": "We have not received a statement from the vendor.",
            "Vendor Information": "The vendor has not provided us with any further information regarding this vulnerability.",
            "Addendum": "Refer to [http://kb.dantz.com/display/2n/articleDirect/index.asp?aid=9511](http://kb.dantz.com/display/2n/articleDirect/index.asp?aid=9511).If you have feedback, comments, or additional information about this vulnerability, please send us [email](mailto:cert@cert.org?Subject=VU%23186944 Feedback)."
        }
    ],
    "CVSS Metrics": [
        {
            "Group": "Base",
            "Score": "",
            "Vector": ""
        },
        {
            "Group": "Temporal",
            "Score": "",
            "Vector": ""
        },
        {
            "Group": "Environmental",
            "Score": "",
            "Vector": ""
        }
    ],
    "References": [
        "[http://kb.dantz.com/display/2n/articleDirect/index.asp?aid=9511](http://kb.dantz.com/display/2n/articleDirect/index.asp?aid=9511)",
        "[http://secunia.com/advisories/20080/](http://secunia.com/advisories/20080/)",
        "[http://www.securitytracker.com/alerts/2006/May/1016063.html](http://www.securitytracker.com/alerts/2006/May/1016063.html)"
    ],
    "Acknowledgements": "This issue was reported in EMC Retrospect Knowledgebase Article# 9511. EMC Insignia credits Nicolas Pouvesle from Tenable Software and Stanka \u160alamun from Acros Security with providing information regarding this issue.This document was written by Jeff Gennari.",
    "Other Information": {
        "CVE IDs:": "CVE-2006-2391",
        "Severity Metric:": "17.56",
        "Date Public:": "2006-05-11",
        "Date First Published:": "2006-05-16",
        "Date Last Updated:": "2006-05-16 18:16 UTC",
        "Document Revision:": "58"
    }
}