{
    "Title": "VU#187028 - Microsoft PowerPoint fails to properly handle malformed object pointers",
    "Overview": "Microsoft PowerPoint contains a vulnerability in the handling of malformed object pointers, which may allow a remote, unauthenticated attacker to execute arbitrary code on a vulnerable system.",
    "Description": "Microsoft PowerPoint contains a vulnerability that could be exploited when PowerPoint opens a specially crafted document.  The vulnerability is caused by incorrect handling of malformed object pointers.  This vulnerability affects both Windows and Mac versions of PowerPoint.",
    "Impact": "By convincing a user to open a specially crafted PowerPoint document, an attacker could execute arbitrary code with the privileges of the user running PowerPoint. If the user is logged in with administrative privileges, the attacker could take complete control of a vulnerable system.  This vulnerability may also cause PowerPoint to crash.",
    "Solution": "Apply an updateThis vulnerability is addressed in Microsoft Security Bulletin [MS06-058](http://www.microsoft.com/technet/security/Bulletin/MS06-058.mspx).Do not open untrusted PowerPoint documentsDo not open unfamiliar or unexpected PowerPoint or other Office documents, particularly those hosted on web sites or delivered as email attachments. Please see Cyber Security Tip [ST04-010](http://www.us-cert.gov/cas/tips/ST04-010.html).Disable automatic opening of PowerPoint documentsBy default, PowerPoint 97 and PowerPoint 2000 will configure Internet Explorer to automatically open PowerPoint documents.  This feature can be disabled by using the [Office Document Open Confirmation Tool](http://www.microsoft.com/downloads/details.aspx?familyid=8B5762D2-077F-4031-9EE6-C9538E9F2A2F&displaylang=en).  Mozilla Firefox users should disable automatic opening of files, as specified in the [Securing Your Web Browser](http://www.us-cert.gov/reading_room/securing_browser/#ffdownloadactions) document.Do not rely on file name extension filteringIn most cases, Windows will call PowerPoint to open a document even if the document has an unknown file extension.  For example, if presentation.qwer contains the correct file header information, Windows will open presentation.qwer with PowerPoint.  Filtering for common extensions (e.g., .ppt, .pot, and .pps) will not detect all PowerPoint documents.  Additionally, a PowerPoint file with no file extension will also open with the PowerPoint application.",
    "Vendor Information": [
        {
            "Name": "Microsoft Corporation"
        }
    ],
    "CVSS Metrics": [
        {
            "Group": "Base",
            "Score": "",
            "Vector": ""
        },
        {
            "Group": "Temporal",
            "Score": "",
            "Vector": ""
        },
        {
            "Group": "Environmental",
            "Score": "",
            "Vector": ""
        }
    ],
    "References": [
        "[http://www.microsoft.com/technet/security/bulletin/ms06-058.mspx](http://www.microsoft.com/technet/security/bulletin/ms06-058.mspx)",
        "[http://www.zerodayinitiative.com/advisories/ZDI-06-032.html](http://www.zerodayinitiative.com/advisories/ZDI-06-032.html)",
        "[http://www.microsoft.com/downloads/details.aspx?familyid=8B5762D2-077F-4031-9EE6-C9538E9F2A2F&displaylang=en](http://www.microsoft.com/downloads/details.aspx?familyid=8B5762D2-077F-4031-9EE6-C9538E9F2A2F&displaylang=en)"
    ],
    "Acknowledgements": "This vulnerability was reported by Microsoft, who in turn credit Arnaud Dovi.This document was written by Will Dormann.",
    "Other Information": {
        "CVE IDs:": "CVE-2006-3435",
        "Severity Metric:": "25.82",
        "Date Public:": "2006-10-10",
        "Date First Published:": "2006-10-10",
        "Date Last Updated:": "2006-10-11 13:56 UTC",
        "Document Revision:": "6"
    }
}