{
    "Title": "VU#187196 - Microsoft Windows fails to properly process showHelp URLs",
    "Overview": "A vulnerability in the [showHelp Method](http://msdn.microsoft.com/library/default.asp?url=/workshop/author/dhtml/reference/methods/showhelp.asp) may allow a remote attacker to execute arbitrary code.",
    "Description": "A cross domain vulnerability exists in the showHelp method that may permit a remote attacker to execute local commands on the system with the privileges of the current user. Explotation of this vulnerability would require the user to visit a malicious website or otherwise visit a crafted URL and then take several interactive steps. Note that Microsoft states that they have received reports that this vulnerability is being actively exploited.For full details, please see the \"showHelp Vulnerability - CAN-2003-1041\" section of Microsoft Security Bulletin [MS04-023](http://www.microsoft.com/technet/security/bulletin/ms04-023.mspx).",
    "Impact": "A remote attacker may be able to execute local commands on the system with the privileges of the current user.",
    "Solution": "Microsoft has provided a patch in Microsoft Security Bulletin [MS04-023.](http://www.microsoft.com/technet/security/bulletin/ms04-023.mspx)Microsoft recommends several workarounds to help mitigate attack vectors. These include Strengthen the security settings for the Local Machine zone in Internet Explorer, unregistering HTML Help, and reading e-mail messages in plain-text format. Please see Microsoft Security Bulletin [MS04-023](http://www.microsoft.com/technet/security/bulletin/ms04-023.mspx) for full details and impacts of implementing these workarounds.",
    "Vendor Information": [
        {
            "Name": "Microsoft Corporation"
        }
    ],
    "CVSS Metrics": [
        {
            "Group": "Base",
            "Score": "",
            "Vector": ""
        },
        {
            "Group": "Temporal",
            "Score": "",
            "Vector": ""
        },
        {
            "Group": "Environmental",
            "Score": "",
            "Vector": ""
        }
    ],
    "References": [
        "[http://www.microsoft.com/technet/security/bulletin/ms04-023.mspx](http://www.microsoft.com/technet/security/bulletin/ms04-023.mspx)"
    ],
    "Acknowledgements": "Thanks to Microsoft for reporting this vulnerability.This document was written by Jason A Rafail and is based on information from Microsoft Security Bulletin MS04-023.",
    "Other Information": {
        "CVE IDs:": "CVE-2003-1041",
        "Severity Metric:": "25.52",
        "Date Public:": "2004-07-13",
        "Date First Published:": "2004-07-14",
        "Date Last Updated:": "2004-07-14 15:36 UTC",
        "Document Revision:": "6"
    }
}