{
    "Title": "VU#187297 - ISC BIND does not correctly set default access controls",
    "Overview": "ISC (Internet Systems Consortiuim) BIND fails to properly set default access control lists. This may allow unauthorized users to make recursive querries and querry the cache.",
    "Description": "From the ISC BIND [security page](http://www.isc.org/sw/bind/bind-security.php):The default access control lists (acls) are not being correctly set. If not set anyone can make recursive queries and/or query the cache contents.Note that the BIND advisory lists BIND 9.4.0, 9.4.1, 9.5.0a1, 9.5.0a2, 9.5.0a3, 9.5.0a4, and 9.5.0a5 as the versions affected.",
    "Impact": "A remote, unauthenticated attacker may be able to cause a vulnerable DNS server perform recursion.  This could be used to perform denial-of-service attacks.  An attacker may also be able to querry the cache.",
    "Solution": "Upgrade or PatchThis issue is addressed in ISC BIND 9.2.8-P1, BIND 9.3.4-P1, BIND 9.4.1-P1 or BIND 9.5.0a6. Users who obtain BIND from their operating system vendor should see the systems affected portion of this document for a partial list of affected vendors.Workarounds for administrators of non-publicly accessisble recursive DNS servers Using firewall rules, limit access to the DNS server to authorized networks.Workarounds for administrators of publicly accessisble recursive DNS servers Rate limiting the number of external recursion requests may mitigate potential abuse of the DNS server.",
    "Vendor Information": [
        {
            "Name": "Debian GNU/Linux",
            "Status": "Affected",
            "Vendor Statement": "The Debian project has fixed this vulnerability in its stable distribution Debian GNU/Linux 4.0 in version 9.3.4-2etch1 of bind9 and in its old stable distribution Debian GNU/Linux 3.1 in version 9.2.4-1sarge3 of bind9 via Debian Security Advisory 1341 as in <[http://www.debian.org/security/2007/dsa-1341](http://www.debian.org/security/2007/dsa-1341)>",
            "Vendor Information": "The vendor has not provided us with any further information regarding this vulnerability."
        },
        {
            "Name": "Internet Software Consortium"
        }
    ],
    "CVSS Metrics": [
        {
            "Group": "Base",
            "Score": "",
            "Vector": ""
        },
        {
            "Group": "Temporal",
            "Score": "",
            "Vector": ""
        },
        {
            "Group": "Environmental",
            "Score": "",
            "Vector": ""
        }
    ],
    "References": [
        "[http://www.isc.org/sw/bind/bind-security.php](http://www.isc.org/sw/bind/bind-security.php)",
        "[http://www.netfilter.org/documentation/HOWTO/packet-filtering-HOWTO-7.html](http://www.netfilter.org/documentation/HOWTO/packet-filtering-HOWTO-7.html)"
    ],
    "Acknowledgements": "Thanks to ISC for information that was used in this report.This document was written by Ryan Giobbi.",
    "Other Information": {
        "CVE IDs:": "CVE-2007-2925",
        "Severity Metric:": "16.98",
        "Date Public:": "2007-07-24",
        "Date First Published:": "2007-07-27",
        "Date Last Updated:": "2008-06-04 21:39 UTC",
        "Document Revision:": "26"
    }
}