{
    "Title": "VU#188507 - Low BandWidth X proxy vulnerable to buffer overflow via crafted display command line option",
    "Overview": "A locally exploitable buffer overflow exists in the [Low BandWidth X proxy](http://www.xfree86.org/4.2.0/lbxproxy.1.html).",
    "Description": "The Low BandWidth X proxy is a component of [XFree86](http://www.xfree86.org) (a freely redistributable open-source implementation of the X Window System). The Low BandWidth X proxy allows applications to transparently take advantage of the Low Bandwidth extension to X (LBX). LBX allows one to make more efficient use of low bandwidth high latency communication links. Quoting from [LBX technical specifications](http://lpo.fri.uni-lj.si/doc_link/en_US/a_doc_lib/x11/specs/lbx.htm):Low Bandwidth X (LBX) is a network-transparent protocol for running X Window System applications over transport channels whose bandwidth and latency are significantly worse than that used in local area networks. It combines a variety of caching and reencoding techniques to reduce the volume of data that must be sent over the wire. It can be used with existing clients by placing a proxy between the clients and server, so that the low bandwidth/high latency communication occurs between the proxy and server.The vulnerability manifests itself in the following function:[lbxproxy/di/wire.c](http://ftp.x.org/pub/R6.4/xc/programs/lbxproxy/di/wire.c):ConnectToServer",
    "Impact": "A local attacker can execute arbitrary code with root privileges.",
    "Solution": "Apply a vendor patch.",
    "Vendor Information": [
        {
            "Name": "Hewlett-Packard Company",
            "Status": "Affected",
            "Vendor Statement": "HP has released patches to correct the buffer overflow in lbxproxy.  Since this is not a security issue on HP-UX we do not plan to issue a security bulletin.These patches corrected the lbxproxy overflow:10.20  PHSS_25293  :Xserver:11.00  PHSS_26566  :Xserver:11.11  PHSS_26577  :Xserver:11.04  PHSS_27542  :VVOS:Xserver:",
            "Vendor Information": "The vendor has not provided us with any further information regarding this vulnerability.",
            "Addendum": "The CERT/CC has no additional comments at this time.If you have feedback, comments, or additional information about this vulnerability, please send us [email](mailto:cert@cert.org?Subject=VU%23188507 Feedback)."
        },
        {
            "Name": "Sun Microsystems Inc."
        }
    ],
    "CVSS Metrics": [
        {
            "Group": "Base",
            "Score": "",
            "Vector": ""
        },
        {
            "Group": "Temporal",
            "Score": "",
            "Vector": ""
        },
        {
            "Group": "Environmental",
            "Score": "",
            "Vector": ""
        }
    ],
    "References": [
        "[http://www.eSecurityOnline.com/advisories/eSO3761.asp](http://www.eSecurityOnline.com/advisories/eSO3761.asp)",
        "[http://www.xfree86.org/4.2.0/lbxproxy.1.html](http://www.xfree86.org/4.2.0/lbxproxy.1.html)",
        "[http://lpo.fri.uni-lj.si/doc_link/en_US/a_doc_lib/x11/specs/lbx.htm](http://lpo.fri.uni-lj.si/doc_link/en_US/a_doc_lib/x11/specs/lbx.htm)",
        "[http://www.securityfocus.com/bid/4633](http://www.securityfocus.com/bid/4633)"
    ],
    "Acknowledgements": "The CERT/CC thanks Sun Microsystems for reporting this vulnerability to us.This document was written by Ian A. Finlay.",
    "Other Information": {
        "CVE IDs:": "CVE-2002-0090",
        "Severity Metric:": "7.50",
        "Date Public:": "2001-07-05",
        "Date First Published:": "2002-08-19",
        "Date Last Updated:": "2002-08-19 19:22 UTC",
        "Document Revision:": "37"
    }
}