{
    "Title": "VU#190089 - Microsoft PowerPoint malformed record vulnerability",
    "Overview": "Microsoft PowerPoint fails to properly handle malformed records.  This may allow a remote attacker to execute arbitrary code on a vulnerable system.",
    "Description": "Microsoft PowerPointMicrosoft PowerPoint is presentation software that is available on Microsoft Windows and Apple Mac platforms.PowerPoint documentsA PowerPoint document is made up of a tree of records.  These records can contain data or other records.The problemMicrosoft PowerPoint fails to properly handle malformed records.",
    "Impact": "By convincing a user to open a PowerPoint document, a remote, unauthenticated attacker may be able to execute arbitrary code on a vulnerable system with the privileges of the user.",
    "Solution": "Apply an updateThis issue is addressed in Microsoft Security Bulletin [MS06-028](http://www.microsoft.com/technet/security/bulletin/ms06-028.mspx).  Note that Windows and Mac versions of PowerPoint are affected.Do not open PowerPoint documents from untrusted sourcesBy only accessing PowerPoint documents from trusted or known sources, the chances of exploitation are reduced.",
    "Vendor Information": [
        {
            "Name": "Microsoft Corporation"
        }
    ],
    "CVSS Metrics": [
        {
            "Group": "Base",
            "Score": "",
            "Vector": ""
        },
        {
            "Group": "Temporal",
            "Score": "",
            "Vector": ""
        },
        {
            "Group": "Environmental",
            "Score": "",
            "Vector": ""
        }
    ],
    "References": [
        "[http://www.microsoft.com/technet/security/Bulletin/MS06-028.mspx](http://www.microsoft.com/technet/security/Bulletin/MS06-028.mspx)",
        "[http://secunia.com/advisories/20633/](http://secunia.com/advisories/20633/)"
    ],
    "Acknowledgements": "Thanks to Microsoft Security for reporting this vulnerability.This document was written by Will Dormann.",
    "Other Information": {
        "CVE IDs:": "CVE-2006-0022",
        "Severity Metric:": "13.67",
        "Date Public:": "2006-06-13",
        "Date First Published:": "2006-06-13",
        "Date Last Updated:": "2006-06-15 20:11 UTC",
        "Document Revision:": "3"
    }
}