{
    "Title": "VU#190366 - Gaim contains a buffer overflow vulnerability in the gaim_quotedp_decode() function",
    "Overview": "There is a buffer overflow vulnerability in the Gaim [](http://gaim.sourceforge.net/)gaim_quotedp_decode() function, which could cause a pointer to reference memory beyond the terminating null byte.",
    "Description": "[Gaim](http://gaim.sourceforge.net/) is a multi-protocol instant messenger available for a number of operating systems. It includes a feature that requires Gaim to decode MIME-encoded data.  There is a buffer overflow vulnerability in the gaim_quotedp_decode() function. This function fails to properly allocate memory for quoted printable strings, which could result in a pointer referencing a memory location beyond the terminating null byte.",
    "Impact": "An unauthenticated, remote attacker may cause a denial of service or potentially execute code of the attacker's choice.",
    "Solution": "UpgradeUpgrade to Gaim version [0.76](http://gaim.sourceforge.net/downloads.php) or later.Apply a patchThe maintainers of Gaim have supplied a [patch](http://gaim.sourceforge.net/gaim-0.75.patch) to address this vulnerability.",
    "Vendor Information": [
        {
            "Name": "Gaim"
        }
    ],
    "CVSS Metrics": [
        {
            "Group": "Base",
            "Score": "",
            "Vector": ""
        },
        {
            "Group": "Temporal",
            "Score": "",
            "Vector": ""
        },
        {
            "Group": "Environmental",
            "Score": "",
            "Vector": ""
        }
    ],
    "References": [
        "[http://security.e-matters.de/advisories/012004.html](http://security.e-matters.de/advisories/012004.html)",
        "[http://gaim.sourceforge.net/gaim-0.75.patch](http://gaim.sourceforge.net/gaim-0.75.patch)",
        "[http://www.debian.org/security/2004/dsa-434](http://www.debian.org/security/2004/dsa-434)",
        "[http://distro.conectiva.com.br/atualizacoes/?id=a&anuncio=000813](http://distro.conectiva.com.br/atualizacoes/?id=a&anuncio=000813)",
        "[http://www.secunia.com/advisories/10705/](http://www.secunia.com/advisories/10705/)"
    ],
    "Acknowledgements": "This vulnerability was publicly reported by Stefan Esser of e-matters.This document was written by Damon Morda.",
    "Other Information": {
        "CVE IDs:": "CVE-2004-0005",
        "Severity Metric:": "7.88",
        "Date Public:": "2004-01-26",
        "Date First Published:": "2004-04-30",
        "Date Last Updated:": "2004-05-06 18:20 UTC",
        "Document Revision:": "19"
    }
}