{
    "Title": "VU#191336 - Apple AirPort driver fails to properly handle probe response frames",
    "Overview": "A buffer overflow in certain Apple AirPort drivers may allow an attacker to execute arbitrary code with system privileges, or create a denial-of-service condition.",
    "Description": "[Apple Airport](http://www.apple.com/support/airport/) products are 802.11b and 802.11g compatible wireless devices that are produced by Apple. [Airport Extreme](http://www.apple.com/airportextreme/) wireless adapters are capable of joining 802.11g wireless networks.A buffer overflow vulnerability has been reported in Orinoco-based Airport drivers. An attacker within radio range may be able to trigger the overflow by sending a specially-crafted 802.11 management frame to a vulnerable system. Since [802.11b and 802.11g management frames](http://standards.ieee.org/announcements/pr_frames.html) are not encrypted, using wireless encryption (WEP/WPA) does not mitigate this vulnerability.Per [Apple](eMac,%20iBook,%20iMac,%20PowerBook%20G3,%20PowerBook%20G4,%20and%20Power%20Mac%20G4%20systems%20equipped%20with%20an%20original%20AirPort%20card.), this vulnerability affects eMac, iBook, iMac, PowerBook G3, PowerBook G4, and Power Mac G4 systems using their original wireless adapter. Airport Extreme devices and drivers are not affected by this vulnerability.",
    "Impact": "A remote, unauthenticated attacker may be able to execute arbitrary code with system privileges.",
    "Solution": "UpgradeApple has released Security Update [2006-007](http://docs.info.apple.com/article.html?artnum=304829) to address this issue.Disable wireless adaptersDisabling wireless adapters may reduce the chances of this vulnerability being exploited.Use wired networking methods until updates can be appliedUsing wired networks, such as Ethernet adapters or other extended LAN technologies, until vulnerable wireless drivers can be updated will prevent this vulnerability from being exploited.",
    "Vendor Information": [
        {
            "Name": "Apple Computer, Inc.",
            "Status": "Affected",
            "Vendor Statement": "We have not received a statement from the vendor.",
            "Vendor Information": "The vendor has not provided us with any further information regarding this vulnerability.",
            "Addendum": "See [http://docs.info.apple.com/article.html?artnum=304829](http://docs.info.apple.com/article.html?artnum=304829) for more details.If you have feedback, comments, or additional information about this vulnerability, please send us [email](mailto:cert@cert.org?Subject=VU%23191336 Feedback)."
        }
    ],
    "CVSS Metrics": [
        {
            "Group": "Base",
            "Score": "",
            "Vector": ""
        },
        {
            "Group": "Temporal",
            "Score": "",
            "Vector": ""
        },
        {
            "Group": "Environmental",
            "Score": "",
            "Vector": ""
        }
    ],
    "References": [
        "[http://secunia.com/advisories/22679/](http://secunia.com/advisories/22679/)",
        "[http://projects.info-pull.com/mokb/MOKB-01-11-2006.html](http://projects.info-pull.com/mokb/MOKB-01-11-2006.html)",
        "[http://secunia.com/advisories/23155/](http://secunia.com/advisories/23155/)",
        "[http://docs.info.apple.com/article.html?artnum=304829](http://docs.info.apple.com/article.html?artnum=304829)",
        "[http://standards.ieee.org/announcements/pr_frames.html](http://standards.ieee.org/announcements/pr_frames.html)"
    ],
    "Acknowledgements": "Thanks to HD Moore for providing information about this vulnerability.This document was written by Ryan Giobbi.",
    "Other Information": {
        "CVE IDs:": "CVE-2006-5710",
        "Severity Metric:": "0.34",
        "Date Public:": "2006-11-01",
        "Date First Published:": "2006-11-30",
        "Date Last Updated:": "2006-11-30 15:07 UTC",
        "Document Revision:": "20"
    }
}