{
    "Title": "VU#191675 - /usr/libexec/vi.recover script contains vulnerability allowing arbitrary zero-length files to be removed",
    "Overview": "The /usr/libexec/vi.recover script in OpenBSD has a vulnerability that could allow an attacker to remove arbitrary zero-length files, including device nodes.",
    "Description": "The /usr/libexec/vi.recover script in OpenBSD cleans up vi temp files and informs a user via email if a recovery file exists for an aborted vi session.  The vi.recover script is reported to contain an unspecified vulnerability that may allow the removal of arbitrary zero-length files, including device nodes.The vi.recover script in OpenBSD is a perl adaptation of a shell script from the nvi package, which is also reported to be vulnerable and may be present in other UNIX-based operating systems.This vulnerability is fixed in OpenBSD 3.1.",
    "Impact": "An attacker may be able to remove arbitrary zero-length files.  This could allow a local attacker to cause a local denial of service by removing devices or files that enable services.",
    "Solution": "Obtain a patch for your system from one the following URLs.For OpenBSD-2.9:[ftp://ftp.openbsd.org/pub/OpenBSD/patches/2.9/common/016_recover.patch](ftp://ftp.openbsd.org/pub/OpenBSD/patches/2.9/common/016_recover.patch)For OpenBSD-3.0:[ftp://ftp.openbsd.org/pub/OpenBSD/patches/3.0/common/007_recover.patch](ftp://ftp.openbsd.org/pub/OpenBSD/patches/3.0/common/007_recover.patch)Another alternative is to remove /usr/libexec/vi.recover.",
    "Vendor Information": [
        {
            "Name": "OpenBSD",
            "Status": "Affected",
            "Vendor Statement": "We have not received a statement from the vendor.",
            "Vendor Information": "The vendor has not provided us with any further information regarding this vulnerability.",
            "Addendum": "The CERT/CC has no additional comments at this time.If you have feedback, comments, or additional information about this vulnerability, please send us [email](mailto:cert@cert.org?Subject=VU%23191675 Feedback)."
        },
        {
            "Name": "Apple Computer Inc.",
            "Status": "Not Affected",
            "Vendor Statement": "Mac OS X does not ship with vi.recover.",
            "Vendor Information": "The vendor has not provided us with any further information regarding this vulnerability.",
            "Addendum": "The CERT/CC has no additional comments at this time.If you have feedback, comments, or additional information about this vulnerability, please send us [email](mailto:cert@cert.org?Subject=VU%23191675 Feedback)."
        },
        {
            "Name": "Cray Inc.",
            "Status": "Not Affected",
            "Vendor Statement": "Cray, Inc. is not vulnerable as the vi that is released with Unicos, Unicos/mk, and the MTA is based on a different version and does not contain this vulnerability.",
            "Vendor Information": "The vendor has not provided us with any further information regarding this vulnerability.",
            "Addendum": "The CERT/CC has no additional comments at this time.If you have feedback, comments, or additional information about this vulnerability, please send us [email](mailto:cert@cert.org?Subject=VU%23191675 Feedback)."
        },
        {
            "Name": "FreeBSD"
        }
    ],
    "CVSS Metrics": [
        {
            "Group": "Base",
            "Score": "",
            "Vector": ""
        },
        {
            "Group": "Temporal",
            "Score": "",
            "Vector": ""
        },
        {
            "Group": "Environmental",
            "Score": "",
            "Vector": ""
        }
    ],
    "References": [
        "[ftp://ftp.openbsd.org/pub/OpenBSD/patches/2.9/common/016_recover.patch](ftp://ftp.openbsd.org/pub/OpenBSD/patches/2.9/common/016_recover.patch)",
        "[ftp://ftp.openbsd.org/pub/OpenBSD/patches/3.0/common/007_recover.patch](ftp://ftp.openbsd.org/pub/OpenBSD/patches/3.0/common/007_recover.patch)"
    ],
    "Acknowledgements": "Thanks to Todd C. Miller for reporting this vulnerability.This document was written by Shawn Van Ittersum.",
    "Other Information": {
        "CVE IDs:": "None",
        "Severity Metric:": "0.45",
        "Date Public:": "2001-01-15",
        "Date First Published:": "2002-09-16",
        "Date Last Updated:": "2003-09-18 20:02 UTC",
        "Document Revision:": "14"
    }
}