{
    "Title": "VU#191763 - iPlanet Web Server Enterprise Edition and Netscape Enterprise Server malformed Web Publisher command causes denial-of-service",
    "Overview": "A vulnerability exists in iPlanet Web Server, Enterprise Edition and Netscape Enterprise Server in which a malformed Web Publisher command can crash the web server process.  This vulnerability only affects Windows NT based servers.",
    "Description": "[ProCheckup](http://www.procheckup.com/) has reported a vulnerability in [iPlanet Web Server, Enterprise Edition](http://www.iplanet.com/products/iplanet_web_enterprise/home_2_1_1m.html) and [Netscape Enterprise Server](http://enterprise.netscape.com/products/contentsvcs/enterprise.html) running on Windows NT based operating systems.  The iPlanet and NES servers provide a feature called [Web Publisher](http://developer.netscape.com/docs/manuals/enterprise/40/ag/eswebpub.htm).  According to NES documentation:Netscape Enterprise Server 4.0 clients can use Web Publisher to collaborate on projects by directly accessing, editing, and managing file on remote servers. Web Publisher provides sophisticated features for server clients, such as file management, editing and publishing, and access control.If Web Publishing is enabled, a malformed ?wp-html-rend command can crash the web server process.  To determine if Web Publisher is enabled, enter the following URL:http://<name of server>/publisherIf Web Publisher is enabled, a page should appear.  Note that  this vulnerability does not affect Unix systems.",
    "Impact": "An unauthenticated remote attacker can cause a denial-of-service condition by sending malformed ?wp-html-rend commands to a vulnerable server.",
    "Solution": "Disable Web PublishingiPlanet recommends disabling Web Publisher and Directory Indexing on external servers:[http://developer.netscape.com/docs/manuals/enterprise/40/ag/esapuirf.htm#1005372](http://developer.netscape.com/docs/manuals/enterprise/40/ag/esapuirf.htm#1005372)Another method for disabling Web Publisher is to use a Netscape Server Application Programming Interface (NSAPI) Server Application Function (SAF):[http://knowledgebase.iplanet.com/ikb/kb/articles/7761.html](http://knowledgebase.iplanet.com/ikb/kb/articles/7761.html)Filter HTTP TrafficIt may be possible to use an application layer filter to detect and block HTTP requests containing the ?wp-html-rend command.",
    "Vendor Information": [
        {
            "Name": "Netscape",
            "Status": "Affected",
            "Vendor Statement": "Netscape Enterprise Server 3.x and iPlanet Web Server 4.x running on Windows NT based operating systems with Web Publisher enabled are vulnerable.",
            "Vendor Information": "The vendor has not provided us with any further information regarding this vulnerability.",
            "Addendum": "The CERT/CC has no additional comments at this time.If you have feedback, comments, or additional information about this vulnerability, please send us [email](mailto:cert@cert.org?Subject=VU%23191763 Feedback)."
        },
        {
            "Name": "iPlanet",
            "Status": "Affected",
            "Vendor Statement": "Netscape Enterprise Server 3.x and iPlanet Web Server 4.x running on Windows NT based operating systems with Web Publisher enabled are vulnerable.",
            "Vendor Information": "The vendor has not provided us with any further information regarding this vulnerability.",
            "Addendum": "The CERT/CC has no additional comments at this time.If you have feedback, comments, or additional information about this vulnerability, please send us [email](mailto:cert@cert.org?Subject=VU%23191763 Feedback)."
        }
    ],
    "CVSS Metrics": [
        {
            "Group": "Base",
            "Score": "",
            "Vector": ""
        },
        {
            "Group": "Temporal",
            "Score": "",
            "Vector": ""
        },
        {
            "Group": "Environmental",
            "Score": "",
            "Vector": ""
        }
    ],
    "References": [
        "[http://www.procheckup.com/vuln.html](http://www.procheckup.com/vuln.html)",
        "[http://knowledgebase.iplanet.com/ikb/kb/articles/7761.html](http://knowledgebase.iplanet.com/ikb/kb/articles/7761.html)",
        "[http://developer.netscape.com/docs/manuals/enterprise/40/ag/eswebpub.htm](http://developer.netscape.com/docs/manuals/enterprise/40/ag/eswebpub.htm)",
        "[http://enterprise.netscape.com/docs/enterprise/60/admin/esintro.htm#1009005](http://enterprise.netscape.com/docs/enterprise/60/admin/esintro.htm#1009005)"
    ],
    "Acknowledgements": "The CERT Coordination Center thanks ProCheckup for information used in this document.This document was written by Art Manion.",
    "Other Information": {
        "CVE IDs:": "None",
        "Severity Metric:": "4.50",
        "Date Public:": "2002-01-08",
        "Date First Published:": "2002-01-08",
        "Date Last Updated:": "2002-01-09 19:25 UTC",
        "Document Revision:": "23"
    }
}