{
    "Title": "VU#191750 - ASUS Wireless Router products contain a static DNS entry",
    "Overview": "The ASUS WL-330NUL Pocket Wifi router and possibly other products contain a static DNS entry to the device's configuration pages.",
    "Description": "The ASUS WL-330NUL Pocket Wifi router and possibly other products contain static DNS entries to the device's configuration pages. The documentation advises users to configure the device via the provided URL of www.asusnetwork .net. The device has a statically configured DNS entry for this site that directs the browser to the IP address of 192.168.1.1.  If a user is not connected to an ASUS device, accessing this website in lieu of entering their router's IP address may lead the victim to a malicious site that may contain malware.  At the time of publication, asusnetwork .net redirects to a site serving malware.",
    "Impact": "The user may be redirected to an untrusted page that contains malware which can potentially compromise their machine.",
    "Solution": "Apply an UpdateAsus has provided a fix for this issue.  Users are advised to go to the [Asus Support Page](http://support.asus.com/download/options.aspx?SLanguage=en) and download updated firmware for their device.Use the static IP of your routerUse the static IP address of your router (generally 192.168.1.1) in your browser instead of Asus' provided URL.",
    "Vendor Information": [
        {
            "Name": "AsusTek Computer Inc.",
            "Status": "Affected",
            "Vendor Statement": "We have not received a statement from the vendor.",
            "Vendor Information": "We are not aware of further vendor information regarding this vulnerability."
        }
    ],
    "CVSS Metrics": [
        {
            "Group": "Base",
            "Score": "5",
            "Vector": "AV:N/AC:L/Au:N/C:N/I:P/A:N"
        },
        {
            "Group": "Temporal",
            "Score": "3.7",
            "Vector": "E:U/RL:OF/RC:C"
        },
        {
            "Group": "Environmental",
            "Score": "0.9",
            "Vector": "CDP:ND/TD:L/CR:ND/IR:ND/AR:ND"
        }
    ],
    "References": [
        "[http://www.asus.com/us/Networking/Wireless_Routers_Products/](http://www.asus.com/us/Networking/Wireless_Routers_Products/)"
    ],
    "Acknowledgements": "Thanks to the reporter who wishes to remain anonymous.This document was written by Adam Rauf.",
    "Other Information": {
        "CVE IDs:": "None",
        "Date Public:": "2013-11-25",
        "Date First Published:": "2014-01-13",
        "Date Last Updated:": "2016-05-11 19:48 UTC",
        "Document Revision:": "37"
    }
}