{
    "Title": "VU#192052 - Adobe Flash Player contains unspecified code execution vulnerability",
    "Overview": "Adobe Flash contains a vulnerability that can allow a remote, unauthenticated attacker to execute arbitrary code on a vulnerable system.",
    "Description": "The following versions of Adobe Flash versions contain an unspecified vulnerability that can result in memory corruption:Adobe Flash Player 10.2.152.33 and earlier versions for Windows, Macintosh, Linux and Solaris operating systemsAdobe Flash Player 10.2.154.18 and earlier for Google Chrome usersAdobe Flash Player 10.1.106.16 and earlier for AndroidThe Authplay.dll component that ships with Adobe Reader and Acrobat X (10.0.1) and earlier 10.x and 9.x versions for Windows and Macintosh operating systems.This vulnerability is being actively exploited in the wild.Any application that supports Flash or provides its own runtime may be vulnerable.  Updating Flash Player does not update the Flash runtime included in those products.  Note that separate instances of Flash are provided in a variety of Adobe products, including Adobe Reader and Acrobat.  Adobe states that Adobe Reader 9.x for UNIX, Adobe Reader for Android, and Adobe Reader and Acrobat 8.x are not affected by this issue.",
    "Impact": "By convincing a user to view a specially crafted HTML document (e.g., a web page or an HTML email message or attachment), PDF file, Microsoft Office document, or any other document that supports embedded SWF content, an attacker may be able to execute arbitrary code.",
    "Solution": "Apply an updateThis issue is addressed in Adobe Security Bulletin [APSB11-05](http://www.adobe.com/support/security/bulletins/apsb11-05.html). This bulletin describes Flash Player 10.2.153.1 for Windows, Macintosh, Linux, and Solaris, which addresses this issue. [Adobe Reader X 10.0.2](http://www.adobe.com/support/security/bulletins/apsb11-06.html), which contains Flash 10.2.153.1[Flash Player for Android](market://details?id=com.adobe.flashplayer), which contains Flash 10.2.156.12, and [Google Chrome](http://googlechromereleases.blogspot.com/2011/03/stable-and-beta-channel-updates_15.html) 10.0.648.134, which contains Flash 10.2.153.1, have also been released.WorkaroundsAdobe has published an advisory detailing several potential workarounds for this vulnerability.  More details are available in Adobe Security Advisory [APSA11-01](http://www.adobe.com/support/security/advisories/apsa11-01.html).Disable Flash in your web browserDisable Flash or selectively enable Flash content as described in [Securing Your Web Browser](http://www.us-cert.gov/reading_room/securing_browser/).Disable Flash and 3D & Multimedia support in Adobe Reader 9 and laterFlash and 3D & Multimedia support are implemented as plug-in libraries in Adobe Reader. Disabling Flash in Adobe Reader will only mitigate attacks that use an SWF embedded in a PDF file. Disabling 3D & Multimedia support does not directly address the vulnerability, but it does provide additional mitigation and results not in a crash but in a more user-friendly error message.To disable Flash and 3D & Multimedia support in Adobe Reader 9 on Microsoft Windows, delete or rename these files:\"%ProgramFiles%\\Adobe\\Reader 9.0\\Reader\\authplay.dll\"\"%ProgramFiles%\\Adobe\\Reader 9.0\\Reader\\rt3d.dll\"For Apple Mac OS X, delete or rename these files:\"/Applications/Adobe Reader 9/Adobe Reader.app/Contents/Frameworks/AuthPlayLib.bundle\"\"/Applications/Adobe Reader 9/Adobe Reader.app/Contents/Frameworks/Adobe3D.framework\"For GNU/Linux, delete or rename these files (locations may vary among distributions):\"/opt/Adobe/Reader9/Reader/intellinux/lib/libauthplay.so\"\"/opt/Adobe/Reader9/Reader/intellinux/lib/librt3d.so\"NOTE: Adobe states that this particular vulnerability does not affect the authplay component supplied with Reader for Linux.  The steps listed above are being provided for users who wish to proactively disable the 3D and multimedia support in the version of Reader for Linux.For versions of Adobe Reader newer than 9, please adjust the above file paths accordingly. File locations may be different for Adobe Acrobat or other Adobe products that include Flash and 3D & Multimedia support. Disabling these plug-ins will reduce functionality and will not protect against SWF files hosted on websites. Depending on the update schedule for products other than Flash Player, consider leaving Flash and 3D & Multimedia support disabled unless they are absolutely required.Remove FlashAdobe has provided a [TechNote](http://kb2.adobe.com/cps/141/tn_14157.html) with utilities for uninstalling the Flash Player plug-in and ActiveX control on Windows and Mac OS X systems. Removing these components can mitigate the web browser attack vector for this vulnerability. Note that this will not remove the instances of Flash Player that are installed with Adobe Reader or other Adobe products.Disable JavaScript in Adobe Reader and AcrobatDisabling JavaScript can help mitigate some techniques that use Adobe Reader as an attack vector.To disable JavaScript in Adobe Reader:Open Adobe Acrobat Reader.Open the Edit menu.Choose the Preferences... option.Choose the JavaScript section.Uncheck the Enable Acrobat JavaScript checkbox.Disabling JavaScript will not resolve the vulnerabilities, it will only disable the vulnerable JavaScript component. When JavaScript is disabled, Adobe Reader and Acrobat prompt to re-enable JavaScript when opening a PDF that contains JavaScript.Prevent Internet Explorer from automatically opening PDF documentsThe installer for Adobe Reader and Acrobat configures Internet Explorer to automatically open PDF files without any user interaction.  This behavior can be reverted to the safer option of prompting the user by importing the following as a .REG file:Windows Registry Editor Version 5.00[HKEY_CLASSES_ROOT\\AcroExch.Document.7]\"EditFlags\"=hex:00,00,00,00Disable the displaying of PDF documents in the web browserPreventing PDF documents from opening inside a web browser reduces the attack surface. If this workaround is applied to updated versions of Adobe Reader and Acrobat, it may protect against future vulnerabilities.To prevent PDF documents from automatically opening in a web browser with Adobe Reader:Open Adobe Acrobat Reader.Open the Edit menu.Choose the Preferences... option.Choose the Internet section.Uncheck the Display PDF in browser checkbox.Enable DEP in Microsoft WindowsConsider enabling Data Execution Prevention (DEP) in supported versions of Windows. DEP should not be treated as a complete workaround, but it can mitigate the execution of attacker-supplied code in some cases. Microsoft has published detailed technical information about DEP in Security Research & Defense blog posts \"Understanding DEP as a mitigation technology\" [part 1](http://blogs.technet.com/srd/archive/2009/06/05/understanding-dep-as-a-mitigation-technology-part-1.aspx) and [part 2](http://blogs.technet.com/srd/archive/2009/06/12/understanding-dep-as-a-mitigation-technology-part-2.aspx). DEP should be used in conjunction with the application of patches or other mitigations described in this document.",
    "Vendor Information": [
        {
            "Name": "Adobe"
        }
    ],
    "CVSS Metrics": [
        {
            "Group": "Base",
            "Score": "",
            "Vector": ""
        },
        {
            "Group": "Temporal",
            "Score": "",
            "Vector": ""
        },
        {
            "Group": "Environmental",
            "Score": "",
            "Vector": ""
        }
    ],
    "References": [
        "[http://www.adobe.com/support/security/advisories/apsa11-01.html](http://www.adobe.com/support/security/advisories/apsa11-01.html)",
        "[http://blogs.technet.com/b/mmpc/archive/2011/03/17/a-technical-analysis-on-the-cve-2011-0609-adobe-flash-player-vulnerability.aspx](http://blogs.technet.com/b/mmpc/archive/2011/03/17/a-technical-analysis-on-the-cve-2011-0609-adobe-flash-player-vulnerability.aspx)",
        "[http://bugix-security.blogspot.com/2011/03/cve-2011-0609-adobe-flash-player.html](http://bugix-security.blogspot.com/2011/03/cve-2011-0609-adobe-flash-player.html)",
        "[http://www.adobe.com/support/security/bulletins/apsb11-05.html](http://www.adobe.com/support/security/bulletins/apsb11-05.html)",
        "[http://www.adobe.com/support/security/bulletins/apsb11-06.html](http://www.adobe.com/support/security/bulletins/apsb11-06.html)"
    ],
    "Acknowledgements": "Thanks to Adobe for reporting this vulnerability.This document was written by Chad Dougherty.",
    "Other Information": {
        "CVE IDs:": "CVE-2011-0609",
        "Severity Metric:": "32.81",
        "Date Public:": "2011-03-14",
        "Date First Published:": "2011-03-15",
        "Date Last Updated:": "2011-03-22 11:56 UTC",
        "Document Revision:": "31"
    }
}