{
    "Title": "VU#192038 - CVS contains a heap overflow in the handling of flag insertion",
    "Overview": "A heap overflow vulnerability in the Concurrent Versions System (CVS) could allow a remote attacker to execute arbitrary code on a vulnerable system.",
    "Description": "CVS is a source code maintenance system that is widely used by open-source software development projects. There is a heap memory overflow vulnerability in the way CVS handles the insertion of modified and unchanged flags within entry lines. When processing an entry line, an additional byte of memory is allocated to flag the entry as modified or unchanged. There is a failure to check if a byte has been previously allocated for the flag, which creates an off-by-one buffer overflow. By calling a vulnerable function several times and inserting specific characters into the entry lines, a remote attacker could overwrite multiple blocks of memory. The CVS server process is commonly started by the Internet services daemon (inetd) and run with root privileges.According to the [e-matters security advisory](http://security.e-matters.de/advisories/072004.html), the following versions are affected:CVS feature release <= 1.12.7CVS stable release <= 1.11.15",
    "Impact": "An attacker could exploit this vulnerability to execute arbitrary code, execute commands, read sensitive information, or cause a denial of service. Any client with the ability to create entry lines could exploit this vulnerability. It is possible for an anonymous user with read-only access to exploit this vulnerability against a vulnerable server. In addition to compromising the system running CVS, there is a significant secondary impact in that source code maintained in CVS repositories could be modified to include trojan horses, backdoors, or other malicious code.",
    "Solution": "Apply a patch or upgradeApply the appropriate patch or upgrade as specified by your vendor. This issue has been resolved in Stable CVS Version [1.11.16](https://ccvs.cvshome.org/servlets/NewsItemView?newsitemID=107) and CVS Feature Version [1.12.8](http://ccvs.cvshome.org/servlets/NewsItemView?newsitemID=108).Disable the CVS serverUntil patches are available and can be applied, consider disabling the CVS server.Block or restrict accessBlock or restrict access to the CVS server from untrusted hosts and networks. The CVS server typically listens on 2401/tcp, but it may use another port or protocol.Limit the CVS server privilegesConfigure CVS server to run in a restricted (chroot) environment.Run CVS servers with the minimum set of privileges required on the host file system.Provide separate systems for development (write) and public/anonymous (read-only) CVS access.Host public/anonymous CVS servers on single-purpose, secured systems.Note that some of these workarounds will only limit the scope and impact of possible attacks.",
    "Vendor Information": [
        {
            "Name": "CVS Home"
        }
    ],
    "CVSS Metrics": [
        {
            "Group": "Base",
            "Score": "",
            "Vector": ""
        },
        {
            "Group": "Temporal",
            "Score": "",
            "Vector": ""
        },
        {
            "Group": "Environmental",
            "Score": "",
            "Vector": ""
        }
    ],
    "References": [
        "[http://security.e-matters.de/advisories/072004.html](http://security.e-matters.de/advisories/072004.html)",
        "[http://secunia.com/advisories/11641/](http://secunia.com/advisories/11641/)",
        "[http://www.securitytracker.com/alerts/2004/May/1010208.html](http://www.securitytracker.com/alerts/2004/May/1010208.html)",
        "[http://www.netsys.com/library/papers/chrooted-ssh-cvs-server.txt ](http://www.netsys.com/library/papers/chrooted-ssh-cvs-server.txt )"
    ],
    "Acknowledgements": "This vulnerability was reported by Stefan Esser of e-matters.This document was written by Damon Morda and Jason A Rafail, and is based on information contained in the e-matters security advisory.",
    "Other Information": {
        "CVE IDs:": "CVE-2004-0396",
        "Severity Metric:": "37.13",
        "Date Public:": "2004-05-19",
        "Date First Published:": "2004-05-19",
        "Date Last Updated:": "2004-07-13 14:22 UTC",
        "Document Revision:": "34"
    }
}