{
    "Title": "VU#193347 - HP Tru64 UNIX contains buffer overflow in libc libraries (SSRT2257)",
    "Overview": "The HP Tru64 Unix operating system contains multiple buffer overflow vulnerabilities.",
    "Description": "A vulnerability exists in the way in which the libc libraries handle environment variables in the  [HP Tru64 UNIX](http://www.tru64unix.compaq.com/) operating system. As a result, local attackers may be able to execute arbitrary code with elevated privileges, using several different binaries that make use of the vulnerable library. For more information, please see [SSRT2257](http://ftp.support.compaq.com/patches/public/Readmes/unix/duv40fb18-c0067403-14947-es-20020730.README).[](http://ftp.support.compaq.com/patches/.new/html/SSRT-541.shtml)",
    "Impact": "Local attackers can execute arbitrary code with elevated privileges.",
    "Solution": "Apply a patch. You may also wish to see the following douments.HP Tru64 UNIX 5.1A:README:  T64V51AB2-C0041400-14950-ES-20020730Location:  [ftp://ftp1.support.compaq.com/public/unix/v5.1a/](ftp://ftp1.support.compaq.com/public/unix/v5.1a/)HP Tru64 UNIX 5.1:README: T64V51B19-C0136900-14951-ES-20020730Location:   [ftp://ftp1.support.compaq.com/public/unix/v5.1/](ftp://ftp1.support.compaq.com/public/unix/v5.1/)HP Tru64 UNIX 5.0A:README: T64V50AB17-C0018404-14949-ES-20020730Location:  [ftp://ftp1.support.compaq.com/public/unix/v5.0a/](ftp://ftp1.support.compaq.com/public/unix/v5.0a/)HP Tru64 UNIX 4.0G:README:  T64V40GB17-C0010404-14948-ES-20020730Location:  [ftp://ftp1.support.compaq.com/public/unix/v4.0g/](ftp://ftp1.support.compaq.com/public/unix/v4.0g/)HP Tru64 UNIX 4.0F:README: DUV40FB18-C0067403-14947-ES-20020730Location:  [ftp://ftp1.support.compaq.com/public/unix/v4.0f/](ftp://ftp1.support.compaq.com/public/unix/v4.0f/)",
    "Vendor Information": [
        {
            "Name": "Hewlett-Packard Company"
        }
    ],
    "CVSS Metrics": [
        {
            "Group": "Base",
            "Score": "",
            "Vector": ""
        },
        {
            "Group": "Temporal",
            "Score": "",
            "Vector": ""
        },
        {
            "Group": "Environmental",
            "Score": "",
            "Vector": ""
        }
    ],
    "References": [
        "[http://ftp.support.compaq.com/patches/public/Readmes/unix/duv40fb18-c0067403-14947-es-20020730.README](http://ftp.support.compaq.com/patches/public/Readmes/unix/duv40fb18-c0067403-14947-es-20020730.README)"
    ],
    "Acknowledgements": "The CERT/CC thanks the Hewlett-Packard company for their assistance in creating this document. These vulnerabilities were discovered by SNOsoft.This document was written by Ian A Finlay.",
    "Other Information": {
        "CVE IDs:": "None",
        "Severity Metric:": "13.13",
        "Date Public:": "2002-04-17",
        "Date First Published:": "2002-08-30",
        "Date Last Updated:": "2002-09-03 15:04 UTC",
        "Document Revision:": "18"
    }
}