{
    "Title": "VU#193529 - Dell KACE K2000 Appliance contains multiple reflected cross-site scripting vulnerabilities",
    "Overview": "The administrative web interface for the Dell KACE K2000 System Deployment Appliance contains multiple cross-site scripting vulnerabilities.",
    "Description": "The Dell KACE K2000 Deployment Appliance is an integrated systems provisioning product for large-scale operating systems deployment.  Several components that support the administrative web interface supplied with the system are vulnerable to reflected (i.e., non-persistent) script injection.A malicious link supplied by the attacker (e.g., in email or another web page) can cause the vulnerable web server to reflect injected code back to the user's browser, where it is executed in the context of the affected site. The vulnerable components require the victim user to be authenticated to the affected system in order for the attacker's script to be executed.",
    "Impact": "A remote attacker may be able to access the cookies, session tokens, or other sensitive information of a user authenticated to the affected system.",
    "Solution": "We are currently unaware of a practical solution to this problem.",
    "Vendor Information": [
        {
            "Name": "Dell Computer Corporation, Inc.",
            "Status": "Affected",
            "Vendor Statement": "We have not received a statement from the vendor.",
            "Vendor Information": "We are not aware of further vendor information regarding this vulnerability."
        }
    ],
    "CVSS Metrics": [
        {
            "Group": "Base",
            "Score": "",
            "Vector": ""
        },
        {
            "Group": "Temporal",
            "Score": "",
            "Vector": ""
        },
        {
            "Group": "Environmental",
            "Score": "",
            "Vector": ""
        }
    ],
    "References": [
        "[http://www.kace.com/support/kb/index.php?action=artikel&id=1120&artlang=en](http://www.kace.com/support/kb/index.php?action=artikel&id=1120&artlang=en)"
    ],
    "Acknowledgements": "Thanks to Tenable Network Security for reporting this vulnerability.This document was written by Chad Dougherty.",
    "Other Information": {
        "CVE IDs:": "None",
        "Severity Metric:": "0.75",
        "Date Public:": "2011-11-03",
        "Date First Published:": "2011-11-08",
        "Date Last Updated:": "2011-11-08 20:02 UTC",
        "Document Revision:": "15"
    }
}