{
    "Title": "VU#194238 - Apple Mac OS X Safari fails to properly display URLs in the status bar",
    "Overview": "Apple Mac OS X Safari fails to properly display URLs in the status bar.",
    "Description": "Safari is a web browser for the Macintosh platform. There is an unspecified vulnerability in the way Safari displays URLs in the status bar.",
    "Impact": "The complete impact of this vulnerability is not yet known.",
    "Solution": "Apply PatchApple has released a patch to address this vulnerability.  For further details, please see the [Apple Security Advisory](http://www.apple.com/support/security/security_updates.html) (Security Update 2004-02-23).",
    "Vendor Information": [
        {
            "Name": "Apple Computer Inc."
        }
    ],
    "CVSS Metrics": [
        {
            "Group": "Base",
            "Score": "",
            "Vector": ""
        },
        {
            "Group": "Temporal",
            "Score": "",
            "Vector": ""
        },
        {
            "Group": "Environmental",
            "Score": "",
            "Vector": ""
        }
    ],
    "References": [
        "[http://www.apple.com/support/security/security_updates.html](http://www.apple.com/support/security/security_updates.html)",
        "[http://secunia.com/advisories/10959/](http://secunia.com/advisories/10959/)"
    ],
    "Acknowledgements": "This vulnerability was reported by Apple.This document was written by Damon Morda.",
    "Other Information": {
        "CVE IDs:": "CVE-2004-0166",
        "Date Public:": "2004-02-24",
        "Date First Published:": "2004-02-25",
        "Date Last Updated:": "2004-02-25 18:29 UTC",
        "Document Revision:": "10"
    }
}