{
    "Title": "VU#194505 - Symantec AppStream LaunchObj ActiveX control vulnerable to arbitrary code download and execution",
    "Overview": "The Symantec AppStream LaunchObj ActiveX control contains methods that can be used to download and execute arbitrary code.",
    "Description": "Symantec AppStream is an application deployment framework for Microsoft Windows. One of the components of the AppStream Windows Client is an ActiveX control that is provided by launcher.dll. This ActiveX control is marked Safe for Scripting in Internet Explorer and contains a number of unsafe methods, such as installAppMgr(), which can be used to download and execute arbitrary code.",
    "Impact": "By convincing a user to view a specially crafted HTML document (e.g., a web page or an HTML email message or attachment), an attacker may be able to execute arbitrary code with the privileges of the user.",
    "Solution": "Apply an updateThis issue is resolved in the Symantec AppStream Client 5.2.2 SP3 MP1. This version of the client software provides version 5.2.2.865 of the LaunchObj ActiveX control, which performs additional validation of downloaded files. Please see Symantec Advisory [SYM09-001](http://www.symantec.com/avcenter/security/Content/2009.01.15.html) for more details.Disable the LaunchObj ActiveX control in Internet ExplorerThe vulnerable ActiveX control can be disabled in Internet Explorer by setting the kill bit for the following CLSID:{3356DB7C-58A7-11D4-AA5C-006097314BF8}More information about how to set the kill bit is available in [Microsoft Support Document 240797](http://support.microsoft.com/kb/240797).  Alternatively, the following text can be saved as a .REG file and imported to set the kill bit for this control:Windows Registry Editor Version 5.00[HKEY_LOCAL_MACHINE\\SOFTWARE\\Microsoft\\Internet Explorer\\ActiveX Compatibility\\{3356DB7C-58A7-11D4-AA5C-006097314BF8}]\"Compatibility Flags\"=dword:00000400Disable ActiveXDisabling ActiveX controls in the Internet Zone (or any zone used by an attacker) appears to prevent exploitation of this and other ActiveX vulnerabilities. Instructions for disabling ActiveX in the Internet Zone can be found in the \"[Securing Your Web Browser](http://www.us-cert.gov/reading_room/securing_browser/#Internet_Explorer)\" document.",
    "Vendor Information": [
        {
            "Name": "Symantec, Inc.",
            "Status": "Affected",
            "Vendor Statement": "We have not received a statement from the vendor.",
            "Vendor Information": "The vendor has not provided us with any further information regarding this vulnerability.",
            "Addendum": "This issue is resolved in the Symantec AppStream Client 5.2.2 SP3 MP1. Please see Symantec Advisory [SYM09-001](http://www.symantec.com/avcenter/security/Content/2009.01.15.html) for more details.If you have feedback, comments, or additional information about this vulnerability, please send us [email](mailto:cert@cert.org?Subject=VU%23194505 Feedback)."
        }
    ],
    "CVSS Metrics": [
        {
            "Group": "Base",
            "Score": "0",
            "Vector": "AV:--/AC:--/Au:--/C:--/I:--/A:--"
        },
        {
            "Group": "Temporal",
            "Score": "0",
            "Vector": "E:Not Defined (ND)/RL:Not Defined (ND)/RC:Not Defined (ND)"
        },
        {
            "Group": "Environmental",
            "Score": "0",
            "Vector": "CDP:Not Defined (ND)/TD:Not Defined (ND)/CR:Not Defined (ND)/IR:Not Defined (ND)/AR:Not Defined (ND)"
        }
    ],
    "References": [
        "[http://www.symantec.com/avcenter/security/Content/2009.01.15.html](http://www.symantec.com/avcenter/security/Content/2009.01.15.html)",
        "[http://support.microsoft.com/kb/240797](http://support.microsoft.com/kb/240797)"
    ],
    "Acknowledgements": "This vulnerability was reported by Will Dormann of the CERT/CC.This document was written by Will Dormann.",
    "Other Information": {
        "CVE IDs:": "CVE-2008-4388",
        "Severity Metric:": "5.68",
        "Date Public:": "2009-01-15",
        "Date First Published:": "2009-01-15",
        "Date Last Updated:": "2009-01-15 19:25 UTC",
        "Document Revision:": "10"
    }
}