{
    "Title": "VU#194604 - IBM Power 5 Service Processor privilege escalation vulnerability",
    "Overview": "IBM Power 5 Service Processor contain a vulnerability which could allow an attacker to operate with elevated privileges.",
    "Description": "IBM's [security advisory](http://aix.software.ibm.com/aix/efixes/security/squadrons_advisory.asc) states, \"A security issue has been identified on IBM Power 5 Systems such that the firewall code does not get executed in certain network configurations leading to elevated privilege. The issue only exists on Service Processor for IBM Power 5 Systems listed below and has not been found to exist in any other IBM System.\"",
    "Impact": "An attacker with access to the IBM Power 5 Service Processor could escalate their privileges allowing them to \u00a0to perform administrative functions on the system.",
    "Solution": "UpdateThe vendor has stated that this vulnerability has been address in SF240_418_382. Users are advised to upgrade to SF240_418_382 or higher. The fix can be obtained from FixCentral by providing the MTM and current fix level.IBM's [security advisory](http://aix.software.ibm.com/aix/efixes/security/squadrons_advisory.asc) states the following workaround, \"Configure (any) Static IP addresses on at least one Ethernet interface of the IBM Service processor.\"",
    "Vendor Information": [
        {
            "Name": "IBM Corporation",
            "Status": "Affected",
            "Vendor Statement": "We have not received a statement from the vendor.",
            "Vendor Information": "We are not aware of further vendor information regarding this vulnerability."
        }
    ],
    "CVSS Metrics": [
        {
            "Group": "Base",
            "Score": "7.9",
            "Vector": "AV:A/AC:M/Au:N/C:C/I:C/A:C"
        },
        {
            "Group": "Temporal",
            "Score": "6.2",
            "Vector": "E:POC/RL:OF/RC:C"
        },
        {
            "Group": "Environmental",
            "Score": "1.8",
            "Vector": "CDP:LM/TD:L/CR:ND/IR:ND/AR:ND"
        }
    ],
    "References": [
        "[http://aix.software.ibm.com/aix/efixes/security/squadrons_advisory.asc](http://aix.software.ibm.com/aix/efixes/security/squadrons_advisory.asc)"
    ],
    "Acknowledgements": "Thanks to Brian Smith for reporting this vulnerability.This document was written by Michael Orlando.",
    "Other Information": {
        "CVE IDs:": "CVE-2012-4856",
        "Date Public:": "2012-11-19",
        "Date First Published:": "2012-12-12",
        "Date Last Updated:": "2013-01-02 13:43 UTC",
        "Document Revision:": "15"
    }
}