{
    "Title": "VU#194753 - IBM Tivoli Directory Server may allow unauthorized access",
    "Overview": "IBM Tivoli Directory Server may allow unauthorized access to change, modify, and/or delete directory data under certain circumstances.",
    "Description": "The[ IBM Tivoli Directory Server](http://www-306.ibm.com/software/tivoli/products/directory-server/) product is described as:IBM Tivoli Directory Server provides a powerful Lightweight Directory Access Protocol (LDAP) identity infrastructure that is the foundation for deploying comprehensive identity management applications and advanced software architectures like Web services.The Tivoli Directory Server may allow unauthorized access enabling attackers to manipulate directory data that they should not be able to access or change.  Additional details about the underlying cause of the vulnerability are not available.",
    "Impact": "An attacker may be able to access, delete, modify, or change directory data.",
    "Solution": "Apply an updatePlease reference the [IBM Security Vulnerability note](http://www-1.ibm.com/support/docview.wss?uid=swg21221665) on this issue for information on updates, fixes, and workarounds.Use SSL communication and authenticationEnabling SSL-only communication and SSL Client-Server authentication is believed to mitigate the flaw being exposed, although all customers are urged to apply the updates.",
    "Vendor Information": [
        {
            "Name": "IBM Corporation",
            "Status": "Affected",
            "Vendor Statement": "INTRODUCTIONA potential security vulnerability has been identified by IBM for theIBM Tivoli Directory Server (ITDS), version 5.2.0 and 6.0.0.LAST UPDATEThis information has been updated as of November 7th, 2005STATUSIBM has identified a vulnerability that would allow unauthorized accessto change, modify and/or delete directory data stored in IBM TivoliDirectory Server.  While it is not believed that this vulnerabilityexists when the IBM Tivoli Directory Server is set to use SSL only andSSL Client Server authentication, IBM strongly recommends that allcustomers update their installation with the correct fix.Customers are strongly recommended to apply the appropriate fix as soonas possible.Please refer to the following link for more information:[http://www-1.ibm.com/support/docview.wss?uid=swg21221665](http://www-1.ibm.com/support/docview.wss?uid=swg21221665)QUESTIONSFor any questions, support can be obtained through the following means:?Local call center -  A list of country-specific phone numbers can befound at:[http://techsupport.services.ibm.com/guides/contacts.html](http://techsupport.services.ibm.com/guides/contacts.html)?Create PMR through the online support page:[http://www-306.ibm.com/software/support/probsub.html](http://www-306.ibm.com/software/support/probsub.html)Please refer to [http://www-3.ibm.com/software/sysmgmt/products/support/](http://www-3.ibm.com/software/sysmgmt/products/support/)for information regarding these options.",
            "Vendor Information": "The vendor has not provided us with any further information regarding this vulnerability.",
            "Addendum": "Please reference the [IBM Security Vulnerability note](http://www-1.ibm.com/support/docview.wss?uid=swg21221665) on this issue for information on updates, fixes, and workarounds.If you have feedback, comments, or additional information about this vulnerability, please send us [email](mailto:cert@cert.org?Subject=VU%23194753 Feedback)."
        },
        {
            "Name": "IBM eServer",
            "Status": "Unknown",
            "Vendor Statement": "We have not received a statement from the vendor.",
            "Vendor Information": "The vendor has not provided us with any further information regarding this vulnerability."
        }
    ],
    "CVSS Metrics": [
        {
            "Group": "Base",
            "Score": "",
            "Vector": ""
        },
        {
            "Group": "Temporal",
            "Score": "",
            "Vector": ""
        },
        {
            "Group": "Environmental",
            "Score": "",
            "Vector": ""
        }
    ],
    "References": [
        "[http://www-1.ibm.com/support/docview.wss?uid=swg21221665](http://www-1.ibm.com/support/docview.wss?uid=swg21221665)",
        "[http://secunia.com/advisories/17484/](http://secunia.com/advisories/17484/)"
    ],
    "Acknowledgements": "Thanks to IBM for reporting this vulnerability.This document was written by Ken MacInnis.",
    "Other Information": {
        "CVE IDs:": "None",
        "Severity Metric:": "17.93",
        "Date Public:": "2005-11-09",
        "Date First Published:": "2005-11-17",
        "Date Last Updated:": "2005-12-08 15:33 UTC",
        "Document Revision:": "10"
    }
}