{
    "Title": "VU#195371 - SGI IRIX rpc.xfsmd does not filter shell metacharacters from user input before invoking popen() function",
    "Overview": "The XFS journaling filesystem daemon uses a call to popen(3) with unfiltered client-controlled input. This will lead to arbitrary command execution on remote systems.",
    "Description": "XFS is a 64-bit compliant journaling file system. The XFS journaling filesystem daemon (xfsmd) on SGI systems uses a call to popen(3) with unfiltered client-controlled input. As mentioned in [VU#20276](http://www.kb.cert.org/vuls/id/20276):The popen(3) call is described by the man page as follows: \u00a0 \u00a0 \u00a0 \u00a0 \u00a0 \u00a0 \u00a0 \u00a0 \u00a0FILE *popen(const char *command, const char *type);\u00a0 \u00a0 \u00a0 \u00a0 \u00a0 \u00a0 \u00a0 \u00a0 \u00a0popen() creates a pipe between the calling program and the command to be executed. The arguments to popen() are pointers to null-terminated strings. \"command\" consists of a shell command line.In essence, popen provides the calling program the output of \"command.\" One example of a command you could pass to popen is\u00a0 \u00a0 \u00a0 \u00a0 \u00a0 \u00a0 \u00a0 \u00a0 \u00a0cat /etc/passwdIn this case, popen would return the output of the \"cat /etc/passwd\" file to the calling program. You can also pass more complex shell commands to popen, such as\u00a0 \u00a0 \u00a0 \u00a0 \u00a0 \u00a0 \u00a0 \u00a0 \u00a0cat /etc/passwd & rm *The ampersand character (&) puts the preceding command in the background and executes the rest of the command in the foreground. As another example, you can execute a sequence of commands by separating them with semicolons (;). For example,\u00a0 \u00a0 \u00a0 \u00a0 \u00a0 \u00a0 \u00a0 \u00a0 \u00a0ls ; rm * ; touch filenameThis runs the commands sequentially.As such, users able to send a stream of characters via popen(3) to a vulnerable daemon like xfsmd running on an SGI system would be able to have that text interpreted by the system as if the attacker were actually logged into the system and running a shell. When used in conjunction with exploitation of the weak RPC authentication vulnerability reported in [VU#521147](http://www.kb.cert.org/vuls/id/521147), remote unauthenticated users can run arbitrary commands on a victim system.",
    "Impact": "A remote user can run arbitrary commands with root privileges.",
    "Solution": "SGI has reported they will not be providing a patch for this issue. Sites are strongly urged to disable the XFS daemon and related subsystems as soon as their service requirements permit.Per SGI Security Advisory [20020606-02-I](ftp://patches.sgi.com/support/free/security/advisories/20020606-02-I):There is no effective workaround available for these problems.SGI recommends either disabling or uninstalling the product.To disable the product from running, perform the following steps:\u00a0 # killall /usr/etc/xfsmd \u00a0# vi /etc/inetd.conf\u00a0 Look for a line in inetd.conf that looks like this:\u00a0 \u00a0 sgi_xfsmd/1 stream \u00a0rpc/tcp wait \u00a0 \u00a0root \u00a0 \u00a0?/usr/etc/xfsmd \u00a0 \u00a0 xfsmd\u00a0 ...and comment it out by putting a \"#\" at the beginning of the line:\u00a0 \u00a0 #sgi_xfsmd/1 stream \u00a0rpc/tcp wait \u00a0 \u00a0root \u00a0 \u00a0?/usr/etc/xfsmd \u00a0 \u00a0 xfsmd\u00a0 ...or simply remove the line from the file.\u00a0 # killall -HUP inetdTo remove the product from the system, perform the following command:\u00a0 # versions remove eoe.sw.xfsmserv",
    "Vendor Information": [
        {
            "Name": "SGI"
        }
    ],
    "CVSS Metrics": [
        {
            "Group": "Base",
            "Score": "",
            "Vector": ""
        },
        {
            "Group": "Temporal",
            "Score": "",
            "Vector": ""
        },
        {
            "Group": "Environmental",
            "Score": "",
            "Vector": ""
        }
    ],
    "References": [
        "[ftp://patches.sgi.com/support/free/security/advisories/20020606-02-I](ftp://patches.sgi.com/support/free/security/advisories/20020606-02-I)",
        "[http://www.securityfocus.com/bid/5075](http://www.securityfocus.com/bid/5075)",
        "[http://www.iss.net/security_center/static/9402.php](http://www.iss.net/security_center/static/9402.php)",
        "[http://oss.sgi.com/projects/xfs/](http://oss.sgi.com/projects/xfs/)",
        "[http://www.sgi.com/software/xfs/](http://www.sgi.com/software/xfs/)"
    ],
    "Acknowledgements": "Last Stage of Delirium reported this vulnerability in several public forums.This document was written by Jeffrey S. Havrilla.",
    "Other Information": {
        "CVE IDs:": "CVE-2002-0359",
        "Severity Metric:": "35.10",
        "Date Public:": "2002-06-18",
        "Date First Published:": "2002-08-08",
        "Date Last Updated:": "2008-07-21 17:56 UTC",
        "Document Revision:": "21"
    }
}