{
    "Title": "VU#195644 - Sun ONE Directory Server \"ns-ldapd\" can be terminated by unprivileged user",
    "Overview": "A denial-of-service vulnerability exists in the Sun ONE Directory Server. This vulnerability may allow a remote attacker to effectively terminate directory services on the affected host.",
    "Description": "Sun [describes](http://wwws.sun.com/software/products/directory_srvr/home_directory.html) the Sun ONE Directory Server asa software product that provides a central repository for storing and managing identity profiles, access privileges and application and network resource information. Information stored in the Sun ONE Directory Server can be used for the authentication and authorization of users to enable secure access to enterprise and Internet services and applications.A vulnerability exists in ns-ldapd (a directory service process). For more information, please see Sun Alert [52102](http://sunsolve.sun.com/pub-cgi/retrieve.pl?doc=fsalert%2F52102&zone_32=category%3Asecurity).",
    "Impact": "This vulnerability may allow a remote attacker to effectively terminate directory services on the affected host.",
    "Solution": "Apply a patch.",
    "Vendor Information": [
        {
            "Name": "Sun Microsystems Inc."
        }
    ],
    "CVSS Metrics": [
        {
            "Group": "Base",
            "Score": "",
            "Vector": ""
        },
        {
            "Group": "Temporal",
            "Score": "",
            "Vector": ""
        },
        {
            "Group": "Environmental",
            "Score": "",
            "Vector": ""
        }
    ],
    "References": [
        "[http://sunsolve.sun.com/pub-cgi/retrieve.pl?doc=fsalert%2F52102&zone_32=category%3Asecurity](http://sunsolve.sun.com/pub-cgi/retrieve.pl?doc=fsalert%2F52102&zone_32=category%3Asecurity)",
        "[http://wwws.sun.com/software/products/directory_srvr/home_directory.html](http://wwws.sun.com/software/products/directory_srvr/home_directory.html)"
    ],
    "Acknowledgements": "The CERT/CC thanks Sun Microsystems for publishing information upon which this document is based.This document was written by Ian A Finlay.",
    "Other Information": {
        "CVE IDs:": "None",
        "Severity Metric:": "3.16",
        "Date Public:": "2003-04-30",
        "Date First Published:": "2003-05-02",
        "Date Last Updated:": "2003-05-07 12:33 UTC",
        "Document Revision:": "6"
    }
}