{
    "Title": "VU#196945 - ISC BIND 8 contains buffer overflow in transaction signature (TSIG) handling code",
    "Overview": "The Berkeley Internet Name Domain (BIND) is an implementation of the Domain Name System (DNS) by the Internet Software Consortium (ISC). There is a buffer overflow vulnerability in BIND 8.2.x, which may allow remote intruders to gain access to systems running BIND.  DNS servers running BIND 8 are responsible for the majority of name resolution services on the Internet. This vulnerability has been successfully exploited in a laboratory environment and presents a serious threat to the Internet infrastructure.",
    "Description": "During the processing of transaction signatures, BIND performs a test for signatures that fail to include a valid key.  If a transaction signature is found in the request, but a valid key is not included, BIND skips normal processing of the request and jumps directly to code designed to send an error response.  Because this code fails to initialize variables in the same manner as the normal processing, later function calls make invalid assumptions about the size of the request buffer.  In particular, the code to add a new (valid) signature to the response may overflow the request buffer and overwrite adjacent memory on the stack or heap.  Overwriting this memory can allow an intruder (in conjunction with other buffer overflow exploit techniques) to gain unauthorized access to the vulnerable system.The flawed program logic is distributed over several function calls within the BIND software.  When the attacker sends a UDP request, the packet will be loaded into a buffer on the stack (u.buf) by the function datagram_read().  On the other hand, TCP requests are loaded into a buffer (sp->s_buf) on the heap by the function stream_getmsg().  Regardless of the protocol, each of these functions call dispatch_message(), which in turn calls ns_req().The ns_req() function handles the request.  A call to ns_find_tsig() determines if a transaction signature exists in the request, and find_key() is called thereafter to determine if a valid key has been included.  In the case where a transaction signature is found but the key is NULL, msglen is computed to include only the portion of the request before the signature.  This is where the problem occurs, because the variables buflen and msglen are assumed through most of the code to add up to the total size of the buffer allocated for holding the request.BIND uses the same buffer for storing the request and generating the response.  Specifically, the response is composed by appending an error code and a transaction signature to the existing request.  Since the new transaction signature is supposed to overwrite the signature of the request, msglen was modified to reflect the request length minus the signature length.  However, buflen was not modified to reflect the new value of msglen, causing subsequent function calls (specifically ns_sign) to cause BIND to overwrite memory adjacent to the packet buffer.These overwrites may allow an intruder to create conditions required for the execution of arbitrary code.  Because the overflows occur on the stack for UDP requests and on the heap for TCP requests, the specific details of the exploit begin to differ at this point.  Both scenarios result in the same impact -- the attacker can execute arbitrary code on the vulnerable system.For more information on transaction signatures, please visit:[http://www.ietf.org/rfc/rfc2535.txt](http://www.ietf.org/rfc/rfc2535.txt)[http://www.ietf.org/rfc/rfc2845.txt](http://www.ietf.org/rfc/rfc2845.txt)",
    "Impact": "This vulnerability may allow an attacker to execute privileged commands or code with the same permissions as the BIND server. Because BIND is typically run by a superuser account, the execution would occur with superuser privileges.",
    "Solution": "The ISC has released BIND version 8.2.3 to address this security issue as well as others.  The CERT/CC strongly recommends that all users of BIND 8.2.x upgrade to 8.2.3 immediately.  The ISC recommends that users affected by this vulnerability upgrade to either BIND 8.2.3 or BIND 9.1.The BIND 8.2.3 distribution can be downloaded from:[ftp://ftp.isc.org/isc/bind/src/](ftp://ftp.isc.org/isc/bind/src/)The BIND 9.1 distribution can be downloaded from:[ftp://ftp.isc.org/isc/bind9/](ftp://ftp.isc.org/isc/bind9/)Please note that upgrading to BIND 8.2.3 also addresses the information leakage vulnerability discussed in [VU#325431](http://www.kb.cert.org/vuls/id/325431).",
    "Vendor Information": [
        {
            "Name": "Caldera",
            "Status": "Affected",
            "Vendor Statement": "OpenLinux 2.3, eServer 2.3.1 and eDesktop 2.4 are all vulnerable.Update packages will be provided at[ftp://ftp.calderasystems.com/pub/updates/OpenLinux/2.3](ftp://ftp.calderasystems.com/pub/updates/OpenLinux/2.3)[ftp://ftp.calderasystems.com/pub/updates/eServer/2.3](ftp://ftp.calderasystems.com/pub/updates/eServer/2.3)[ftp://ftp.calderasystems.com/pub/updates/eDesktop/2.4](ftp://ftp.calderasystems.com/pub/updates/eDesktop/2.4)",
            "Vendor Information": "The vendor has not provided us with any further information regarding this vulnerability.",
            "Addendum": "The CERT/CC has no additional comments at this time.If you have feedback, comments, or additional information about this vulnerability, please send us [email](mailto:cert@cert.org?Subject=VU%23196945 Feedback)."
        },
        {
            "Name": "Compaq Computer Corporation",
            "Status": "Affected",
            "Vendor Statement": "COMPAQ COMPUTER CORPORATION------------------------------------------------------------------------------------  VU#196945 - BIND 8 contains buffer overflow in transaction signature handling code               X-REF: SSRT1-66U, SSRT1-68U------------------------------------------------------------------------------------Compaq Tru64 UNIX V5.1 -        V5.1  patch:  SSRT1-66U_v5.1.tar.Z      Compaq Tru64 UNIX V5.0 & V5.0a -       V5.0  patch: SSRT1-68U_v5.0.tar.Z             V5.0a patch: SSRT1-68U_v5.0a.tar.Z    Compaq Tru64 UNIX V4.0D/F/G - Not VulnerableTCP/IP Services for Compaq OpenVMS - Not Vulnerable------------------------------------------------------------------------------------Compaq will provide notice of the completion/availability of the patches through AES services (DIA, DSNlink FLASH), the Security mailing list (**),and be available from your normal Compaq Support channel.**You may subscribe to the Security mailing list at:[http://www.support.compaq.com/patches/mailing-list.shtml](http://www.support.compaq.com/patches/mailing-list.shtml)Software Security Response TeamCOMPAQ COMPUTER CORPORATION",
            "Vendor Information": "The vendor has not provided us with any further information regarding this vulnerability.",
            "Addendum": "The CERT/CC has no additional comments at this time.If you have feedback, comments, or additional information about this vulnerability, please send us [email](mailto:cert@cert.org?Subject=VU%23196945 Feedback)."
        },
        {
            "Name": "Conectiva",
            "Status": "Affected",
            "Vendor Statement": "We have not received a statement from the vendor.",
            "Vendor Information": "The vendor has not provided us with any further information regarding this vulnerability.",
            "Addendum": "Conectiva Linux has made an announcement regarding this vulnerability; for further information, please see:[http://distro.conectiva.com/atualizacoes/?id=a&anuncio=000377](http://distro.conectiva.com/atualizacoes/?id=a&anuncio=000377)If you have feedback, comments, or additional information about this vulnerability, please send us [email](mailto:cert@cert.org?Subject=VU%23196945 Feedback)."
        },
        {
            "Name": "Debian",
            "Status": "Affected",
            "Vendor Statement": "We have not received a statement from the vendor.",
            "Vendor Information": "The vendor has not provided us with any further information regarding this vulnerability.",
            "Addendum": "Debian has made an announcement regarding this vulnerability; for further information, please see:[http://www.debian.org/security/2001/dsa-026](http://www.debian.org/security/2001/dsa-026)If you have feedback, comments, or additional information about this vulnerability, please send us [email](mailto:cert@cert.org?Subject=VU%23196945 Feedback)."
        },
        {
            "Name": "FreeBSD",
            "Status": "Affected",
            "Vendor Statement": "No supported version of FreeBSD contains BIND 4.x, so this does not affect us. We currently ship betas of 8.2.3 in the FreeBSD 4.x release branch, and will be upgrading to 8.2.3 once it is released.",
            "Vendor Information": "The vendor has not provided us with any further information regarding this vulnerability.",
            "Addendum": "FreeBSD has released the following advisory regarding this issue:[ftp://ftp.FreeBSD.org/pub/FreeBSD/CERT/advisories/FreeBSD-SA-01:18.bind.asc](ftp://ftp.FreeBSD.org/pub/FreeBSD/CERT/advisories/FreeBSD-SA-01:18.bind.asc)If you have feedback, comments, or additional information about this vulnerability, please send us [email](mailto:cert@cert.org?Subject=VU%23196945 Feedback)."
        },
        {
            "Name": "IBM",
            "Status": "Affected",
            "Vendor Statement": "[A fix for this vulnerability] can be downloaded from [ftp://ftp.software.ibm.com/aix/efixes/security](ftp://ftp.software.ibm.com/aix/efixes/security). The compressed tarfile is multiple_bind_vulns_efix.tar.Z. Installation instructions and other important information are given in the README file that is included in the tarball.The official fix for the four BIND4 and BIND8 vulnerabilities will be in APAR #IY16182.AIX Security Response TeamIBM Austin",
            "Vendor Information": "The vendor has not provided us with any further information regarding this vulnerability.",
            "Addendum": "The CERT/CC has no additional comments at this time.If you have feedback, comments, or additional information about this vulnerability, please send us [email](mailto:cert@cert.org?Subject=VU%23196945 Feedback)."
        },
        {
            "Name": "ISC",
            "Status": "Affected",
            "Vendor Statement": "Name:\"tsig bug\"Versions:8.2, 8.2-P1, 8.2.1, 8.2.2, 8.2.2-P1, 8.2.2-P2, 8.2.2-P3,8.2.2-P4, 8.2.2-P5, 8.2.2-P6, 8.2.2-P7 and all 8.2.3 betas.Severity:CRITICALExploitable:RemotelyType:Access possibleDescription:It is possible to overflow a buffer handling TSIG signedqueries, thereby obtaining access to the system.Workarounds:None.Active Exploits:Exploits for this bug exist.Solution:Upgrade to BIND 8.2.3-REL or preferably BIND 9.1.Credits:Discovery and initial documentation of this vulnerabilitywas conducted by Anthony Osborne and John McDonald of theCOVERT Labs at PGP Security.",
            "Vendor Information": "The vendor has not provided us with any further information regarding this vulnerability.",
            "Addendum": "The ISC has posted this information on their web site at:[http://www.isc.org/products/BIND/bind-security.html](http://www.isc.org/products/BIND/bind-security.html)The source code for ISC BIND can be downloaded from:[ftp://ftp.isc.org/isc/bind/src/](ftp://ftp.isc.org/isc/bind/src/)If you have feedback, comments, or additional information about this vulnerability, please send us [email](mailto:cert@cert.org?Subject=VU%23196945 Feedback)."
        },
        {
            "Name": "Immunix",
            "Status": "Affected",
            "Vendor Statement": "We have not received a statement from the vendor.",
            "Vendor Information": "The vendor has not provided us with any further information regarding this vulnerability.",
            "Addendum": "Immunix has made an announcement regarding this vulnerability; for further information, please see:[http://download.immunix.org/ImmunixOS/7.0-beta/updates/IMNX-2001-70-001-01](http://download.immunix.org/ImmunixOS/7.0-beta/updates/IMNX-2001-70-001-01)If you have feedback, comments, or additional information about this vulnerability, please send us [email](mailto:cert@cert.org?Subject=VU%23196945 Feedback)."
        },
        {
            "Name": "MandrakeSoft",
            "Status": "Affected",
            "Vendor Statement": "We have not received a statement from the vendor.",
            "Vendor Information": "The vendor has not provided us with any further information regarding this vulnerability.",
            "Addendum": "MandrakeSoft has made an announcement regarding this vulnerability; for further information, please see:[http://www.linux-mandrake.com/en/security/2001/MDKSA-2001-017.php3](http://www.linux-mandrake.com/en/security/2001/MDKSA-2001-017.php3)If you have feedback, comments, or additional information about this vulnerability, please send us [email](mailto:cert@cert.org?Subject=VU%23196945 Feedback)."
        },
        {
            "Name": "NetBSD",
            "Status": "Affected",
            "Vendor Statement": "We have not received a statement from the vendor.",
            "Vendor Information": "The vendor has not provided us with any further information regarding this vulnerability.",
            "Addendum": "Please see NetBSD-SA2001-001, \"Security vulnerabilities in BIND\" at:[ftp://ftp.NetBSD.ORG/pub/NetBSD/misc/security/advisories/NetBSD-SA2001-001.txt.asc](ftp://ftp.NetBSD.ORG/pub/NetBSD/misc/security/advisories/NetBSD-SA2001-001.txt.asc)If you have feedback, comments, or additional information about this vulnerability, please send us [email](mailto:cert@cert.org?Subject=VU%23196945 Feedback)."
        },
        {
            "Name": "RedHat",
            "Status": "Affected",
            "Vendor Statement": "We have not received a statement from the vendor.",
            "Vendor Information": "The vendor has not provided us with any further information regarding this vulnerability.",
            "Addendum": "RedHat has released an advisory regarding this vulnerability; for further information, please see RHSA-2001-007 and associated bug reports at:[http://www.redhat.com/support/errata/RHSA-2001-007.html](http://www.redhat.com/support/errata/RHSA-2001-007.html)[http://bugzilla.redhat.com/bugzilla/show_bug.cgi?id=25209](http://bugzilla.redhat.com/bugzilla/show_bug.cgi?id=25209)If you have feedback, comments, or additional information about this vulnerability, please send us [email](mailto:cert@cert.org?Subject=VU%23196945 Feedback)."
        },
        {
            "Name": "SCO",
            "Status": "Affected",
            "Vendor Statement": "We have not received a statement from the vendor.",
            "Vendor Information": "The vendor has not provided us with any further information regarding this vulnerability.",
            "Addendum": "Caldera UNIX has published Security Advisory CSSA-2002-SCO.16 to address this issue in their UnixWare product line.  For more information, please see:[ftp://stage.caldera.com/pub/security/unixware/CSSA-2002-SCO.16/CSSA-2002-SCO.16.txt](ftp://stage.caldera.com/pub/security/unixware/CSSA-2002-SCO.16/CSSA-2002-SCO.16.txt)If you have feedback, comments, or additional information about this vulnerability, please send us [email](mailto:cert@cert.org?Subject=VU%23196945 Feedback)."
        },
        {
            "Name": "Slackware",
            "Status": "Affected",
            "Vendor Statement": "We have not received a statement from the vendor.",
            "Vendor Information": "The vendor has not provided us with any further information regarding this vulnerability.",
            "Addendum": "Slackware has made an announcement regarding this vulnerability; for further information, please see:[http://www.slackware.com/lists/archive/viewer.php?l=slackware-security&y=2001&m=slackware-security.247721](http://www.slackware.com/lists/archive/viewer.php?l=slackware-security&y=2001&m=slackware-security.247721)If you have feedback, comments, or additional information about this vulnerability, please send us [email](mailto:cert@cert.org?Subject=VU%23196945 Feedback)."
        },
        {
            "Name": "SuSE",
            "Status": "Affected",
            "Vendor Statement": "We have not received a statement from the vendor.",
            "Vendor Information": "The vendor has not provided us with any further information regarding this vulnerability.",
            "Addendum": "SuSE has made an announcement regarding this vulnerability; for further information, please see:[http://www.suse.com/us/support/security/index.html](http://www.suse.com/us/support/security/index.html)If you have feedback, comments, or additional information about this vulnerability, please send us [email](mailto:cert@cert.org?Subject=VU%23196945 Feedback)."
        },
        {
            "Name": "Sun",
            "Status": "Affected",
            "Vendor Statement": "CERT Advisory CA-2001-02 describes four vulnerabilities in certainversions of BIND. \u00a0The four vulnerabilities are listed below along withthe affected versions of Solaris and the version of BIND shipped with eachversion of Solaris.VU#196945 - ISC BIND 8 contains buffer overflow in transaction signature (TSIG)\u00a0 \u00a0 \u00a0 \u00a0 \u00a0 \u00a0 handling code\u00a0 \u00a0 Solaris 8 04/01* (BIND 8.2.2-p5)\u00a0 \u00a0 Solaris 8 Maintenance Update 4* (BIND 8.2.2-p5)VU#572183 - ISC BIND 4 contains buffer overflow in nslookupComplain()\u00a0 \u00a0 Solaris 2.6 (BIND 4.9.4-P1)\u00a0 \u00a0 Solaris 2.5.1** (BIND 4.9.3)VU#868916 - ISC BIND 4 contains input validation error in nslookupComplain()\u00a0 \u00a0 Solaris 2.6 (BIND 4.9.4-P1)\u00a0 \u00a0 Solaris 2.5.1** (BIND 4.9.3)VU#325431 - Queries to ISC BIND servers may disclose environment variables\u00a0 \u00a0 Solaris 2.4, 2.5 (BIND 4.8.3)\u00a0 \u00a0 Solaris 2.5.1** (BIND 4.9.3 and BIND 4.8.3)\u00a0 \u00a0 Solaris 2.6 (BIND 4.9.4-P1)\u00a0 \u00a0 Solaris 7 and 8 (BIND 8.1.2)* \u00a0To determine if one is running Solaris 8 04/01 or Solaris 8 Maintenance\u00a0 \u00a0Update 4, check the contents of the /etc/release file.** Solaris 2.5.1 ships with BIND 4.8.3 but patch 103663-01 for SPARC and\u00a0 \u00a0103664-01 for x86 upgrades BIND to 4.9.3, current revision for each\u00a0 \u00a0patch is -17.List of Patches\u00a0The following patches are available in relation to the above problems.\u00a0OS Version \u00a0 \u00a0 \u00a0 \u00a0 \u00a0 \u00a0 \u00a0 Patch ID\u00a0__________ \u00a0 \u00a0 \u00a0 \u00a0 \u00a0 \u00a0 \u00a0 _________\u00a0SunOS 5.8 \u00a0 \u00a0 \u00a0 \u00a0 \u00a0 \u00a0 \u00a0 \u00a0109326-04\u00a0SunOS 5.8_x86 \u00a0 \u00a0 \u00a0 \u00a0 \u00a0 \u00a0109327-04\u00a0SunOS 5.7 \u00a0 \u00a0 \u00a0 \u00a0 \u00a0 \u00a0 \u00a0 \u00a0107018-03\u00a0SunOS 5.7_x86 \u00a0 \u00a0 \u00a0 \u00a0 \u00a0 \u00a0107019-03\u00a0SunOS 5.6 \u00a0 \u00a0 \u00a0 \u00a0 \u00a0 \u00a0 \u00a0 \u00a0105755-10\u00a0SunOS 5.6_x86 \u00a0 \u00a0 \u00a0 \u00a0 \u00a0 \u00a0105756-10\u00a0SunOS 5.5.1 \u00a0 \u00a0 \u00a0 \u00a0 \u00a0 \u00a0 \u00a0103663-16\u00a0SunOS 5.5.1_x86 \u00a0 \u00a0 \u00a0 \u00a0 \u00a0103664-16\u00a0SunOS 5.5 \u00a0 \u00a0 \u00a0 \u00a0 \u00a0 \u00a0 \u00a0 \u00a0103667-12\u00a0SunOS 5.5_x86 \u00a0 \u00a0 \u00a0 \u00a0 \u00a0 \u00a0103668-12\u00a0SunOS 5.4 \u00a0 \u00a0 \u00a0 \u00a0 \u00a0 \u00a0 \u00a0 \u00a0102479-14\u00a0SunOS 5.4_x86 \u00a0 \u00a0 \u00a0 \u00a0 \u00a0 \u00a0102480-12",
            "Vendor Information": "The vendor has not provided us with any further information regarding this vulnerability.",
            "Addendum": "For the full text of Sun Microsystems Security Bulletin #204, please visit[http://sunsolve.Sun.COM/pub-cgi/retrieve.pl?doctype=coll&doc=secbull/204&type=0&nav=sec.sba](http://sunsolve.Sun.COM/pub-cgi/retrieve.pl?doctype=coll&doc=secbull/204&type=0&nav=sec.sba)This document has been archived here[](https://bigvince-dev-kb.cert-dit.org/static-bigvince-dev-kb-eb/vulcoord/files/JPLA-4TD5Q7_attach_sun-security-bulletin-204.txt)If you have feedback, comments, or additional information about this vulnerability, please send us [email](mailto:cert@cert.org?Subject=VU%23196945 Feedback)."
        },
        {
            "Name": "Apple",
            "Status": "Not Affected",
            "Vendor Statement": "Apple plans to include BIND 8.2.3 in Mac OS X.  BIND is not enabled by default in Mac OS X or Mac OS X Server.",
            "Vendor Information": "The vendor has not provided us with any further information regarding this vulnerability.",
            "Addendum": "The CERT/CC has no additional comments at this time.If you have feedback, comments, or additional information about this vulnerability, please send us [email](mailto:cert@cert.org?Subject=VU%23196945 Feedback)."
        },
        {
            "Name": "Hewlett Packard",
            "Status": "Not Affected",
            "Vendor Statement": "None of the Bind versions of HP-UX is vulnerable to VU#196945 - problem of buffer overflow in TSIG handling code.",
            "Vendor Information": "The vendor has not provided us with any further information regarding this vulnerability.",
            "Addendum": "HP has released a Security Bulletin to address this issue; for further information, please visit [http://itrc.hp.com](http://itrc.hp.com) and search for \"HPSBUX0102-144\".  Please note that registration may be required to access this document.If you have feedback, comments, or additional information about this vulnerability, please send us [email](mailto:cert@cert.org?Subject=VU%23196945 Feedback)."
        },
        {
            "Name": "Microsoft",
            "Status": "Not Affected",
            "Vendor Statement": "Microsoft's implementation of DNS is not based on BIND, and is not affected by this vulnerability.",
            "Vendor Information": "The vendor has not provided us with any further information regarding this vulnerability.",
            "Addendum": "The CERT/CC has no additional comments at this time.If you have feedback, comments, or additional information about this vulnerability, please send us [email](mailto:cert@cert.org?Subject=VU%23196945 Feedback)."
        },
        {
            "Name": "OpenBSD",
            "Status": "Not Affected",
            "Vendor Statement": "So we are pretty impressed with ourselves, since it looks like none of these BIND bugs affected us.  In '97, a couple of us did some sprintf->snprintf whacking.  Probably took about 3 minutes.",
            "Vendor Information": "The vendor has not provided us with any further information regarding this vulnerability.",
            "Addendum": "The CERT/CC has no additional comments at this time.If you have feedback, comments, or additional information about this vulnerability, please send us [email](mailto:cert@cert.org?Subject=VU%23196945 Feedback)."
        },
        {
            "Name": "BSDI",
            "Status": "Unknown",
            "Vendor Statement": "We have not received a statement from the vendor.",
            "Vendor Information": "The vendor has not provided us with any further information regarding this vulnerability.",
            "Addendum": "The CERT/CC has no additional comments at this time.If you have feedback, comments, or additional information about this vulnerability, please send us [email](mailto:cert@cert.org?Subject=VU%23196945 Feedback)."
        },
        {
            "Name": "Data General",
            "Status": "Unknown",
            "Vendor Statement": "We have not received a statement from the vendor.",
            "Vendor Information": "The vendor has not provided us with any further information regarding this vulnerability.",
            "Addendum": "The CERT/CC has no additional comments at this time.If you have feedback, comments, or additional information about this vulnerability, please send us [email](mailto:cert@cert.org?Subject=VU%23196945 Feedback)."
        },
        {
            "Name": "Fujitsu",
            "Status": "Unknown",
            "Vendor Statement": "We have not received a statement from the vendor.",
            "Vendor Information": "The vendor has not provided us with any further information regarding this vulnerability.",
            "Addendum": "The CERT/CC has no additional comments at this time.If you have feedback, comments, or additional information about this vulnerability, please send us [email](mailto:cert@cert.org?Subject=VU%23196945 Feedback)."
        },
        {
            "Name": "NEC",
            "Status": "Unknown",
            "Vendor Statement": "We have not received a statement from the vendor.",
            "Vendor Information": "The vendor has not provided us with any further information regarding this vulnerability.",
            "Addendum": "The CERT/CC has no additional comments at this time.If you have feedback, comments, or additional information about this vulnerability, please send us [email](mailto:cert@cert.org?Subject=VU%23196945 Feedback)."
        },
        {
            "Name": "NeXT",
            "Status": "Unknown",
            "Vendor Statement": "We have not received a statement from the vendor.",
            "Vendor Information": "The vendor has not provided us with any further information regarding this vulnerability.",
            "Addendum": "The CERT/CC has no additional comments at this time.If you have feedback, comments, or additional information about this vulnerability, please send us [email](mailto:cert@cert.org?Subject=VU%23196945 Feedback)."
        },
        {
            "Name": "SGI",
            "Status": "Unknown",
            "Vendor Statement": "SGI's IRIX (tm) operating system contains base BIND 4.9.7 with SGI modifications. IRIX BIND 4.9.7 is vulnerable to buffer overflow in nslookupComplain(). Patches are forth coming and will be released with an advisory to [http://www.sgi.com/support/security/](http://www.sgi.com/support/security/) when available.",
            "Vendor Information": "The vendor has not provided us with any further information regarding this vulnerability.",
            "Addendum": "SGI has released an advisory regarding this vulnerability.  For further information, please visit[ftp://patches.sgi.com/support/free/security/advisories/20010401-01-P](ftp://patches.sgi.com/support/free/security/advisories/20010401-01-P)If you have feedback, comments, or additional information about this vulnerability, please send us [email](mailto:cert@cert.org?Subject=VU%23196945 Feedback)."
        },
        {
            "Name": "Sequent",
            "Status": "Unknown",
            "Vendor Statement": "We have not received a statement from the vendor.",
            "Vendor Information": "The vendor has not provided us with any further information regarding this vulnerability.",
            "Addendum": "The CERT/CC has no additional comments at this time.If you have feedback, comments, or additional information about this vulnerability, please send us [email](mailto:cert@cert.org?Subject=VU%23196945 Feedback)."
        },
        {
            "Name": "Siemens Nixdorf",
            "Status": "Unknown",
            "Vendor Statement": "We have not received a statement from the vendor.",
            "Vendor Information": "The vendor has not provided us with any further information regarding this vulnerability.",
            "Addendum": "The CERT/CC has no additional comments at this time.If you have feedback, comments, or additional information about this vulnerability, please send us [email](mailto:cert@cert.org?Subject=VU%23196945 Feedback)."
        },
        {
            "Name": "Sony",
            "Status": "Unknown",
            "Vendor Statement": "We have not received a statement from the vendor.",
            "Vendor Information": "The vendor has not provided us with any further information regarding this vulnerability.",
            "Addendum": "The CERT/CC has no additional comments at this time.If you have feedback, comments, or additional information about this vulnerability, please send us [email](mailto:cert@cert.org?Subject=VU%23196945 Feedback)."
        },
        {
            "Name": "Unisys",
            "Status": "Unknown",
            "Vendor Statement": "We have not received a statement from the vendor.",
            "Vendor Information": "The vendor has not provided us with any further information regarding this vulnerability.",
            "Addendum": "The CERT/CC has no additional comments at this time.If you have feedback, comments, or additional information about this vulnerability, please send us [email](mailto:cert@cert.org?Subject=VU%23196945 Feedback)."
        }
    ],
    "CVSS Metrics": [
        {
            "Group": "Base",
            "Score": "",
            "Vector": ""
        },
        {
            "Group": "Temporal",
            "Score": "",
            "Vector": ""
        },
        {
            "Group": "Environmental",
            "Score": "",
            "Vector": ""
        }
    ],
    "References": [
        "[http://www.cymru.com/~robt/Docs/Articles/secure-bind-template.html](http://www.cymru.com/~robt/Docs/Articles/secure-bind-template.html)",
        "[http://www.ietf.org/rfc/rfc2535.txt](http://www.ietf.org/rfc/rfc2535.txt)",
        "[http://www.ietf.org/rfc/rfc2845.txt](http://www.ietf.org/rfc/rfc2845.txt)",
        "[http://www.isi.edu/~bmanning/in-addr-audit.html](http://www.isi.edu/~bmanning/in-addr-audit.html)",
        "[http://www.securityfocus.com/bid/2304](http://www.securityfocus.com/bid/2304)",
        "[http://www.securityfocus.com/news/144](http://www.securityfocus.com/news/144)"
    ],
    "Acknowledgements": "The CERT/CC thanks the COVERT Labs at PGP Security for discovering and analyzing this vulnerability and the Internet Software Consortium for providing a patch to fix it.This document was written by Cory F Cohen.",
    "Other Information": {
        "CVE IDs:": "CVE-2001-0010",
        "CERT Advisory:": "CA-2001-02",
        "Severity Metric:": "50.87",
        "Date Public:": "2001-01-29",
        "Date First Published:": "2001-01-29",
        "Date Last Updated:": "2002-05-01 19:01 UTC",
        "Document Revision:": "59"
    }
}