{
    "Title": "VU#197318 - IBM Net.Data db2www CGI interpreter fails to properly validate requested macro filenames",
    "Overview": "IBM Net.Data fails to properly validate user input passed to the db2www CGI interpreter, which could allow an attacker to mount a cross-site scripting attack against a vulnerable system.",
    "Description": "IBM Net.Data is a scripting language used to create web applications. Net.Data macros are supplied to a CGI interpreter (db2www) that generates HTML output.  The db2www CGI interpreter fails to properly validate requested macro filenames before returning at least one type of error message (DTWP001E).  It is possible to use a cross-site scripting technique to inject malicious script (JavaScript, VBScript, etc.) or HTML into the error message by using a specially crafted macro filename.",
    "Impact": "A remote attacker could access sensitive information related to the vulnerable web page (cookies, form values, URI data). The attacker could also attempt to mislead the user into providing sensitive information such as login credentials.",
    "Solution": "The CERT/CC is currently unaware of a practical solution to this problem.Disable ScriptingTo help defend against cross-site scripting attacks from the client's perspective, disable scripting in your web browser and HTML-enabled email client. Instructions for disabling scripting can be found in the [CERT/CC Malicious Web Scripts FAQ](http://www.cert.org/tech_tips/malicious_code_FAQ.html).",
    "Vendor Information": [
        {
            "Name": "IBM",
            "Status": "Affected",
            "Vendor Statement": "IBM acknowledges that this vulnerability exists in the Net.Data product and has already responded to Secunia with the workaround listed below.For more information see the Secunia advisory.Workaround:To block a Net.Data application from being exploited by the vulnerability, the administrator of the Net.Data application has to utilize the DTW_DEFAULT_ERROR_MESSAGE feature, available on all platforms.Example: In the Net.Data configuration file 'db2www.ini', insert an entry such asDTW_DEFAULT_ERROR_MESSAGE <PRE>This Web Site is experiencing problems.  Check back later. </PRE>With such an entry, Net.Data will not return the \"DTWP001E\" error message, thus blocking any security exposure.Furthermore, Net.Data on zOS and iServer provide a very similar feature, DTW_DEFAULT_MACRO (see Net.Data documentation).  Please note that the DTW_DEFAULT_ERROR_MESSAGE feature and the DTW_DEFAULT_MACRO feature are generally recommended to have a web site react in a predictable manner on any kind of problem.",
            "Vendor Information": "The vendor has not provided us with any further information regarding this vulnerability.",
            "Addendum": "The CERT/CC has no additional comments at this time.If you have feedback, comments, or additional information about this vulnerability, please send us [email](mailto:cert@cert.org?Subject=VU%23197318 Feedback)."
        }
    ],
    "CVSS Metrics": [
        {
            "Group": "Base",
            "Score": "",
            "Vector": ""
        },
        {
            "Group": "Temporal",
            "Score": "",
            "Vector": ""
        },
        {
            "Group": "Environmental",
            "Score": "",
            "Vector": ""
        }
    ],
    "References": [
        "[http://www-3.ibm.com/software/data/net.data/](http://www-3.ibm.com/software/data/net.data/)",
        "[http://www.secunia.com/secunia_research/2004-1/](http://www.secunia.com/secunia_research/2004-1/)",
        "[http://www.secunia.com/advisories/10709/](http://www.secunia.com/advisories/10709/)",
        "[http://www-306.ibm.com/software/data/net.data/docs/pdf/db2mn.pdf](http://www-306.ibm.com/software/data/net.data/docs/pdf/db2mn.pdf)",
        "[http://www.cert.org/archive/pdf/cross_site_scripting.pdf](http://www.cert.org/archive/pdf/cross_site_scripting.pdf)"
    ],
    "Acknowledgements": "Thanks to Secunia for the information contained in their security advisory.This document was written by Damon Morda.",
    "Other Information": {
        "CVE IDs:": "None",
        "Severity Metric:": "1.58",
        "Date Public:": "2004-01-26",
        "Date First Published:": "2004-03-08",
        "Date Last Updated:": "2004-03-19 16:53 UTC",
        "Document Revision:": "22"
    }
}