{
    "Title": "VU#197477 - AT&T WinVNC allows user access to passwords and configuration via weak registry permissions",
    "Overview": "The default installation of [WinVNC](http://www.uk.research.att.com/vnc/) on certain Microsoft Windows systems permits unauthenticated access to the WinVNC service.",
    "Description": "AT&T WinVNC is a free package available from AT&T Labs Cambridge that allows an existing desktop of a PC to be available on the desktop of a remote host. This software runs on Windows 95, Windows98, Windows NT 4.0, and Windows 2000. The default installation of WinVNC creates a registry key which is used to store some of WinVNC's default settings. Some of these settings include the connection password as well as an IP based restriction list.  The privileges on this registry key allow full access from the Administrator or System accounts and gives the \"Everybody\" group read and modify privileges. Upon creation, this key is insufficiently protected such that an attacker can modify the registry key values, which could allow unauthenticated access to the service. For example, an intruder could edit the registry and delete the value for the password field and set the key marked \"AuthRequired\" to 0. This would allow the intruder full access to the WinVNC service. It should be noted that on Windows 2000, network users with \"Power User\" privileges could edit the registry and delete the value for the password field as well. Ideally, only administrators should have access to the HKEY_LOCAL_MACHINE\\Software\\ORL\\WinVNC3\\ registry key.",
    "Impact": "This vulnerability could allow a remote attacker to modify the HKEY_LOCAL_MACHINE\\Software\\ORL\\WinVNC3\\ key and allow unauthenticated access to the service.",
    "Solution": "Use Regedit to remove the \"Standard Users\" & \"Everybody\" permissions from the HKEY_LOCAL_MACHINE\\Software\\ORL\\WinVNC3\\ registry key. Additionally, one should make sure that access to the registry is restricted to authorized personnel.",
    "Vendor Information": [
        {
            "Name": "ATT"
        }
    ],
    "CVSS Metrics": [
        {
            "Group": "Base",
            "Score": "",
            "Vector": ""
        },
        {
            "Group": "Temporal",
            "Score": "",
            "Vector": ""
        },
        {
            "Group": "Environmental",
            "Score": "",
            "Vector": ""
        }
    ],
    "References": [
        "[http://www.securityfocus.com/bid/1961](http://www.securityfocus.com/bid/1961)",
        "[ http://www.uk.research.att.com/vnc/winvnc.html]( http://www.uk.research.att.com/vnc/winvnc.html)",
        "[http://xforce.iss.net/static/5545.php](http://xforce.iss.net/static/5545.php)"
    ],
    "Acknowledgements": "This vulnerability was discovered by Gossi The Dog  and was reported to the Bugtraq mailing list on December 11, 2000.This document was written by Ian A. Finlay.",
    "Other Information": {
        "CVE IDs:": "CVE-2000-1164",
        "Severity Metric:": "4.70",
        "Date Public:": "2000-11-19",
        "Date First Published:": "2001-05-10",
        "Date Last Updated:": "2001-06-19 23:00 UTC",
        "Document Revision:": "67"
    }
}