{
    "Title": "VU#198355 - ISC BIND 8.2.2-P6 vulnerable to DoS when processing SRV records, aka the \"srv bug\"",
    "Overview": "There is a denial-of-service vulnerability in several versions of the Internet Software Consortium's (ISC) BIND software.  This vulnerability is referred to by the ISC as  the \"srv bug\" and affects ISC BIND versions 8.2 through 8.2.2-P6.",
    "Description": "This vulnerability can cause affected DNS servers running named to go into an infinite loop, thus preventing further name requests to be handled. This can happen if an SRV record (defined in RFC2782) is sent to the vulnerable server.  Microsoft's Windows 2000 Active Directory service makes extensive use of SRV records and is reportedly capable of triggering this bug in the course of normal operations.  This is not, however, a vulnerability in Microsoft Active Directory. Any network client capable of sending SRV records to vulnerable name server systems can exercise this vulnerability.",
    "Impact": "A remote attacker can use malicious SRV records to crash vulnerable BIND servers, resulting in a denial-of-service condition that disables name resolution service.",
    "Solution": "Apply a patch from your vendorTo address this vulnerability, the CERT/CC recommends that all users of ISC BIND upgrade to version 8.2.2-P7, which patches both [VU#198355](http://www.kb.cert.org/vuls/id/198355) and [VU#715973](http://www.kb.cert.org/vuls/id/715973).  For information regarding vendor-specific versions of DNS software, please consult the Systems Affected section of this document.",
    "Vendor Information": [
        {
            "Name": "Compaq Computer Corporation",
            "Status": "Affected",
            "Vendor Statement": "......................................................................\u00a0COMPAQ COMPUTER CORPORATION......................................................................\u00a0 CERT-2000-20 - BIND 8 The \"zxfr bug\" \u00a0\u00a0 \u00a0 \u00a0 \u00a0 \u00a0 \u00a0 \u00a0 \u00a0 \u00a0 \u00a0 \u00a0 \u00a0 \u00a0 \u00a0 \u00a0 X-REF: SSRT1-38U, CERT-2000-20......................................................................\u00a0 \u00a0 \u00a0 \u00a0Compaq Tru64 UNIX V5.1 \u00a0- \u00a0 \u00a0 \u00a0 \u00a0\u00a0 \u00a0 \u00a0 \u00a0 \u00a0 \u00a0 \u00a0 \u00a0 \u00a0 \u00a0 \u00a0 \u00a0 \u00a0 \u00a0 \u00a0 \u00a0 \u00a0 \u00a0patch: \u00a0SSRT1-66U_v5.1.tar.Z \u00a0 \u00a0 \u00a0\u00a0 \u00a0 \u00a0 \u00a0Compaq Tru64 UNIX V5.0 \u00a0& V5.0a -\u00a0 \u00a0 \u00a0 \u00a0 \u00a0 \u00a0 \u00a0 \u00a0 \u00a0 \u00a0 \u00a0 \u00a0 \u00a0 \u00a0 V5.0 \u00a0 patch: SSRT1-68U_v5.0.tar.Z \u00a0 \u00a0 \u00a0\u00a0 \u00a0 \u00a0 \u00a0 \u00a0 \u00a0 \u00a0 \u00a0 \u00a0 \u00a0 \u00a0 \u00a0 \u00a0 \u00a0 V5.0a patch: SSRT1-68U_v5.0a.tar.Z \u00a0 \u00a0\u00a0 \u00a0 \u00a0 \u00a0Compaq Tru64 UNIX V4.0D/F/G \u00a0 \u00a0 \u00a0 \u00a0 \u00a0 \u00a0 \u00a0- Not Vulnerable\u00a0 \u00a0 \u00a0 \u00a0TCP/IP Services for Compaq OpenVMS - Not Vulnerable......................................................................CERT02000-20 - BIND 8 The \"srv bug\" \u00a0 \u00a0 \u00a0 \u00a0 \u00a0 \u00a0 \u00a0 \u00a0 \u00a0 \u00a0 \u00a0 \u00a0 \u00a0 \u00a0 \u00a0X-REF: SSRT1-38U, CERT CA2000-20......................................................................\u00a0 \u00a0 \u00a0 \u00a0Compaq Tru64 UNIX V5.1 \u00a0- \u00a0 \u00a0 \u00a0 \u00a0 \u00a0 \u00a0 \u00a0 \u00a0 \u00a0 \u00a0 \u00a0 \u00a0 \u00a0 \u00a0 \u00a0 \u00a0 \u00a0 \u00a0 \u00a0 \u00a0 \u00a0 \u00a0patch: SSRT1-66U_v5.1.tar.Z \u00a0 \u00a0 \u00a0 \u00a0 \u00a0 \u00a0Compaq Tru64 UNIX V5.0 & \u00a0V5.0a \u00a0-\u00a0 \u00a0 \u00a0 \u00a0 \u00a0 \u00a0 \u00a0 \u00a0 \u00a0 \u00a0 \u00a0 \u00a0 \u00a0 \u00a0 V5.0 \u00a0 patch: SSRT1-68U_v5.0.tar.Z \u00a0 \u00a0 \u00a0\u00a0 \u00a0 \u00a0 \u00a0 \u00a0 \u00a0 \u00a0 \u00a0 \u00a0 \u00a0 \u00a0 \u00a0 \u00a0 \u00a0 V5.0a patch: SSRT1-68U_v5.0a.tar.Z \u00a0 \u00a0\u00a0 \u00a0 \u00a0 \u00a0Compaq Tru64 UNIX V4.0D/F/G \u00a0 \u00a0 \u00a0 \u00a0 \u00a0 \u00a0 \u00a0- Not Vulnerable\u00a0 \u00a0 \u00a0 \u00a0TCP/IP Services for Compaq OpenVMS - Not Vulnerable\u00a0Compaq will provide notice of the completion/availability \u00a0of the patches through AES services (DIA, DSNlink FLASH), \u00a0the ** Security mailing list, and be available from your \u00a0normal Compaq Support channel.\u00a0 \u00a0 \u00a0 \u00a0 \u00a0 \u00a0 \u00a0 \u00a0**You may subscribe to the Security mailing list at:\u00a0 \u00a0 \u00a0 \u00a0 \u00a0 \u00a0 \u00a0 [http://www.support.compaq.com/patches/mailing-list.shtml](http://www.support.compaq.com/patches/mailing-list.shtml)\u00a0Software Security Response Team\u00a0COMPAQ COMPUTER CORPORATION......................................................................",
            "Vendor Information": "The vendor has not provided us with any further information regarding this vulnerability.",
            "Addendum": "Compaq Tru64 Unix was reported not vulnerable when CA-2000-20 was initially launched.If you have feedback, comments, or additional information about this vulnerability, please send us [email](mailto:cert@cert.org?Subject=VU%23198355 Feedback)."
        },
        {
            "Name": "Debian"
        }
    ],
    "CVSS Metrics": [
        {
            "Group": "Base",
            "Score": "",
            "Vector": ""
        },
        {
            "Group": "Temporal",
            "Score": "",
            "Vector": ""
        },
        {
            "Group": "Environmental",
            "Score": "",
            "Vector": ""
        }
    ],
    "References": [
        "[http://www.isc.org/products/BIND/bind8.html](http://www.isc.org/products/BIND/bind8.html)",
        "[http://www.isc.org/products/BIND/bind-security.html](http://www.isc.org/products/BIND/bind-security.html)"
    ],
    "Acknowledgements": "The CERT Coordination Center thanks Mark Andrews, David Conrad, and Paul Vixie of the ISC for developing a solution and assisting in the preparation of this document.This document was written by Jeffrey S. Havrilla and Jeffrey P. Lanza.",
    "Other Information": {
        "CVE IDs:": "CVE-2000-0888",
        "CERT Advisory:": "CA-2000-20",
        "Severity Metric:": "16.71",
        "Date Public:": "2000-11-07",
        "Date First Published:": "2001-05-11",
        "Date Last Updated:": "2002-01-25 21:41 UTC",
        "Document Revision:": "10"
    }
}