{
    "Title": "VU#198979 - Beck GmbH IPC@Chip TelnetD vulnerable to brute-force password attack",
    "Overview": "There is a vulnerability in the [Beck IPC@CHIP](http://www.bcl-online.de/mproducts/products.asp?id=1&status=de_products) that may allow an attacker to gain access to the device.",
    "Description": "The Beck IPC@CHIP is a [single chip embedded webserver](http://www.bcl-online.de/mproducts/lp1.asp?status=en_products). This device contains a telnet server that \"leaks information\". That is, when an attacker connects to the telnet daemon and enters a valid username, the telnet daemon will prompt the user with \"Password\". However, if the attacker supplies the telnet daemon with an invalid account name, the device will respond with \"User Unknown\". Additionally, the telnet daemon permits unlimited login attempts and it isn't counting or logging any bad passwords. Given this, an attacker could make use of a brute-force password attack and gain entry to the device.",
    "Impact": "An attacker can connect to the telnet service and make use of a brute-force password attack and perhaps gain entry to the device.",
    "Solution": "Obtain a patch from the vendor.",
    "Vendor Information": [
        {
            "Name": "Beck GmbH",
            "Status": "Affected",
            "Vendor Statement": "Please see [http://cert.uni-stuttgart.de/archive/bugtraq/2001/06/msg00010.html](http://cert.uni-stuttgart.de/archive/bugtraq/2001/06/msg00010.html)",
            "Vendor Information": "The vendor has not provided us with any further information regarding this vulnerability.",
            "Addendum": "The CERT/CC has no additional comments at this time.If you have feedback, comments, or additional information about this vulnerability, please send us [email](mailto:cert@cert.org?Subject=VU%23198979 Feedback)."
        }
    ],
    "CVSS Metrics": [
        {
            "Group": "Base",
            "Score": "",
            "Vector": ""
        },
        {
            "Group": "Temporal",
            "Score": "",
            "Vector": ""
        },
        {
            "Group": "Environmental",
            "Score": "",
            "Vector": ""
        }
    ],
    "References": [
        "[http://sentry-labs.com/files/ipc0101052101eng.txt](http://sentry-labs.com/files/ipc0101052101eng.txt)",
        "[http://cert.uni-stuttgart.de/archive/bugtraq/2001/06/msg00010.html](http://cert.uni-stuttgart.de/archive/bugtraq/2001/06/msg00010.html)",
        "[http://www.securityfocus.com/bid/2773](http://www.securityfocus.com/bid/2773)"
    ],
    "Acknowledgements": "This vulnerability was discovered by Sentry Research Labs.This document was written by Ian A. Finlay.",
    "Other Information": {
        "CVE IDs:": "CVE-2001-1338",
        "Severity Metric:": "3.52",
        "Date Public:": "2001-05-24",
        "Date First Published:": "2001-09-26",
        "Date Last Updated:": "2002-12-18 15:56 UTC",
        "Document Revision:": "23"
    }
}