{
    "Title": "VU#199348 - Barracuda Spam Firewall contains hardcoded default login credentials",
    "Overview": "Barracuda Spam Firewalls from version 3.3.01.001 to 3.3.02.053 have default login credentials that can not be modified by an administrator.",
    "Description": "[Barracuda Spam Firewall appliances](http://www.barracudanetworks.com/ns/products/spam_overview.php) provide ingress and egress spam filtering for local area networks. An administrator will typically log into the device by supplying credentials to a secure web-interface.Barracuda Spam Firewalls version 3.3.01.001 to 3.3.02.053 have a guest account with a fixed username and password. This account can log in to the web interface and can not be restricted by the system's built-in access control lists.",
    "Impact": "A remote, unauthenticated attacker can view system configuration files or other sensitive data.",
    "Solution": "UpgradeBarracuda has published updates that address this issue. Refer to the systems affected portion of this document for more details.Restrict AccessDo not allow access to the web interface of the Barracuda Spam Firewall from untrusted networks.Block Access to the Web InterfaceBlocking access to ports 443/tcp and 8080/tcp will prevent any user from logging into the web-interface, but will not interfere with the spam filtering functions of the firewall.",
    "Vendor Information": [
        {
            "Name": "Barracuda Networks"
        }
    ],
    "CVSS Metrics": [
        {
            "Group": "Base",
            "Score": "",
            "Vector": ""
        },
        {
            "Group": "Temporal",
            "Score": "",
            "Vector": ""
        },
        {
            "Group": "Environmental",
            "Score": "",
            "Vector": ""
        }
    ],
    "References": [
        "[http://secunia.com/advisories/21258/](http://secunia.com/advisories/21258/)",
        "[http://www.barracudanetworks.com/ns/products/spam_overview.php](http://www.barracudanetworks.com/ns/products/spam_overview.php)"
    ],
    "Acknowledgements": "Thanks to Greg Sinclair for reporting this vulnerability.This document was written by Ryan Giobbi.",
    "Other Information": {
        "CVE IDs:": "CVE-2006-4082",
        "Severity Metric:": "2.57",
        "Date Public:": "2006-08-01",
        "Date First Published:": "2006-08-24",
        "Date Last Updated:": "2006-08-29 18:30 UTC",
        "Document Revision:": "31"
    }
}