{
    "Title": "VU#200316 - Apple QuickTime vulnerable to denial of service via specially crafted FlashPix file",
    "Overview": "A buffer overflow vulnerability in the way Apple QuickTime handles FlashPix files could allow a remote attacker to execute arbitrary code or cause a denial-of-service condition.",
    "Description": "A buffer overflow vulnerability in [QuickTime](http://www.apple.com/quicktime/download/) for Windows and Mac OS X may allow an attacker to execute arbitrary code with the privileges of the user running QuickTime.  By convincing a user to open a specially-crafted FlashPix file, an attacker can trigger the overflow.Depending on settings, a web browser could automatically open a FlashPix file with QuickTime. Apple iTunes includes QuickTime.",
    "Impact": "A remote, unauthenticated attacker can execute arbitrary code or create a denial-of-service condition.",
    "Solution": "UpgradeApple has addressed this issue in [Quicktime 7.1.3](http://docs.info.apple.com/article.html?artnum=304357). The latest version of QuickTime is available from the [QuickTime download site](http://www.apple.com/quicktime/download/).Do not open multimedia files from untrusted sourcesDo not open multimedia files that are from untrusted or unknown sources. For more information, please see [Using Caution with Email Attachments](http://www.us-cert.gov/cas/tips/ST04-010.html).Limit privilegesRunning QuickTime with reduced privileges may help mitigate the effects of this vulnerability. Users with administrator access can run QuickTime with reduced privileges by following the instructions in Microsoft knowledgebase article [294676](http://support.microsoft.com/default.aspx?scid=KB;EN-US;Q294676). Run QuickTime with their regular user accounts. See the [Before You Connect a New Computer to the Internet](http://www.cert.org/tech_tips/before_you_plug_in.html) for more details.",
    "Vendor Information": [
        {
            "Name": "Apple Computer, Inc."
        }
    ],
    "CVSS Metrics": [
        {
            "Group": "Base",
            "Score": "",
            "Vector": ""
        },
        {
            "Group": "Temporal",
            "Score": "",
            "Vector": ""
        },
        {
            "Group": "Environmental",
            "Score": "",
            "Vector": ""
        }
    ],
    "References": [
        "[http://secunia.com/advisories/21893/](http://secunia.com/advisories/21893/)",
        "[http://www.us-cert.gov/cas/techalerts/TA06-256A.html](http://www.us-cert.gov/cas/techalerts/TA06-256A.html)",
        "[http://www.cert.org/tech_tips/before_you_plug_in.html](http://www.cert.org/tech_tips/before_you_plug_in.html)",
        "[http://docs.info.apple.com/article.html?artnum=304357](http://docs.info.apple.com/article.html?artnum=304357)"
    ],
    "Acknowledgements": "Thanks to Apple Product Security for information about this vulnerability. Apple credits Mike Price of McAfee AVERT Labs. This document was written by Ryan Giobbi.",
    "Other Information": {
        "CVE IDs:": "CVE-2006-4388",
        "Severity Metric:": "0.08",
        "Date Public:": "2006-09-12",
        "Date First Published:": "2006-09-13",
        "Date Last Updated:": "2006-09-15 19:58 UTC",
        "Document Revision:": "18"
    }
}