{
    "Title": "VU#200907 - Intellian Satellite TV t-Series and v-Series firmware contains insecure default credentials",
    "Overview": "Intellian Satellite TV antennas t-Series and v-Series, firmware version 1.07, uses default credentials.",
    "Description": "[CWE-255](http://cwe.mitre.org/data/definitions/255.html): Credentials Management - CVE-2016-6551Intellian Satellite TV antennas t-Series and v-Series, firmware version 1.07, uses non-random default credentials of:  ftp/ftp or intellian:12345678. A remote network attacker can gain elevated access to a vulnerable device.",
    "Impact": "A remote attacker can take control of a device using default credentials.",
    "Solution": "The CERT/CC is currently unaware of a practical solution to this problem.Restrict access and use strong passwordsAs a general good security practice, only allow trusted hosts to connect to the device. Use of strong, unique passwords can help reduce the efficacy of brute force password guessing attacks.",
    "Vendor Information": [
        {
            "Name": "Intellian Technologies, Inc."
        }
    ],
    "CVSS Metrics": [
        {
            "Group": "Base",
            "Score": "4.4",
            "Vector": "AV:L/AC:M/Au:N/C:P/I:P/A:P"
        },
        {
            "Group": "Temporal",
            "Score": "4",
            "Vector": "E:F/RL:W/RC:ND"
        },
        {
            "Group": "Environmental",
            "Score": "3.0",
            "Vector": "CDP:N/TD:M/CR:ND/IR:ND/AR:ND"
        }
    ],
    "References": [
        "[http://cwe.mitre.org/data/definitions/255.html](http://cwe.mitre.org/data/definitions/255.html)",
        "[https://www.akamai.com/us/en/multimedia/documents/state-of-the-internet/sshowdown-exploitation-of-iot-devices-for-launching-mass-scale-attack-campaigns.pdf](https://www.akamai.com/us/en/multimedia/documents/state-of-the-internet/sshowdown-exploitation-of-iot-devices-for-launching-mass-scale-attack-campaigns.pdf)"
    ],
    "Acknowledgements": "Thanks to Ory Segal and Ezra Caltum  for reporting this vulnerability.This document was written by Trent Novelly.",
    "Other Information": {
        "CVE IDs:": "CVE-2016-6551",
        "Date Public:": "2016-10-20",
        "Date First Published:": "2016-10-20",
        "Date Last Updated:": "2016-10-20 18:14 UTC",
        "Document Revision:": "16"
    }
}