{
    "Title": "VU#200928 - VLC Media Player format string vulnerability",
    "Overview": "VLC contains a format string vulnerability that may allow an attacker to execute code.",
    "Description": "VideoLAN (VLC) is a streaming media player that runs on multiple platforms. From VideoLAN Security Advisory [0702](http://www.videolan.org/sa0702.html):VLC media player Ogg/Vorbis, Ogg/Theora, CDDA (CD Digital Audio) and SAP (Service Announce Protocol) plugins are prone to a C-style format string vulnerability when trying to parse a media data stream.Valid but carefully crafted .ogg (Vorbis) or .ogm (Theora) files, CDDB entries or SAP/SDP messages can trigger the bug. We therefore consider this bug to have a high severity.Note that VLC distributes a [plugin](http://www.videolan.org/doc/vlc-user-guide/en/ch07.html) for Mozilla-based browsers. If the VLC browser plugin is used, an attacker may be able to exploit this vulnerability by convincing a user to go to a webpage.",
    "Impact": "A remote, unauthenticated attacker may be able to execute arbitrary code with the privileges of the user running VLC.",
    "Solution": "UpgradeVLC media player [0.8.6c](http://www.videolan.org/vlc/) has been released to address this issue.  Disable the affected componentsDisabling the affected VLC plugins and components may mitigate this vulnerability. See the workarounds section of VideoLAN Security Advisory [0702](http://www.videolan.org/sa0702.html) for more details.",
    "Vendor Information": [
        {
            "Name": "VideoLAN"
        }
    ],
    "CVSS Metrics": [
        {
            "Group": "Base",
            "Score": "",
            "Vector": ""
        },
        {
            "Group": "Temporal",
            "Score": "",
            "Vector": ""
        },
        {
            "Group": "Environmental",
            "Score": "",
            "Vector": ""
        }
    ],
    "References": [
        "[http://www.videolan.org/sa0702.html](http://www.videolan.org/sa0702.html)",
        "[http://www.tech-faq.com/format-string-vulnerability.shtml](http://www.tech-faq.com/format-string-vulnerability.shtml)",
        "[http://www.securityfocus.com/bid/24555 ](http://www.securityfocus.com/bid/24555 )",
        "[http://www.frsirt.com/english/advisories/2007/2262 ](http://www.frsirt.com/english/advisories/2007/2262 )",
        "[http://secunia.com/advisories/25753 ](http://secunia.com/advisories/25753 )",
        "[http://www.isecpartners.com/advisories/2007-001-vlc.txt](http://www.isecpartners.com/advisories/2007-001-vlc.txt)"
    ],
    "Acknowledgements": "Thanks to the VLC team for information that was used in this report.This document was written by Ryan Giobbi.",
    "Other Information": {
        "CVE IDs:": "CVE-2007-3316",
        "Severity Metric:": "8.82",
        "Date Public:": "2007-06-20",
        "Date First Published:": "2007-07-23",
        "Date Last Updated:": "2007-07-24 16:50 UTC",
        "Document Revision:": "14"
    }
}