{
    "Title": "VU#201704 - Microsoft Windows 2000 Event Viewer contains buffer overflow",
    "Overview": "The Windows 2000 event viewer contains a buffer overflow.",
    "Description": "The Microsoft Windows 2000 event viewer contains a buffer overflow that can be exploited when a record written to an event log is examined by the event viewer. Both privileged and unprivileged users can read and write to the system and application logs, but only privileged users and processes can read and write the security log. The buffer overflow occurs in the code used to process and display properties of individual event records. For more information, see [http://www.microsoft.com/technet/security/bulletin/MS01-013.asp](http://www.microsoft.com/technet/security/bulletin/MS01-013.asp)The data needed to run code can be inserted into event logs remotely, but an intruder cannot cause the vulnerability to be triggered without tricking or cooercing someone to examine the particular event log record containing the malicious data.",
    "Impact": "An intruder who can write to an event log can insert data that will cause a buffer overflow to occur when a user examines the record in the event log. This will allow the execution of arbitrary code with the privileges of the person examining the record.",
    "Solution": "Apply a patch as described in the [Microsoft bulletin](http://www.microsoft.com/technet/security/bulletin/MS01-013.asp).",
    "Vendor Information": [
        {
            "Name": "Microsoft"
        }
    ],
    "CVSS Metrics": [
        {
            "Group": "Base",
            "Score": "",
            "Vector": ""
        },
        {
            "Group": "Temporal",
            "Score": "",
            "Vector": ""
        },
        {
            "Group": "Environmental",
            "Score": "",
            "Vector": ""
        }
    ],
    "References": [
        "[http://www.microsoft.com/technet/security/bulletin/MS01-013.asp](http://www.microsoft.com/technet/security/bulletin/MS01-013.asp)"
    ],
    "Acknowledgements": "Our thanks to Microsoft, for the information contained in their bulletin. This document was written by Shawn V. Hernan.",
    "Other Information": {
        "CVE IDs:": "CVE-2001-0147",
        "Severity Metric:": "2.53",
        "Date Public:": "2001-02-26",
        "Date First Published:": "2002-05-24",
        "Date Last Updated:": "2002-05-24 00:08 UTC",
        "Document Revision:": "2"
    }
}