{
    "Title": "VU#201984 - Cisco IOS fails to properly handle Next Hop Resolution Protocol packets",
    "Overview": "Cisco IOS fails to properly handle Next Hop Resolution Protocol packets, which could allow a remote, unauthenticated attacker to execute arbitrary code or cause a denial of service.",
    "Description": "Cisco [IOS](http://en.wikipedia.org/wiki/Cisco_IOS) is an operating system that is used on Cisco network devices.  Cisco IOS supports a feature called Next Hop Resolution Protocol ([NHRP](http://www.cisco.com/en/US/products/ps6350/products_configuration_guide_chapter09186a0080435815.html)).  NHRP is a component of the Dynamic Multipoint Virtual Private Network (DMVPN) feature.  NHRP is not enabled by default in Cisco IOS.  Cisco IOS fails to properly handle NHRP packets.  According to the [Cisco Security Advisory](http://www.cisco.com/warp/public/707/cisco-sa-20070808-nhrp.shtml), NHRP can operate in three ways: at the link layer (Layer 2), over Generic Routing Encapsulation (GRE) and multipoint GRE (mGRE) tunnels and directly on IP (IP protocol number 54). This vulnerability affects all three methods of operation.Note that exploit code for this vulnerability is publicly available.",
    "Impact": "A remote, unauthenticated attacker may be able to execute arbitrary code or cause a denial of service on an affected device.",
    "Solution": "Apply an updateThis issue is addressed in Cisco Security Advisory [cisco-sa-20070808-nhrp](http://www.cisco.com/warp/public/707/cisco-sa-20070808-nhrp.shtml).Workarounds Cisco Security Advisory [cisco-sa-20070808-nhrp](http://www.cisco.com/warp/public/707/cisco-sa-20070808-nhrp.shtml#workarounds) offers several workarounds, including infrastructure ACLs and Control Plane Policing.",
    "Vendor Information": [
        {
            "Name": "Cisco Systems, Inc."
        }
    ],
    "CVSS Metrics": [
        {
            "Group": "Base",
            "Score": "",
            "Vector": ""
        },
        {
            "Group": "Temporal",
            "Score": "",
            "Vector": ""
        },
        {
            "Group": "Environmental",
            "Score": "",
            "Vector": ""
        }
    ],
    "References": [
        "[http://www.cisco.com/warp/public/707/cisco-sa-20070808-nhrp.shtml](http://www.cisco.com/warp/public/707/cisco-sa-20070808-nhrp.shtml)",
        "[http://www.cisco.com/en/US/products/ps6350/products_configuration_guide_chapter09186a0080435815.html](http://www.cisco.com/en/US/products/ps6350/products_configuration_guide_chapter09186a0080435815.html)",
        "[http://secunia.com/advisories/26360/](http://secunia.com/advisories/26360/)"
    ],
    "Acknowledgements": "Thanks to Cisco  for reporting this vulnerability, who in turn credit Martin Kluge.This document was written by Will Dormann.",
    "Other Information": {
        "CVE IDs:": "None",
        "Severity Metric:": "17.85",
        "Date Public:": "2007-08-08",
        "Date First Published:": "2007-08-09",
        "Date Last Updated:": "2007-08-10 12:30 UTC",
        "Document Revision:": "4"
    }
}