{
    "Title": "VU#202753 - Autonomy Ultraseek URL redirection vulnerability",
    "Overview": "The Autonomy Ultraseek search engine contains a URL redirection vulnerability that may allow an attacker to redirect website users to other sites.",
    "Description": "The Autonomy Ultraseek search engine contains a URL redirection vulnerability in the /cs.html?url= paramater. The destination URL can be obsfucated in the redirect by using URL encoding techniques. To exploit this issue, an attacker would need to get a user to click on a link or browse to a website.",
    "Impact": "An attacker may be able to redirect a user to any website.",
    "Solution": "Ultraseek administrators should contact Ultraseek [support ](http://customers.autonomy.com/)for information on how to obtain updated software that addresses this issue. Workarounds Using firewalls, reverse proxy servers, or web application firewalls to block URLs that contain the string /cs.html?url= may prevent some attackers from exploiting this vulnerablity. This workaournd can be evaded by URL obsfucation/encoding and will not be completely effective if the web server uses SSL.",
    "Vendor Information": [
        {
            "Name": "Ultraseek",
            "Status": "Affected",
            "Vendor Statement": "We have not received a statement from the vendor.",
            "Vendor Information": "The vendor has not provided us with any further information regarding this vulnerability."
        },
        {
            "Name": "Verity, Inc.",
            "Status": "Affected",
            "Vendor Statement": "We have not received a statement from the vendor.",
            "Vendor Information": "The vendor has not provided us with any further information regarding this vulnerability."
        }
    ],
    "CVSS Metrics": [
        {
            "Group": "Base",
            "Score": "0",
            "Vector": "AV:--/AC:--/Au:--/C:--/I:--/A:--"
        },
        {
            "Group": "Temporal",
            "Score": "0",
            "Vector": "E:ND/RL:ND/RC:ND"
        },
        {
            "Group": "Environmental",
            "Score": "0",
            "Vector": "CDP:ND/TD:ND/CR:ND/IR:ND/AR:ND"
        }
    ],
    "References": [
        "[http://www.ultraseek.com/forums/thread.jspa?messageID=9818](http://www.ultraseek.com/forums/thread.jspa?messageID=9818)",
        "[http://www.ultraseek.com/articles/archives/2006/01/quick_links_in.html](http://www.ultraseek.com/articles/archives/2006/01/quick_links_in.html)",
        "[http://www.owasp.org/index.php/Open_redirect](http://www.owasp.org/index.php/Open_redirect)",
        "[http://sunbeltblog.blogspot.com/2009/01/constant-stream-of-ultraseek-redirects.html](http://sunbeltblog.blogspot.com/2009/01/constant-stream-of-ultraseek-redirects.html)"
    ],
    "Acknowledgements": "This document was written by Ryan Giobbi.",
    "Other Information": {
        "CVE IDs:": "None",
        "Severity Metric:": "1.30",
        "Date Public:": "2009-01-11",
        "Date First Published:": "2009-01-28",
        "Date Last Updated:": "2009-01-28 21:19 UTC",
        "Document Revision:": "19"
    }
}