{
    "Title": "VU#203214 - SquirrelMail may allow execution of arbitrary code",
    "Overview": "SquirrelMail 1.2.6 may allow remote execution of arbitrary code via URL manipulation.",
    "Description": "From the [SquirrelMail webpage](http://www.squirrelmail.org/):SquirrelMail is a standards-based webmail package written in PHP4. It includes built-in pure PHP support for the IMAP and SMTP protocols, and all pages render in pure HTML 4.0 (with no JavaScript required) for maximum compatibility across browsers. It has very few requirements and is very easy to configure and install. SquirrelMail has all the functionality you would want from an email client, including strong MIME support, address books, and folder manipulation.SquirrelMail 1.2.6 contains an input-handling flaw that may allow remote attackers to execute arbitrary code with elevated privileges.",
    "Impact": "Remote attackers could execute arbitrary code with elevated privileges as the SquirrelMail CGI user, typically www-data or similar.",
    "Solution": "Apply an updateInformation for obtaining updates may be found in the \"Vendor\" section of this note.  Users may also visit the [SquirrelMail web site](http://www.squirrelmail.org/) for additional information concerning updates.Note: SquirrelMail 1.2.6 is the only version affected and is from the previous stable release series.  The current 1.4.x branch is not affected.",
    "Vendor Information": [
        {
            "Name": "Debian",
            "Status": "Affected",
            "Vendor Statement": "[Debian Security Advisory DSA-622-1](http://www.debian.org/security/2005/dsa-662) contains the latest information regarding updates and fixes for this flaw.",
            "Vendor Information": "The vendor has not provided us with any further information regarding this vulnerability.",
            "Addendum": "US-CERT has no additional comments at this time.If you have feedback, comments, or additional information about this vulnerability, please send us [email](mailto:cert@cert.org?Subject=VU%23203214 Feedback)."
        },
        {
            "Name": "SquirrelMail Project Team",
            "Status": "Affected",
            "Vendor Statement": "We have not received a statement from the vendor.",
            "Vendor Information": "The vendor has not provided us with any further information regarding this vulnerability.",
            "Addendum": "Updates for SquirrelMail are available at the [SquirrelMail web site](http://www.squirrelmail.org/).If you have feedback, comments, or additional information about this vulnerability, please send us [email](mailto:cert@cert.org?Subject=VU%23203214 Feedback)."
        }
    ],
    "CVSS Metrics": [
        {
            "Group": "Base",
            "Score": "",
            "Vector": ""
        },
        {
            "Group": "Temporal",
            "Score": "",
            "Vector": ""
        },
        {
            "Group": "Environmental",
            "Score": "",
            "Vector": ""
        }
    ],
    "References": [
        "[http://www.debian.org/security/2005/dsa-662](http://www.debian.org/security/2005/dsa-662)",
        "[http://secunia.com/advisories/14096](http://secunia.com/advisories/14096)"
    ],
    "Acknowledgements": "Thanks to the Debian Project for reporting this vulnerability, who in turn credit Grant Hollingworth with its discovery. This document was written by Ken MacInnis based primarily on information provided by the Debian Project and the SquirrelMail team.",
    "Other Information": {
        "CVE IDs:": "CVE-2005-0152",
        "Severity Metric:": "7.80",
        "Date Public:": "2005-02-01",
        "Date First Published:": "2005-02-09",
        "Date Last Updated:": "2005-02-09 20:17 UTC",
        "Document Revision:": "6"
    }
}