{
    "Title": "VU#203611 - inet_network() off-by-one buffer overflow",
    "Overview": "The\u00a0inet_network() resolver function contains an off-by-one buffer overflow, which may allow a remote, unauthenticated attacker to execute arbitrary code on a vulnerable system.",
    "Description": "The inet_network() function takes a character string representation for an internet address and returns the internet network number in integer form.  inet_network() is implemented by various libbind, libc, and [GNU libc](http://www.gnu.org/software/libc/) versions.  Applications that link against a vulnerable version of inet_network() may be vulnerable to a one-byte overflow.",
    "Impact": "A remote, unauthenticated attacker may be able to execute arbitrary code or cause a denial of service on a vulnerable system.",
    "Solution": "Apply an updateFreeBSD libc - Apply the patch in FreeBSD Security Advisory [FreeBSD-SA-08:02.libc](http://security.freebsd.org/advisories/FreeBSD-SA-08:02.libc.asc)GNU libc - This issue was resolved on February 11, 2000 in the main ([diff](http://sourceware.org/cgi-bin/cvsweb.cgi/libc/inet/inet_net.c.diff?r1=1.8&r2=1.9&cvsroot=glibc&f=h)) and glibc 2.1 ([diff](http://sourceware.org/cgi-bin/cvsweb.cgi/libc/inet/inet_net.c.diff?r1=1.6.2.1&r2=1.6.2.2&cvsroot=glibc&f=h)) brancheslibbind - This issue will be resolved in libbind 9.3.5, 9.4.3, 2.5.0b2, or later.  A patch is also available in the ISC [Advisory](http://www.isc.org/sw/bind/bind-security.php)",
    "Vendor Information": [
        {
            "Name": "FreeBSD, Inc.",
            "Status": "Affected",
            "Vendor Statement": "We have not received a statement from the vendor.",
            "Vendor Information": "The vendor has not provided us with any further information regarding this vulnerability.",
            "Addendum": "Apply the patch in FreeBSD Security Advisory [FreeBSD-SA-08:02.libc](http://security.freebsd.org/advisories/FreeBSD-SA-08:02.libc.asc)If you have feedback, comments, or additional information about this vulnerability, please send us [email](mailto:cert@cert.org?Subject=VU%23203611 Feedback)."
        },
        {
            "Name": "GNU glibc",
            "Status": "Affected",
            "Vendor Statement": "The GNU C library is not vulnerable.  Ulrich Drepper contributed a fix for that bug on 2000-02-11, shortly after importing the code from BIND 8.2.2.",
            "Vendor Information": "The vendor has not provided us with any further information regarding this vulnerability."
        },
        {
            "Name": "OpenBSD",
            "Status": "Affected",
            "Vendor Statement": "We have not received a statement from the vendor.",
            "Vendor Information": "The vendor has not provided us with any further information regarding this vulnerability.",
            "Addendum": "libbind is available in the OpenBSD ports repository.If you have feedback, comments, or additional information about this vulnerability, please send us [email](mailto:cert@cert.org?Subject=VU%23203611 Feedback)."
        },
        {
            "Name": "Apple Computer, Inc.",
            "Status": "Not Affected",
            "Vendor Statement": "The issue described in CVE-2008-0122 does not affect Apple products.",
            "Vendor Information": "The vendor has not provided us with any further information regarding this vulnerability."
        },
        {
            "Name": "BlueCat Networks, Inc.",
            "Status": "Not Affected",
            "Vendor Statement": "We have not received a statement from the vendor.",
            "Vendor Information": "The vendor has not provided us with any further information regarding this vulnerability."
        },
        {
            "Name": "Hewlett-Packard Company",
            "Status": "Not Affected",
            "Vendor Statement": "Regarding the ISC report concerning a vulnerability in libbind:The function inet_network() contains a 1-byte overflow.  However,HP is not affected by this 1-byte overflow in inet_network(), because our inet_network() API implementation in HP-UX (B.11.11, B.11.23, B.11.31) is different than other operating systems.",
            "Vendor Information": "The vendor has not provided us with any further information regarding this vulnerability."
        },
        {
            "Name": "Infoblox",
            "Status": "Not Affected",
            "Vendor Statement": "We have evaluated our exposure to exploit #VU203611 (CVE-2008-0122) and have determined we are not vulnerable.",
            "Vendor Information": "The vendor has not provided us with any further information regarding this vulnerability."
        },
        {
            "Name": "Ingrian Networks, Inc.",
            "Status": "Not Affected",
            "Vendor Statement": "Ingrian networks products are not succeptible to this vulnerability.",
            "Vendor Information": "The vendor has not provided us with any further information regarding this vulnerability."
        },
        {
            "Name": "Mandriva, Inc.",
            "Status": "Not Affected",
            "Vendor Statement": "Mandriva does not provide libbind, and no applications are linked against it therefore Mandriva is not vulnerabe to this issue.",
            "Vendor Information": "The vendor has not provided us with any further information regarding this vulnerability."
        },
        {
            "Name": "Microsoft Corporation",
            "Status": "Not Affected",
            "Vendor Statement": "We have not received a statement from the vendor.",
            "Vendor Information": "The vendor has not provided us with any further information regarding this vulnerability."
        },
        {
            "Name": "CentOS",
            "Status": "Unknown",
            "Vendor Statement": "We have not received a statement from the vendor.",
            "Vendor Information": "The vendor has not provided us with any further information regarding this vulnerability."
        },
        {
            "Name": "Check Point Software Technologies",
            "Status": "Unknown",
            "Vendor Statement": "We have not received a statement from the vendor.",
            "Vendor Information": "The vendor has not provided us with any further information regarding this vulnerability."
        },
        {
            "Name": "Conectiva Inc.",
            "Status": "Unknown",
            "Vendor Statement": "We have not received a statement from the vendor.",
            "Vendor Information": "The vendor has not provided us with any further information regarding this vulnerability."
        },
        {
            "Name": "Cray Inc.",
            "Status": "Unknown",
            "Vendor Statement": "We have not received a statement from the vendor.",
            "Vendor Information": "The vendor has not provided us with any further information regarding this vulnerability."
        },
        {
            "Name": "Debian GNU/Linux",
            "Status": "Unknown",
            "Vendor Statement": "To our knowledge, this vulnerability has already been fixed in the GNU libc resolver in 2000; no current Debian release is affected as a result.The bind-dev package contains a copy of the vulnerable BIND 8 code, but it is not used by Debian.",
            "Vendor Information": "The vendor has not provided us with any further information regarding this vulnerability."
        },
        {
            "Name": "EMC Corporation",
            "Status": "Unknown",
            "Vendor Statement": "We have not received a statement from the vendor.",
            "Vendor Information": "The vendor has not provided us with any further information regarding this vulnerability."
        },
        {
            "Name": "Engarde Secure Linux",
            "Status": "Unknown",
            "Vendor Statement": "We have not received a statement from the vendor.",
            "Vendor Information": "The vendor has not provided us with any further information regarding this vulnerability."
        },
        {
            "Name": "F5 Networks, Inc.",
            "Status": "Unknown",
            "Vendor Statement": "We have not received a statement from the vendor.",
            "Vendor Information": "The vendor has not provided us with any further information regarding this vulnerability."
        },
        {
            "Name": "Fedora Project",
            "Status": "Unknown",
            "Vendor Statement": "We have not received a statement from the vendor.",
            "Vendor Information": "The vendor has not provided us with any further information regarding this vulnerability."
        },
        {
            "Name": "Fujitsu",
            "Status": "Unknown",
            "Vendor Statement": "We have not received a statement from the vendor.",
            "Vendor Information": "The vendor has not provided us with any further information regarding this vulnerability."
        },
        {
            "Name": "Gentoo Linux",
            "Status": "Unknown",
            "Vendor Statement": "We have not received a statement from the vendor.",
            "Vendor Information": "The vendor has not provided us with any further information regarding this vulnerability."
        },
        {
            "Name": "Gnu ADNS",
            "Status": "Unknown",
            "Vendor Statement": "We have not received a statement from the vendor.",
            "Vendor Information": "The vendor has not provided us with any further information regarding this vulnerability."
        },
        {
            "Name": "Hitachi",
            "Status": "Unknown",
            "Vendor Statement": "We have not received a statement from the vendor.",
            "Vendor Information": "The vendor has not provided us with any further information regarding this vulnerability."
        },
        {
            "Name": "IBM Corporation",
            "Status": "Unknown",
            "Vendor Statement": "We have not received a statement from the vendor.",
            "Vendor Information": "The vendor has not provided us with any further information regarding this vulnerability."
        },
        {
            "Name": "IBM Corporation (zseries)",
            "Status": "Unknown",
            "Vendor Statement": "We have not received a statement from the vendor.",
            "Vendor Information": "The vendor has not provided us with any further information regarding this vulnerability."
        },
        {
            "Name": "IBM eServer",
            "Status": "Unknown",
            "Vendor Statement": "We have not received a statement from the vendor.",
            "Vendor Information": "The vendor has not provided us with any further information regarding this vulnerability."
        },
        {
            "Name": "Internet Software Consortium",
            "Status": "Unknown",
            "Vendor Statement": "We have not received a statement from the vendor.",
            "Vendor Information": "The vendor has not provided us with any further information regarding this vulnerability."
        },
        {
            "Name": "Juniper Networks, Inc.",
            "Status": "Unknown",
            "Vendor Statement": "We have not received a statement from the vendor.",
            "Vendor Information": "The vendor has not provided us with any further information regarding this vulnerability."
        },
        {
            "Name": "Lucent Technologies",
            "Status": "Unknown",
            "Vendor Statement": "We have not received a statement from the vendor.",
            "Vendor Information": "The vendor has not provided us with any further information regarding this vulnerability."
        },
        {
            "Name": "Men & Mice",
            "Status": "Unknown",
            "Vendor Statement": "We have not received a statement from the vendor.",
            "Vendor Information": "The vendor has not provided us with any further information regarding this vulnerability."
        },
        {
            "Name": "Metasolv Software, Inc.",
            "Status": "Unknown",
            "Vendor Statement": "We have not received a statement from the vendor.",
            "Vendor Information": "The vendor has not provided us with any further information regarding this vulnerability."
        },
        {
            "Name": "MontaVista Software, Inc.",
            "Status": "Unknown",
            "Vendor Statement": "We have not received a statement from the vendor.",
            "Vendor Information": "The vendor has not provided us with any further information regarding this vulnerability."
        },
        {
            "Name": "NEC Corporation",
            "Status": "Unknown",
            "Vendor Statement": "We have not received a statement from the vendor.",
            "Vendor Information": "The vendor has not provided us with any further information regarding this vulnerability."
        },
        {
            "Name": "NetBSD",
            "Status": "Unknown",
            "Vendor Statement": "We have not received a statement from the vendor.",
            "Vendor Information": "The vendor has not provided us with any further information regarding this vulnerability."
        },
        {
            "Name": "Nortel Networks, Inc.",
            "Status": "Unknown",
            "Vendor Statement": "We have not received a statement from the vendor.",
            "Vendor Information": "The vendor has not provided us with any further information regarding this vulnerability."
        },
        {
            "Name": "Novell, Inc.",
            "Status": "Unknown",
            "Vendor Statement": "We have not received a statement from the vendor.",
            "Vendor Information": "The vendor has not provided us with any further information regarding this vulnerability."
        },
        {
            "Name": "Openwall GNU/*/Linux",
            "Status": "Unknown",
            "Vendor Statement": "We have not received a statement from the vendor.",
            "Vendor Information": "The vendor has not provided us with any further information regarding this vulnerability."
        },
        {
            "Name": "QNX, Software Systems, Inc.",
            "Status": "Unknown",
            "Vendor Statement": "We have not received a statement from the vendor.",
            "Vendor Information": "The vendor has not provided us with any further information regarding this vulnerability."
        },
        {
            "Name": "Red Hat, Inc.",
            "Status": "Unknown",
            "Vendor Statement": "We have not received a statement from the vendor.",
            "Vendor Information": "The vendor has not provided us with any further information regarding this vulnerability."
        },
        {
            "Name": "SUSE Linux",
            "Status": "Unknown",
            "Vendor Statement": "We have not received a statement from the vendor.",
            "Vendor Information": "The vendor has not provided us with any further information regarding this vulnerability."
        },
        {
            "Name": "Shadowsupport",
            "Status": "Unknown",
            "Vendor Statement": "We have not received a statement from the vendor.",
            "Vendor Information": "The vendor has not provided us with any further information regarding this vulnerability."
        },
        {
            "Name": "Silicon Graphics, Inc.",
            "Status": "Unknown",
            "Vendor Statement": "We have not received a statement from the vendor.",
            "Vendor Information": "The vendor has not provided us with any further information regarding this vulnerability."
        },
        {
            "Name": "Slackware Linux Inc.",
            "Status": "Unknown",
            "Vendor Statement": "We have not received a statement from the vendor.",
            "Vendor Information": "The vendor has not provided us with any further information regarding this vulnerability."
        },
        {
            "Name": "Sony Corporation",
            "Status": "Unknown",
            "Vendor Statement": "We have not received a statement from the vendor.",
            "Vendor Information": "The vendor has not provided us with any further information regarding this vulnerability."
        },
        {
            "Name": "Sun Microsystems, Inc.",
            "Status": "Unknown",
            "Vendor Statement": "We have not received a statement from the vendor.",
            "Vendor Information": "The vendor has not provided us with any further information regarding this vulnerability."
        },
        {
            "Name": "The SCO Group",
            "Status": "Unknown",
            "Vendor Statement": "We have not received a statement from the vendor.",
            "Vendor Information": "The vendor has not provided us with any further information regarding this vulnerability."
        },
        {
            "Name": "Trustix Secure Linux",
            "Status": "Unknown",
            "Vendor Statement": "We have not received a statement from the vendor.",
            "Vendor Information": "The vendor has not provided us with any further information regarding this vulnerability."
        },
        {
            "Name": "Turbolinux",
            "Status": "Unknown",
            "Vendor Statement": "We have not received a statement from the vendor.",
            "Vendor Information": "The vendor has not provided us with any further information regarding this vulnerability."
        },
        {
            "Name": "Ubuntu",
            "Status": "Unknown",
            "Vendor Statement": "We have not received a statement from the vendor.",
            "Vendor Information": "The vendor has not provided us with any further information regarding this vulnerability."
        },
        {
            "Name": "Unisys",
            "Status": "Unknown",
            "Vendor Statement": "We have not received a statement from the vendor.",
            "Vendor Information": "The vendor has not provided us with any further information regarding this vulnerability."
        },
        {
            "Name": "Wind River Systems, Inc.",
            "Status": "Unknown",
            "Vendor Statement": "We have not received a statement from the vendor.",
            "Vendor Information": "The vendor has not provided us with any further information regarding this vulnerability."
        }
    ],
    "CVSS Metrics": [
        {
            "Group": "Base",
            "Score": "",
            "Vector": ""
        },
        {
            "Group": "Temporal",
            "Score": "",
            "Vector": ""
        },
        {
            "Group": "Environmental",
            "Score": "",
            "Vector": ""
        }
    ],
    "References": [
        "[http://security.freebsd.org/advisories/FreeBSD-SA-08:02.libc.asc](http://security.freebsd.org/advisories/FreeBSD-SA-08:02.libc.asc)",
        "[http://sourceware.org/cgi-bin/cvsweb.cgi/libc/inet/inet_net.c.diff?r1=1.6.2.1&r2=1.6.2.2&cvsroot=glibc&f=h](http://sourceware.org/cgi-bin/cvsweb.cgi/libc/inet/inet_net.c.diff?r1=1.6.2.1&r2=1.6.2.2&cvsroot=glibc&f=h)",
        "[http://sourceware.org/cgi-bin/cvsweb.cgi/libc/inet/inet_net.c.diff?r1=1.8&r2=1.9&cvsroot=glibc&f=h](http://sourceware.org/cgi-bin/cvsweb.cgi/libc/inet/inet_net.c.diff?r1=1.8&r2=1.9&cvsroot=glibc&f=h)",
        "[http://www.securityfocus.com/bid/27283](http://www.securityfocus.com/bid/27283)",
        "[http://securitytracker.com/alerts/2008/Jan/1019189.html](http://securitytracker.com/alerts/2008/Jan/1019189.html)",
        "[http://secunia.com/advisories/28367](http://secunia.com/advisories/28367)",
        "[http://xforce.iss.net/xforce/xfdb/39670](http://xforce.iss.net/xforce/xfdb/39670)"
    ],
    "Acknowledgements": "Thanks to Mark Andrews of ISC for reporting this vulnerability.This document was written by Will Dormann.",
    "Other Information": {
        "CVE IDs:": "CVE-2008-0122",
        "Severity Metric:": "0.76",
        "Date Public:": "2007-12-10",
        "Date First Published:": "2008-01-25",
        "Date Last Updated:": "2008-04-28 13:54 UTC",
        "Document Revision:": "16"
    }
}