{
    "Title": "VU#204889 - Windows XP Macromedia Flash 6 ActiveX control use-after-free vulnerability",
    "Overview": "The Macromedia Flash ActiveX control that is provided with Windows XP contains a memory corruption vulnerability, which may allow a remote, unauthenticated attacker to execute arbitrary code on a vulnerable system.",
    "Description": "Microsoft Windows XP provides the Macromedia Flash ActiveX control. Depending on the patch level of the system, it may be provided by either flash.ocx or flash6.ocx. This ActiveX control contains a use-after-free vulnerability, which can result in heap memory corruption. Note that this vulnerability does not affect systems that have Flash 9 or later installed, as newer versions of the Flash installer will replace the Macromedia Flash control that is provided by Windows.",
    "Impact": "By convincing a user to view a specially crafted HTML document (e.g., a web page or an HTML email message or attachment), an attacker may be able to execute arbitrary code.",
    "Solution": "We are unaware of a practical solution to this problem. Please see [Microsoft Security Advisory (979267)](http://www.microsoft.com/technet/security/advisory/979267.mspx) for some workarounds, including:Disable the Flash ActiveX control in Internet ExplorerThe Flash ActiveX control can be disabled in Internet Explorer by setting the kill bit for the following CLSID:{D27CDB6E-AE6D-11cf-96B8-444553540000}More information about how to set the kill bit is available in [Microsoft Support Document 240797](http://support.microsoft.com/kb/240797).  Alternatively, the following text can be saved as a .REG file and imported to set the kill bit for this control:Windows Registry Editor Version 5.00[HKEY_LOCAL_MACHINE\\SOFTWARE\\Microsoft\\Internet Explorer\\ActiveX Compatibility\\{D27CDB6E-AE6D-11cf-96B8-444553540000}]\"Compatibility Flags\"=dword:00000400[HKEY_LOCAL_MACHINE\\SOFTWARE\\Wow6432Node\\Microsoft\\Internet Explorer\\ActiveX Compatibility\\{D27CDB6E-AE6D-11cf-96B8-444553540000}]\"Compatibility Flags\"=dword:00000400Remove FlashAdobe has provided [instructions](http://kb2.adobe.com/cps/127/tn_12727.html) for removing the Flash 6 ActiveX control. Alternatively, a [utility](http://kb2.adobe.com/cps/141/tn_14157.html) has been provided to automatically remove the Flash ActiveX control and plug-in.Apply an updateThis issue can be mitigated by installing the latest version of Adobe Flash. Flash 6 is no longer supported, and installing [Adobe Flash 10](http://get.adobe.com/flashplayer/) will replace the existing Flash ActiveX control(s).Disable ActiveXDisabling ActiveX controls in the Internet Zone (or any zone used by an attacker) appears to prevent exploitation of this and other ActiveX vulnerabilities. Instructions for disabling ActiveX in the Internet Zone can be found in the \"[Securing Your Web Browser\"](http://www.us-cert.gov/reading_room/securing_browser/#Internet_Explorer) document.",
    "Vendor Information": [
        {
            "Name": "Adobe",
            "Status": "Affected",
            "Vendor Statement": "We have not received a statement from the vendor.",
            "Vendor Information": "The vendor has not provided us with any further information regarding this vulnerability."
        },
        {
            "Name": "Microsoft Corporation",
            "Status": "Affected",
            "Vendor Statement": "We have not received a statement from the vendor.",
            "Vendor Information": "Please see [Microsoft Security Advisory (979267)](http://www.microsoft.com/technet/security/advisory/979267.mspx) for some workarounds."
        }
    ],
    "CVSS Metrics": [
        {
            "Group": "Base",
            "Score": "",
            "Vector": ""
        },
        {
            "Group": "Temporal",
            "Score": "",
            "Vector": ""
        },
        {
            "Group": "Environmental",
            "Score": "",
            "Vector": ""
        }
    ],
    "References": [
        "[http://www.microsoft.com/technet/security/advisory/979267.mspx](http://www.microsoft.com/technet/security/advisory/979267.mspx)",
        "[http://get.adobe.com/flashplayer/](http://get.adobe.com/flashplayer/)",
        "[http://kb2.adobe.com/cps/141/tn_14157.html](http://kb2.adobe.com/cps/141/tn_14157.html)",
        "[http://kb2.adobe.com/cps/127/tn_12727.html](http://kb2.adobe.com/cps/127/tn_12727.html)",
        "[http://secunia.com/advisories/27105/3/](http://secunia.com/advisories/27105/3/)",
        "[http://secunia.com/secunia_research/2007-77/](http://secunia.com/secunia_research/2007-77/)"
    ],
    "Acknowledgements": "This vulnerability was reported by Will Dormann of the CERT/CC, based on information provided by Chad Dougherty of the CERT/CC.This document was written by Will Dormann.",
    "Other Information": {
        "CVE IDs:": "None",
        "Severity Metric:": "4.05",
        "Date Public:": "2010-01-12",
        "Date First Published:": "2010-01-12",
        "Date Last Updated:": "2010-01-15 14:18 UTC",
        "Document Revision:": "23"
    }
}