{
    "Title": "VU#204988 - Kaseya's agent driver contains NULL pointer dereference",
    "Overview": "Kaseya's agent driver, kapfa.sys, is vulnerable to a NULL pointer dereference.[](https://cwe.mitre.org/data/definitions/476.html)",
    "Description": "[CWE-476](http://cwe.mitre.org/data/definitions/476.html): NULL Pointer DereferenceKaseya's agent driver, kapfa.sys, is vulnerable to a NULL pointer dereference.",
    "Impact": "A local authenticated attacker may be able to cause a denial-of-service condition or achieve code execution with the privileges of the Windows kernel.",
    "Solution": "Kaseya has released patches with the following instructions:\"For VSA Version 7.0, install patch 7.0.0.16 and then update your agents to version 7.0.0.3 or higher (Agent-> Upgrade Agent->Update Agent).For VSA Version 6.5, install patch 6.5.0.17 and then update your agents to version 6.5.0.2 or higher (Agent-> Upgrade Agent->Update Agent).For VSA 6.3 or earlier, it is recommended to upgrade the system to version 6.5 or 7.0.\"",
    "Vendor Information": [
        {
            "Name": "Kaseya, Inc.",
            "Status": "Affected",
            "Vendor Statement": "We have not received a statement from the vendor.",
            "Vendor Information": "We are not aware of further vendor information regarding this vulnerability."
        }
    ],
    "CVSS Metrics": [
        {
            "Group": "Base",
            "Score": "6.8",
            "Vector": "AV:L/AC:L/Au:S/C:C/I:C/A:C"
        },
        {
            "Group": "Temporal",
            "Score": "5.5",
            "Vector": "E:POC/RL:U/RC:UC"
        },
        {
            "Group": "Environmental",
            "Score": "1.5",
            "Vector": "CDP:L/TD:L/CR:L/IR:M/AR:H"
        }
    ],
    "References": [
        "[http://www.kaseya.com/](http://www.kaseya.com/)",
        "[https://cwe.mitre.org/data/definitions/476.html](https://cwe.mitre.org/data/definitions/476.html)"
    ],
    "Acknowledgements": "Thanks to Bill Finlayson for reporting this vulnerability.This document was written by Jared Allar.",
    "Other Information": {
        "CVE IDs:": "CVE-2014-2926",
        "Date Public:": "2014-07-14",
        "Date First Published:": "2014-07-14",
        "Date Last Updated:": "2014-07-28 13:54 UTC",
        "Document Revision:": "27"
    }
}