{
    "Title": "VU#204950 - Atmail Webmail Server version 7.1.3 contains cross-site scripting (XSS) and cross-site request forgery (CSRF) vulnerabilities",
    "Overview": "Atmail Webmail Server version 7.1.3 and possibly earlier versions contain stored cross-site scripting (XSS) ([CWE-79](http://cwe.mitre.org/data/definitions/79.html)) and cross-site request forgery (CSRF) ([CWE-352](http://cwe.mitre.org/data/definitions/352.html)) vulnerabilities.",
    "Description": "[CWE-79](http://cwe.mitre.org/data/definitions/79.html): Improper Neutralization of Input During Web Page Generation ('Cross-site Scripting') - CVE-2013-6017Atmail Webmail Server version 7.1.3 contains a stored cross-site scripting (XSS) vulnerability.  An attacker can place the stored XSS in the e-mail body and send it to another user on the mail system, allowing them to inject arbitrary HTML content (including script).  This may allow the attacker the ability to steal authentication cookies or other sensitive information.For example:<iframe width=0 height=0 src=\"javascript:alert('xss\u00a0in main body')\">[CWE-352](http://cwe.mitre.org/data/definitions/352.html): Cross-Site Request Forgery (CSRF) - CVE-2013-6028Atmail Webmail Server version 7.1.3 contains a cross-site request forgery (CSRF) vulnerability.  The application allows authorized administrators to perform certain actions via HTTP requests. An attacker may construct a webpage and send it to a previously authenticated administrator to add, delete, or modify users, or stop the service.The CVSS score below reflects CVE-2013-6028.",
    "Impact": "A remote unauthenticated attacker can conduct a cross-site scripting or cross-site request forgery attack, which may allow unauthorized changes to user credentials or inject arbitrary script into a web page presented to the user. JavaScript can be used to steal authentication cookies or other sensitive information.",
    "Solution": "Apply an UpdateThe vendor has released [Atmail version 7.2.0](http://atmail.com/changelog/) to address these and other vulnerabilities. Users are advised to upgrade to Atmail version 7.2.0 or higher.",
    "Vendor Information": [
        {
            "Name": "AtMail",
            "Status": "Affected",
            "Vendor Statement": "We have not received a statement from the vendor.",
            "Vendor Information": "We are not aware of further vendor information regarding this vulnerability."
        }
    ],
    "CVSS Metrics": [
        {
            "Group": "Base",
            "Score": "7.5",
            "Vector": "AV:N/AC:L/Au:N/C:P/I:P/A:P"
        },
        {
            "Group": "Temporal",
            "Score": "6.1",
            "Vector": "E:POC/RL:U/RC:UC"
        },
        {
            "Group": "Environmental",
            "Score": "1.5",
            "Vector": "CDP:ND/TD:L/CR:ND/IR:ND/AR:ND"
        }
    ],
    "References": [
        "[http://cwe.mitre.org/data/definitions/79.html](http://cwe.mitre.org/data/definitions/79.html)",
        "[http://cwe.mitre.org/data/definitions/352.html](http://cwe.mitre.org/data/definitions/352.html)",
        "[http://atmail.com/](http://atmail.com/)"
    ],
    "Acknowledgements": "Thanks to Zhao Liang of Beijing Leadsec Technology Co., Ltd for reporting this vulnerability.This document was written by Adam Rauf & Jared Allar.",
    "Other Information": {
        "CVE IDs:": "CVE-2013-6017,CVE-2013-6028",
        "Date Public:": "2013-12-01",
        "Date First Published:": "2014-01-10",
        "Date Last Updated:": "2014-10-02 16:37 UTC",
        "Document Revision:": "60"
    }
}