{
    "Title": "VU#205073 - Gesytec Easylon OPC Server fails to properly validate OPC server handles",
    "Overview": "The Gesytec Easylon OPC Server contains a vulnerability that may allow a remote attacker to execute arbitary code or cause a denial-of-service condition.",
    "Description": "OLE for Process Control (OPC) is a specification for a standard set of OLE COM objects used in the process control and manufacturing fields. OPC servers are often used in control systems to consolidate field and network device information.The Gesytec Easylon OPC Server fails to properly validate server handles. This vulnerability may be triggered by an attacker with access to the server's OPC interface.",
    "Impact": "An attacker with access to the Gesytec Easylon OPC Server may be able to arbitrarily access server process memory, potentially allowing that attacker to execute arbitrary code or cause a denial of service.",
    "Solution": "Gesytec has released version [2.3.44](ftp://ftp.gesytec.de/pub/opc/) of the Easylon OPC server to correct this vulnerability.Restrict access to the server Until a fixed version of the server can be deployed, consider restricting remote access to the server to only trusted hosts. You can restrict the access by using firewalls or by only connecting the server to private networks that are not connected to systems with Internet access. Critical systems (such as industrial control systems) should either not be connected to corporate networks with Internet connectivity or should be connected in a controlled way. If connecting the control system network to the corporate network is necessary, a firewall should be deployed to monitor and control traffic flow between the two networks.",
    "Vendor Information": [
        {
            "Name": "Gesytec",
            "Status": "Affected",
            "Vendor Statement": "We have not received a statement from the vendor.",
            "Vendor Information": "The vendor has not provided us with any further information regarding this vulnerability.",
            "Addendum": "Refer to [ftp://ftp.gesytec.de/pub/opc/](ftp://ftp.gesytec.de/pub/opc/).If you have feedback, comments, or additional information about this vulnerability, please send us [email](mailto:cert@cert.org?Subject=VU%23205073 Feedback)."
        }
    ],
    "CVSS Metrics": [
        {
            "Group": "Base",
            "Score": "",
            "Vector": ""
        },
        {
            "Group": "Temporal",
            "Score": "",
            "Vector": ""
        },
        {
            "Group": "Environmental",
            "Score": "",
            "Vector": ""
        }
    ],
    "References": [
        "[ftp://ftp.gesytec.de/pub/opc/](ftp://ftp.gesytec.de/pub/opc/)",
        "[http://www.neutralbit.com/en/rd/opctest/](http://www.neutralbit.com/en/rd/opctest/)",
        "[http://www.cpni.gov.uk/docs/re-20050223-00157.pdf](http://www.cpni.gov.uk/docs/re-20050223-00157.pdf)",
        "[http://www.opcfoundation.org/Default.aspx/01_about/01_whatis.asp?MID=AboutOPC](http://www.opcfoundation.org/Default.aspx/01_about/01_whatis.asp?MID=AboutOPC)",
        "[http://en.wikipedia.org/wiki/OLE_for_process_control](http://en.wikipedia.org/wiki/OLE_for_process_control)"
    ],
    "Acknowledgements": "This vulnerability was reported by NeutralBit.\u00a0 This document was written by Jeff Gennari and Ryan Giobbi.",
    "Other Information": {
        "CVE IDs:": "CVE-2007-4473",
        "Severity Metric:": "4.50",
        "Date Public:": "2007-12-14",
        "Date First Published:": "2007-12-14",
        "Date Last Updated:": "2008-01-10 16:57 UTC",
        "Document Revision:": "24"
    }
}