{
    "Title": "VU#205225 - Cisco Router Web Setup (CRWS) contains an insecure default IOS configuration",
    "Overview": "A vulnerability in the Cisco Router Web Setup (CRWS) web configuration tool on some Cisco 800 and SOHO series routers may allow remote execution of system-level commands with no authentication.",
    "Description": "Cisco Router Web Setup Tool The Cisco Router Web Setup tool, or CRWS, provides a GUI for an administrator configuring a [Cisco 800](http://www.cisco.com/en/US/products/hw/routers/ps380/index.html) or [SOHO](http://www.cisco.com/en/US/products/hw/routers/ps2167/index.html) series router. The Cisco IOS HTTP server provides the user interface, and is enabled by default on these routers. The CRWS may be enabled by default on the public interface, therefore may be accessible via the Internet.enable password / enable secret These IOS commands set the administrator passwords on Cisco 800 and SOHO series routers.The ProblemThe configuration shipped with the CRWS application does not include an enable password or enable secret command. This default configuration may allow execution of commands through the web interface at privilege level 15  (the highest level available) without requiring any authentication credentials. The following products are affected by this vulnerability: Cisco 806, Cisco 826, Cisco 827, Cisco 827H, Cisco 827-4v, Cisco 828, Cisco 831, Cisco 836, Cisco 837, Cisco SOHO 71, Cisco SOHO 76, Cisco SOHO 77, Cisco SOHO 77H, Cisco SOHO 78, Cisco SOHO 91, Cisco SOHO 96, Cisco SOHO 97.",
    "Impact": "A remote, unauthenticated attacker may be able to run commands at privilege level 15 through the web interface.",
    "Solution": "UpgradeCisco has provided an upgrade to address this vulnerability. See Cisco Security Advisory [cisco-sa-20060712-crws](http://www.cisco.com/warp/public/707/cisco-sa-20060712-crws.shtml#software) for more information.WorkaroundsCisco has provided three workarounds for this vulnerability:1. Disable the Cisco IOS HTTP server.2. Configure a password manually. 3. Enable authentication of requests to the HTTP Server by using a different authentication system.Details on applying these workarounds can be found in the [workarounds](http://www.cisco.com/warp/public/707/cisco-sa-20060712-crws.shtml#workarounds) section of cisco-sa-20060712.",
    "Vendor Information": [
        {
            "Name": "Cisco Systems, Inc."
        }
    ],
    "CVSS Metrics": [
        {
            "Group": "Base",
            "Score": "",
            "Vector": ""
        },
        {
            "Group": "Temporal",
            "Score": "",
            "Vector": ""
        },
        {
            "Group": "Environmental",
            "Score": "",
            "Vector": ""
        }
    ],
    "References": [
        "[http://www.cisco.com/warp/public/707/cisco-sa-20060712-crws.shtml](http://www.cisco.com/warp/public/707/cisco-sa-20060712-crws.shtml)",
        "[http://secunia.com/advisories/21028/](http://secunia.com/advisories/21028/)"
    ],
    "Acknowledgements": "This vulnerability was reported by Cisco Systems Product Security Incident Response Team.This document was written by Ryan Giobbi.",
    "Other Information": {
        "CVE IDs:": "None",
        "Severity Metric:": "46.50",
        "Date Public:": "2006-07-12",
        "Date First Published:": "2006-07-14",
        "Date Last Updated:": "2006-07-14 16:34 UTC",
        "Document Revision:": "24"
    }
}