{
    "Title": "VU#205766 - HP OpenView Select Access fails to properly decode UTF-8 encoded unicode characters in URLs",
    "Overview": "There is a vulnerability in the way HP OpenView Select Access decodes UTF-8 encoded unicode characters in URLs. This vulnerability could allow a remote user to gain access to resources the user would otherwise be unauthorized to access.",
    "Description": "[HP OpenView Select Access](http://www.openview.hp.com/products/select/) is a software package that provides user identity management and allows secure access to network services and enterprise resources through a web interface. There is a vulnerability in the way OpenView Select Access decodes [UTF-8](http://www.ietf.org/rfc/rfc2279.txt) encoded unicode characters in URLs.",
    "Impact": "A remote user could gain access to resources the user would otherwise be unauthorized to access.",
    "Solution": "Apply patchAccording to HP Security Bulletin [HPSBMA01045](http://www1.itrc.hp.com/service/cki/docDisplay.do?docId=HPSBMA01045) (login required), HP has made the following patches available:hp OpenView Select Access 5.0 Patch 4C hp OpenView Select Access 5.1 Patch 1Zhp OpenView Select Access 5.2 Patch Ghp OpenView Select Access 6.0 Patch\u00a0A These patches can be obtained from:[http://support.openview.hp.com/cpe/select_access/patch_sa.jsp](http://support.openview.hp.com/cpe/select_access/patch_sa.jsp)",
    "Vendor Information": [
        {
            "Name": "Hewlett-Packard Company",
            "Status": "Affected",
            "Vendor Statement": "-----BEGIN PGP SIGNED MESSAGE-----Hash: SHA1HP SECURITY BULLETINHPSBMA01045     REVISION: 0SSRT4719 rev.0 hp OpenView Select Access remote                  unauthorized access -----------------------------------------------------------------NOTICE: There are no restrictions for distribution of this Bulletin provided that it remains complete and intact. The information in this Security bulletin should be acted upon as soon as possible.INITIAL RELEASE:    24 May 2004POTENTIAL SECURITY IMPACT:    remote unauthorized accessSOURCE:    HEWLETT-PACKARD COMPANYHP Software Security Response TeamREFERENCES:    NoneVULNERABILITY SUMMARY:A potential vulnerability has been identified with hp OpenViewSelect Access which could be exploited to allow a remote userunauthorized access.SUPPORTED SOFTWARE VERSIONS*:  ONLY impacted versions are listed.hp OpenView Select Access 5.0 Patch 4, 5.1 Patch 1, 5.2, and 6.0.BACKGROUND:Utf-8 encoded Unicode characters used in a URL may not be decodedcorrectly, allowing users  access to resources normally denied tothem.RESOLUTION:HP has made the following patches available from[http://support.openview.hp.com/cpe/select_access/patch_sa.jsp](http://support.openview.hp.com/cpe/select_access/patch_sa.jsp)hp OpenView Select Access 5.0 Patch 4Chp OpenView Select Access 5.1 Patch 1Zhp OpenView Select Access 5.2 Patch Ghp OpenView Select Access 6.0 Patch A* The software product category that this Security Bulletin relates to is represented by the 5th and 6th characters of the Bulletin number: GN=General, MA=Management Agents, MI=Misc. 3rd party, MP=HP-MPE/iX, NS=HP NonStop Servers, OV=HP OpenVMS, PI=HP Printing & Imaging, ST=HP Storage, TU=HP Tru64 UNIX, TL=Trusted Linux, UX=HP-UX, VV=Virtual VaultSUPPORT: For further information, contact HP Services support         channel.SUBSCRIBE: To initiate a subscription to receive future HPSecurity Bulletins via Email:[http://h30046.www3.hp.com/driverAlertProfile.php?regioncode](http://h30046.www3.hp.com/driverAlertProfile.php?regioncode)=NA&langcode=USENG&jumpid=in_SC-GEN__driverITRC&topiccode=ITRCOn the web page:Driver and Support Alerts/Notifications Sign-up: Product SelectionUnder Step1: your products1. Select product category:   - a minimum of servers must be selected.2. Select product family or search:   - a minimum of one product must be selected.3. Add a product:   - a minimum of one product must be added.In Step 2: your operating system(s)   - check ALL operating systems for which alerts are required.Complete the form and Save.To update an existing subscription:[http://h30046.www3.hp.com/subSignIn.php](http://h30046.www3.hp.com/subSignIn.php)Log in on the web page Subscriber's choice for Business: sign-in.On the Web page: Subscriber's Choice: your profile summary- - use Edit Profile to update appropriate sections.Note: In addition to the individual alerts/notifications for theselected operating systems/products, subscribers willautomatically receive one copy of alerts for non-operating systemcategories (i.e., a subscriber who signs up for all six operatingsystem alerts will only receive one copy of all the non-operatingsystem alerts).REPORT: To report a potential security vulnerability with any HPsupported product, send Email to: security-alert@hp.com. It isstrongly recommended that security related information beingcommunicated to HP be encrypted using PGP, especially exploitinformation. To obtain the security-alert PGP key please send ane-mail message to security-alert@hp.com with the Subject of'get key' (no quotes).System management and security procedures must be reviewedfrequently to maintain system integrity. HP is continuallyreviewing and enhancing the security features of software productsto provide customers with current secure solutions.\"HP is broadly distributing this Security Bulletin in order tobring to the attention of users of the affected HP products theimportant security information contained in this Bulletin. HPrecommends that all users determine the applicability of thisinformation to their individual situations and take appropriateaction. HP does not warrant that this information is necessarilyaccurate or complete for all user situations and, consequently,HP will not be responsible for any damages resulting from user'suse or disregard of the information provided in this Bulletin.To the extent permitted by law, HP disclaims all warranties,either express or implied, including the warranties ofmerchantability and fitness for a particular purpose, titleand non-infringement.\"(c)Copyright 2004 Hewlett-Packard Development Company, L.P.Hewlett-Packard Company shall not be liable for technical oreditorial errors or omissions contained herein. The informationprovided is provided \"as is\" without warranty of any kind. To theextent permitted by law, neither HP or its affiliates,subcontractors or suppliers will be liable for incidental, specialor consequential damages including downtime cost; lost profits;damages relating to the procurement of substitute products orservices; or damages for loss of data, or software restoration.The information in this document is subject to change withoutnotice. Hewlett-Packard Company and the names of Hewlett-Packardproducts referenced herein are trademarks of Hewlett-PackardCompany in the United States and other countries. Other productand company names mentioned herein may be trademarks of theirrespective owners.-----BEGIN PGP SIGNATURE-----Version: PGP 8.0.2iQA/AwUBQLJbmeAfOvwtKn1ZEQK2cwCfdyeS7Usc9xzZfQrLsugd2Wjb+sEAoJpBDcPyl7IuyE0Kko25N/beYH1+=FJzt-----END PGP SIGNATURE-----",
            "Vendor Information": "The vendor has not provided us with any further information regarding this vulnerability.",
            "Addendum": "The CERT/CC has no additional comments at this time.If you have feedback, comments, or additional information about this vulnerability, please send us [email](mailto:cert@cert.org?Subject=VU%23205766 Feedback)."
        }
    ],
    "CVSS Metrics": [
        {
            "Group": "Base",
            "Score": "",
            "Vector": ""
        },
        {
            "Group": "Temporal",
            "Score": "",
            "Vector": ""
        },
        {
            "Group": "Environmental",
            "Score": "",
            "Vector": ""
        }
    ],
    "References": [
        "[http://www.openview.hp.com/products/select/](http://www.openview.hp.com/products/select/)",
        "[http://www.ietf.org/rfc/rfc2279.txt](http://www.ietf.org/rfc/rfc2279.txt)",
        "[http://www1.itrc.hp.com/service/cki/docDisplay.do?docId=HPSBMA01045](http://www1.itrc.hp.com/service/cki/docDisplay.do?docId=HPSBMA01045)",
        "[http://secunia.com/advisories/11722/](http://secunia.com/advisories/11722/)"
    ],
    "Acknowledgements": "This vulnerability was reported by the Hewlett-Packard Company and the HP Software Security Response Team.This document was written by Damon Morda.",
    "Other Information": {
        "CVE IDs:": "None",
        "Severity Metric:": "2.73",
        "Date Public:": "2004-05-24",
        "Date First Published:": "2004-05-26",
        "Date Last Updated:": "2004-06-16 17:13 UTC",
        "Document Revision:": "22"
    }
}