{
    "Title": "VU#206382 - Monit fails to properly handle overly long HTTP requests",
    "Overview": "Monit is vulnerable to a buffer overflow when processing overly long HTTP requests.",
    "Description": "Monit is a utility to monitor system processes, files, directories, devices, and remote hosts. It provides a web-based interface that can be used to access the Monit server. There is a buffer overflow vulnerability in the way Monit handles HTTP requests. By supplying an overly long HTTP request, an unauthenticated, remote attacker could execute arbitrary code with privileges of the vulnerable process.",
    "Impact": "A remote, unauthenticated attacker could execute arbitrary code on the vulnerable system with privileges of the vulnerable process.",
    "Solution": "UpgradeUpgrade to Monit version 4.1.1 or later.",
    "Vendor Information": [
        {
            "Name": "Tildeslash"
        }
    ],
    "CVSS Metrics": [
        {
            "Group": "Base",
            "Score": "",
            "Vector": ""
        },
        {
            "Group": "Temporal",
            "Score": "",
            "Vector": ""
        },
        {
            "Group": "Environmental",
            "Score": "",
            "Vector": ""
        }
    ],
    "References": [
        "[http://www.tildeslash.com/monit/](http://www.tildeslash.com/monit/)",
        "[http://www.tildeslash.com/monit/changes.html](http://www.tildeslash.com/monit/changes.html)",
        "[http://www.s-quadra.com/advisories/Adv-20031124.txt](http://www.s-quadra.com/advisories/Adv-20031124.txt)",
        "[http://www.securityfocus.com/bid/9099](http://www.securityfocus.com/bid/9099)",
        "[http://forums.gentoo.org/viewtopic.php?t=155764](http://forums.gentoo.org/viewtopic.php?t=155764)"
    ],
    "Acknowledgements": "This vulnerability was reported by Evgeny Legerov of S-Quadra.This document was written by Damon Morda.",
    "Other Information": {
        "CVE IDs:": "None",
        "Severity Metric:": "4.78",
        "Date Public:": "2004-03-31",
        "Date First Published:": "2004-04-06",
        "Date Last Updated:": "2004-04-06 14:12 UTC",
        "Document Revision:": "9"
    }
}