{
    "Title": "VU#206361 - Lotus iNotes vulnerable to buffer overflow via PresetFields FolderName field",
    "Overview": "Lotus [iNotes](http://www.lotus.com/products/inotes.nsf) contains a buffer overflow that could permit a remote attacker to execute arbitrary code or cause a denial of service on a vulnerable server.",
    "Description": "Lotus iNotes [Web Access](http://www.lotus.com/products/inotes.nsf/allpublic/53380DDF183DC9A38525697C006E652E?opendocument) is a database application that provides \"access to corporate messaging services and personal information through a Web browser.\"  NGSSoftware has researched and reported a buffer overflow vulnerability in iNotes that can be triggered via a specially crafted FolderName value of the PresetFields parameter.  For further information, see NGSSoftware Insight Security Research Advisory [#NISR17022003b](http://www.nextgenss.com/advisories/lotus-inotesoflow.txt).Lotus is tracking this issue as SPR# [KSPR5HUQ59](http://www-10.lotus.com/ldd/r5fixlist.nsf/a8f0ffda1fc76c8985256752006aba6c/fcd56eb247bf688085256cca0070f90c?OpenDocument).  Further information is available in IBM Technote [1104527](http://www-1.ibm.com/support/docview.wss?uid=swg21104527).",
    "Impact": "A remote attacker could execute arbitrary code with the privileges of the Domino server process or cause a denial of service.",
    "Solution": "UpgradeThis issue is resolved in Notes/Domino [6.0.1](http://www14.software.ibm.com/webapp/download/search.jsp?q=&cat=&pf=&k=&dt=&go=y&rs=ESD-DMNTSRVRi&S_TACT=&S_CMP=&sb=r) and [5.0.12](http://www14.software.ibm.com/webapp/download/search.jsp?q=&cat=&pf=&k=&dt=&go=y&rs=ESD-DMNTSRVRi&S_TACT=&S_CMP=&sb=r).Disable Vulnerable ServiceUntil upgrades can be performed, consider disabling iNotes.",
    "Vendor Information": [
        {
            "Name": "Lotus Software",
            "Status": "Affected",
            "Vendor Statement": "Lotus Domino Web Server iNotes OverflowNISR17022003b[http://www.nextgenss.com/advisories/lotus-inotesoflow.txt](http://www.nextgenss.com/advisories/lotus-inotesoflow.txt)SPR#: KSPR5HUQ59Status 5.x: Fixed in 5.0.12Status 6.x: Fixed in 6.0.1Document #: 1104527[http://www.ibm.com/support/docview.wss?rs=472&uid=swg21104527](http://www.ibm.com/support/docview.wss?rs=472&uid=swg21104527)VU#206361",
            "Vendor Information": "The vendor has not provided us with any further information regarding this vulnerability.",
            "Addendum": "The CERT/CC has no additional comments at this time.If you have feedback, comments, or additional information about this vulnerability, please send us [email](mailto:cert@cert.org?Subject=VU%23206361 Feedback)."
        }
    ],
    "CVSS Metrics": [
        {
            "Group": "Base",
            "Score": "",
            "Vector": ""
        },
        {
            "Group": "Temporal",
            "Score": "",
            "Vector": ""
        },
        {
            "Group": "Environmental",
            "Score": "",
            "Vector": ""
        }
    ],
    "References": [
        "[http://www.lotus.com/products/inotes.nsf](http://www.lotus.com/products/inotes.nsf)",
        "[http://www.lotus.com/products/inotes.nsf/allpublic/53380DDF183DC9A38525697C006E652E?opendocument](http://www.lotus.com/products/inotes.nsf/allpublic/53380DDF183DC9A38525697C006E652E?opendocument)",
        "[http://www.nextgenss.com/advisories/lotus-inotesoflow.txt](http://www.nextgenss.com/advisories/lotus-inotesoflow.txt)",
        "[http://www-1.ibm.com/support/docview.wss?uid=swg21104527](http://www-1.ibm.com/support/docview.wss?uid=swg21104527)",
        "[http://www-1.ibm.com/support/docview.wss?uid=swg27003694](http://www-1.ibm.com/support/docview.wss?uid=swg27003694)",
        "[http://www-10.lotus.com/ldd/r5fixlist.nsf/a8f0ffda1fc76c8985256752006aba6c/fcd56eb247bf688085256cca0070f90c?OpenDocument](http://www-10.lotus.com/ldd/r5fixlist.nsf/a8f0ffda1fc76c8985256752006aba6c/fcd56eb247bf688085256cca0070f90c?OpenDocument)"
    ],
    "Acknowledgements": "This vulnerability was reported by Mark Litchfield of NGSSoftware.This document was written by Art Manion.",
    "Other Information": {
        "CVE IDs:": "None",
        "CERT Advisory:": "CA-2003-11",
        "Severity Metric:": "18.51",
        "Date Public:": "2003-02-17",
        "Date First Published:": "2003-02-19",
        "Date Last Updated:": "2003-03-26 17:22 UTC",
        "Document Revision:": "26"
    }
}