{
    "Title": "VU#206468 - Microsoft Windows XP creates tasks with elevated privileges",
    "Overview": "Microsoft Windows XP contains a vulnerability in the way that tasks are created that may permit an authenticated user to launch applications with elevated privileges.",
    "Description": "Microsoft Windows creates tasks when a user launches an application. A vulnerability in the way that Windows XP creates the tasks may permit an authenticated user to launch applications with \"SYSTEM\" privileges.",
    "Impact": "An authenticated user can exploit this vulnerability to launch applications with \"SYSTEM\" privileges.",
    "Solution": "Apply a patch from the vendor[Microsoft Security Bulletin MS04-011](http://www.microsoft.com/technet/security/bulletin/MS04-011.mspx) contains patch information to resolve this issue.",
    "Vendor Information": [
        {
            "Name": "Microsoft Corporation"
        }
    ],
    "CVSS Metrics": [
        {
            "Group": "Base",
            "Score": "N/A",
            "Vector": "N/A"
        },
        {
            "Group": "Temporal",
            "Score": "N/A",
            "Vector": "N/A"
        },
        {
            "Group": "Environmental",
            "Score": "",
            "Vector": "N/A"
        }
    ],
    "References": [
        "[http://www.microsoft.com/technet/security/bulletin/ms04-011.mspx](http://www.microsoft.com/technet/security/bulletin/ms04-011.mspx)"
    ],
    "Acknowledgements": "Thanks to Erik Kamphuis for reporting this vulnerability.This document was written by Jason A Rafail.",
    "Other Information": {
        "CVE IDs:": "CVE-2003-0909",
        "Severity Metric:": "18.56",
        "Date Public:": "2004-04-13",
        "Date First Published:": "2004-04-14",
        "Date Last Updated:": "2004-09-13 14:30 UTC",
        "Document Revision:": "8"
    }
}