{
    "Title": "VU#206537 - Apache vulnerable to DoS",
    "Overview": "A remotely exploitable denial-of-service vulnerability exists in the Apache HTTP Server. Exploitation of this vulnerability may allow an attacker to consume all available system resources, resulting in a denial-of-service condition.",
    "Description": "The [Apache HTTP Server](http://httpd.apache.org/) is a very popular freely available web server that runs on a variety of operating systems, including UNIX, Linux, and Microsoft Windows (Win32). A vulnerability exists in the way the Apache HTTP Server handles excessively large chunks of consecutive linefeed characters. Apache 2.0.44 (both the Windows & UNIX implementations) contains this vulnerability. Prior 2.x versions of Apache may contain the vulnerability. For more information, please see the [iDEFENSE Advisory](http://www.idefense.com/advisory/04.08.03.txt).",
    "Impact": "Exploitation of this vulnerability may allow an attacker to consume all available system resources, resulting in a denial-of-service condition.",
    "Solution": "Apply a patch from your vendor. If a patch is not available, you may wish to [upgrade](http://httpd.apache.org/download.cgi) to Apache HTTP Server 2.0.45. The Apache Software Foundation has provided a [patch](http://www.apache.org/dist/httpd/patches/apply_to_2.0.44/denial_of_service_fix.patch) as well.",
    "Vendor Information": [
        {
            "Name": "Apache Software Foundation"
        }
    ],
    "CVSS Metrics": [
        {
            "Group": "Base",
            "Score": "",
            "Vector": ""
        },
        {
            "Group": "Temporal",
            "Score": "",
            "Vector": ""
        },
        {
            "Group": "Environmental",
            "Score": "",
            "Vector": ""
        }
    ],
    "References": [
        "[http://www.idg.com.sg/idgwww.nsf/unidlookup/315B17C00BE0ADBD48256CFE0013EEFB?OpenDocument](http://www.idg.com.sg/idgwww.nsf/unidlookup/315B17C00BE0ADBD48256CFE0013EEFB?OpenDocument)",
        "[http://news.zdnet.co.uk/story/0,,t269-s2132975,00.html?rtag=zdnetukhompage](http://news.zdnet.co.uk/story/0,,t269-s2132975,00.html?rtag=zdnetukhompage)",
        "[http://marc.theaimsgroup.com/?l=bugtraq&m=104931360606484&w=2](http://marc.theaimsgroup.com/?l=bugtraq&m=104931360606484&w=2)",
        "[http://www.businessweek.com/technology/cnet/stories/995309.htm](http://www.businessweek.com/technology/cnet/stories/995309.htm)",
        "[http://www.neowin.net/comments.php?id=10012&category=main](http://www.neowin.net/comments.php?id=10012&category=main)",
        "[http://www.pcworld.com/news/article/0,aid,110142,00.asp](http://www.pcworld.com/news/article/0,aid,110142,00.asp)",
        "[http://www.nwfusion.com/news/2003/0403newapach.html](http://www.nwfusion.com/news/2003/0403newapach.html)",
        "[http://www.theregister.co.uk/content/55/30126.html](http://www.theregister.co.uk/content/55/30126.html)",
        "[http://www.idefense.com/advisory/04.08.03.txt](http://www.idefense.com/advisory/04.08.03.txt)",
        "[http://www.vnunet.com/News/1139961](http://www.vnunet.com/News/1139961)",
        "[http://httpd.apache.org/download.cgi](http://httpd.apache.org/download.cgi)"
    ],
    "Acknowledgements": "This vulnerability was discovered by iDEFENSE Inc. The CERT/CC thanks iDEFENSE Inc. for the information contained in their document, upon which this document is based.This document was written by Ian A Finlay.",
    "Other Information": {
        "CVE IDs:": "CVE-2003-0132",
        "Severity Metric:": "9.72",
        "Date Public:": "2003-04-08",
        "Date First Published:": "2003-04-08",
        "Date Last Updated:": "2003-09-18 15:39 UTC",
        "Document Revision:": "18"
    }
}