{
    "Title": "VU#206723 - Network Associates CSMAP and smap/smapd vulnerable to buffer overflow thereby allowing arbitrary command execution",
    "Overview": "A remotely exploitable buffer overflow exists in the [Gauntlet Firewall](http://www.pgp.com/products/gauntlet/default.asp).",
    "Description": "The buffer overflow occurs in the smap/smapd and CSMAP daemons. According to PGP Security, these daemons are responsible for handling email transactions for both inbound and outbound e-mail.This vulnerability occurs in smap/smapd on the following products:Gauntlet for Unix  versions 5.xPGP e-ppliance 300 series version 1.0McAfee e-ppliance 100 and 120 seriesThis vulnerability occurs in CSMAP on the following products:Gauntlet for Unix  version 6.0PGP e-ppliance 300 series versions 1.5, 2.0PGP e-ppliance 1000 series versions 1.5, 2.0McAfee WebShield for Solaris v4.1",
    "Impact": "An intruder can execute arbitrary code with the privileges of the corresponding daemon.",
    "Solution": "Patchs for this vulnerability are available from the vendor at [ftp://ftp.nai.com/pub/security/](ftp://ftp.nai.com/pub/security/) and [http://www.pgp.com/naicommon/download/upgrade/upgrades-patch.asp](http://www.pgp.com/naicommon/download/upgrade/upgrades-patch.asp).",
    "Vendor Information": [
        {
            "Name": "PGP"
        }
    ],
    "CVSS Metrics": [
        {
            "Group": "Base",
            "Score": "",
            "Vector": ""
        },
        {
            "Group": "Temporal",
            "Score": "",
            "Vector": ""
        },
        {
            "Group": "Environmental",
            "Score": "",
            "Vector": ""
        }
    ],
    "References": [
        "[http://www.pgp.com/support/product-advisories/csmap.asp](http://www.pgp.com/support/product-advisories/csmap.asp)"
    ],
    "Acknowledgements": "This vulnerability was discovered by Jim Stickley of Garrison Technologies.This document was written by Ian A. Finlay.",
    "Other Information": {
        "CVE IDs:": "None",
        "Severity Metric:": "50.63",
        "Date Public:": "2001-09-04",
        "Date First Published:": "2001-09-06",
        "Date Last Updated:": "2001-09-06 21:02 UTC",
        "Document Revision:": "27"
    }
}