{
    "Title": "VU#207337 - Secure Elements Class 5 AVR server fails to properly validate peer certificate when downloading updates",
    "Overview": "The Secure Elements Class 5 AVR server fails to properly validate the peer certificate when downloading updates.  This may allow a remote attacker to distribute malicious updates to the clients.",
    "Description": "Class 5 AVRSecure Elements Class 5 AVR (Automated Vulnerability Remediation) is a security product that monitors and enforces security policies on network assets.  Class 5 AVR is now known as C5 EVM (Enterprise Vulnerability Management).  The Class 5 AVR software includes both server and client components.Class 5 AVR clientThe Class 5 AVR client listens on 60000/udp and an additional tcp port.  This client receives commands sent by the Class 5 AVR server.Class 5 AVR serverThe Class 5 AVR server is available as an appliance or as software that runs on commodity hardware.  The Class 5 AVR server contains information about network assets, vulnerabilities, and remediation history.The problemThe Class 5 AVR server fails to properly validate the peer certificate when downloading updates from Secure Elements.",
    "Impact": "A remote attacker may be able to cause malicious updates to be distributed to the clients.",
    "Solution": "Upgrade or patchThis issue has been resolved in C5 EVM 2.8.1.",
    "Vendor Information": [
        {
            "Name": "Secure Elements",
            "Status": "Affected",
            "Vendor Statement": "Remediation in C5 EVM version 2.8.1 and aboveThe C5 EVM Server downloads and validates a certificate with each downloaded ensuring the download is authored by Secure Elements.",
            "Vendor Information": "The vendor has not provided us with any further information regarding this vulnerability."
        }
    ],
    "CVSS Metrics": [
        {
            "Group": "Base",
            "Score": "",
            "Vector": ""
        },
        {
            "Group": "Temporal",
            "Score": "",
            "Vector": ""
        },
        {
            "Group": "Environmental",
            "Score": "",
            "Vector": ""
        }
    ],
    "References": [
        "[http://www.secure-elements.com/products/index.htm](http://www.secure-elements.com/products/index.htm)"
    ],
    "Acknowledgements": "Thanks to the NOAA N-CIRT Lab for reporting this vulnerability.This document was written by Will Dormann.",
    "Other Information": {
        "CVE IDs:": "None",
        "Severity Metric:": "0.50",
        "Date Public:": "2006-05-30",
        "Date First Published:": "2006-05-30",
        "Date Last Updated:": "2006-06-07 03:01 UTC",
        "Document Revision:": "6"
    }
}