{
    "Title": "VU#208577 - Chocolatey Boxstarter is vulnerable to privilege escalation due to weak ACLs",
    "Overview": "Chocolatey Boxstarter fails to properly set ACLs, which can allow an unprivileged Windows user to be able to run arbitrary code with SYSTEM privileges.",
    "Description": "CVE-2020-15264",
    "Impact": "By placing a specially-crafted DLL file in the C:\\ProgramData\\Boxstarter directory, an unprivileged user may be able to execute arbitrary code with SYSTEM privileges on a Windows system with the vulnerable Boxstarter software installed. See [DLL Search Order Hijacking](https://attack.mitre.org/techniques/T1574/001/) for more details.",
    "Solution": "Apply an update",
    "Vendor Information": [
        {
            "Name": "Chocolatey Software"
        }
    ],
    "CVSS Metrics": null,
    "References": [
        "[https://github.com/chocolatey/boxstarter/security/advisories/GHSA-rpgx-h675-r3jf](https://github.com/chocolatey/boxstarter/security/advisories/GHSA-rpgx-h675-r3jf)",
        "[https://attack.mitre.org/techniques/T1574/001/](https://attack.mitre.org/techniques/T1574/001/)"
    ],
    "Acknowledgements": "This vulnerability was reported by Will Dormann of the CERT/CC.",
    "Other Information": {
        "CVE IDs:": "CVE-2020-15264",
        "Date Public:": "2020-10-20",
        "Date First Published:": "2020-10-22",
        "Date Last Updated:": "2020-11-09 21:30 UTC",
        "Document Revision:": "2"
    }
}