{
    "Title": "VU#209376 - Broadcom wireless driver fails to properly process 802.11 probe response frames",
    "Overview": "A buffer overflow vulnerability exists in the Broadcom BCMWL5.SYS wireless driver. Successful exploitation of this vulnerability may allow an attacker to execute arbitrary code, or cause a denial-of-service condition.",
    "Description": "The BCMWL5.SYS driver is a wireless (802.11) device driver produced by [Broadcom](http://www.broadcom.com/). See the systems affected section of this document for a list of vendors that ship this driver. In addition to laptop and desktop  systems, this driver may also be used in access points, media centers, and other network appliances.A buffer overflow vulnerability exists in the BCMWL5.SYS driver. An attacker may be able to trigger the overflow by sending a malformed SSID probe response frame to a vulnerable system. Since 802.11b and 802.11g [management frames are not encrypted](http://standards.ieee.org/announcements/pr_frames.html), using wireless encryption (WEP/WPA) does not mitigate this vulnerability.Note that Linux or Unix systems that use [NDISWrapper](http://ndiswrapper.sourceforge.net/) or similar technologies to load the BCMWL5.SYS driver may also be vulnerable.",
    "Impact": "A remote, unauthenticated attacker may be able to execute arbitrary code, or cause a denial-of-service condition on a vulnerable system.",
    "Solution": "UpgradeSome manufacturers and OEMs have released an upgraded driver to address this issue. See the Systems Affected section of this document for more information.Disable wireless adaptersDisabling wireless adapters may reduce the chances of this vulnerability being exploited.Use wired networking methods until updates can be appliedUsing wired networks, such as Ethernet adapters or other extended LAN technologies, until vulnerable wireless drivers can be updated will prevent this vulnerability from being exploited.",
    "Vendor Information": [
        {
            "Name": "Broadcom"
        }
    ],
    "CVSS Metrics": [
        {
            "Group": "Base",
            "Score": "",
            "Vector": ""
        },
        {
            "Group": "Temporal",
            "Score": "",
            "Vector": ""
        },
        {
            "Group": "Environmental",
            "Score": "",
            "Vector": ""
        }
    ],
    "References": [
        "[http://projects.info-pull.com/mokb/MOKB-11-11-2006.html](http://projects.info-pull.com/mokb/MOKB-11-11-2006.html)",
        "[http://secunia.com/advisories/22831/](http://secunia.com/advisories/22831/)"
    ],
    "Acknowledgements": "This issue was publicly reported by Johnny Cache on The Month of Kernel Bugs Website.This document was written by Ryan Giobbi.",
    "Other Information": {
        "CVE IDs:": "None",
        "Severity Metric:": "1.63",
        "Date Public:": "2006-11-11",
        "Date First Published:": "2006-11-14",
        "Date Last Updated:": "2007-01-17 13:56 UTC",
        "Document Revision:": "46"
    }
}