{
    "Title": "arrayfire-js downloads Resources over HTTP",
    "Meta": {
        "Package": [
            "arrayfire-js([npm](/advisories?query=ecosystem%3Anpm))"
        ],
        "Affected versions": [
            "<= 0.21.4"
        ],
        "Patched versions": [
            "None"
        ]
    },
    "Description": "Affected versions of `arrayfire-js` insecurely download an executable over an\nunencrypted HTTP connection.\n\nIn scenarios where an attacker has a privileged network position, it is\npossible to intercept the response and replace the executable with a malicious\none, resulting in code execution on the system running `arrayfire-js`.\n\n## Recommendation\n\nNo patch is currently available for this vulnerability.\n\nThe best mitigation is currently to avoid using this package, using a\ndifferent package if available.\n\nAlternatively, the risk of exploitation can be reduced by ensuring that this\npackage is not installed while connected to a public network. If the package\nis installed on a private network, the only people who can exploit this\nvulnerability are those who have compromised your network or those who have\nprivileged access to your ISP, such as Nation State Actors or Rogue ISP\nEmployees.\n\n### References\n\n  * <https://nvd.nist.gov/vuln/detail/CVE-2016-10598>\n  * [GHSA-238x-q7xf-p4xw](https://github.com/advisories/GHSA-238x-q7xf-p4xw \"GHSA-238x-q7xf-p4xw\")\n  * <https://www.npmjs.com/advisories/192>\n\n",
    "Severity": {
        "Score": "(High)"
    },
    "Weaknesses": [
        "[CWE-311](/advisories?query=cwe%3A311)"
    ],
    "CVE ID": "CVE-2016-10598",
    "GHSA ID": "GHSA-238x-q7xf-p4xw",
    "Source code": "No known source code"
}