{
    "Title": "Kubernetes in OpenShift3 Access Control Misconfiguration",
    "Meta": {
        "Package": [
            "k8s.io/kubernetes([Go](/advisories?query=ecosystem%3Ago))"
        ],
        "Affected versions": [
            "< 1.2.0-alpha.6"
        ],
        "Patched versions": [
            "1.2.0-alpha.6"
        ]
    },
    "Description": "Kubernetes in OpenShift3 allows remote authenticated users to use the private\nimages of other users should they know the name of said image.\n\n### References\n\n  * <https://nvd.nist.gov/vuln/detail/CVE-2015-7561>\n  * [kubernetes/kubernetes#18909](https://github.com/kubernetes/kubernetes/pull/18909)\n  * <https://bugzilla.redhat.com/show_bug.cgi?id=1291963>\n\n",
    "Severity": {
        "Score": "3.1/ 10 (Low)",
        "CVSS base metrics": {
            "Attack vector": "Network",
            "Attack complexity": "High",
            "Privileges required": "Low",
            "User interaction": "None",
            "Scope": "Unchanged",
            "Confidentiality": "Low",
            "Integrity": "None",
            "Availability": "None"
        },
        "CVSS string": "CVSS:3.0/AV:N/AC:H/PR:L/UI:N/S:U/C:L/I:N/A:N"
    },
    "Weaknesses": [],
    "CVE ID": "CVE-2015-7561",
    "GHSA ID": "GHSA-2h9c-34v6-3qmr",
    "Source code": "No known source code"
}