{
    "Title": "Django Denial-of-service possibility in truncatechars_html and truncatewords_html template filters",
    "Meta": {
        "Package": [
            "django([pip](/advisories?query=ecosystem%3Apip))"
        ],
        "Affected versions": [
            ">= 2.0, < 2.0.3",
            ">= 1.11, < 1.11.11",
            ">= 1.8, < 1.8.19"
        ],
        "Patched versions": [
            "2.0.3",
            "1.11.11",
            "1.8.19"
        ]
    },
    "Description": "An issue was discovered in Django 2.0 before 2.0.3, 1.11 before 1.11.11, and\n1.8 before 1.8.19. If django.utils.text.Truncator's chars() and words()\nmethods were passed the html=True argument, they were extremely slow to\nevaluate certain inputs due to a catastrophic backtracking vulnerability in a\nregular expression. The chars() and words() methods are used to implement the\ntruncatechars_html and truncatewords_html template filters, which were thus\nvulnerable.\n\n### References\n\n  * <https://nvd.nist.gov/vuln/detail/CVE-2018-7537>\n  * <https://access.redhat.com/errata/RHSA-2018:2927>\n  * <https://access.redhat.com/errata/RHSA-2019:0265>\n  * [GHSA-2f9x-5v75-3qv4](https://github.com/advisories/GHSA-2f9x-5v75-3qv4 \"GHSA-2f9x-5v75-3qv4\")\n  * <https://lists.debian.org/debian-lts-announce/2018/03/msg00006.html>\n  * <https://usn.ubuntu.com/3591-1/>\n  * <https://www.debian.org/security/2018/dsa-4161>\n  * <https://www.djangoproject.com/weblog/2018/mar/06/security-releases/>\n  * <http://www.securityfocus.com/bid/103357>\n\n",
    "Severity": {
        "Score": "5.3/ 10 (Moderate)",
        "CVSS base metrics": {
            "Attack vector": "Network",
            "Attack complexity": "Low",
            "Privileges required": "None",
            "User interaction": "None",
            "Scope": "Unchanged",
            "Confidentiality": "None",
            "Integrity": "None",
            "Availability": "Low"
        },
        "CVSS string": "CVSS:3.0/AV:N/AC:L/PR:N/UI:N/S:U/C:N/I:N/A:L"
    },
    "Weaknesses": [
        "[CWE-185](/advisories?query=cwe%3A185)"
    ],
    "CVE ID": "CVE-2018-7537",
    "GHSA ID": "GHSA-2f9x-5v75-3qv4",
    "Source code": "[django/django](https://github.com/django/django)"
}