{
    "Title": "Django denial of service via file upload naming",
    "Meta": {
        "Package": [
            "django([pip](/advisories?query=ecosystem%3Apip))"
        ],
        "Affected versions": [
            "< 1.4.14",
            ">= 1.5.0, < 1.5.9",
            ">= 1.6, < 1.6.6"
        ],
        "Patched versions": [
            "1.4.14",
            "1.5.9",
            "1.6.6"
        ]
    },
    "Description": "The default configuration for the file upload handling system in Django before\n1.4.14, 1.5.x before 1.5.9, 1.6.x before 1.6.6, and 1.7 before release\ncandidate 3 uses a sequential file name generation process when a file with a\nconflicting name is uploaded, which allows remote attackers to cause a denial\nof service (CPU consumption) by unloading a multiple files with the same name.\n\n### References\n\n  * <https://nvd.nist.gov/vuln/detail/CVE-2014-0481>\n  * <https://www.djangoproject.com/weblog/2014/aug/20/security/>\n  * <http://lists.opensuse.org/opensuse-updates/2014-09/msg00023.html>\n  * <http://www.debian.org/security/2014/dsa-3010>\n  * [django/django@`26cd48e`](https://github.com/django/django/commit/26cd48e166ac4d84317c8ee6d63ac52a87e8da99)\n  * [django/django@`30042d4`](https://github.com/django/django/commit/30042d475bf084c6723c6217a21598d9247a9c41)\n  * [django/django@`dd0c3f4`](https://github.com/django/django/commit/dd0c3f4ee1a30c1a1e6055061c6ba6e58c6b54d1)\n\n",
    "Severity": {
        "Score": "(Moderate)"
    },
    "Weaknesses": [
        "[CWE-400](/advisories?query=cwe%3A400)"
    ],
    "CVE ID": "CVE-2014-0481",
    "GHSA ID": "GHSA-296w-6qhq-gf92",
    "Source code": "No known source code"
}