{
    "Title": "Insecure entropy in Argo CD's PKCE/Oauth2/OIDC params",
    "Meta": {
        "Package": [
            "github.com/argoproj/argo-cd([Go](/advisories?query=ecosystem%3Ago))"
        ],
        "Affected versions": [
            ">= 0.11.0, <= 1.8.7"
        ],
        "Patched versions": [
            "2.1.16"
        ]
    },
    "Description": "### Impact\n\nAll versions of Argo CD starting with v0.11.0 are vulnerable to a variety of\nattacks when an SSO login is initiated from the Argo CD CLI or UI. The\nvulnerabilities are due to the use of insufficiently random values in\nparameters in Oauth2/OIDC login flows. In each case, using a relatively-\npredictable (time-based) seed in a non-cryptographically-secure pseudo-random\nnumber generator made the parameter less random than required by the relevant\nspec or by general best practices. In some cases, using too short a value made\nthe entropy even less sufficient. (The specific weak parameters are listed in\nthe References section.)\n\nThe attacks on login flows which are meant to be mitigated by these parameters\nare difficult to accomplish but can have a high impact (potentially granting\nan attacker admin access to Argo CD). The CVSS for this Security Advisory\nassumes the worst-case scenario.\n\n### Patches\n\nA patch for this vulnerability has been released in the following Argo CD\nversions:\n\n  * v2.4.1\n  * v2.3.5\n  * v2.2.10\n  * v2.1.16\n\n### Workarounds\n\nThere are no workarounds. You must upgrade to a patched version to resolve the\nvulnerability.\n\n### References\n\nThese are the insufficiently-random parameters:\n\n  1. (since 0.11.0) The [`state` parameter](https://datatracker.ietf.org/doc/html/rfc6749#section-4.1.1) generated by the `argocd login` command for Oauth2 login used a non-cryptographically secure source of entropy and generated a parameter that was too short to provide the entropy [required in the spec](https://datatracker.ietf.org/doc/html/rfc6749#section-10.10). This parameter is a \"recommended\" part of the Oauth2 flow and helps protect against cross-site request forgery attacks.\n  2. (since 1.7.2, when PKCE was added) The [`code_verifier` parameter](https://datatracker.ietf.org/doc/html/rfc7636#section-4.1) generated by the `argocd login` command for Oauth2+PKCE login used a non-cryptographically secure source of entropy. The attacks mitigated by PKCE [are complex but have been observed in the wild](https://datatracker.ietf.org/doc/html/rfc7636#section-1).\n  3. (since 0.11.0) The [`state` parameter](https://datatracker.ietf.org/doc/html/rfc6749#section-4.1.1) generated by the Argo CD API server during a UI-initiated Oauth2 login used a non-cryptographically secure source of entropy and generated a parameter that was too short to provide the entropy [required in the spec](https://datatracker.ietf.org/doc/html/rfc6749#section-10.10). This parameter is a \"recommended\" part of the Oauth2 flow and helps protect against cross-site request forgery attacks.\n  4. (since 0.11.0) The [`nonce` parameter](https://openid.net/specs/openid-connect-core-1_0.html#ImplicitAuthRequest) generated by the Argo CD API server during a UI-initiated Oauth2 implicit flow login used a non-cryptographically secure source of entropy and generated a parameter that was too short to provide sufficient entropy. This parameter is a required part of the OIDC implicit login flow and helps protect against replay attacks.\n\n### Credits\n\nOriginally discovered by [@jgwest](https://github.com/jgwest).\n[@jannfis](https://github.com/jannfis) and [@crenshaw-\ndev](https://github.com/crenshaw-dev) re-discovered the vulnerability when\nreviewing notes from ADA Logics' security audit of the Argo project sponsored\nby CNCF and facilitated by OSTIF. Thanks to Adam Korczynski and David\nKorczynski for their work on the audit.\n\n### For more information\n\n  * Open an issue in [the Argo CD issue tracker](https://github.com/argoproj/argo-cd/issues) or [discussions](https://github.com/argoproj/argo-cd/discussions)\n  * Join us on [Slack](https://argoproj.github.io/community/join-slack) in channel #argo-cd\n\n### References\n\n  * [GHSA-2m7h-86qq-fp4v](https://github.com/argoproj/argo-cd/security/advisories/GHSA-2m7h-86qq-fp4v \"GHSA-2m7h-86qq-fp4v\")\n  * <https://nvd.nist.gov/vuln/detail/CVE-2022-31034>\n  * [argoproj/argo-cd@`17f7f4f`](https://github.com/argoproj/argo-cd/commit/17f7f4f462bdb233e1b9b36f67099f41052d8cb0)\n\n",
    "Severity": {
        "Score": "8.3/ 10 (High)",
        "CVSS base metrics": {
            "Attack vector": "Network",
            "Attack complexity": "High",
            "Privileges required": "None",
            "User interaction": "Required",
            "Scope": "Changed",
            "Confidentiality": "High",
            "Integrity": "High",
            "Availability": "High"
        },
        "CVSS string": "CVSS:3.1/AV:N/AC:H/PR:N/UI:R/S:C/C:H/I:H/A:H"
    },
    "Weaknesses": [
        "[CWE-330](/advisories?query=cwe%3A330)",
        "[CWE-331](/advisories?query=cwe%3A331)"
    ],
    "CVE ID": "CVE-2022-31034",
    "GHSA ID": "GHSA-2m7h-86qq-fp4v",
    "Source code": "[argoproj/argo-cd](https://github.com/argoproj/argo-cd)"
}