{
    "Title": "Denial of Service (DoS) in HashiCorp Consul",
    "Meta": {
        "Package": [
            "github.com/hashicorp/consul([Go](/advisories?query=ecosystem%3Ago))"
        ],
        "Affected versions": [
            "< 1.6.3"
        ],
        "Patched versions": [
            "1.6.3"
        ]
    },
    "Description": "HashiCorp Consul and Consul Enterprise up to 1.6.2 HTTP/RPC services allowed\nunbounded resource usage, and were susceptible to unauthenticated denial of\nservice. Fixed in 1.6.3.\n\n### Specific Go Packages Affected\n\ngithub.com/hashicorp/consul/agent/consul\n\n### References\n\n  * <https://nvd.nist.gov/vuln/detail/CVE-2020-7219>\n  * [hashicorp/consul#7159](https://github.com/hashicorp/consul/issues/7159)\n  * <https://www.hashicorp.com/blog/category/consul/>\n\n",
    "Severity": {
        "Score": "7.5/ 10 (High)",
        "CVSS base metrics": {
            "Attack vector": "Network",
            "Attack complexity": "Low",
            "Privileges required": "None",
            "User interaction": "None",
            "Scope": "Unchanged",
            "Confidentiality": "None",
            "Integrity": "None",
            "Availability": "High"
        },
        "CVSS string": "CVSS:3.1/AV:N/AC:L/PR:N/UI:N/S:U/C:N/I:N/A:H"
    },
    "Weaknesses": [
        "[CWE-400](/advisories?query=cwe%3A400)",
        "[CWE-770](/advisories?query=cwe%3A770)"
    ],
    "CVE ID": "CVE-2020-7219",
    "GHSA ID": "GHSA-23jv-v6qj-3fhh",
    "Source code": "No known source code"
}