{
    "Title": "Local Information Disclosure Vulnerability",
    "Meta": {
        "Package": [
            "com.datadoghq:datadog-api-client([Maven](/advisories?query=ecosystem%3Amaven))"
        ],
        "Affected versions": [
            ">= 1.0.0-beta.6, < 1.0.0-beta.9"
        ],
        "Patched versions": [
            "1.0.0-beta.9"
        ]
    },
    "Description": "### Impact\n\nLocal information disclosure of sensitive information downloaded via the API\nusing the API Client.\n\n### Finding\n\nThe Datadog API is executed on a unix-like system with multiple users. The API\nis used to download a file containing sensitive information. This sensitive\ninformation is exposed locally to other users. This vulnerability exists in\nthe API Client for version 1 and 2. The method `prepareDownloadFilecreates`\ncreates a temporary file with the permissions bits of `-rw-r--r--` on unix-\nlike systems. On unix-like systems, the system temporary directory is shared\nbetween users. As such, the contents of the file downloaded via the\n`downloadFileFromResponse` method will be visible to all other users on the\nlocal system.\n\nAnalysis of the finding determined that the affected code was unused, meaning\nthat the exploitation likelihood is low. The unused code has been removed,\neffectively mitigating this issue.\n\nThis vulnerability was found due to [this\nquery](https://lgtm.com/query/8938575359870595124/) that [Jonathan\nLeitschuh](https://github.com/JLLeitschuh) contributed to the Semmle QL\nproject.\n\n### Patches\n\nThis issue has been patched in [version\n1.0.0-beta.9](https://github.com/DataDog/datadog-api-client-\njava/releases/tag/datadog-api-client-1.0.0-beta.9).\n\nSee also [Remove unused downloadFile\nhelpers](https://github.com/DataDog/datadog-api-client-java/pull/637).\n\n### Workarounds\n\nThe recommended workaround is to specify `java.io.tmpdir` when starting the\nJVM with the flag `-Djava.io.tmpdir`, specifying a path to a directory with\n`drw-------` permissions owned by `dd-agent`.\n\n### References\n\n  * [CWE-378: Creation of Temporary File With Insecure Permissions](https://cwe.mitre.org/data/definitions/378.html)\n  * [CWE-379: Creation of Temporary File in Directory with Insecure Permissions](https://cwe.mitre.org/data/definitions/379.html)\n\n### For more information\n\nIf you have any questions or comments about this advisory:\n\n  * Open an issue in [DataDog/datadog-api-client-java](https://github.com/DataDog/datadog-api-client-java)\n  * Email us at [security@datadoghq.com](mailto:security@datadoghq.com)\n\n### References\n\n  * [GHSA-2cxf-6567-7pp6](https://github.com/DataDog/datadog-api-client-java/security/advisories/GHSA-2cxf-6567-7pp6 \"GHSA-2cxf-6567-7pp6\")\n  * <https://github.com/DataDog/datadog-api-client-java/releases/tag/datadog-api-client-1.0.0-beta.9>\n  * <https://nvd.nist.gov/vuln/detail/CVE-2021-21331>\n\n",
    "Severity": {
        "Score": "3.0/ 10 (Low)",
        "CVSS base metrics": {
            "Attack vector": "Network",
            "Attack complexity": "High",
            "Privileges required": "Low",
            "User interaction": "Required",
            "Scope": "Changed",
            "Confidentiality": "Low",
            "Integrity": "None",
            "Availability": "None"
        },
        "CVSS string": "CVSS:3.1/AV:N/AC:H/PR:L/UI:R/S:C/C:L/I:N/A:N"
    },
    "Weaknesses": [
        "[CWE-378](/advisories?query=cwe%3A378)",
        "[CWE-379](/advisories?query=cwe%3A379)"
    ],
    "CVE ID": "CVE-2021-21331",
    "GHSA ID": "GHSA-2cxf-6567-7pp6",
    "Source code": "No known source code"
}