{
    "Title": "Improper access control allows admin privilege escalation in Argo CD",
    "Meta": {
        "Package": [
            "github.com/argoproj/argo-cd([Go](/advisories?query=ecosystem%3Ago))"
        ],
        "Affected versions": [
            ">= 0.5.0, < 2.1.14",
            ">= 2.2.0, < 2.2.8",
            ">= 2.3.0, < 2.3.2"
        ],
        "Patched versions": [
            "2.1.14",
            "2.2.8",
            "2.3.2"
        ]
    },
    "Description": "### Impact\n\n#### Impacts for versions starting with v1.0.0\n\nAll unpatched versions of Argo CD starting with v1.0.0 are vulnerable to an\nimproper access control bug, allowing a malicious user to potentially escalate\ntheir privileges to admin-level.\n\nTo perform the following exploits, an authorized Argo CD user must have push\naccess to an Application's source git or Helm repository or `sync` _and_\n`override` access to an Application. Once a user has that access, different\nexploitation levels are possible depending on their other RBAC privileges:\n\n  1. If that user has `update` access to the Application, they can modify any resource on the Application's destination cluster. If the destination cluster is or can be made to be the same as the cluster hosting Argo CD, the user can escalate their Argo CD permissions to admin-level.\n  2. If the user has `delete` access to the Application, they can delete any resource on the Application's destination cluster. (This exploit is possible starting with v0.8.0.)\n  3. If the user has `get` access to the Application, they can view any resource on the Application's destination cluster (except for the contents of Secrets) and list [actions](https://argo-cd.readthedocs.io/en/stable/operator-manual/resource_actions/) available for that resource.\n  4. If the user has `get` access to the Application, they can view the logs of any Pods on the Application's destination cluster.\n  5. If the user has `action/{some action or *}` access on the Application, they can run an action for any resource (which supports the allowed action(s)) on the Application's destination cluster. (Some actions are available in Argo CD by default, and others may be configured by an Argo CD admin.)\n\nSee the [Argo CD RBAC documentation](https://argo-\ncd.readthedocs.io/en/stable/operator-manual/rbac/#rbac-resources-and-actions)\nfor an explanation of the privileges available in Argo CD.\n\n##### Events exploit\n\nA related exploit is possible for a user with `get` access to an Application\n**even if they do not have access to the Application's source git or Helm\nrepository or`sync` and `override` access to the Application**. The user can\naccess any Event in the Application's destination cluster if they know the\ninvolved object's name, UID, and namespace.\n\n#### Impacts for versions starting with v0.8.0\n\nThe same bug exists starting with v0.8.0, but only the following exploits were\npossible before v1.0.0:\n\n  * The `delete` exploit (#\u20602 above).\n  * The logs exploit (#\u20604 above).\n  * The Events exploit described above.\n\n#### Impacts for versions starting with v0.5.0\n\nThe same bug exists starting with v0.5.0 (when RBAC was implemented), but only\nthe Events exploit described above was possible before v0.8.0.\n\n### Patches\n\nA patch for this vulnerability has been released in the following Argo CD\nversions:\n\n  * v2.3.2\n  * v2.2.8\n  * v2.1.14\n\n**Versions 2.0.x and earlier users:** See the\n[changelog](https://github.com/argoproj/argo-cd/blob/master/CHANGELOG.md) for\nlinks to upgrade instructions for your version. It is imperative to upgrade\nquickly, but some limited mitigations are described in the next section.\n\n**argo-helm chart users:** Argo CD users deploying v2.3.x with [argo-\nhelm](https://github.com/argoproj/argo-helm) can upgrade the chart to version\n4.2.2. Argo CD 2.2 and 2.1 users can set the `global.image.tag` value to the\nlatest in your current release series (`v2.2.8`, or `v2.1.14`). Since charts\nfor the 2.2 and 2.1 series are no longer maintained, you will need to either\nleave the value override in place or upgrade to the 4.x chart series (and\ntherefore to Argo CD 2.3).\n\n### Workarounds\n\nThe only certain way to avoid the vulnerability is to upgrade.\n\n#### Mitigations\n\n  * To avoid privilege escalation: \n    * Limit who has push access to Application source repositories or `sync` \\+ `override` access to Applications.\n    * Limit which repositories are available in [projects](https://argo-cd.readthedocs.io/en/stable/user-guide/projects/) where users have `update` access to Applications.\n  * To avoid unauthorized resource inspection/tampering: \n    * Limit who has `delete`, `get`, or `action` access to Applications.\n\nThese mitigations can help limit potential damage, but they are _not_ a\nsubstitute for upgrading. It is necessary to upgrade immediately.\n\n### References\n\n  * [Argo CD RBAC configuration documentation](https://argo-cd.readthedocs.io/en/stable/operator-manual/rbac/#)\n\n### For more information\n\nOpen an issue in [the Argo CD issue tracker](https://github.com/argoproj/argo-\ncd/issues) or [discussions](https://github.com/argoproj/argo-cd/discussions)  \nJoin us on [Slack](https://argoproj.github.io/community/join-slack) in channel\n#argo-cd\n\n### References\n\n  * [GHSA-2f5v-8r3f-8pww](https://github.com/argoproj/argo-cd/security/advisories/GHSA-2f5v-8r3f-8pww \"GHSA-2f5v-8r3f-8pww\")\n  * <https://nvd.nist.gov/vuln/detail/CVE-2022-24768>\n  * [argoproj/argo-cd@`af03b29`](https://github.com/argoproj/argo-cd/commit/af03b291d4b7e9d3ce9a6580ae9c8141af0e05cf)\n  * <https://github.com/argoproj/argo-cd/releases/tag/v2.1.14>\n  * <https://github.com/argoproj/argo-cd/releases/tag/v2.2.8>\n  * <https://github.com/argoproj/argo-cd/releases/tag/v2.3.2>\n\n",
    "Severity": {
        "Score": "9.9/ 10 (Critical)",
        "CVSS base metrics": {
            "Attack vector": "Network",
            "Attack complexity": "Low",
            "Privileges required": "Low",
            "User interaction": "None",
            "Scope": "Changed",
            "Confidentiality": "High",
            "Integrity": "High",
            "Availability": "High"
        },
        "CVSS string": "CVSS:3.1/AV:N/AC:L/PR:L/UI:N/S:C/C:H/I:H/A:H"
    },
    "Weaknesses": [
        "[CWE-200](/advisories?query=cwe%3A200)",
        "[CWE-269](/advisories?query=cwe%3A269)",
        "[CWE-862](/advisories?query=cwe%3A862)"
    ],
    "CVE ID": "CVE-2022-24768",
    "GHSA ID": "GHSA-2f5v-8r3f-8pww",
    "Source code": "[argoproj/argo-cd](https://github.com/argoproj/argo-cd)"
}