{
    "Title": "react-dev-utils on Windows vulnerable to Remote Code Execution",
    "Meta": {
        "Package": [
            "react-dev-utils([npm](/advisories?query=ecosystem%3Anpm))"
        ],
        "Affected versions": [
            ">= 1.0.0, < 1.0.4",
            ">= 2.0.0, < 2.0.2",
            ">= 3.0.0, < 3.1.2",
            ">= 4.0.0, < 4.2.2",
            ">= 5.0.0, < 5.0.2"
        ],
        "Patched versions": [
            "1.0.4",
            "2.0.2",
            "3.1.2",
            "4.2.2",
            "5.0.2"
        ]
    },
    "Description": "`react-dev-utils` on Windows is vulnerable to remote code execution.\n\n## Recommendation\n\nUpdate to one of the following versions, depending on the release line that\nyou are using.\n\n  * 1.0.4\n  * 2.0.2\n  * 3.1.2\n  * 4.2.2\n  * 5.0.2\n  * 6.0.0-next.a671462c\n\n### References\n\n  * <https://nvd.nist.gov/vuln/detail/CVE-2018-6342>\n  * [facebook/create-react-app#4866](https://github.com/facebook/create-react-app/pull/4866)\n  * [GHSA-29gp-92wp-94q8](https://github.com/advisories/GHSA-29gp-92wp-94q8 \"GHSA-29gp-92wp-94q8\")\n  * <https://www.npmjs.com/advisories/695>\n  * <https://github.com/facebook/create-react-app/releases/tag/v1.1.5>\n\n",
    "Severity": {
        "Score": "(High)"
    },
    "Weaknesses": [
        "[CWE-78](/advisories?query=cwe%3A78)"
    ],
    "CVE ID": "CVE-2018-6342",
    "GHSA ID": "GHSA-29gp-92wp-94q8",
    "Source code": "[facebook/create-react-app](https://github.com/facebook/create-react-app)"
}