{
    "Title": "Moodle External Control of File Name or Path vulnerability",
    "Meta": {
        "Package": [
            "moodle/moodle([Composer](/advisories?query=ecosystem%3Acomposer))"
        ],
        "Affected versions": [
            "< 4.2.0-rc2"
        ],
        "Patched versions": [
            "4.2.0-rc2"
        ]
    },
    "Description": "The vulnerability was found Moodle which exists because the application allows\na user to control path of the older to create in TinyMCE loaders. A remote\nuser can send a specially crafted HTTP request and create arbitrary folders on\nthe system.\n\n### References\n\n  * <https://nvd.nist.gov/vuln/detail/CVE-2023-30943>\n  * <https://bugzilla.redhat.com/show_bug.cgi?id=2188605>\n  * <https://moodle.org/mod/forum/discuss.php?d=446285>\n  * [http://git.moodle.org/gw?p=moodle.git&a=search&h=HEAD&st=commit&s=MDL-77718](http://git.moodle.org/gw?p=moodle.git&a=search&h=HEAD&st=commit&s=MDL-77718)\n  * [moodle/moodle@`59d42e1`](https://github.com/moodle/moodle/commit/59d42e1ed23f916dcb47d53c745bef18a116d800)\n  * <https://lists.fedoraproject.org/archives/list/package-announce@lists.fedoraproject.org/message/54TM5H5PDUDYXOQ7X7PPYWP4AJDAE73I/>\n  * <https://lists.fedoraproject.org/archives/list/package-announce@lists.fedoraproject.org/message/MZBWRVUJF7HI53XCJPJ3YJZPOV5HBRUY/>\n  * <https://lists.fedoraproject.org/archives/list/package-announce@lists.fedoraproject.org/message/PBFSXRYLT4ICKJVQSRBAOUDMDRVSVBLS/>\n\n",
    "Severity": {
        "Score": "5.3/ 10 (Moderate)",
        "CVSS base metrics": {
            "Attack vector": "Network",
            "Attack complexity": "Low",
            "Privileges required": "None",
            "User interaction": "None",
            "Scope": "Unchanged",
            "Confidentiality": "None",
            "Integrity": "Low",
            "Availability": "None"
        },
        "CVSS string": "CVSS:3.1/AV:N/AC:L/PR:N/UI:N/S:U/C:N/I:L/A:N"
    },
    "Weaknesses": [
        "[CWE-73](/advisories?query=cwe%3A73)",
        "[CWE-610](/advisories?query=cwe%3A610)"
    ],
    "CVE ID": "CVE-2023-30943",
    "GHSA ID": "GHSA-22gj-8qj2-fj46",
    "Source code": "[moodle/moodle](https://github.com/moodle/moodle)"
}