{
    "Title": "openssl-src subject to Invalid pointer dereference in `d2i_PKCS7` functions",
    "Meta": {
        "Package": [
            "openssl-src([Rust](/advisories?query=ecosystem%3Arust))"
        ],
        "Affected versions": [
            ">= 300.0.0, < 300.0.12"
        ],
        "Patched versions": [
            "300.0.12"
        ]
    },
    "Description": "An invalid pointer dereference on read can be triggered when an application\ntries to load malformed PKCS7 data with the `d2i_PKCS7()`, `d2i_PKCS7_bio()`\nor `d2i_PKCS7_fp()` functions.\n\nThe result of the dereference is an application crash which could lead to a\ndenial of service attack. The TLS implementation in OpenSSL does not call this\nfunction however third party applications might call these functions on\nuntrusted data.\n\n### References\n\n  * <https://nvd.nist.gov/vuln/detail/CVE-2023-0216>\n  * <https://rustsec.org/advisories/RUSTSEC-2023-0011.html>\n  * <https://www.openssl.org/news/secadv/20230207.txt>\n  * <https://git.openssl.org/gitweb/?p=openssl.git;a=commitdiff;h=934a04f0e775309cadbef0aa6b9692e1b12a76c6>\n\n",
    "Severity": {
        "Score": "7.5/ 10 (High)",
        "CVSS base metrics": {
            "Attack vector": "Network",
            "Attack complexity": "Low",
            "Privileges required": "None",
            "User interaction": "None",
            "Scope": "Unchanged",
            "Confidentiality": "None",
            "Integrity": "None",
            "Availability": "High"
        },
        "CVSS string": "CVSS:3.1/AV:N/AC:L/PR:N/UI:N/S:U/C:N/I:N/A:H"
    },
    "Weaknesses": [
        "[CWE-476](/advisories?query=cwe%3A476)"
    ],
    "CVE ID": "CVE-2023-0216",
    "GHSA ID": "GHSA-29xx-hcv2-c4cp",
    "Source code": "No known source code"
}