{
    "Title": "Class Loading Vulnerability in Artemis",
    "Meta": {
        "Package": [
            "de.tum.in.ase:artemis-java-test-sandbox([Maven](/advisories?query=ecosystem%3Amaven))"
        ],
        "Affected versions": [
            "< 1.8.0"
        ],
        "Patched versions": [
            "1.8.0"
        ]
    },
    "Description": "### Impact\n\nThis affects all Artemis users who test Java assignments. **Ares is not\nrequired.**  \nStudents code that gets automatically tested can run arbitrary code in the\ncontainer,  \nor arbitrary code on the machine of an assessor in case of manual correction.\n\n### Patches\n\nThe problem cannot be resolved easily in Ares itself. Use the Maven Enforcer\nPlugin as follows:\n\n    \n    \n    <plugin>\n        <groupId>org.apache.maven.plugins</groupId>\n        <artifactId>maven-enforcer-plugin</artifactId>\n        <version>3.0.0</version>\n        <executions>\n            <execution>\n                <id>enforce-no-student-code-in-trusted-packages</id>\n                <phase>process-classes</phase>\n                <goals>\n                    <goal>enforce</goal>\n                </goals>\n            </execution>\n        </executions>\n        <configuration>\n            <rules>\n                <requireFilesDontExist>\n                    <files>\n                        <!-- ADD HERE THE RULES ARES TELLS YOU ARE MISSING -->\n                    </files>\n                </requireFilesDontExist>\n            </rules>\n        </configuration>\n    </plugin>\n\nThis fails the build if student classes reside in such packages that Ares\ntrusts. Trusted packages added in Ares using `@AddTrustedPackage` should be\nadded as well.\n\n### For more information\n\nIf you have any questions or comments about this advisory:\n\n  * Open a discussion <https://github.com/ls1intum/Ares/discussions>\n  * Open an issue in <https://github.com/ls1intum/Ares/issues>\n  * Email us, see <https://github.com/ls1intum/Ares/security/policy>\n\n### References\n\nSee the assignment of Julius that passes the tests in TUM Artemis course:\n\"Test - Praktikum: Grundlagen der Programmierung (Testkurs f\u00fcr Tutoren) -\nSecurity Tests\" (if that still exists in 2022).\n\nAlso see #15 for almost the same problem.\n\n### References\n\n  * [GHSA-227w-wv4j-67h4](https://github.com/ls1intum/Ares/security/advisories/GHSA-227w-wv4j-67h4 \"GHSA-227w-wv4j-67h4\")\n  * [ls1intum/Ares#15](https://github.com/ls1intum/Ares/issues/15)\n  * <https://github.com/ls1intum/Ares/releases/tag/1.8.0>\n\n",
    "Severity": {
        "Score": "8.2/ 10 (High)",
        "CVSS base metrics": {
            "Attack vector": "Local",
            "Attack complexity": "Low",
            "Privileges required": "Low",
            "User interaction": "Required",
            "Scope": "Changed",
            "Confidentiality": "High",
            "Integrity": "High",
            "Availability": "High"
        },
        "CVSS string": "CVSS:3.1/AV:L/AC:L/PR:L/UI:R/S:C/C:H/I:H/A:H"
    },
    "Weaknesses": [
        "[CWE-501](/advisories?query=cwe%3A501)",
        "[CWE-653](/advisories?query=cwe%3A653)"
    ],
    "CVE ID": "No known CVE",
    "GHSA ID": "GHSA-227w-wv4j-67h4",
    "Source code": "[ls1intum/Ares](https://github.com/ls1intum/Ares)"
}