{
    "Title": "Cross-site Scripting in Microweber",
    "Meta": {
        "Package": [
            "microweber/microweber([Composer](/advisories?query=ecosystem%3Acomposer))"
        ],
        "Affected versions": [
            "<= 1.2.17"
        ],
        "Patched versions": [
            "None"
        ]
    },
    "Description": "Microweber versions 1.2.17 and prior are vulnerable to cross-site scripting. A\npatch is available on the `dev laravel9-php8` branch of the repository.\n\n### References\n\n  * <https://nvd.nist.gov/vuln/detail/CVE-2022-2130>\n  * [microweber/microweber@`dbd37dd`](https://github.com/microweber/microweber/commit/dbd37dda91911360db23269897c737e0abae2c24)\n  * <https://huntr.dev/bounties/0142970a-5cb8-4dba-8bbc-4fa2f3bee65c>\n\n",
    "Severity": {
        "Score": "6.1/ 10 (Moderate)",
        "CVSS base metrics": {
            "Attack vector": "Network",
            "Attack complexity": "Low",
            "Privileges required": "None",
            "User interaction": "Required",
            "Scope": "Changed",
            "Confidentiality": "None",
            "Integrity": "Low",
            "Availability": "Low"
        },
        "CVSS string": "CVSS:3.1/AV:N/AC:L/PR:N/UI:R/S:C/C:N/I:L/A:L"
    },
    "Weaknesses": [
        "[CWE-79](/advisories?query=cwe%3A79)"
    ],
    "CVE ID": "CVE-2022-2130",
    "GHSA ID": "GHSA-27g3-58v4-fg9w",
    "Source code": "[microweber/microweber](https://github.com/microweber/microweber)"
}