{
    "Title": "Microsoft Security Advisory CVE-2023-33170: .NET Security Feature Bypass Vulnerability",
    "Meta": {
        "Package": [
            "Microsoft.AspNet.Identity.Owin([NuGet](/advisories?query=ecosystem%3Anuget))"
        ],
        "Affected versions": [
            "< 2.2.4"
        ],
        "Patched versions": [
            "2.2.4"
        ]
    },
    "Description": "# Microsoft Security Advisory\n[CVE-2023-33170](https://github.com/advisories/GHSA-25c8-p796-jg6r\n\"CVE-2023-33170\"): .NET Security Feature Bypass Vulnerability\n\n## Executive summary\n\nMicrosoft is releasing this security advisory to provide information about a\nvulnerability in ASP.NET Core 2.1 and above. This advisory also provides\nguidance on what developers can do to update their applications to remove this\nvulnerability.\n\nA vulnerability exist in ASP.NET Core applications where account lockout\nmaximum failed attempts may not be immediately updated, allowing an attacker\nto try more passwords.\n\n## Discussion\n\nDiscussion for this issue can be found at\n[dotnet/aspnetcore#49334](https://github.com/dotnet/aspnetcore/issues/49334)\n\n### Mitigation factors\n\nMicrosoft has not identified any mitigating factors for this vulnerability.\n\n## Affected software\n\n  * Any ASP.NET 7.0 application running on .NET 7.0.8 or earlier.\n  * Any ASP.NET 6.0 application running on .NET 6.0.19 or earlier.\n  * Any ASP.NET Core 2.1 application consuming the package Microsoft.AspNetCore.Identity version 2.1.31 or earlier.\n\nIf your application uses the following package versions, ensure you update to\nthe latest version of .NET.\n\n### ASP.NET Core 2.1\n\nPackage name | Affected version | Patched version  \n---|---|---  \n[\nMicrosoft.AspNetCore.Identity](https://www.nuget.org/packages/Microsoft.AspNetCore.Identity/2.1.39)\n| <=2.1.39 | 2.1.39  \n  \n### Microsoft.AspNet.Identity.Owin\n\nPackage name | Affected version | Patched version  \n---|---|---  \n[\nMicrosoft.AspNet.Identity.Owin](https://www.nuget.org/packages/Microsoft.AspNet.Identity.Owin)\n| <= 2.2.3 | 2.2.4  \n  \n### ASP.NET 6.0\n\nPackage name | Affected version | Patched version  \n---|---|---  \n  \n[Microsoft.AspNetCore.App.Runtime.linux-\narm](https://www.nuget.org/packages/Microsoft.AspNetCore.App.Runtime.linux-\narm) | <= 6.0.19 | 6.0.20  \n[Microsoft.AspNetCore.App.Runtime.linux-\narm64](https://www.nuget.org/packages/Microsoft.AspNetCore.App.Runtime.linux-\narm64) | <= 6.0.19 | 6.0.20  \n[Microsoft.AspNetCore.App.Runtime.linux-musl-\narm](https://www.nuget.org/packages/Microsoft.AspNetCore.App.Runtime.linux-\nmusl-arm) | <= 6.0.19 | 6.0.20  \n[Microsoft.AspNetCore.App.Runtime.linux-musl-\narm64](https://www.nuget.org/packages/Microsoft.AspNetCore.App.Runtime.linux-\nmusl-arm64) | <= 6.0.19 | 6.0.20  \n[Microsoft.AspNetCore.App.Runtime.linux-\nmusl-x64](https://www.nuget.org/packages/Microsoft.AspNetCore.App.Runtime.linux-\nmusl-x64) | <= 6.0.19 | 6.0.20  \n[Microsoft.AspNetCore.App.Runtime.linux-x64](https://www.nuget.org/packages/Microsoft.AspNetCore.App.Runtime.linux-x64)\n| <= 6.0.19 | 6.0.20  \n[Microsoft.AspNetCore.App.Runtime.osx-\narm64](https://www.nuget.org/packages/Microsoft.AspNetCore.App.Runtime.osx-\narm64) | <= 6.0.19 | 6.0.20  \n[Microsoft.AspNetCore.App.Runtime.osx-x64](https://www.nuget.org/packages/Microsoft.AspNetCore.App.Runtime.osx-x64)\n| <= 6.0.19 | 6.0.20  \n[Microsoft.AspNetCore.App.Runtime.win-\narm](https://www.nuget.org/packages/Microsoft.AspNetCore.App.Runtime.win-arm)\n| <= 6.0.19 | 6.0.20  \n[Microsoft.AspNetCore.App.Runtime.win-\narm64](https://www.nuget.org/packages/Microsoft.AspNetCore.App.Runtime.win-\narm64) | <= 6.0.19 | 6.0.20  \n[Microsoft.AspNetCore.App.Runtime.win-x64](https://www.nuget.org/packages/Microsoft.AspNetCore.App.Runtime.win-x64)\n| <= 6.0.19 | 6.0.20  \n[Microsoft.AspNetCore.App.Runtime.win-x86](https://www.nuget.org/packages/Microsoft.AspNetCore.App.Runtime.win-x86)\n| <= 6.0.19 | 6.0.20\n\n### ASP.NET 7.0\n\nPackage name | Affected version | Patched version  \n---|---|---  \n[Microsoft.AspNetCore.App.Runtime.linux-\narm](https://www.nuget.org/packages/Microsoft.AspNetCore.App.Runtime.linux-\narm) | <= 7.0.9 | 7.0.9  \n[Microsoft.AspNetCore.App.Runtime.linux-\narm64](https://www.nuget.org/packages/Microsoft.AspNetCore.App.Runtime.linux-\narm64) | <= 7.0.9 | 7.0.9  \n[Microsoft.AspNetCore.App.Runtime.linux-musl-\narm](https://www.nuget.org/packages/Microsoft.AspNetCore.App.Runtime.linux-\nmusl-arm) | <= 7.0.9 | 7.0.9  \n[Microsoft.AspNetCore.App.Runtime.linux-musl-\narm64](https://www.nuget.org/packages/Microsoft.AspNetCore.App.Runtime.linux-\nmusl-arm64) | <= 7.0.9 | 7.0.9  \n[Microsoft.AspNetCore.App.Runtime.linux-\nmusl-x64](https://www.nuget.org/packages/Microsoft.AspNetCore.App.Runtime.linux-\nmusl-x64) | <= 7.0.9 | 7.0.9  \n[Microsoft.AspNetCore.App.Runtime.linux-x64](https://www.nuget.org/packages/Microsoft.AspNetCore.App.Runtime.linux-x64)\n| <= 7.0.9 | 7.0.9  \n[Microsoft.AspNetCore.App.Runtime.osx-\narm64](https://www.nuget.org/packages/Microsoft.AspNetCore.App.Runtime.osx-\narm64) | <= 7.0.9 | 7.0.9  \n[Microsoft.AspNetCore.App.Runtime.osx-x64](https://www.nuget.org/packages/Microsoft.AspNetCore.App.Runtime.osx-x64)\n| <= 7.0.9 | 7.0.9  \n[Microsoft.AspNetCore.App.Runtime.win-\narm](https://www.nuget.org/packages/Microsoft.AspNetCore.App.Runtime.win-arm)\n| <= 7.0.9 | 7.0.9  \n[Microsoft.AspNetCore.App.Runtime.win-\narm64](https://www.nuget.org/packages/Microsoft.AspNetCore.App.Runtime.win-\narm64) | <= 7.0.9 | 7.0.9  \n[Microsoft.AspNetCore.App.Runtime.win-x64](https://www.nuget.org/packages/Microsoft.AspNetCore.App.Runtime.win-x64)\n| <= 7.0.9 | 7.0.9  \n[Microsoft.AspNetCore.App.Runtime.win-x86](https://www.nuget.org/packages/Microsoft.AspNetCore.App.Runtime.win-x86)\n| <= 7.0.9 | 7.0.9  \n  \n## Advisory FAQ\n\n### How do I know if I am affected?\n\nIf you have a runtime or SDK with a version listed, or an affected package\nlisted in affected software, you're exposed to the vulnerability.\n\n### How do I fix the issue?\n\n  * To fix the issue please install the latest version of .NET 6.0 or .NET 7.0. If you have installed one or more .NET SDKs through Visual Studio, Visual Studio will prompt you to update Visual Studio, which will also update your .NET SDKs.\n  * If you are using one of the affected packages, please update to the patched version listed above.\n  * If you have .NET 6.0 or greater installed, you can list the versions you have installed by running the `dotnet --info` command. You will see output like the following;\n\n    \n    \n    .NET Core SDK (reflecting any global.json):\n    \n     Version:   6.0.300\n     Commit:    8473146e7d\n    \n    Runtime Environment:\n    \n     OS Name:     Windows\n     OS Version:  10.0.18363\n     OS Platform: Windows\n     RID:         win10-x64\n     Base Path:   C:\\Program Files\\dotnet\\sdk\\6.0.300\\\n    \n    Host (useful for support):\n    \n      Version: 6.0.5\n      Commit:  8473146e7d\n    \n    .NET Core SDKs installed:\n    \n      6.0.300 [C:\\Program Files\\dotnet\\sdk]\n    \n    .NET Core runtimes installed:\n    \n      Microsoft.AspNetCore.App 6.0.5 [C:\\Program Files\\dotnet\\shared\\Microsoft.AspNetCore.App]\n      Microsoft.NETCore.App 6.0.5 [C:\\Program Files\\dotnet\\shared\\Microsoft.NETCore.App]\n      Microsoft.WindowsDesktop.App 6.0.5 [C:\\Program Files\\dotnet\\shared\\Microsoft.WindowsDesktop.App]\n    \n    To install additional .NET Core runtimes or SDKs:\n      https://aka.ms/dotnet-download\n    \n\n  * If you're using .NET 7.0, you should download and install Runtime 7.0.7 or SDK 7.0.106 (for Visual Studio 2022 v17.4) from <https://dotnet.microsoft.com/download/dotnet-core/7.0>.\n  * If you're using .NET 6.0, you should download and install Runtime 6.0.18 or SDK 6.0.312 (for Visual Studio 2022 v17.2) from <https://dotnet.microsoft.com/download/dotnet-core/6.0>.\n  * If you're using ASP.NET Core 2.1 and consuming the Microsoft.AspNetCore.Identity package, update that package to version [2.1.39](https://www.nuget.org/packages/Microsoft.AspNetCore.Identity/2.1.39)\n\n.NET 6.0 and and .NET 7.0 updates are also available from Microsoft Update. To\naccess this either type \"Check for updates\" in your Windows search, or open\nSettings, choose Update & Security and then click Check for Updates.\n\nOnce you have installed the updated runtime or SDK, restart your apps for the\nupdate to take effect.\n\nAdditionally, if you've deployed [self-contained\napplications](https://docs.microsoft.com/dotnet/core/deploying/#self-\ncontained-deployments-scd) targeting any of the impacted versions, these\napplications are also vulnerable and must be recompiled and redeployed.\n\n## Other Information\n\n### Reporting Security Issues\n\nIf you have found a potential security issue in .NET 6.0 or .NET 7.0, please\nemail details to [secure@microsoft.com](mailto:secure@microsoft.com). Reports\nmay qualify for the Microsoft .NET Core & .NET 5 Bounty. Details of the\nMicrosoft .NET Bounty Program including terms and conditions are at\n<https://aka.ms/corebounty>.\n\n### Support\n\nYou can ask questions about this issue on GitHub in the .NET GitHub\norganization. The main repos are located at\n<https://github.com/dotnet/runtime> and <https://github.com/dotnet/aspnet/>.\nThe Announcements repo (<https://github.com/dotnet/Announcements>) will\ncontain this bulletin as an issue and will include a link to a discussion\nissue. You can ask questions in the linked discussion issue.\n\n### Disclaimer\n\nThe information provided in this advisory is provided \"as is\" without warranty\nof any kind. Microsoft disclaims all warranties, either express or implied,\nincluding the warranties of merchantability and fitness for a particular\npurpose. In no event shall Microsoft Corporation or its suppliers be liable\nfor any damages whatsoever including direct, indirect, incidental,\nconsequential, loss of business profits or special damages, even if Microsoft\nCorporation or its suppliers have been advised of the possibility of such\ndamages. Some states do not allow the exclusion or limitation of liability for\nconsequential or incidental damages so the foregoing limitation may not apply.\n\n### External Links\n\n[CVE-2023-33170](https://www.cve.org/CVERecord?id=CVE-2023-33170)\n\n### Revisions\n\nV1.0 (July 11, 2023): Advisory published.\n\n_Version 1.0_\n\n_Last Updated 2023-07-11_\n\n### References\n\n  * [GHSA-25c8-p796-jg6r](https://github.com/dotnet/aspnetcore/security/advisories/GHSA-25c8-p796-jg6r \"GHSA-25c8-p796-jg6r\")\n  * <https://nvd.nist.gov/vuln/detail/CVE-2023-33170>\n  * [dotnet/aspnetcore#49334](https://github.com/dotnet/aspnetcore/issues/49334)\n  * <https://msrc.microsoft.com/update-guide/vulnerability/CVE-2023-33170>\n  * <https://lists.fedoraproject.org/archives/list/package-announce@lists.fedoraproject.org/message/EVZVMMCCBBCSCPAW2CRQGOTKIHVFCMRO/>\n  * <https://lists.fedoraproject.org/archives/list/package-announce@lists.fedoraproject.org/message/O5CFOR6ID2HP45E7ZOGQNX76FPIWP7XR/>\n  * <https://lists.fedoraproject.org/archives/list/package-announce@lists.fedoraproject.org/message/TLWNIIA2I6YCYVCXYBPBRSZ3UH6KILTG/>\n  * <https://lists.fedoraproject.org/archives/list/package-announce@lists.fedoraproject.org/message/Y3VJRGNYJXGPF5LXUG3NL45QPK2UU6PL/>\n\n",
    "Severity": {
        "Score": "8.1/ 10 (High)",
        "CVSS base metrics": {
            "Attack vector": "Network",
            "Attack complexity": "High",
            "Privileges required": "None",
            "User interaction": "None",
            "Scope": "Unchanged",
            "Confidentiality": "High",
            "Integrity": "High",
            "Availability": "High"
        },
        "CVSS string": "CVSS:3.1/AV:N/AC:H/PR:N/UI:N/S:U/C:H/I:H/A:H"
    },
    "Weaknesses": [
        "[CWE-362](/advisories?query=cwe%3A362)"
    ],
    "CVE ID": "CVE-2023-33170",
    "GHSA ID": "GHSA-25c8-p796-jg6r",
    "Source code": "[dotnet/aspnetcore](https://github.com/dotnet/aspnetcore)"
}