{
    "Title": "SQL Injection in sequelize",
    "Meta": {
        "Package": [
            "sequelize([npm](/advisories?query=ecosystem%3Anpm))"
        ],
        "Affected versions": [
            "< 3.35.1"
        ],
        "Patched versions": [
            "3.35.1"
        ]
    },
    "Description": "Versions of `sequelize` prior to 3.35.1 are vulnerable to SQL Injection. The\npackage fails to sanitize JSON path keys in the Postgres dialect, which may\nallow attackers to inject SQL statements and execute arbitrary SQL queries.\n\n## Recommendation\n\nUpgrade to version 3.35.1 or later.\n\n### References\n\n  * <https://nvd.nist.gov/vuln/detail/CVE-2019-10749>\n  * [sequelize/sequelize@`ee40173`](https://github.com/sequelize/sequelize/commit/ee4017379db0059566ecb5424274ad4e2d66bc68)\n  * <https://snyk.io/vuln/SNYK-JS-SEQUELIZE-450222>\n  * <https://www.npmjs.com/advisories/1017>\n\n",
    "Severity": {
        "Score": "9.8/ 10 (Critical)",
        "CVSS base metrics": {
            "Attack vector": "Network",
            "Attack complexity": "Low",
            "Privileges required": "None",
            "User interaction": "None",
            "Scope": "Unchanged",
            "Confidentiality": "High",
            "Integrity": "High",
            "Availability": "High"
        },
        "CVSS string": "CVSS:3.1/AV:N/AC:L/PR:N/UI:N/S:U/C:H/I:H/A:H"
    },
    "Weaknesses": [
        "[CWE-89](/advisories?query=cwe%3A89)"
    ],
    "CVE ID": "CVE-2019-10749",
    "GHSA ID": "GHSA-2598-2f59-rmhq",
    "Source code": "No known source code"
}