{
    "Title": "Apache InLong vulnerable to Deserialization of Untrusted Data",
    "Meta": {
        "Package": [
            "org.apache.inlong:inlong-common([Maven](/advisories?query=ecosystem%3Amaven))"
        ],
        "Affected versions": [
            "< 1.3.0"
        ],
        "Patched versions": [
            "1.3.0"
        ]
    },
    "Description": "In versions of Apache InLong prior to 1.3.0, an attacker with sufficient\nprivileges to specify MySQL JDBC connection URL parameters and to write\narbitrary data to the MySQL database, could cause this data to be deserialized\nby Apache InLong, potentially leading to Remote Code Execution on the Apache\nInLong server. Users are advised to upgrade to Apache InLong 1.3.0 or newer.\n\n### References\n\n  * <https://nvd.nist.gov/vuln/detail/CVE-2022-40955>\n  * <https://lists.apache.org/thread/r1r34y7bchrpmp9jhfdoohzdmk7pj1q1>\n  * <http://www.openwall.com/lists/oss-security/2022/09/22/5>\n\n",
    "Severity": {
        "Score": "8.8/ 10 (High)",
        "CVSS base metrics": {
            "Attack vector": "Network",
            "Attack complexity": "Low",
            "Privileges required": "Low",
            "User interaction": "None",
            "Scope": "Unchanged",
            "Confidentiality": "High",
            "Integrity": "High",
            "Availability": "High"
        },
        "CVSS string": "CVSS:3.1/AV:N/AC:L/PR:L/UI:N/S:U/C:H/I:H/A:H"
    },
    "Weaknesses": [
        "[CWE-502](/advisories?query=cwe%3A502)"
    ],
    "CVE ID": "CVE-2022-40955",
    "GHSA ID": "GHSA-26m4-qjp9-xmc6",
    "Source code": "[apache/inlong](https://github.com/apache/inlong)"
}