{
    "Title": "Reflected Cross-Site Scripting in jquery.terminal",
    "Meta": {
        "Package": [
            "jquery.terminal([npm](/advisories?query=ecosystem%3Anpm))"
        ],
        "Affected versions": [
            "< 1.21.0"
        ],
        "Patched versions": [
            "1.21.0"
        ]
    },
    "Description": "Versions of `jquery.terminal` prior to 1.21.0 are vulnerable to Reflected\nCross-Site Scripting. If the application has either of the options `anyLinks`\nor `invokeMethods` set to true, the application may execute arbitrary\nJavaScript through crafted malicious payloads due to insufficient\nsanitization.\n\n## Recommendation\n\nUpgrade to version 1.21.0 or later\n\n### References\n\n  * [jcubic/jquery.terminal@`c8b7727`](https://github.com/jcubic/jquery.terminal/commit/c8b7727d21960031b62a4ef1ed52f3c634046211)\n  * <https://www.npmjs.com/advisories/769>\n\n",
    "Severity": {
        "Score": "(Moderate)"
    },
    "Weaknesses": [
        "[CWE-79](/advisories?query=cwe%3A79)"
    ],
    "CVE ID": "No known CVE",
    "GHSA ID": "GHSA-2hwp-g4g7-mwwj",
    "Source code": "No known source code"
}