{
    "Title": "Moderate severity vulnerability that affects actionpack",
    "Meta": {
        "Package": [
            "actionpack([RubyGems](/advisories?query=ecosystem%3Arubygems))"
        ],
        "Affected versions": [
            "< 3.2.20",
            ">= 4.0.0, < 4.0.11",
            ">= 4.1.0, < 4.1.7"
        ],
        "Patched versions": [
            "3.2.20",
            "4.0.11",
            "4.1.7"
        ]
    },
    "Description": "Withdrawn, accidental duplicate publish.\n\nDirectory traversal vulnerability in\nactionpack/lib/action_dispatch/middleware/static.rb in Action Pack in Ruby on\nRails 3.x before 3.2.20, 4.0.x before 4.0.11, 4.1.x before 4.1.7, and 4.2.x\nbefore 4.2.0.beta3, when serve_static_assets is enabled, allows remote\nattackers to determine the existence of files outside the application root via\na /..%2F sequence.\n\n### References\n\n  * <https://nvd.nist.gov/vuln/detail/CVE-2014-7818>\n  * [GHSA-23v3-qfrj-wmgh](https://github.com/advisories/GHSA-23v3-qfrj-wmgh \"GHSA-23v3-qfrj-wmgh\")\n\n",
    "Severity": {
        "Score": "(Moderate)"
    },
    "Weaknesses": [],
    "CVE ID": "No known CVE",
    "GHSA ID": "GHSA-23v3-qfrj-wmgh",
    "Source code": "No known source code"
}