{
    "Title": "Client Denial of Service on TUF",
    "Meta": {
        "Package": [
            "tuf([pip](/advisories?query=ecosystem%3Apip))"
        ],
        "Affected versions": [
            "<= 0.13.0"
        ],
        "Patched versions": [
            "None"
        ]
    },
    "Description": "### Impact\n\nAn attacker who can gain file access to the repository and modify metadata\nfiles may cause a denial of service to clients by creating many invalid\nsignatures on a metadata file. Having a large number of signatures to verify\nwill delay the moment when the client will determine the signature is not\nvalid. This delay may be for at least a few minutes, but possibly could be\nlonger especially if multiple files are impacted.\n\nThe tuf maintainers would like to thank Erik MacLean of Analog Devices, Inc.\nfor reporting this issue.\n\n### Patches\n\nNo fix exists for this issue.\n\n### Workarounds\n\nNo workarounds are known for this issue.\n\n### References\n\n  * [CVE-2020-6173](https://nvd.nist.gov/vuln/detail/CVE-2020-6173)\n  * [Issue #973](https://github.com/theupdateframework/tuf/issues/973)\n\n### References\n\n  * [GHSA-2828-9vh6-9m6j](https://github.com/theupdateframework/python-tuf/security/advisories/GHSA-2828-9vh6-9m6j \"GHSA-2828-9vh6-9m6j\")\n  * <https://nvd.nist.gov/vuln/detail/CVE-2020-6173>\n  * [theupdateframework/python-tuf#973](https://github.com/theupdateframework/python-tuf/issues/973)\n  * <https://github.com/theupdateframework/tuf/commits/develop>\n\n",
    "Severity": {
        "Score": "5.3/ 10 (Moderate)",
        "CVSS base metrics": {
            "Attack vector": "Network",
            "Attack complexity": "Low",
            "Privileges required": "None",
            "User interaction": "None",
            "Scope": "Unchanged",
            "Confidentiality": "None",
            "Integrity": "None",
            "Availability": "Low"
        },
        "CVSS string": "CVSS:3.1/AV:N/AC:L/PR:N/UI:N/S:U/C:N/I:N/A:L"
    },
    "Weaknesses": [
        "[CWE-400](/advisories?query=cwe%3A400)"
    ],
    "CVE ID": "CVE-2020-6173",
    "GHSA ID": "GHSA-2828-9vh6-9m6j",
    "Source code": "[theupdateframework/tuf](https://github.com/theupdateframework/tuf)"
}