{
    "Title": "actionpack Cross-Site Request Forgery vulnerability",
    "Meta": {
        "Package": [
            "actionpack([RubyGems](/advisories?query=ecosystem%3Arubygems))"
        ],
        "Affected versions": [
            ">= 2.1.0, < 2.3.11",
            ">= 3.0.0, < 3.0.4"
        ],
        "Patched versions": [
            "2.3.11",
            "3.0.4"
        ]
    },
    "Description": "Ruby on Rails 2.1.x, 2.2.x, and 2.3.x before 2.3.11, and 3.x before 3.0.4,\ndoes not properly validate HTTP requests that contain an X-Requested-With\nheader, which makes it easier for remote attackers to conduct cross-site\nrequest forgery (CSRF) attacks via forged (1) AJAX or (2) API requests that\nleverage \"combinations of browser plugins and HTTP redirects,\" a related issue\nto [CVE-2011-0696](https://github.com/advisories/GHSA-5j2h-h5hg-3wf8\n\"CVE-2011-0696\").\n\n### References\n\n  * <https://nvd.nist.gov/vuln/detail/CVE-2011-0447>\n  * [http://groups.google.com/group/rubyonrails-security/msg/c22ea1668c0d181c?dmode=source&output=gplain](http://groups.google.com/group/rubyonrails-security/msg/c22ea1668c0d181c?dmode=source&output=gplain)\n  * <http://lists.fedoraproject.org/pipermail/package-announce/2011-April/057650.html>\n  * <http://lists.fedoraproject.org/pipermail/package-announce/2011-March/055074.html>\n  * <http://lists.fedoraproject.org/pipermail/package-announce/2011-March/055088.html>\n  * <http://weblog.rubyonrails.org/2011/2/8/csrf-protection-bypass-in-ruby-on-rails>\n  * <http://www.debian.org/security/2011/dsa-2247>\n  * <https://github.com/rubysec/ruby-advisory-db/blob/master/gems/actionpack/CVE-2011-0447.yml>\n  * <https://web.archive.org/web/20120527023027/http://www.securityfocus.com/bid/46291>\n  * <https://web.archive.org/web/20170223045008/http://www.securitytracker.com/id?1025060>\n  * [rails/rails@`66ce384`](https://github.com/rails/rails/commit/66ce3843d32e9f2ac3b1da20067af53019bbb034)\n  * [rails/rails@`7e86f9b`](https://github.com/rails/rails/commit/7e86f9b4d2b7dfa974c10ae7e6d8ef90f3d77f06)\n\n",
    "Severity": {
        "Score": "(Moderate)"
    },
    "Weaknesses": [
        "[CWE-352](/advisories?query=cwe%3A352)"
    ],
    "CVE ID": "CVE-2011-0447",
    "GHSA ID": "GHSA-24fg-p96v-hxh8",
    "Source code": "[rails/rails](https://github.com/rails/rails)"
}