{
    "Title": "Symfony Host Header Injection vulnerability in the HttpFoundation component",
    "Meta": {
        "Package": [
            "symfony/symfony([Composer](/advisories?query=ecosystem%3Acomposer))"
        ],
        "Affected versions": [
            ">= 2.0.0, < 2.0.24",
            ">= 2.1.0, < 2.1.12",
            ">= 2.2.0, < 2.2.5",
            ">= 2.3.0, < 2.3.3"
        ],
        "Patched versions": [
            "2.0.24",
            "2.1.12",
            "2.2.5",
            "2.3.3"
        ]
    },
    "Description": "Symfony 2.0.X before 2.0.24, 2.1.X before 2.1.12, 2.2.X before 2.2.5, and\n2.3.X before 2.3.3 have an issue in the HttpFoundation component. The Host\nheader can be manipulated by an attacker when the framework is generating an\nabsolute URL. A remote attacker could exploit this vulnerability to inject\nmalicious content into the Web application page and conduct various attacks.\n\n### References\n\n  * <https://nvd.nist.gov/vuln/detail/CVE-2013-4752>\n  * <https://bugzilla.redhat.com/show_bug.cgi?id=CVE-2013-4752>\n  * <https://exchange.xforce.ibmcloud.com/vulnerabilities/86365>\n  * <https://exchange.xforce.ibmcloud.com/vulnerabilities/86366>\n  * <https://exchange.xforce.ibmcloud.com/vulnerabilities/86367>\n  * <https://exchange.xforce.ibmcloud.com/vulnerabilities/86368>\n  * <https://exchange.xforce.ibmcloud.com/vulnerabilities/86369>\n  * <https://exchange.xforce.ibmcloud.com/vulnerabilities/86370>\n  * <https://exchange.xforce.ibmcloud.com/vulnerabilities/86371>\n  * <https://exchange.xforce.ibmcloud.com/vulnerabilities/86372>\n  * <https://exchange.xforce.ibmcloud.com/vulnerabilities/86373>\n  * <https://exchange.xforce.ibmcloud.com/vulnerabilities/86374>\n  * <http://lists.fedoraproject.org/pipermail/package-announce/2013-August/114450.html>\n  * <http://lists.fedoraproject.org/pipermail/package-announce/2013-August/114461.html>\n  * <http://symfony.com/blog/security-releases-symfony-2-0-24-2-1-12-2-2-5-and-2-3-3-released>\n  * <https://web.archive.org/web/20130901060826/http://www.securityfocus.com/bid/61715>\n\n",
    "Severity": {
        "Score": "6.1/ 10 (Moderate)",
        "CVSS base metrics": {
            "Attack vector": "Network",
            "Attack complexity": "Low",
            "Privileges required": "None",
            "User interaction": "Required",
            "Scope": "Changed",
            "Confidentiality": "Low",
            "Integrity": "Low",
            "Availability": "None"
        },
        "CVSS string": "CVSS:3.1/AV:N/AC:L/PR:N/UI:R/S:C/C:L/I:L/A:N"
    },
    "Weaknesses": [
        "[CWE-79](/advisories?query=cwe%3A79)"
    ],
    "CVE ID": "CVE-2013-4752",
    "GHSA ID": "GHSA-22pv-7v9j-hqxp",
    "Source code": "[symfony/symfony](https://github.com/symfony/symfony)"
}