{
    "Title": "Regular Expression Denial of Service (ReDOS)",
    "Meta": {
        "Package": [
            "color-string([npm](/advisories?query=ecosystem%3Anpm))"
        ],
        "Affected versions": [
            "< 1.5.5"
        ],
        "Patched versions": [
            "1.5.5"
        ]
    },
    "Description": "In the npm package `color-string`, there is a ReDos (Regular Expression Denial\nof Service) vulnerability regarding an exponential time complexity for  \nlinearly increasing input lengths for `hwb()` color strings.\n\nStrings reaching more than 5000 characters would see several  \nmilliseconds of processing time; strings reaching more than  \n50,000 characters began seeing 1500ms (1.5s) of processing time.\n\nThe cause was due to a the regular expression that parses  \nhwb() strings - specifically, the hue value - where  \nthe integer portion of the hue value used a 0-or-more quantifier  \nshortly thereafter followed by a 1-or-more quantifier.\n\nThis caused excessive backtracking and a cartesian scan,  \nresulting in exponential time complexity given a linear  \nincrease in input length.\n\n### References\n\n  * <https://nvd.nist.gov/vuln/detail/CVE-2021-29060>\n  * [Qix-/color-string@`0789e21`](https://github.com/Qix-/color-string/commit/0789e21284c33d89ebc4ab4ca6f759b9375ac9d3)\n  * <https://github.com/Qix-/color-string/releases/tag/1.5.5>\n  * <https://github.com/yetingli/PoCs/blob/main/CVE-2021-29060/Color-String.md>\n  * <https://github.com/yetingli/SaveResults/blob/main/js/color-string.js>\n  * <https://www.npmjs.com/package/color-string>\n\n",
    "Severity": {
        "Score": "5.3/ 10 (Moderate)",
        "CVSS base metrics": {
            "Attack vector": "Network",
            "Attack complexity": "Low",
            "Privileges required": "None",
            "User interaction": "None",
            "Scope": "Unchanged",
            "Confidentiality": "None",
            "Integrity": "None",
            "Availability": "Low"
        },
        "CVSS string": "CVSS:3.1/AV:N/AC:L/PR:N/UI:N/S:U/C:N/I:N/A:L"
    },
    "Weaknesses": [
        "[CWE-770](/advisories?query=cwe%3A770)"
    ],
    "CVE ID": "CVE-2021-29060",
    "GHSA ID": "GHSA-257v-vj4p-3w2h",
    "Source code": "No known source code"
}