{
    "Title": "Remote code execution in dependabot-core branch names when cloning",
    "Meta": {
        "Package": [
            "dependabot-common([RubyGems](/advisories?query=ecosystem%3Arubygems))"
        ],
        "Affected versions": [
            ">= 0.119.0.beta1, < 0.125.1"
        ],
        "Patched versions": [
            "0.125.1"
        ]
    },
    "Description": "### Impact\n\nRemote code execution vulnerability in `dependabot-common` and `dependabot-\ngo_modules` when a source branch name contains malicious injectable bash code.\n\nFor example, if Dependabot is configured to use the following source branch\nname: `\"/$({curl,127.0.0.1})\"`, Dependabot will make a HTTP request to the\nfollowing URL: 127.0.0.1 when cloning the source repository.\n\nWhen Dependabot is configured to clone the source repository during an update,\nDependabot runs a shell command to git clone the repository:\n\n    \n    \n    git clone --no-tags --no-recurse-submodules --depth=1 --branch=<BRANCH> --single-branch <GITHUB_REPO_URL> repo/contents/path\n\nDependabot will always clone the source repository for `go_modules` during the\nfile fetching step and can be configured to clone the repository for other\npackage managers using the `FileFetcher` class from `dependabot-common`.\n\n    \n    \n    source = Dependabot::Source.new(\n      provider: \"github\",\n      repo: \"repo/name\",\n      directory: \"/\",\n      branch: \"/$({curl,127.0.0.1})\",\n    )\n    \n    repo_contents_path = \"./file/path\"\n    fetcher = Dependabot::FileFetchers.for_package_manager(\"bundler\").\n                      new(source: source, credentials: [],\n                      repo_contents_path: repo_contents_path)\n    fetcher.clone_repo_contents\n\n### Patches\n\nThe fix was applied to version `0.125.1`: [dependabot/dependabot-\ncore#2727](https://github.com/dependabot/dependabot-core/pull/2727)\n\n### Workarounds\n\nEscape the branch name prior to passing it to the `Dependabot::Source` class.\n\nFor example using `shellwords`:\n\n    \n    \n    require \"shellwords\"\n    branch = Shellwords.escape(\"/$({curl,127.0.0.1})\")\n    source = Dependabot::Source.new(\n      provider: \"github\",\n      repo: \"repo/name\",\n      directory: \"/\",\n      branch: branch,\n    )\n\n### References\n\n  * [GHSA-23f7-99jx-m54r](https://github.com/dependabot/dependabot-core/security/advisories/GHSA-23f7-99jx-m54r \"GHSA-23f7-99jx-m54r\")\n  * [dependabot/dependabot-core#2727](https://github.com/dependabot/dependabot-core/pull/2727)\n  * [dependabot/dependabot-core@`e089116`](https://github.com/dependabot/dependabot-core/commit/e089116abbe284425b976f7920e502b8e83a61b5)\n  * <https://rubygems.org/gems/dependabot-common>\n  * <https://rubygems.org/gems/dependabot-omnibus>\n  * <https://nvd.nist.gov/vuln/detail/CVE-2020-26222>\n  * <https://github.com/rubysec/ruby-advisory-db/blob/master/gems/dependabot-omnibus/CVE-2020-26222.yml>\n  * <https://github.com/rubysec/ruby-advisory-db/blob/master/gems/dependabot-common/CVE-2020-26222.yml>\n\n",
    "Severity": {
        "Score": "8.7/ 10 (High)",
        "CVSS base metrics": {
            "Attack vector": "Network",
            "Attack complexity": "Low",
            "Privileges required": "Low",
            "User interaction": "Required",
            "Scope": "Changed",
            "Confidentiality": "High",
            "Integrity": "High",
            "Availability": "None"
        },
        "CVSS string": "CVSS:3.1/AV:N/AC:L/PR:L/UI:R/S:C/C:H/I:H/A:N"
    },
    "Weaknesses": [
        "[CWE-74](/advisories?query=cwe%3A74)"
    ],
    "CVE ID": "CVE-2020-26222",
    "GHSA ID": "GHSA-23f7-99jx-m54r",
    "Source code": "[dependabot/dependabot-core](https://github.com/dependabot/dependabot-core)"
}