{
    "Title": "Missing Initialization of Resource in pnet",
    "Meta": {
        "Package": [
            "pnet([Rust](/advisories?query=ecosystem%3Arust))"
        ],
        "Affected versions": [
            "< 0.27.2"
        ],
        "Patched versions": [
            "0.27.2"
        ]
    },
    "Description": "An issue was discovered in the pnet crate before 0.27.2 for Rust. There is a\nsegmentation fault (upon attempted dereference of an uninitialized descriptor)\nbecause of an erroneous IcmpTransportChannelIterator compiler optimization.\n\n### References\n\n  * <https://nvd.nist.gov/vuln/detail/CVE-2019-25054>\n  * <https://raw.githubusercontent.com/rustsec/advisory-db/main/crates/pnet/RUSTSEC-2019-0037.md>\n  * <https://rustsec.org/advisories/RUSTSEC-2019-0037.html>\n  * [libpnet/libpnet#449](https://github.com/libpnet/libpnet/issues/449)\n\n",
    "Severity": {
        "Score": "7.5/ 10 (High)",
        "CVSS base metrics": {
            "Attack vector": "Network",
            "Attack complexity": "Low",
            "Privileges required": "None",
            "User interaction": "None",
            "Scope": "Unchanged",
            "Confidentiality": "None",
            "Integrity": "None",
            "Availability": "High"
        },
        "CVSS string": "CVSS:3.1/AV:N/AC:L/PR:N/UI:N/S:U/C:N/I:N/A:H"
    },
    "Weaknesses": [
        "[CWE-909](/advisories?query=cwe%3A909)"
    ],
    "CVE ID": "CVE-2019-25054",
    "GHSA ID": "GHSA-24g6-5rx7-58wj",
    "Source code": "[libpnet/libpnet/](https://github.com/libpnet/libpnet/)"
}