{
    "Title": "Magento 2 Community Edition XSS Vulnerability",
    "Meta": {
        "Package": [
            "magento/community-edition([Composer](/advisories?query=ecosystem%3Acomposer))"
        ],
        "Affected versions": [
            ">= 2.2.0, < 2.2.10",
            ">= 2.3.0, < 2.3.2-p1"
        ],
        "Patched versions": [
            "2.2.10",
            "2.3.2-p1"
        ]
    },
    "Description": "A stored cross-site scripting (XSS) vulnerability exists in Magento 2.2 prior\nto 2.2.10, Magento 2.3 prior to 2.3.3 or 2.3.2-p1. An authenticated user can\ninject arbitrary JavaScript code via title of an order when configuring sales\npayment methods for a store.\n\n### References\n\n  * <https://nvd.nist.gov/vuln/detail/CVE-2019-8142>\n  * <https://web.archive.org/web/20220121051105/https://magento.com/security/patches/magento-2.3.3-and-2.2.10-security-update>\n\n",
    "Severity": {
        "Score": "5.4/ 10 (Moderate)",
        "CVSS base metrics": {
            "Attack vector": "Network",
            "Attack complexity": "Low",
            "Privileges required": "Low",
            "User interaction": "Required",
            "Scope": "Changed",
            "Confidentiality": "Low",
            "Integrity": "Low",
            "Availability": "None"
        },
        "CVSS string": "CVSS:3.1/AV:N/AC:L/PR:L/UI:R/S:C/C:L/I:L/A:N"
    },
    "Weaknesses": [
        "[CWE-79](/advisories?query=cwe%3A79)"
    ],
    "CVE ID": "CVE-2019-8142",
    "GHSA ID": "GHSA-298q-wv2h-v5vw",
    "Source code": "[magento/magento2](https://github.com/magento/magento2)"
}