{
    "Title": "Exposure of Sensitive Information to an Unauthorized Actor in librenms",
    "Meta": {
        "Package": [
            "librenms/librenms([Composer](/advisories?query=ecosystem%3Acomposer))"
        ],
        "Affected versions": [
            "< 22.2.0"
        ],
        "Patched versions": [
            "22.2.0"
        ]
    },
    "Description": "Exposure of Sensitive Information to an Unauthorized Actor in Packagist\nlibrenms/librenms prior to 22.2.0.\n\n### References\n\n  * <https://nvd.nist.gov/vuln/detail/CVE-2022-0588>\n  * [librenms/librenms@`95970af`](https://github.com/librenms/librenms/commit/95970af78e4c899744a715766d744deef8c505f7)\n  * <https://huntr.dev/bounties/caab3310-0d70-4c8a-8768-956f8dd3326d>\n  * <https://notes.netbytesec.com/2022/02/multiple-vulnerabilities-in-librenms.html>\n\n",
    "Severity": {
        "Score": "6.5/ 10 (Moderate)",
        "CVSS base metrics": {
            "Attack vector": "Network",
            "Attack complexity": "Low",
            "Privileges required": "Low",
            "User interaction": "None",
            "Scope": "Unchanged",
            "Confidentiality": "High",
            "Integrity": "None",
            "Availability": "None"
        },
        "CVSS string": "CVSS:3.1/AV:N/AC:L/PR:L/UI:N/S:U/C:H/I:N/A:N"
    },
    "Weaknesses": [
        "[CWE-200](/advisories?query=cwe%3A200)",
        "[CWE-862](/advisories?query=cwe%3A862)"
    ],
    "CVE ID": "CVE-2022-0588",
    "GHSA ID": "GHSA-254q-rqmw-vx45",
    "Source code": "[librenms/librenms](https://github.com/librenms/librenms)"
}