{
    "Title": "In Bouncy Castle JCE Provider the DHIES implementation allowed the use of ECB mode",
    "Meta": {
        "Package": [
            "org.bouncycastle:bcprov-jdk14([Maven](/advisories?query=ecosystem%3Amaven))"
        ],
        "Affected versions": [
            "< 1.56"
        ],
        "Patched versions": [
            "1.56"
        ]
    },
    "Description": "In the Bouncy Castle JCE Provider version 1.55 and earlier the DHIES\nimplementation allowed the use of ECB mode. This mode is regarded as unsafe\nand support for it has been removed from the provider.\n\n### References\n\n  * <https://nvd.nist.gov/vuln/detail/CVE-2016-1000344>\n  * [bcgit/bc-java@`9385b0e`](https://github.com/bcgit/bc-java/commit/9385b0ebd277724b167fe1d1456e3c112112be1f)\n  * <https://access.redhat.com/errata/RHSA-2018:2669>\n  * <https://access.redhat.com/errata/RHSA-2018:2927>\n  * [GHSA-2j2x-hx4g-2gf4](https://github.com/advisories/GHSA-2j2x-hx4g-2gf4 \"GHSA-2j2x-hx4g-2gf4\")\n  * <https://security.netapp.com/advisory/ntap-20181127-0004/>\n  * <https://www.oracle.com/security-alerts/cpuoct2020.html>\n\n",
    "Severity": {
        "Score": "7.4/ 10 (High)",
        "CVSS base metrics": {
            "Attack vector": "Network",
            "Attack complexity": "High",
            "Privileges required": "None",
            "User interaction": "None",
            "Scope": "Unchanged",
            "Confidentiality": "High",
            "Integrity": "High",
            "Availability": "None"
        },
        "CVSS string": "CVSS:3.0/AV:N/AC:H/PR:N/UI:N/S:U/C:H/I:H/A:N"
    },
    "Weaknesses": [
        "[CWE-1310](/advisories?query=cwe%3A1310)"
    ],
    "CVE ID": "CVE-2016-1000344",
    "GHSA ID": "GHSA-2j2x-hx4g-2gf4",
    "Source code": "No known source code"
}