{
    "Title": "Agent-to-controller security bypass in Jenkins HashiCorp Vault Plugin allows reading arbitrary files",
    "Meta": {
        "Package": [
            "com.datapipe.jenkins.plugins:hashicorp-vault-plugin([Maven](/advisories?query=ecosystem%3Amaven))"
        ],
        "Affected versions": [
            "<= 336.v182c0fbaaeb7"
        ],
        "Patched versions": [
            "351.vdb_f83a_1c6a_9d"
        ]
    },
    "Description": "Jenkins HashiCorp Vault Plugin 336.v182c0fbaaeb7 and earlier implements\nfunctionality that allows agent processes to read arbitrary files on the\nJenkins controller file system.\n\nThis allows attackers able to control agent processes to read arbitrary files\non the Jenkins controller file system.\n\nThis vulnerability is only exploitable in Jenkins 2.318 and earlier, LTS\n2.303.2 and earlier. See the [LTS upgrade\nguide](https://www.jenkins.io/doc/upgrade-guide/2.303/#upgrading-to-jenkins-\nlts-2-303-3).\n\n### References\n\n  * <https://nvd.nist.gov/vuln/detail/CVE-2022-25197>\n  * <https://www.jenkins.io/security/advisory/2022-02-15/#SECURITY-2521>\n  * <https://github.com/jenkinsci/hashicorp-vault-plugin/releases/tag/351.vdb_f83a_1c6a_9d>\n\n",
    "Severity": {
        "Score": "5.3/ 10 (Moderate)",
        "CVSS base metrics": {
            "Attack vector": "Network",
            "Attack complexity": "High",
            "Privileges required": "Low",
            "User interaction": "None",
            "Scope": "Unchanged",
            "Confidentiality": "High",
            "Integrity": "None",
            "Availability": "None"
        },
        "CVSS string": "CVSS:3.1/AV:N/AC:H/PR:L/UI:N/S:U/C:H/I:N/A:N"
    },
    "Weaknesses": [
        "[CWE-693](/advisories?query=cwe%3A693)"
    ],
    "CVE ID": "CVE-2022-25197",
    "GHSA ID": "GHSA-2587-w93g-63m2",
    "Source code": "[jenkinsci/hashicorp-vault-plugin](https://github.com/jenkinsci/hashicorp-vault-plugin)"
}