{
    "Title": "flat vulnerable to Prototype Pollution",
    "Meta": {
        "Package": [
            "flat([npm](/advisories?query=ecosystem%3Anpm))"
        ],
        "Affected versions": [
            "< 5.0.1"
        ],
        "Patched versions": [
            "5.0.1"
        ]
    },
    "Description": "flat helps flatten/unflatten nested Javascript objects. A vulnerability, which\nwas classified as critical, was found in hughsk flat up to 5.0.0. This affects\nthe function unflatten of the file index.js. The manipulation leads to\nimproperly controlled modification of object prototype attributes ('prototype\npollution'). It is possible to initiate the attack remotely. Upgrading to\nversion 5.0.1 can address this issue. The name of the patch is\n20ef0ef55dfa028caddaedbcb33efbdb04d18e13. It is recommended to upgrade the\naffected component. The identifier VDB-216777 was assigned to this\nvulnerability.\n\n### References\n\n  * <https://nvd.nist.gov/vuln/detail/CVE-2020-36632>\n  * [hughsk/flat#105](https://github.com/hughsk/flat/issues/105)\n  * [hughsk/flat#106](https://github.com/hughsk/flat/pull/106)\n  * [hughsk/flat@`20ef0ef`](https://github.com/hughsk/flat/commit/20ef0ef55dfa028caddaedbcb33efbdb04d18e13)\n  * <https://github.com/hughsk/flat/releases/tag/5.0.1>\n  * <https://vuldb.com/?ctiid.216777>\n  * <https://vuldb.com/?id.216777>\n\n",
    "Severity": {
        "Score": "9.8/ 10 (Critical)",
        "CVSS base metrics": {
            "Attack vector": "Network",
            "Attack complexity": "Low",
            "Privileges required": "None",
            "User interaction": "None",
            "Scope": "Unchanged",
            "Confidentiality": "High",
            "Integrity": "High",
            "Availability": "High"
        },
        "CVSS string": "CVSS:3.1/AV:N/AC:L/PR:N/UI:N/S:U/C:H/I:H/A:H"
    },
    "Weaknesses": [
        "[CWE-1321](/advisories?query=cwe%3A1321)"
    ],
    "CVE ID": "CVE-2020-36632",
    "GHSA ID": "GHSA-2j2x-2gpw-g8fm",
    "Source code": "[hughsk/flat](https://github.com/hughsk/flat)"
}