{
    "Title": "parse-server new anonymous user session acts as if it's created with password",
    "Meta": {
        "Package": [
            "parse-server([npm](/advisories?query=ecosystem%3Anpm))"
        ],
        "Affected versions": [
            "< 4.5.2"
        ],
        "Patched versions": [
            "4.5.2"
        ]
    },
    "Description": "### Impact\n\nDevelopers that use the REST API to signup users and also allow users to login\nanonymously. When an anonymous user is first signed up using REST, the server\ncreates session incorrectly, particularly the `authProvider` field in\n`_Session` class under `createdWith` shows the user logged in creating a\npassword. If a developer later depends on the `createdWith` field to provide a\ndifferent level of access between a password user and anonymous user, the\nserver incorrectly classified the session type as being created with a\n`password`.\n\nThe server currently doesn't use `createdWith` to make decisions on how things\nwork internally, so if a developer isn't using `createdWith` directly, there's\nnothing to worry about. The vulnerability only affects users who depend on\n`createdWith` by using it directly.\n\n### Patches\n\nUpgrade to version 4.5.1.\n\n### Workarounds\n\nDon't use the `createdWith` Session field to make decisions if you allow\nanonymous login.\n\n### References\n\nn/a\n\n### References\n\n  * [GHSA-23r4-5mxp-c7g5](https://github.com/parse-community/parse-server/security/advisories/GHSA-23r4-5mxp-c7g5 \"GHSA-23r4-5mxp-c7g5\")\n  * <https://nvd.nist.gov/vuln/detail/CVE-2021-39138>\n  * [parse-community/parse-server@`147bd9a`](https://github.com/parse-community/parse-server/commit/147bd9a3dc43391e92c36e05d5db860b04ca27db)\n  * <https://github.com/parse-community/parse-server/releases/tag/4.5.2>\n\n",
    "Severity": {
        "Score": "4.8/ 10 (Moderate)",
        "CVSS base metrics": {
            "Attack vector": "Network",
            "Attack complexity": "High",
            "Privileges required": "None",
            "User interaction": "None",
            "Scope": "Unchanged",
            "Confidentiality": "Low",
            "Integrity": "Low",
            "Availability": "None"
        },
        "CVSS string": "CVSS:3.1/AV:N/AC:H/PR:N/UI:N/S:U/C:L/I:L/A:N"
    },
    "Weaknesses": [
        "[CWE-287](/advisories?query=cwe%3A287)",
        "[CWE-863](/advisories?query=cwe%3A863)"
    ],
    "CVE ID": "CVE-2021-39138",
    "GHSA ID": "GHSA-23r4-5mxp-c7g5",
    "Source code": "[parse-community/parse-server](https://github.com/parse-community/parse-server)"
}