{
    "Title": "Nokogiri Implements libxml2 version vulnerable to null pointer dereferencing",
    "Meta": {
        "Package": [
            "nokogiri([RubyGems](/advisories?query=ecosystem%3Arubygems))"
        ],
        "Affected versions": [
            "< 1.11.4"
        ],
        "Patched versions": [
            "1.11.4"
        ]
    },
    "Description": "A vulnerability found in libxml2 in versions before 2.9.11 shows that it did\nnot propagate errors while parsing XML mixed content, causing a NULL\ndereference. If an untrusted XML document was parsed in recovery mode and\npost-validated, the flaw could be used to crash the application. The highest\nthreat from this vulnerability is to system availability.\n\n### References\n\n  * <https://nvd.nist.gov/vuln/detail/CVE-2021-3537>\n  * <https://bugzilla.redhat.com/show_bug.cgi?id=1956522>\n  * <https://lists.debian.org/debian-lts-announce/2021/05/msg00008.html>\n  * <https://lists.fedoraproject.org/archives/list/package-announce@lists.fedoraproject.org/message/BZOMV5J4PMZAORVT64BKLV6YIZAFDGX6/>\n  * <https://lists.fedoraproject.org/archives/list/package-announce@lists.fedoraproject.org/message/QVM4UJ3376I6ZVOYMHBNX4GY3NIV52WV/>\n  * <https://security.gentoo.org/glsa/202107-05>\n  * <https://security.netapp.com/advisory/ntap-20210625-0002/>\n  * <https://www.oracle.com/security-alerts/cpuapr2022.html>\n  * <https://www.oracle.com/security-alerts/cpuoct2021.html>\n  * <https://www.oracle.com/security-alerts/cpujul2022.html>\n  * <https://github.com/sparklemotion/nokogiri/blob/2edbbef95f1dc12c1ddc5ebda71b9159026245fe/CHANGELOG.md?plain=1#L722>\n  * <https://github.com/rubysec/ruby-advisory-db/blob/master/gems/nokogiri/CVE-2021-3537.yml>\n  * <https://nokogiri.org/CHANGELOG.html#1114-2021-05-14>\n\n",
    "Severity": {
        "Score": "5.9/ 10 (Moderate)",
        "CVSS base metrics": {
            "Attack vector": "Network",
            "Attack complexity": "High",
            "Privileges required": "None",
            "User interaction": "None",
            "Scope": "Unchanged",
            "Confidentiality": "None",
            "Integrity": "None",
            "Availability": "High"
        },
        "CVSS string": "CVSS:3.1/AV:N/AC:H/PR:N/UI:N/S:U/C:N/I:N/A:H"
    },
    "Weaknesses": [
        "[CWE-476](/advisories?query=cwe%3A476)"
    ],
    "CVE ID": "CVE-2021-3537",
    "GHSA ID": "GHSA-286v-pcf5-25rc",
    "Source code": "[sparklemotion/nokogiri](https://github.com/sparklemotion/nokogiri)"
}