{
    "Title": "react-native-reanimated vulnerable to ReDoS",
    "Meta": {
        "Package": [
            "react-native-reanimated([npm](/advisories?query=ecosystem%3Anpm))"
        ],
        "Affected versions": [
            "< 2.10.0"
        ],
        "Patched versions": [
            "2.10.0"
        ]
    },
    "Description": "The package react-native-reanimated before 2.10.0 is vulnerable to Regular\nExpression Denial of Service (ReDoS) due to improper usage of regular\nexpression in the parser of Colors.js.\n\n### References\n\n  * <https://nvd.nist.gov/vuln/detail/CVE-2022-24373>\n  * [software-mansion/react-native-reanimated#3382](https://github.com/software-mansion/react-native-reanimated/pull/3382)\n  * [software-mansion/react-native-reanimated@`7adf06d`](https://github.com/software-mansion/react-native-reanimated/commit/7adf06d0c59382d884a04be86a96eede3d0432fa)\n  * <https://github.com/software-mansion/react-native-reanimated/releases/tag/3.0.0-rc.1>\n  * <https://security.snyk.io/vuln/SNYK-JS-REACTNATIVEREANIMATED-2949507>\n  * [software-mansion/react-native-reanimated@`8a92790`](https://github.com/software-mansion/react-native-reanimated/commit/8a927904366fa2d02df7a11553f8b0aa93471279)\n  * [software-mansion/react-native-reanimated@`2.9.1...2.10.0`](https://github.com/software-mansion/react-native-reanimated/compare/2.9.1...2.10.0)\n\n",
    "Severity": {
        "Score": "7.5/ 10 (High)",
        "CVSS base metrics": {
            "Attack vector": "Network",
            "Attack complexity": "Low",
            "Privileges required": "None",
            "User interaction": "None",
            "Scope": "Unchanged",
            "Confidentiality": "None",
            "Integrity": "None",
            "Availability": "High"
        },
        "CVSS string": "CVSS:3.1/AV:N/AC:L/PR:N/UI:N/S:U/C:N/I:N/A:H"
    },
    "Weaknesses": [
        "[CWE-1333](/advisories?query=cwe%3A1333)"
    ],
    "CVE ID": "CVE-2022-24373",
    "GHSA ID": "GHSA-2j79-8pqc-r7x6",
    "Source code": "[software-mansion/react-native-reanimated](https://github.com/software-mansion/react-native-reanimated)"
}