{
    "Title": "Symlink reference outside of node_modules in bin-links",
    "Meta": {
        "Package": [
            "bin-links([npm](/advisories?query=ecosystem%3Anpm))"
        ],
        "Affected versions": [
            "< 1.1.5"
        ],
        "Patched versions": [
            "1.1.5"
        ]
    },
    "Description": "Versions of `bin-links` prior to 1.1.5 are vulnerable to a Symlink reference\noutside of node_modules. It is possible to create symlinks to files outside of\nthe`node_modules` folder through the `bin` field. This may allow attackers to\naccess unauthorized files.\n\n## Recommendation\n\nUpgrade to version 1.1.5 or later.\n\n### References\n\n  * <https://www.npmjs.com/advisories/1435>\n\n",
    "Severity": {
        "Score": "(Low)"
    },
    "Weaknesses": [],
    "CVE ID": "No known CVE",
    "GHSA ID": "GHSA-2mj8-pj3j-h362",
    "Source code": "No known source code"
}