{
    "Title": "Moodle Does Not Escape Characters In Email Headers",
    "Meta": {
        "Package": [
            "moodle/moodle([Composer](/advisories?query=ecosystem%3Acomposer))"
        ],
        "Affected versions": [
            ">= 3.0, <= 3.0.4",
            ">= 2.9, <= 2.9.6",
            ">= 2.8, <= 2.8.12",
            ">= 2.7, <= 2.7.14",
            ">= 3.1, < 3.1.1"
        ],
        "Patched versions": [
            "3.0.5",
            "2.9.7",
            "2.7.15",
            "3.1.1"
        ]
    },
    "Description": "In Moodle 2.x and 3.x, text injection can occur in email headers, potentially\nleading to outbound spam.\n\n### References\n\n  * <https://nvd.nist.gov/vuln/detail/CVE-2016-5013>\n  * <https://moodle.org/mod/forum/discuss.php?d=336698>\n  * [moodle/moodle@`ed63718`](https://github.com/moodle/moodle/commit/ed63718caa48803843a14140d8a27f04aba9c8c4)\n  * <https://web.archive.org/web/20210123154543/http://www.securityfocus.com/bid/92040>\n\n",
    "Severity": {
        "Score": "5.4/ 10 (Moderate)",
        "CVSS base metrics": {
            "Attack vector": "Network",
            "Attack complexity": "Low",
            "Privileges required": "None",
            "User interaction": "Required",
            "Scope": "Unchanged",
            "Confidentiality": "Low",
            "Integrity": "Low",
            "Availability": "None"
        },
        "CVSS string": "CVSS:3.0/AV:N/AC:L/PR:N/UI:R/S:U/C:L/I:L/A:N"
    },
    "Weaknesses": [
        "[CWE-74](/advisories?query=cwe%3A74)"
    ],
    "CVE ID": "CVE-2016-5013",
    "GHSA ID": "GHSA-2hh3-jmv8-5fmx",
    "Source code": "No known source code"
}