{
    "Title": "Jenkins Cloud Foundry Plugin vulnerable to exposure of sensitive information",
    "Meta": {
        "Package": [
            "org.jenkins-ci.plugins:cloudfoundry([Maven](/advisories?query=ecosystem%3Amaven))"
        ],
        "Affected versions": [
            "<= 2.3.1"
        ],
        "Patched versions": [
            "2.3.2"
        ]
    },
    "Description": "\\Jenkins Cloud Foundry Plugin did not perform permission checks on a method\nimplementing form validation. This allowed users with Overall/Read access to\nJenkins to connect to an attacker-specified URL using attacker-specified\ncredentials IDs obtained through another method, capturing credentials stored\nin Jenkins.\n\nAdditionally, this form validation method did not require POST requests,\nresulting in a cross-site request forgery vulnerability.\n\nThis form validation method now requires POST requests and Overall/Administer\n(for global configuration) or Item/Configure permissions (for job\nconfiguration).\n\n### References\n\n  * <https://nvd.nist.gov/vuln/detail/CVE-2019-1003025>\n  * <https://jenkins.io/security/advisory/2019-02-19/#SECURITY-876>\n  * <https://web.archive.org/web/20200227084947/http://www.securityfocus.com/bid/107295>\n\n",
    "Severity": {
        "Score": "4.3/ 10 (Moderate)",
        "CVSS base metrics": {
            "Attack vector": "Network",
            "Attack complexity": "Low",
            "Privileges required": "Low",
            "User interaction": "None",
            "Scope": "Unchanged",
            "Confidentiality": "None",
            "Integrity": "Low",
            "Availability": "None"
        },
        "CVSS string": "CVSS:3.0/AV:N/AC:L/PR:L/UI:N/S:U/C:N/I:L/A:N"
    },
    "Weaknesses": [
        "[CWE-862](/advisories?query=cwe%3A862)"
    ],
    "CVE ID": "CVE-2019-1003025",
    "GHSA ID": "GHSA-2mh9-wpgv-7xr8",
    "Source code": "No known source code"
}