{
    "Title": "Nokogiri affected by libxslt Use of Uninitialized Resource/Use After Free vulnerability",
    "Meta": {
        "Package": [
            "nokogiri([RubyGems](/advisories?query=ecosystem%3Arubygems))"
        ],
        "Affected versions": [
            "< 1.10.5"
        ],
        "Patched versions": [
            "1.10.5"
        ]
    },
    "Description": "In xsltCopyText in transform.c in libxslt 1.1.33, a pointer variable isn't\nreset under certain circumstances. If the relevant memory area happened to be\nfreed and reused in a certain way, a bounds check could fail and memory\noutside a buffer could be written to, or uninitialized data could be\ndisclosed.\n\nNokogiri prior to version 1.10.5 contains a vulnerable version of libxslt.\nNokogiri version 1.10.5 upgrades the dependency to libxslt 1.1.34, which\ncontains a patch for this issue.\n\n### References\n\n  * <https://nvd.nist.gov/vuln/detail/CVE-2019-18197>\n  * <https://access.redhat.com/errata/RHSA-2020:0514>\n  * <https://bugs.chromium.org/p/oss-fuzz/issues/detail?id=15746>\n  * <https://bugs.chromium.org/p/oss-fuzz/issues/detail?id=15768>\n  * <https://bugs.chromium.org/p/oss-fuzz/issues/detail?id=15914>\n  * <https://gitlab.gnome.org/GNOME/libxslt/commit/2232473733b7313d67de8836ea3b29eec6e8e285>\n  * <https://lists.debian.org/debian-lts-announce/2019/10/msg00037.html>\n  * <https://security.netapp.com/advisory/ntap-20191031-0004/>\n  * <https://security.netapp.com/advisory/ntap-20200416-0004/>\n  * <https://usn.ubuntu.com/4164-1/>\n  * <https://www.oracle.com/security-alerts/cpuapr2020.html>\n  * <http://lists.opensuse.org/opensuse-security-announce/2020-02/msg00010.html>\n  * <http://lists.opensuse.org/opensuse-security-announce/2020-02/msg00015.html>\n  * <http://lists.opensuse.org/opensuse-security-announce/2020-02/msg00025.html>\n  * <http://lists.opensuse.org/opensuse-security-announce/2020-05/msg00062.html>\n  * <http://www.openwall.com/lists/oss-security/2019/11/17/2>\n  * [sparklemotion/nokogiri#1943](https://github.com/sparklemotion/nokogiri/issues/1943)\n  * <https://github.com/sparklemotion/nokogiri/blob/01ab95f3e37429ed8d3b380a8d2f73902eb325d9/CHANGELOG.md?plain=1#L934>\n  * <https://github.com/rubysec/ruby-advisory-db/blob/master/gems/nokogiri/CVE-2019-18197.yml>\n\n",
    "Severity": {
        "Score": "7.5/ 10 (High)",
        "CVSS base metrics": {
            "Attack vector": "Network",
            "Attack complexity": "High",
            "Privileges required": "None",
            "User interaction": "Required",
            "Scope": "Unchanged",
            "Confidentiality": "High",
            "Integrity": "High",
            "Availability": "High"
        },
        "CVSS string": "CVSS:3.1/AV:N/AC:H/PR:N/UI:R/S:U/C:H/I:H/A:H"
    },
    "Weaknesses": [
        "[CWE-416](/advisories?query=cwe%3A416)",
        "[CWE-908](/advisories?query=cwe%3A908)"
    ],
    "CVE ID": "CVE-2019-18197",
    "GHSA ID": "GHSA-242x-7cm6-4w8j",
    "Source code": "[sparklemotion/nokogiri](https://github.com/sparklemotion/nokogiri)"
}