{
    "Title": "Directory Traversal in 360class.jansenhm",
    "Meta": {
        "Package": [
            "360class.jansenhm([npm](/advisories?query=ecosystem%3Anpm))"
        ],
        "Affected versions": [
            ">= 0.0.0"
        ],
        "Patched versions": [
            "None"
        ]
    },
    "Description": "Affected versions of `360class.jansenhm` resolve relative file paths,\nresulting in a directory traversal vulnerability. A malicious actor can use\nthis vulnerability to access files outside of the intended directory root,\nwhich may result in the disclosure of private files on the vulnerable system.\n\n**Example request:**\n\n    \n    \n    GET /../../../../../../../../../../etc/passwd HTTP/1.1\n    host:foo\n\n## Recommendation\n\nNo patch is available for this vulnerability.\n\nIt is recommended that the package is only used for local development, and if\nthe functionality is needed for production, a different package is used\ninstead.\n\n### References\n\n  * <https://github.com/JacksonGL/NPM-Vuln-PoC/blob/master/directory-traversal/360class.jansenhm>\n  * <https://www.npmjs.com/advisories/448>\n  * <https://nvd.nist.gov/vuln/detail/CVE-2017-16186>\n\n",
    "Severity": {
        "Score": "7.5/ 10 (High)",
        "CVSS base metrics": {
            "Attack vector": "Network",
            "Attack complexity": "Low",
            "Privileges required": "None",
            "User interaction": "None",
            "Scope": "Unchanged",
            "Confidentiality": "High",
            "Integrity": "None",
            "Availability": "None"
        },
        "CVSS string": "CVSS:3.0/AV:N/AC:L/PR:N/UI:N/S:U/C:H/I:N/A:N"
    },
    "Weaknesses": [
        "[CWE-22](/advisories?query=cwe%3A22)"
    ],
    "CVE ID": "CVE-2017-16186",
    "GHSA ID": "GHSA-25jw-gcfj-283j",
    "Source code": "No known source code"
}