{
    "Title": "Magento 2 Community Edition Information Disclosure",
    "Meta": {
        "Package": [
            "magento/community-edition([Composer](/advisories?query=ecosystem%3Acomposer))"
        ],
        "Affected versions": [
            ">= 2.1.0, < 2.1.18",
            ">= 2.2.0, < 2.2.9",
            ">= 2.3.0, < 2.3.2"
        ],
        "Patched versions": [
            "2.1.18",
            "2.2.9",
            "2.3.2"
        ]
    },
    "Description": "Names of disabled downloadable products could be disclosed due to inadequate\nvalidation of user input in Magento Open Source prior to 1.9.4.2, and Magento\nCommerce prior to 1.14.4.2, Magento 2.1 prior to 2.1.18, Magento 2.2 prior to\n2.2.9, Magento 2.3 prior to 2.3.2.\n\n### References\n\n  * <https://nvd.nist.gov/vuln/detail/CVE-2019-7899>\n  * <https://web.archive.org/web/20220121011306/https://magento.com/security/patches/magento-2.3.2-2.2.9-and-2.1.18-security-update-33>\n\n",
    "Severity": {
        "Score": "5.3/ 10 (Moderate)",
        "CVSS base metrics": {
            "Attack vector": "Network",
            "Attack complexity": "Low",
            "Privileges required": "None",
            "User interaction": "None",
            "Scope": "Unchanged",
            "Confidentiality": "Low",
            "Integrity": "None",
            "Availability": "None"
        },
        "CVSS string": "CVSS:3.0/AV:N/AC:L/PR:N/UI:N/S:U/C:L/I:N/A:N"
    },
    "Weaknesses": [
        "[CWE-20](/advisories?query=cwe%3A20)"
    ],
    "CVE ID": "CVE-2019-7899",
    "GHSA ID": "GHSA-274w-2j5w-m2xj",
    "Source code": "[magento/magento2](https://github.com/magento/magento2)"
}