{
    "Title": "Improper Neutralization of Input During Web Page Generation in Apache Axis2",
    "Meta": {
        "Package": [
            "org.apache.axis2.wso2:axis2([Maven](/advisories?query=ecosystem%3Amaven))"
        ],
        "Affected versions": [
            ">= 1.4.1, < 1.6.0"
        ],
        "Patched versions": [
            "1.6.0"
        ]
    },
    "Description": "Cross-site scripting (XSS) vulnerability in\naxis2-admin/axis2-admin/engagingglobally in the administration console in\nApache Axis2/Java 1.4.1, 1.5.1, and possibly other versions, as used in SAP\nBusiness Objects 12, 3com IMC, and possibly other products, allows remote\nattackers to inject arbitrary web script or HTML via the modules parameter.\nNOTE: some of these details are obtained from third party information.\n\n### References\n\n  * <https://nvd.nist.gov/vuln/detail/CVE-2010-2103>\n  * <https://exchange.xforce.ibmcloud.com/vulnerabilities/58790>\n  * <https://kb.juniper.net/KB27373>\n  * <http://osvdb.org/64844>\n  * <http://spl0it.org/files/talks/source_barcelona10/Hacking%20SAP%20BusinessObjects.pdf>\n  * <http://www.exploit-db.com/exploits/12689>\n  * <http://www.procheckup.com/vulnerability_manager/vulnerabilities/pr10-03>\n\n",
    "Severity": {
        "Score": "(Moderate)"
    },
    "Weaknesses": [
        "[CWE-79](/advisories?query=cwe%3A79)"
    ],
    "CVE ID": "CVE-2010-2103",
    "GHSA ID": "GHSA-23x8-j7hm-5xwf",
    "Source code": "No known source code"
}