{
    "Title": "phpMyFAQ Stored Cross-site Scripting vulnerability",
    "Meta": {
        "Package": [
            "thorsten/phpmyfaq([Composer](/advisories?query=ecosystem%3Acomposer))"
        ],
        "Affected versions": [
            "< 3.1.10"
        ],
        "Patched versions": [
            "3.1.10"
        ]
    },
    "Description": "Cross-site Scripting (XSS) - Stored in GitHub repository thorsten/phpmyfaq\nprior to 3.1.10.\n\n### References\n\n  * <https://nvd.nist.gov/vuln/detail/CVE-2023-0309>\n  * [thorsten/phpMyFAQ@`376d1d3`](https://github.com/thorsten/phpMyFAQ/commit/376d1d3e5a42edf07260e98461d2fddbee74419b)\n  * <https://huntr.dev/bounties/c03c5925-43ff-450d-9827-2b65a3307ed6>\n\n",
    "Severity": {
        "Score": "5.4/ 10 (Moderate)",
        "CVSS base metrics": {
            "Attack vector": "Network",
            "Attack complexity": "Low",
            "Privileges required": "Low",
            "User interaction": "Required",
            "Scope": "Changed",
            "Confidentiality": "Low",
            "Integrity": "Low",
            "Availability": "None"
        },
        "CVSS string": "CVSS:3.1/AV:N/AC:L/PR:L/UI:R/S:C/C:L/I:L/A:N"
    },
    "Weaknesses": [
        "[CWE-79](/advisories?query=cwe%3A79)"
    ],
    "CVE ID": "CVE-2023-0309",
    "GHSA ID": "GHSA-25c3-7fvj-v45j",
    "Source code": "[thorsten/phpmyfaq](https://github.com/thorsten/phpmyfaq)"
}