{
    "Title": "Cross Site Scripting (XSS) in plotly.js",
    "Meta": {
        "Package": [
            "plotly.js([npm](/advisories?query=ecosystem%3Anpm))"
        ],
        "Affected versions": [
            "< 1.16.0"
        ],
        "Patched versions": [
            "1.16.0"
        ]
    },
    "Description": "Affected versions of `plotly.js` are vulnerable to cross-site scripting if an\nattacker can convince a user to visit a malicious plot on a site using this\npackage.\n\n## Recommendation\n\nUpdate to 1.16.0 or later.\n\n### References\n\n  * <https://nvd.nist.gov/vuln/detail/CVE-2017-1000006>\n  * <https://acloudtree.com/2016-08-09-how-i-hacked-plotly-by-exploiting-a-svg-vulnerability-in-plotlyjs/>\n  * [GHSA-2fqv-h3r5-m4vf](https://github.com/advisories/GHSA-2fqv-h3r5-m4vf \"GHSA-2fqv-h3r5-m4vf\")\n  * <https://www.npmjs.com/advisories/145>\n  * <http://help.plot.ly/security-advisories/2016-08-08-plotlyjs-xss-advisory/>\n\n",
    "Severity": {
        "Score": "6.1/ 10 (Moderate)",
        "CVSS base metrics": {
            "Attack vector": "Network",
            "Attack complexity": "Low",
            "Privileges required": "None",
            "User interaction": "Required",
            "Scope": "Changed",
            "Confidentiality": "Low",
            "Integrity": "Low",
            "Availability": "None"
        },
        "CVSS string": "CVSS:3.0/AV:N/AC:L/PR:N/UI:R/S:C/C:L/I:L/A:N"
    },
    "Weaknesses": [
        "[CWE-79](/advisories?query=cwe%3A79)"
    ],
    "CVE ID": "CVE-2017-1000006",
    "GHSA ID": "GHSA-2fqv-h3r5-m4vf",
    "Source code": "No known source code"
}