{
    "Title": "Moodle XSS Vulnerability",
    "Meta": {
        "Package": [
            "moodle/moodle([Composer](/advisories?query=ecosystem%3Acomposer))"
        ],
        "Affected versions": [
            "<= 2.6.11",
            ">= 2.7, < 2.7.11",
            ">= 2.8, < 2.8.9",
            ">= 2.9, < 2.9.3"
        ],
        "Patched versions": [
            "2.7.11",
            "2.8.9",
            "2.9.3"
        ]
    },
    "Description": "Moodle through 2.6.11, 2.7.x before 2.7.11, 2.8.x before 2.8.9, and 2.9.x\nbefore 2.9.3 does not properly restrict the availability of Flowplayer, which\nallows remote attackers to conduct cross-site scripting (XSS) attacks via a\ncrafted .swf file.\n\n### References\n\n  * <https://nvd.nist.gov/vuln/detail/CVE-2015-5337>\n  * <https://moodle.org/mod/forum/discuss.php?d=323232>\n  * [http://git.moodle.org/gw?p=moodle.git&a=search&h=HEAD&st=commit&s=MDL-48085](http://git.moodle.org/gw?p=moodle.git&a=search&h=HEAD&st=commit&s=MDL-48085)\n  * [moodle/moodle@`c73f6d0`](https://github.com/moodle/moodle/commit/c73f6d03e5037729097bb9f5f5a55be15f3cab18)\n\n",
    "Severity": {
        "Score": "6.1/ 10 (Moderate)",
        "CVSS base metrics": {
            "Attack vector": "Network",
            "Attack complexity": "Low",
            "Privileges required": "None",
            "User interaction": "Required",
            "Scope": "Changed",
            "Confidentiality": "Low",
            "Integrity": "Low",
            "Availability": "None"
        },
        "CVSS string": "CVSS:3.0/AV:N/AC:L/PR:N/UI:R/S:C/C:L/I:L/A:N"
    },
    "Weaknesses": [
        "[CWE-79](/advisories?query=cwe%3A79)"
    ],
    "CVE ID": "CVE-2015-5337",
    "GHSA ID": "GHSA-2hw6-6rgf-726v",
    "Source code": "No known source code"
}