{
    "Title": "Jenkins VS Team Services Continuous Deployment Plugin stores credentials in plain text",
    "Meta": {
        "Package": [
            "org.jenkins-ci.plugins:vsts-cd([Maven](/advisories?query=ecosystem%3Amaven))"
        ],
        "Affected versions": [
            "<= 1.3"
        ],
        "Patched versions": [
            "None"
        ]
    },
    "Description": "Jenkins VS Team Services Continuous Deployment Plugin stores credentials\nunencrypted in job `config.xml` files on the Jenkins controller. These\ncredentials can be viewed by users with Extended Read permission, or access to\nthe Jenkins controller file system.\n\n### References\n\n  * <https://nvd.nist.gov/vuln/detail/CVE-2019-1003073>\n  * <https://jenkins.io/security/advisory/2019-04-03/#SECURITY-962>\n  * <http://www.openwall.com/lists/oss-security/2019/04/12/2>\n  * <https://web.archive.org/web/20200227082017/http://www.securityfocus.com/bid/107790>\n\n",
    "Severity": {
        "Score": "4.3/ 10 (Moderate)",
        "CVSS base metrics": {
            "Attack vector": "Network",
            "Attack complexity": "Low",
            "Privileges required": "Low",
            "User interaction": "None",
            "Scope": "Unchanged",
            "Confidentiality": "Low",
            "Integrity": "None",
            "Availability": "None"
        },
        "CVSS string": "CVSS:3.0/AV:N/AC:L/PR:L/UI:N/S:U/C:L/I:N/A:N"
    },
    "Weaknesses": [
        "[CWE-311](/advisories?query=cwe%3A311)"
    ],
    "CVE ID": "CVE-2019-1003073",
    "GHSA ID": "GHSA-29gq-h27w-54qf",
    "Source code": "No known source code"
}