{
    "Title": "Apache Ranger Access Restriction Bypass",
    "Meta": {
        "Package": [
            "org.apache.ranger:ranger([Maven](/advisories?query=ecosystem%3Amaven))"
        ],
        "Affected versions": [
            ">= 0.5.0, < 0.5.2"
        ],
        "Patched versions": [
            "0.5.2"
        ]
    },
    "Description": "Apache Ranger 0.5.x before 0.5.2 allows remote authenticated users to bypass\nintended parent resource-level access restrictions by leveraging mishandling\nof a resource-level exclude policy.\n\n### References\n\n  * <https://nvd.nist.gov/vuln/detail/CVE-2016-0735>\n  * <http://mail-archives.apache.org/mod_mbox/ranger-dev/201603.mbox/%3CD31EE434.14B879%25vel%40apache.org%3E>\n\n",
    "Severity": {
        "Score": "8.8/ 10 (High)",
        "CVSS base metrics": {
            "Attack vector": "Network",
            "Attack complexity": "Low",
            "Privileges required": "Low",
            "User interaction": "None",
            "Scope": "Unchanged",
            "Confidentiality": "High",
            "Integrity": "High",
            "Availability": "High"
        },
        "CVSS string": "CVSS:3.0/AV:N/AC:L/PR:L/UI:N/S:U/C:H/I:H/A:H"
    },
    "Weaknesses": [],
    "CVE ID": "CVE-2016-0735",
    "GHSA ID": "GHSA-22v7-w6c5-v4rr",
    "Source code": "[apache/ranger](https://github.com/apache/ranger)"
}