{
    "Title": "actionpack vulnerable to Path Traversal",
    "Meta": {
        "Package": [
            "actionpack([RubyGems](/advisories?query=ecosystem%3Arubygems))"
        ],
        "Affected versions": [
            ">= 3.0.0, < 3.2.20",
            ">= 4.0.0, < 4.0.11",
            ">= 4.1.0, < 4.1.7",
            ">= 4.2.0.beta1, < 4.2.0.beta3"
        ],
        "Patched versions": [
            "3.2.20",
            "4.0.11",
            "4.1.7",
            "4.2.0.beta3"
        ]
    },
    "Description": "Directory traversal vulnerability in\n`actionpack/lib/action_dispatch/middleware/static.rb` in Action Pack in Ruby\non Rails 3.x before 3.2.20, 4.0.x before 4.0.11, 4.1.x before 4.1.7, and 4.2.x\nbefore 4.2.0.beta3, when `serve_static_assets` is enabled, allows remote\nattackers to determine the existence of files outside the application root via\na `/..%2F` sequence.\n\n### References\n\n  * <https://nvd.nist.gov/vuln/detail/CVE-2014-7818>\n  * [GHSA-29gr-w57f-rpfw](https://github.com/advisories/GHSA-29gr-w57f-rpfw \"GHSA-29gr-w57f-rpfw\")\n  * <https://groups.google.com/forum/message/raw?msg=rubyonrails-security/dCp7duBiQgo/v_R_8PFs5IwJ>\n  * <https://puppet.com/security/cve/cve-2014-7829>\n  * <http://lists.opensuse.org/opensuse-updates/2014-11/msg00112.html>\n  * <https://github.com/rubysec/ruby-advisory-db/blob/master/gems/actionpack/CVE-2014-7818.yml>\n  * <https://groups.google.com/forum/#!topic/rubyonrails-security/dCp7duBiQgo>\n\n",
    "Severity": {
        "Score": "(Moderate)"
    },
    "Weaknesses": [
        "[CWE-22](/advisories?query=cwe%3A22)"
    ],
    "CVE ID": "CVE-2014-7818",
    "GHSA ID": "GHSA-29gr-w57f-rpfw",
    "Source code": "No known source code"
}