{
    "Title": "Improper Input Validation in Apache ActiveMQ",
    "Meta": {
        "Package": [
            "org.apache.activemq:activemq-client([Maven](/advisories?query=ecosystem%3Amaven))"
        ],
        "Affected versions": [
            ">= 5.0.0, <= 5.10.1"
        ],
        "Patched versions": [
            "5.10.2"
        ]
    },
    "Description": "The LDAPLoginModule implementation in the Java Authentication and\nAuthorization Service (JAAS) in Apache ActiveMQ 5.x before 5.10.1 allows\nwildcard operators in usernames, which allows remote attackers to obtain\ncredentials via a brute force attack. NOTE: this identifier was SPLIT from\n[CVE-2014-3612](https://github.com/advisories/GHSA-72m6-23ff-7q26\n\"CVE-2014-3612\") per ADT2 due to different vulnerability types.\n\n### References\n\n  * <https://nvd.nist.gov/vuln/detail/CVE-2015-6524>\n  * <http://activemq.apache.org/security-advisories.data/CVE-2014-3612-announcement.txt>\n  * <http://lists.fedoraproject.org/pipermail/package-announce/2015-October/168094.html>\n  * <http://lists.fedoraproject.org/pipermail/package-announce/2015-October/168651.html>\n\n",
    "Severity": {
        "Score": "(Moderate)"
    },
    "Weaknesses": [
        "[CWE-20](/advisories?query=cwe%3A20)"
    ],
    "CVE ID": "CVE-2015-6524",
    "GHSA ID": "GHSA-23cr-5hr4-rgwv",
    "Source code": "No known source code"
}