{
    "Title": "Reading on uninitialized buffer may cause UB ( `gfx_auxil::read_spirv()` )",
    "Meta": {
        "Package": [
            "gfx-auxil([Rust](/advisories?query=ecosystem%3Arust))"
        ],
        "Affected versions": [
            "<= 0.10.0"
        ],
        "Patched versions": [
            "None"
        ]
    },
    "Description": "Affected versions of this crate passes an uninitialized buffer to a user-\nprovided `Read` implementation.  \nArbitrary `Read` implementations can read from the uninitialized buffer\n(memory exposure) and also can return incorrect number of bytes written to the\nbuffer.  \nReading from uninitialized memory produces undefined values that can quickly\ninvoke undefined behavior.\n\n### References\n\n  * [gfx-rs/gfx#3567](https://github.com/gfx-rs/gfx/issues/3567)\n  * <https://rustsec.org/advisories/RUSTSEC-2021-0091.html>\n\n",
    "Severity": {
        "Score": "(High)"
    },
    "Weaknesses": [],
    "CVE ID": "No known CVE",
    "GHSA ID": "GHSA-28p5-7rg4-8v99",
    "Source code": "[gfx-rs/gfx](https://github.com/gfx-rs/gfx)"
}