{
    "Title": "Malicious Package in requestt",
    "Meta": {
        "Package": [
            "requestt([npm](/advisories?query=ecosystem%3Anpm))"
        ],
        "Affected versions": [
            ">= 0"
        ],
        "Patched versions": [
            "None"
        ]
    },
    "Description": "All versions of `requestt` typosquatted a popular package of similar name and\ntracked users who had installed the incorrect package. The package uploaded\ninformation to a remote server including: name of the downloaded package, name\nof the intended package, the Node version and whether the process was running\nas sudo. There is no further compromise.\n\n## Recommendation\n\nRemove the package from your dependencies and always ensure package names are\ntyped correctly upon installation.\n\n### References\n\n  * <https://www.npmjs.com/advisories/856>\n\n",
    "Severity": {
        "Score": "9.8/ 10 (Critical)",
        "CVSS base metrics": {
            "Attack vector": "Network",
            "Attack complexity": "Low",
            "Privileges required": "None",
            "User interaction": "None",
            "Scope": "Unchanged",
            "Confidentiality": "High",
            "Integrity": "High",
            "Availability": "High"
        },
        "CVSS string": "CVSS:3.1/AV:N/AC:L/PR:N/UI:N/S:U/C:H/I:H/A:H"
    },
    "Weaknesses": [
        "[CWE-506](/advisories?query=cwe%3A506)"
    ],
    "CVE ID": "No known CVE",
    "GHSA ID": "GHSA-2563-83p7-f34p",
    "Source code": "No known source code"
}