{
    "Title": "apollo-server-core vulnerable to URL-based XSS attack affecting IE11 on default landing page",
    "Meta": {
        "Package": [
            "apollo-server-core([npm](/advisories?query=ecosystem%3Anpm))"
        ],
        "Affected versions": [
            ">= 3.0.0, < 3.10.1"
        ],
        "Patched versions": [
            "3.10.1"
        ]
    },
    "Description": "### Impact\n\nThe default landing page contained HTML to display a sample `curl` command\nwhich is made visible if the full landing page bundle could not be fetched\nfrom Apollo's CDN. The server's URL is directly interpolated into this command\ninside the browser from `window.location.href`. On some older browsers such as\nIE11, this value is not URI-encoded. On such browsers, opening a malicious URL\npointing at an Apollo Router could cause execution of attacker-controlled\nJavaScript.\n\nThis only affects Apollo Server with the [default landing\npage](https://www.apollographql.com/docs/apollo-server/api/plugin/landing-\npages/) enabled. Old browsers visiting your server may be affected if ANY of\nthese apply:\n\n  * You do not pass any landing page plugin to the `plugins` option of `new ApolloServer`.\n  * You pass `ApolloServerPluginLandingPageLocalDefault()` or `ApolloServerPluginLandingPageProductionDefault()` to the `plugins` option of `new ApolloServer`.\n\nBrowsers visiting your server are NOT affected if ANY of these apply:\n\n  * You pass `ApolloServerPluginLandingPageDisabled()` to the `plugins` option of `new ApolloServer`.\n  * You pass `ApolloServerPluginLandingPageGraphQLPlayground()` to the `plugins` option of `new ApolloServer`.\n  * You pass a custom plugin implementing the `renderLandingPage` hook to the `plugins` option of `new ApolloServer`.\n\nThis issue was introduced in v3.0.0 when the landing page feature was added.\n\n### Patches\n\nTo avoid this, the sample `curl` command has been removed in release 3.10.1.\n\n### Workarounds\n\nDisabling the landing page removes the possibility of exploit:\n\n    \n    \n    import { ApolloServerPluginLandingPageDisabled } from 'apollo-server-core';\n    \n    new ApolloServer({\n      plugins: [ApolloServerPluginLandingPageDisabled()],\n      // ...\n    });\n\n### See also\n\nA similar issue exists in the landing page of Apollo Router. See the\ncorresponding [Apollo Router security\nadvisory](https://github.com/apollographql/router/security/advisories/GHSA-p5q6-hhww-f999).\n\n### For more information\n\nIf you have any questions or comments about this advisory:\n\n  * Open an issue in [the Apollo Server repository](https://github.com/apollographql/apollo-server/)\n  * Email us at [security@apollographql.com](mailto:security@apollographql.com)\n\n### Credits\n\nThis issue was discovered by Adrian Denkiewicz of\n[Doyensec](https://doyensec.com/research.html).\n\n### References\n\n  * [GHSA-2fvv-qxrq-7jq6](https://github.com/apollographql/apollo-server/security/advisories/GHSA-2fvv-qxrq-7jq6 \"GHSA-2fvv-qxrq-7jq6\")\n  * [apollographql/apollo-server@`68a439b`](https://github.com/apollographql/apollo-server/commit/68a439b6e3af9edc8a2480092f2d49f058be1e64)\n\n",
    "Severity": {
        "Score": "(Moderate)"
    },
    "Weaknesses": [
        "[CWE-79](/advisories?query=cwe%3A79)"
    ],
    "CVE ID": "No known CVE",
    "GHSA ID": "GHSA-2fvv-qxrq-7jq6",
    "Source code": "[apollographql/apollo-server](https://github.com/apollographql/apollo-server)"
}