{
    "Title": "Apache Any23 vulnerable to excessive memory usage",
    "Meta": {
        "Package": [
            "org.apache.any23:apache-any23([Maven](/advisories?query=ecosystem%3Amaven))"
        ],
        "Affected versions": [
            "<= 2.7"
        ],
        "Patched versions": [
            "None"
        ]
    },
    "Description": "Use of TikaEncodingDetector in Apache Any23 can cause excessive memory usage.\n\n### References\n\n  * <https://nvd.nist.gov/vuln/detail/CVE-2023-34150>\n  * <https://lists.apache.org/thread/713tk23khbtbg940pb2ql8ggd4cvh6j1>\n\n",
    "Severity": {
        "Score": "6.5/ 10 (Moderate)",
        "CVSS base metrics": {
            "Attack vector": "Network",
            "Attack complexity": "Low",
            "Privileges required": "None",
            "User interaction": "None",
            "Scope": "Unchanged",
            "Confidentiality": "None",
            "Integrity": "Low",
            "Availability": "Low"
        },
        "CVSS string": "CVSS:3.1/AV:N/AC:L/PR:N/UI:N/S:U/C:N/I:L/A:L"
    },
    "Weaknesses": [
        "[CWE-20](/advisories?query=cwe%3A20)",
        "[CWE-400](/advisories?query=cwe%3A400)"
    ],
    "CVE ID": "CVE-2023-34150",
    "GHSA ID": "GHSA-2gpr-j5vj-wvh2",
    "Source code": "[apache/any23](https://github.com/apache/any23)"
}