{
    "Title": "`std::abort` raised from `TensorListReserve`",
    "Meta": {
        "Package": [
            "tensorflow([pip](/advisories?query=ecosystem%3Apip))"
        ],
        "Affected versions": [
            "< 2.3.4",
            ">= 2.4.0, < 2.4.3",
            "= 2.5.0"
        ],
        "Patched versions": [
            "2.3.4",
            "2.4.3",
            "2.5.1"
        ]
    },
    "Description": "### Impact\n\nProviding a negative element to `num_elements` list argument of\n`tf.raw_ops.TensorListReserve` causes the runtime to abort the process due to\nreallocating a `std::vector` to have a negative number of elements:\n\n    \n    \n    import tensorflow as tf\n    \n    tf.raw_ops.TensorListReserve(\n      element_shape = tf.constant([1]),\n      num_elements=tf.constant([-1]),\n      element_dtype = tf.int32)\n\nThe\n[implementation](https://github.com/tensorflow/tensorflow/blob/8d72537c6abf5a44103b57b9c2e22c14f5f49698/tensorflow/core/kernels/list_kernels.cc#L312)\ncalls `std::vector.resize()` with the new size controlled by input given by\nthe user, without checking that this input is valid.\n\n### Patches\n\nWe have patched the issue in GitHub commit\n[8a6e874437670045e6c7dc6154c7412b4a2135e2](https://github.com/tensorflow/tensorflow/commit/8a6e874437670045e6c7dc6154c7412b4a2135e2).\n\nThe fix will be included in TensorFlow 2.6.0. We will also cherrypick this\ncommit on TensorFlow 2.5.1, TensorFlow 2.4.3, and TensorFlow 2.3.4, as these\nare also affected and still in supported range.\n\n### For more information\n\nPlease consult [our security\nguide](https://github.com/tensorflow/tensorflow/blob/master/SECURITY.md) for\nmore information regarding the security model and how to contact us with\nissues and questions.\n\n### Attribution\n\nThis vulnerability has been reported by members of the Aivul Team from Qihoo\n360.\n\n### References\n\n  * [GHSA-27j5-4p9v-pp67](https://github.com/tensorflow/tensorflow/security/advisories/GHSA-27j5-4p9v-pp67 \"GHSA-27j5-4p9v-pp67\")\n  * <https://nvd.nist.gov/vuln/detail/CVE-2021-37644>\n  * [tensorflow/tensorflow@`8a6e874`](https://github.com/tensorflow/tensorflow/commit/8a6e874437670045e6c7dc6154c7412b4a2135e2)\n\n",
    "Severity": {
        "Score": "5.5/ 10 (Moderate)",
        "CVSS base metrics": {
            "Attack vector": "Local",
            "Attack complexity": "Low",
            "Privileges required": "Low",
            "User interaction": "None",
            "Scope": "Unchanged",
            "Confidentiality": "None",
            "Integrity": "None",
            "Availability": "High"
        },
        "CVSS string": "CVSS:3.1/AV:L/AC:L/PR:L/UI:N/S:U/C:N/I:N/A:H"
    },
    "Weaknesses": [
        "[CWE-617](/advisories?query=cwe%3A617)"
    ],
    "CVE ID": "CVE-2021-37644",
    "GHSA ID": "GHSA-27j5-4p9v-pp67",
    "Source code": "No known source code"
}