{
    "Title": "Kubernetes vulnerable to path traversal",
    "Meta": {
        "Package": [
            "github.com/kubernetes/kubernetes([Go](/advisories?query=ecosystem%3Ago))"
        ],
        "Affected versions": [
            ">= 1.25.0, < 1.25.3",
            ">= 1.24.0, < 1.24.8",
            ">= 1.23.0, < 1.23.14",
            ">= 1.22.0, < 1.22.16"
        ],
        "Patched versions": [
            "1.25.4",
            "1.24.8",
            "1.23.14",
            "1.22.16"
        ]
    },
    "Description": "Users authorized to list or watch one type of namespaced custom resource\ncluster-wide can read custom resources of a different type in the same API\ngroup without authorization. Clusters are impacted by this vulnerability if\nall of the following are true: 1. There are 2+ CustomResourceDefinitions\nsharing the same API group 2. Users have cluster-wide list or watch\nauthorization on one of those custom resources. 3. The same users are not\nauthorized to read another custom resource in the same API group.\n\n### References\n\n  * <https://nvd.nist.gov/vuln/detail/CVE-2022-3162>\n  * [kubernetes/kubernetes#113756](https://github.com/kubernetes/kubernetes/issues/113756)\n  * <https://groups.google.com/g/kubernetes-security-announce/c/iUd550j7kjA>\n  * <https://security.netapp.com/advisory/ntap-20230511-0004/>\n\n",
    "Severity": {
        "Score": "6.5/ 10 (Moderate)",
        "CVSS base metrics": {
            "Attack vector": "Network",
            "Attack complexity": "Low",
            "Privileges required": "Low",
            "User interaction": "None",
            "Scope": "Unchanged",
            "Confidentiality": "High",
            "Integrity": "None",
            "Availability": "None"
        },
        "CVSS string": "CVSS:3.1/AV:N/AC:L/PR:L/UI:N/S:U/C:H/I:N/A:N"
    },
    "Weaknesses": [
        "[CWE-22](/advisories?query=cwe%3A22)",
        "[CWE-23](/advisories?query=cwe%3A23)"
    ],
    "CVE ID": "CVE-2022-3162",
    "GHSA ID": "GHSA-2394-5535-8j88",
    "Source code": "[kubernetes/kubernetes](https://github.com/kubernetes/kubernetes)"
}