{
    "Title": "@npmcli/arborist vulnerable to UNIX Symbolic Link (Symlink) Following",
    "Meta": {
        "Package": [
            "@npmcli/arborist([npm](/advisories?query=ecosystem%3Anpm))"
        ],
        "Affected versions": [
            "< 2.8.2"
        ],
        "Patched versions": [
            "2.8.2"
        ]
    },
    "Description": "### Impact\n\nArbitrary File Creation, Arbitrary File Overwrite, Arbitrary Code Execution\n\n`@npmcli/arborist`, the library that calculates dependency trees and manages\nthe `node_modules` folder hierarchy for the npm command line interface, aims\nto guarantee that package dependency contracts will be met, and the extraction\nof package contents will always be performed into the expected folder.\n\nThis is, in part, accomplished by resolving dependency specifiers defined in\n`package.json` manifests for dependencies with a specific name, and nesting\nfolders to resolve conflicting dependencies.\n\nWhen multiple dependencies differ only in the case of their name, Arborist's\ninternal data structure saw them as separate items that could coexist within\nthe same level in the `node_modules` hierarchy. However, on case-insensitive\nfile systems (such as macOS and Windows), this is not the case. Combined with\na symlink dependency such as `file:/some/path`, this allowed an attacker to\ncreate a situation in which arbitrary contents could be written to any\nlocation on the filesystem.\n\nFor example, a package `pwn-a` could define a dependency in their\n`package.json` file such as `\"foo\": \"file:/some/path\"`. Another package,\n`pwn-b` could define a dependency such as `FOO: \"file:foo.tgz\"`. On case-\ninsensitive file systems, if `pwn-a` was installed, and then `pwn-b` was\ninstalled afterwards, the contents of `foo.tgz` would be written to\n`/some/path`, and any existing contents of `/some/path` would be removed.\n\nAnyone using npm v7.20.6 or earlier on a case-insensitive filesystem is\npotentially affected.\n\n### Patches\n\n2.8.2 (included in npm v7.20.7 and above)\n\n### Fix and Caveats\n\nThere are two parts to the fix:\n\n  1. Immediately prior to extraction, if the target folder is not a directory, it is moved aside. (If the installation fails, filesystem entries moved aside in this manner are moved back as part of the rollback process.)\n  2. The `children` map that represents child nodes in the tree is replaced with a case-insensitive map object, such that `node.children.get('foo')` and `node.children.get('FOO')` will return the same object, enabling Arborist to detect and handle this class of tree collision.\n\nThis second item imposes a caveat on case _sensitive_ filesystems where two\npackages with names which differ only in case may already exist at the same\nlevel in the tree, causing unpredictable behavior in this rare edge case. Note\nthat in such cases, the `package-lock.json` already creates a situation which\nis hazardous to use on case-sensitive filesystems, and will likely lead to\nother problems.\n\nIf affected by this caveat, please run `npm update` to rebuild your tree and\ngenerate a new `package-lock.json` file.\n\n### References\n\n  * [GHSA-2h3h-q99f-3fhc](https://github.com/npm/arborist/security/advisories/GHSA-2h3h-q99f-3fhc \"GHSA-2h3h-q99f-3fhc\")\n  * <https://www.npmjs.com/package/@npmcli/arborist>\n  * <https://nvd.nist.gov/vuln/detail/CVE-2021-39134>\n  * <https://www.oracle.com/security-alerts/cpuoct2021.html>\n  * <https://cert-portal.siemens.com/productcert/pdf/ssa-389290.pdf>\n\n",
    "Severity": {
        "Score": "8.2/ 10 (High)",
        "CVSS base metrics": {
            "Attack vector": "Local",
            "Attack complexity": "Low",
            "Privileges required": "None",
            "User interaction": "Required",
            "Scope": "Changed",
            "Confidentiality": "High",
            "Integrity": "High",
            "Availability": "None"
        },
        "CVSS string": "CVSS:3.1/AV:L/AC:L/PR:N/UI:R/S:C/C:H/I:H/A:N"
    },
    "Weaknesses": [
        "[CWE-59](/advisories?query=cwe%3A59)",
        "[CWE-61](/advisories?query=cwe%3A61)",
        "[CWE-178](/advisories?query=cwe%3A178)"
    ],
    "CVE ID": "CVE-2021-39134",
    "GHSA ID": "GHSA-2h3h-q99f-3fhc",
    "Source code": "[npm/arborist](https://github.com/npm/arborist)"
}