{
    "Title": "Low severity vulnerability that affects com.linecorp.armeria:armeria",
    "Meta": {
        "Package": [
            "com.linecorp.armeria:armeria([Maven](/advisories?query=ecosystem%3Amaven))"
        ],
        "Affected versions": [
            "< 0.97.0"
        ],
        "Patched versions": [
            "0.97.0"
        ]
    },
    "Description": "## Multiple timing attack vulnerabilities leading to the recovery of secrets\nbased on the use of non-constant time compare function\n\n### Impact\n\nString comparison method in multiple authentication validation in Armeria were\nknown to be vulnerable to timing attacks. This vulnerability is caused by the\ninsecure implementation of `equals` method from `java.lang.String`. While this\nattack is not practically possible, an attacker still has a potential to\nattack if the victim's server validates user by using `equals` method.\n\nWe would like to thank [@chrsow](https://github.com/chrsow) for pointing out\nthe issue.\n\n## Potentially vulnerable codes\n\n<https://github.com/line/armeria/blob/f0d870fde1088114070be31b67f7df0a21e835c6/core/src/main/java/com/linecorp/armeria/server/auth/OAuth2Token.java#L54>  \n<https://github.com/line/armeria/blob/f0d870fde1088114070be31b67f7df0a21e835c6/core/src/main/java/com/linecorp/armeria/server/auth/BasicToken.java#L64>\n\n### Patches\n\nThere are two options to patch this issue.\n\n  1. Remove `equals` method; it has been exclusively used for test cases and was never used in any OSS projects that are using Armeria. (But it is worth noting that there are possibilities of closed projects authenticating users by utilizing `equals` method)\n\n  2. Use `MessageDigest.isEqual` to compare the credential instead.\n\n### Workarounds\n\n  1. Update to the latest version (TBD)\n\n2-1. Users can prevent these vulnerabilities by modifying and implementing\ntiming attack preventions by themselves.\n\n2-2. Precisely speaking, it is possible to compare credentials by securely\ncomparing them after calling methods to directly return the input (namely\n`Object. accessToken()`, `Object.username()` and `Object.password()`).\n\n### References\n\n  * <https://cwe.mitre.org/data/definitions/208.html>\n  * <https://security.stackexchange.com/questions/111040/should-i-worry-about-remote-timing-attacks-on-string-comparison>\n\n### Side Note\n\nSince it is a theoretical attack, there is no PoC available from neither the\nvendor nor the security team.\n\n### References\n\n  * [GHSA-24r8-fm9r-cpj2](https://github.com/line/armeria/security/advisories/GHSA-24r8-fm9r-cpj2 \"GHSA-24r8-fm9r-cpj2\")\n  * <https://nvd.nist.gov/vuln/detail/CVE-2019-16771>\n  * [GHSA-24r8-fm9r-cpj2](https://github.com/advisories/GHSA-24r8-fm9r-cpj2 \"GHSA-24r8-fm9r-cpj2\")\n  * [GHSA-35fr-h7jr-hh86](https://github.com/line/armeria/security/advisories/GHSA-35fr-h7jr-hh86 \"GHSA-35fr-h7jr-hh86\")\n  * [line/armeria@`b597f7a`](https://github.com/line/armeria/commit/b597f7a865a527a84ee3d6937075cfbb4470ed20)\n\n",
    "Severity": {
        "Score": "(Low)"
    },
    "Weaknesses": [
        "[CWE-113](/advisories?query=cwe%3A113)"
    ],
    "CVE ID": "CVE-2019-16771",
    "GHSA ID": "GHSA-24r8-fm9r-cpj2",
    "Source code": "No known source code"
}