{
    "Title": "Missing permission checks in Jenkins XebiaLabs XL Release Plugin allow capturing credentials",
    "Meta": {
        "Package": [
            "com.xebialabs.ci:xlrelease-plugin([Maven](/advisories?query=ecosystem%3Amaven))"
        ],
        "Affected versions": [
            "< 22.0.1"
        ],
        "Patched versions": [
            "22.0.1"
        ]
    },
    "Description": "Missing permission checks in Jenkins XebiaLabs XL Release Plugin 22.0.0 and\nearlier allow attackers with Overall/Read permission to connect to an\nattacker-specified HTTP server using attacker-specified credentials IDs\nobtained through another method, capturing credentials stored in Jenkins.\nXebiaLabs XL Release Plugin 22.0.1 requires Overall/Administer permission for\nthe affected form validation methods.\n\n### References\n\n  * <https://nvd.nist.gov/vuln/detail/CVE-2022-34781>\n  * <https://www.jenkins.io/security/advisory/2022-06-30/#SECURITY-2773%20(2)>\n\n",
    "Severity": {
        "Score": "5.4/ 10 (Moderate)",
        "CVSS base metrics": {
            "Attack vector": "Network",
            "Attack complexity": "Low",
            "Privileges required": "Low",
            "User interaction": "None",
            "Scope": "Unchanged",
            "Confidentiality": "Low",
            "Integrity": "Low",
            "Availability": "None"
        },
        "CVSS string": "CVSS:3.1/AV:N/AC:L/PR:L/UI:N/S:U/C:L/I:L/A:N"
    },
    "Weaknesses": [
        "[CWE-862](/advisories?query=cwe%3A862)"
    ],
    "CVE ID": "CVE-2022-34781",
    "GHSA ID": "GHSA-2588-cx6w-6vm6",
    "Source code": "[jenkinsci/xlrelease-plugin](https://github.com/jenkinsci/xlrelease-plugin)"
}