{
    "Title": "Duplicate Advisory: Incorrect Authorization in Gerapy",
    "Meta": {
        "Package": [
            "gerapy([pip](/advisories?query=ecosystem%3Apip))"
        ],
        "Affected versions": [
            "< 0.9.8"
        ],
        "Patched versions": [
            "0.9.8"
        ]
    },
    "Description": "## Duplicate Advisory\n\nThis advisory has been withdrawn because it is a duplicate of\n[GHSA-9w7f-m4j4-j3xw](https://github.com/advisories/GHSA-9w7f-m4j4-j3xw\n\"GHSA-9w7f-m4j4-j3xw\"). This link is maintained to preserve external\nreferences.\n\n## Original Description\n\nAn Access Control vunerabiity exists in Gerapy v 0.9.7 via the spider\nparameter in project_configure function.\n\n### References\n\n  * <https://nvd.nist.gov/vuln/detail/CVE-2021-44597>\n  * [Gerapy/Gerapy#219](https://github.com/Gerapy/Gerapy/issues/219)\n  * <https://github.com/Gerapy/Gerapy/releases/tag/v0.9.8>\n  * <https://github.com/pypa/advisory-database/tree/main/vulns/gerapy/PYSEC-2022-228.yaml>\n  * [Gerapy/Gerapy@`49bcb19`](https://github.com/Gerapy/Gerapy/commit/49bcb19be5e0320e7e1535f34fe00f16a3cf3b28)\n\n",
    "Severity": {
        "Score": "9.8/ 10 (Critical)",
        "CVSS base metrics": {
            "Attack vector": "Network",
            "Attack complexity": "Low",
            "Privileges required": "None",
            "User interaction": "None",
            "Scope": "Unchanged",
            "Confidentiality": "High",
            "Integrity": "High",
            "Availability": "High"
        },
        "CVSS string": "CVSS:3.1/AV:N/AC:L/PR:N/UI:N/S:U/C:H/I:H/A:H"
    },
    "Weaknesses": [
        "[CWE-863](/advisories?query=cwe%3A863)"
    ],
    "CVE ID": "CVE-2021-44597",
    "GHSA ID": "GHSA-29vr-79w7-p649",
    "Source code": "[Gerapy/Gerapy](https://github.com/Gerapy/Gerapy)"
}