{
    "Title": "Persistent XSS in shopping worlds",
    "Meta": {
        "Package": [
            "shopware/shopware([Composer](/advisories?query=ecosystem%3Acomposer))"
        ],
        "Affected versions": [
            "< 5.6.9"
        ],
        "Patched versions": [
            "5.6.9"
        ]
    },
    "Description": "### Impact\n\nPersistent XSS in shopping worlds\n\n### Patches\n\nWe recommend updating to the current version 5.6.9. You can get the update to\n5.6.9 regularly via the Auto-Updater or directly via the download overview.\n\nFor older versions you can use the Security Plugin:  \n<https://store.shopware.com/en/swag575294366635f/shopware-security-\nplugin.html>\n\n### References\n\n<https://docs.shopware.com/en/shopware-5-en/security-updates/security-\nupdate-11-2020>\n\n### References\n\n  * [GHSA-28fw-88hq-6jmm](https://github.com/shopware5/shopware/security/advisories/GHSA-28fw-88hq-6jmm \"GHSA-28fw-88hq-6jmm\")\n\n",
    "Severity": {
        "Score": "(Low)"
    },
    "Weaknesses": [
        "[CWE-79](/advisories?query=cwe%3A79)"
    ],
    "CVE ID": "No known CVE",
    "GHSA ID": "GHSA-28fw-88hq-6jmm",
    "Source code": "No known source code"
}