{
    "Title": "Improper Authentication in Apache Shiro",
    "Meta": {
        "Package": [
            "org.apache.shiro:shiro-core([Maven](/advisories?query=ecosystem%3Amaven))"
        ],
        "Affected versions": [
            "< 1.5.2"
        ],
        "Patched versions": [
            "1.5.2"
        ]
    },
    "Description": "Apache Shiro before 1.5.2, when using Apache Shiro with Spring dynamic\ncontrollers, a specially crafted request may cause an authentication bypass.\n\n### References\n\n  * <https://nvd.nist.gov/vuln/detail/CVE-2020-1957>\n  * <https://lists.apache.org/thread.html/r17f371fc89d34df2d0c8131473fbc68154290e1be238895648f5a1e6%40%3Cdev.shiro.apache.org%3E>\n  * <https://lists.apache.org/thread.html/r2d2612c034ab21a3a19d2132d47d3e4aa70105008dd58af62b653040@%3Ccommits.shiro.apache.org%3E>\n  * <https://lists.apache.org/thread.html/rab1972d6b177f7b5c3dde9cfb0a40f03bca75f0eaf1d8311e5762cb3@%3Ccommits.shiro.apache.org%3E>\n  * <https://lists.apache.org/thread.html/rb3982edf8bc8fcaa7a308e25a12d294fb4aac1f1e9d4e14fda639e77@%3Cdev.geode.apache.org%3E>\n  * <https://lists.apache.org/thread.html/rc64fb2336683feff3580c3c3a8b28e80525077621089641f2f386b63@%3Ccommits.camel.apache.org%3E>\n  * <https://lists.apache.org/thread.html/rc8b39ea8b3ef71ddc1cd74ffc866546182683c8adecf19c263fe7ac0@%3Ccommits.shiro.apache.org%3E>\n  * <https://lists.debian.org/debian-lts-announce/2020/04/msg00014.html>\n\n",
    "Severity": {
        "Score": "9.8/ 10 (Critical)",
        "CVSS base metrics": {
            "Attack vector": "Network",
            "Attack complexity": "Low",
            "Privileges required": "None",
            "User interaction": "None",
            "Scope": "Unchanged",
            "Confidentiality": "High",
            "Integrity": "High",
            "Availability": "High"
        },
        "CVSS string": "CVSS:3.1/AV:N/AC:L/PR:N/UI:N/S:U/C:H/I:H/A:H"
    },
    "Weaknesses": [
        "[CWE-287](/advisories?query=cwe%3A287)"
    ],
    "CVE ID": "CVE-2020-1957",
    "GHSA ID": "GHSA-26gr-cvq3-qxgf",
    "Source code": "[apache/shiro](https://github.com/apache/shiro)"
}