{
    "Title": "Apache Ivy External Entity Reference vulnerability",
    "Meta": {
        "Package": [
            "org.apache.ivy:ivy([Maven](/advisories?query=ecosystem%3Amaven))"
        ],
        "Affected versions": [
            "< 2.5.2"
        ],
        "Patched versions": [
            "2.5.2"
        ]
    },
    "Description": "Improper Restriction of XML External Entity Reference, XML Injection (aka\nBlind XPath Injection) vulnerability in Apache Software Foundation Apache\nIvy.This issue affects any version of Apache Ivy prior to 2.5.2.\n\nWhen Apache Ivy prior to 2.5.2 parses XML files - either its own\nconfiguration, Ivy files or Apache Maven POMs - it will allow downloading\nexternal document type definitions and expand any entity references contained\ntherein when used.\n\nThis can be used to exfiltrate data, access resources only the machine running\nIvy has access to or disturb the execution of Ivy in different ways.\n\nStarting with Ivy 2.5.2 DTD processing is disabled by default except when\nparsing Maven POMs where the default is to allow DTD processing but only to\ninclude a DTD snippet shipping with Ivy that is needed to deal with existing\nMaven POMs that are not valid XML files but are nevertheless accepted by\nMaven. Access can be be made more lenient via newly introduced system\nproperties where needed.\n\nUsers of Ivy prior to version 2.5.2 can use Java system properties to restrict\nprocessing of external DTDs, see the section about \"JAXP Properties for\nExternal Access restrictions\" inside Oracle's \"Java API for XML Processing\n(JAXP) Security Guide\".\n\n### References\n\n  * <https://nvd.nist.gov/vuln/detail/CVE-2022-46751>\n  * <https://docs.oracle.com/en/java/javase/13/security/java-api-xml-processing-jaxp-security-guide.html#GUID-94ABC0EE-9DC8-44F0-84AD-47ADD5340477>\n  * <https://gitbox.apache.org/repos/asf?p=ant-ivy.git;a=commit;h=2be17bc18b0e1d4123007d579e43ba1a4b6fab3d>\n  * <https://lists.apache.org/thread/1dj60hg5nr36kjr4p1100dwjrqookps8>\n  * <https://lists.apache.org/thread/9gcz4xrsn8c7o9gb377xfzvkb8jltffr>\n  * [apache/ant-ivy@`2be17bc`](https://github.com/apache/ant-ivy/commit/2be17bc18b0e1d4123007d579e43ba1a4b6fab3d)\n  * <http://www.openwall.com/lists/oss-security/2023/09/06/9>\n\n",
    "Severity": {
        "Score": "8.2/ 10 (High)",
        "CVSS base metrics": {
            "Attack vector": "Network",
            "Attack complexity": "Low",
            "Privileges required": "None",
            "User interaction": "None",
            "Scope": "Unchanged",
            "Confidentiality": "High",
            "Integrity": "None",
            "Availability": "Low"
        },
        "CVSS string": "CVSS:3.1/AV:N/AC:L/PR:N/UI:N/S:U/C:H/I:N/A:L"
    },
    "Weaknesses": [
        "[CWE-611](/advisories?query=cwe%3A611)"
    ],
    "CVE ID": "CVE-2022-46751",
    "GHSA ID": "GHSA-2jc4-r94c-rp7h",
    "Source code": "[apache/ant-ivy](https://github.com/apache/ant-ivy)"
}