{
    "Title": "Cross-site Scripting in Beanstalk console",
    "Meta": {
        "Package": [
            "ptrofimov/beanstalk_console([Composer](/advisories?query=ecosystem%3Acomposer))"
        ],
        "Affected versions": [
            "< 1.7.14"
        ],
        "Patched versions": [
            "1.7.14"
        ]
    },
    "Description": "Beanstalk console (ptrofimov/beanstalk_console) prior to 1.7.14 is vulnerable\nto cross-site scripting.\n\n### References\n\n  * <https://nvd.nist.gov/vuln/detail/CVE-2022-0539>\n  * [ptrofimov/beanstalk_console@`5aea5f9`](https://github.com/ptrofimov/beanstalk_console/commit/5aea5f912f6e6d19dedb1fdfc25a29a2e1fc1694)\n  * <https://huntr.dev/bounties/5f41b182-dda2-4c6f-9668-2a9afaed53af>\n\n",
    "Severity": {
        "Score": "6.3/ 10 (Moderate)",
        "CVSS base metrics": {
            "Attack vector": "Network",
            "Attack complexity": "Low",
            "Privileges required": "None",
            "User interaction": "Required",
            "Scope": "Unchanged",
            "Confidentiality": "Low",
            "Integrity": "Low",
            "Availability": "Low"
        },
        "CVSS string": "CVSS:3.0/AV:N/AC:L/PR:N/UI:R/S:U/C:L/I:L/A:L"
    },
    "Weaknesses": [
        "[CWE-79](/advisories?query=cwe%3A79)"
    ],
    "CVE ID": "CVE-2022-0539",
    "GHSA ID": "GHSA-2cjf-w7c4-fhf6",
    "Source code": "[ptrofimov/beanstalk_console](https://github.com/ptrofimov/beanstalk_console)"
}