{
    "Title": "asyncua Improper Authentication vulnerability",
    "Meta": {
        "Package": [
            "asyncua([pip](/advisories?query=ecosystem%3Apip))"
        ],
        "Affected versions": [
            "< 0.9.96"
        ],
        "Patched versions": [
            "0.9.96"
        ]
    },
    "Description": "Versions of the package asyncua before 0.9.96 are vulnerable to Improper\nAuthentication such that it is possible to access Address Space without\nencryption and authentication.\n\n**Note:**\n\nThis issue is a result of missing checks for services that require an active\nsession.\n\n### References\n\n  * <https://nvd.nist.gov/vuln/detail/CVE-2023-26150>\n  * [FreeOpcUa/opcua-asyncio#1014](https://github.com/FreeOpcUa/opcua-asyncio/issues/1014)\n  * [FreeOpcUa/opcua-asyncio#1015](https://github.com/FreeOpcUa/opcua-asyncio/pull/1015)\n  * [FreeOpcUa/opcua-asyncio@`2be7ce8`](https://github.com/FreeOpcUa/opcua-asyncio/commit/2be7ce80df05de8d6c6ae1ebce6fa2bb7147844a)\n  * [FreeOpcUa/opcua-asyncio@`b4106df`](https://github.com/FreeOpcUa/opcua-asyncio/commit/b4106dfd5037423c9d1810b48a97296b59cde513)\n  * <https://gist.github.com/artfire52/84f7279a4119d6f90381ac49d7121121>\n  * <https://github.com/FreeOpcUa/opcua-asyncio/releases/tag/v0.9.96>\n  * <https://security.snyk.io/vuln/SNYK-PYTHON-ASYNCUA-5673435>\n  * <https://github.com/pypa/advisory-database/tree/main/vulns/asyncua/PYSEC-2023-189.yaml>\n\n",
    "Severity": {
        "Score": "7.5/ 10 (High)",
        "CVSS base metrics": {
            "Attack vector": "Network",
            "Attack complexity": "Low",
            "Privileges required": "None",
            "User interaction": "None",
            "Scope": "Unchanged",
            "Confidentiality": "High",
            "Integrity": "None",
            "Availability": "None"
        },
        "CVSS string": "CVSS:3.1/AV:N/AC:L/PR:N/UI:N/S:U/C:H/I:N/A:N"
    },
    "Weaknesses": [
        "[CWE-287](/advisories?query=cwe%3A287)"
    ],
    "CVE ID": "CVE-2023-26150",
    "GHSA ID": "GHSA-2894-qcqf-g23g",
    "Source code": "[FreeOpcUa/opcua-asyncio](https://github.com/FreeOpcUa/opcua-asyncio)"
}