{
    "Title": "Authentication Bypass by CSRF Weakness",
    "Meta": {
        "Package": [
            "spree_auth_devise([RubyGems](/advisories?query=ecosystem%3Arubygems))"
        ],
        "Affected versions": [
            ">= 4.3.0, < 4.4.1",
            ">= 4.2.0, < 4.2.1",
            ">= 4.1.0, < 4.1.1",
            "< 4.0.1"
        ],
        "Patched versions": [
            "4.4.1",
            "4.2.1",
            "4.1.1",
            "4.0.1"
        ]
    },
    "Description": "### Impact\n\nCSRF vulnerability that allows user account takeover.\n\nAll applications using any version of the frontend component of\n`spree_auth_devise` are affected if `protect_from_forgery` method is both:\n\n  * Executed whether as: \n    * A before_action callback (the default)\n    * A prepend_before_action (option prepend: true given) before the :load_object hook in Spree::UserController (most likely order to find).\n  * Configured to use :null_session or :reset_session strategies (:null_session is the default in case the no strategy is given, but rails --new generated skeleton use :exception).\n\nThat means that applications that haven't been configured differently from\nwhat it's generated with Rails aren't affected.\n\nThanks [@waiting-for-dev](https://github.com/waiting-for-dev) for reporting\nand providing a patch \ud83d\udc4f\n\n### Patches\n\nSpree 4.3 users should update to spree_auth_devise 4.4.1  \nSpree 4.2 users should update to spree_auth_devise 4.2.1  \nSpree 4.1 users should update to spree_auth_devise 4.1.1  \nOlder Spree version users should update to spree_auth_devise 4.0.1\n\n### Workarounds\n\nIf possible, change your strategy to :exception:\n\n    \n    \n    class ApplicationController < ActionController::Base\n      protect_from_forgery with: :exception\n    end\n\nAdd the following to`config/application.rb `to at least run the `:exception`\nstrategy on the affected controller:\n\n    \n    \n    config.after_initialize do\n      Spree::UsersController.protect_from_forgery with: :exception\n    end\n\n### References\n\n[GHSA-\nxm34-v85h-9pg2](https://github.com/solidusio/solidus_auth_devise/security/advisories/GHSA-\nxm34-v85h-9pg2 \"GHSA-xm34-v85h-9pg2\")\n\n### References\n\n  * [GHSA-xm34-v85h-9pg2](https://github.com/solidusio/solidus_auth_devise/security/advisories/GHSA-xm34-v85h-9pg2 \"GHSA-xm34-v85h-9pg2\")\n  * [GHSA-26xx-m4q2-xhq8](https://github.com/spree/spree_auth_devise/security/advisories/GHSA-26xx-m4q2-xhq8 \"GHSA-26xx-m4q2-xhq8\")\n  * <https://nvd.nist.gov/vuln/detail/CVE-2021-41275>\n  * [spree/spree_auth_devise@`adf6ed4`](https://github.com/spree/spree_auth_devise/commit/adf6ed4cd94d66091776b5febd4ff3767362de63)\n  * <https://github.com/rubysec/ruby-advisory-db/blob/master/gems/spree_auth_devise/CVE-2021-41275.yml>\n\n",
    "Severity": {
        "Score": "9.3/ 10 (Critical)",
        "CVSS base metrics": {
            "Attack vector": "Network",
            "Attack complexity": "Low",
            "Privileges required": "None",
            "User interaction": "Required",
            "Scope": "Changed",
            "Confidentiality": "High",
            "Integrity": "High",
            "Availability": "None"
        },
        "CVSS string": "CVSS:3.1/AV:N/AC:L/PR:N/UI:R/S:C/C:H/I:H/A:N"
    },
    "Weaknesses": [
        "[CWE-352](/advisories?query=cwe%3A352)"
    ],
    "CVE ID": "CVE-2021-41275",
    "GHSA ID": "GHSA-26xx-m4q2-xhq8",
    "Source code": "[spree/spree_auth_devise](https://github.com/spree/spree_auth_devise)"
}