{
    "Title": "VVE-2021-0001: Memory corruption using function calls within arrays",
    "Meta": {
        "Package": [
            "vyper([pip](/advisories?query=ecosystem%3Apip))"
        ],
        "Affected versions": [
            "< 0.2.12"
        ],
        "Patched versions": [
            "0.2.12"
        ]
    },
    "Description": "### Impact\n\nWhen performing a function call inside an array, there is a memory corruption\nissue that occurs because of an incorrect pointer to the the tip of the stack.\n\n### Patches\n\nThis issue was partially fixed in\n[VVE-2020-0004](https://github.com/vyperlang/vyper/security/advisories/GHSA-2r3x-4mrv-\nmcxf), however the fix did not update similar code for arrays, which had a\nsimilar issue. The issue is fully fixed in\n[vyperlang/vyper#2345](https://github.com/vyperlang/vyper/pull/2345)\n\n### References\n\n  * [GHSA-22wc-c9wj-6q2v](https://github.com/vyperlang/vyper/security/advisories/GHSA-22wc-c9wj-6q2v \"GHSA-22wc-c9wj-6q2v\")\n  * [vyperlang/vyper#2345](https://github.com/vyperlang/vyper/pull/2345)\n  * [vyperlang/vyper@`11b7b5b`](https://github.com/vyperlang/vyper/commit/11b7b5b7e59bc9dc859d51cd41a924b59fe47c9e)\n  * <https://pypi.org/project/vyper>\n\n",
    "Severity": {
        "Score": "(Moderate)"
    },
    "Weaknesses": [
        "[CWE-129](/advisories?query=cwe%3A129)"
    ],
    "CVE ID": "No known CVE",
    "GHSA ID": "GHSA-22wc-c9wj-6q2v",
    "Source code": "No known source code"
}