{
    "Title": "Spina gem vulnerable to Cross-site request forgery (CSRF) vulnerability",
    "Meta": {
        "Package": [
            "spina([RubyGems](/advisories?query=ecosystem%3Arubygems))"
        ],
        "Affected versions": [
            "< 0.6.29"
        ],
        "Patched versions": [
            "0.6.29"
        ]
    },
    "Description": "Cross-site request forgery (CSRF) vulnerability in Spina before commit\nbfe44f289e336f80b6593032679300c493735e75. `Spina::ApplicationController`\nactions didn't have CSRF protection. This causes a CSRF vulnerability across\nthe entire engine which includes administrative functionality such as creating\nusers, changing passwords, and media management.\n\n### References\n\n  * <https://nvd.nist.gov/vuln/detail/CVE-2015-4619>\n  * [denkGroot/Spina@`bfe44f2`](https://github.com/denkGroot/Spina/commit/bfe44f289e336f80b6593032679300c493735e75)\n  * <http://www.openwall.com/lists/oss-security/2015/06/16/20>\n  * <https://github.com/rubysec/ruby-advisory-db/blob/master/gems/spina/CVE-2015-4619.yml>\n  * <http://www.openwall.com/lists/oss-security/2015/06/16/11>\n  * <http://www.securityfocus.com/bid/75216>\n\n",
    "Severity": {
        "Score": "8.8/ 10 (High)",
        "CVSS base metrics": {
            "Attack vector": "Network",
            "Attack complexity": "Low",
            "Privileges required": "None",
            "User interaction": "Required",
            "Scope": "Unchanged",
            "Confidentiality": "High",
            "Integrity": "High",
            "Availability": "High"
        },
        "CVSS string": "CVSS:3.0/AV:N/AC:L/PR:N/UI:R/S:U/C:H/I:H/A:H"
    },
    "Weaknesses": [
        "[CWE-352](/advisories?query=cwe%3A352)"
    ],
    "CVE ID": "CVE-2015-4619",
    "GHSA ID": "GHSA-2hxv-mx8x-mcj9",
    "Source code": "[denkGroot/Spina](https://github.com/denkGroot/Spina)"
}