{
    "Title": "XML External Entity Reference in detekt",
    "Meta": {
        "Package": [
            "io.gitlab.arturbosch.detekt:detekt-core([Maven](/advisories?query=ecosystem%3Amaven))"
        ],
        "Affected versions": [
            "< 1.20.0"
        ],
        "Patched versions": [
            "1.20.0"
        ]
    },
    "Description": "Improper Restriction of XML External Entity Reference in GitHub repository\ndetekt/detekt prior to 1.20.0.\n\n### References\n\n  * <https://nvd.nist.gov/vuln/detail/CVE-2022-0272>\n  * [detekt/detekt@`c965a8d`](https://github.com/detekt/detekt/commit/c965a8d2a6bbdb9bcfc6acfa7bbffd3da81f5395)\n  * <https://huntr.dev/bounties/23e37ba7-96d5-4037-a90a-8c8f4a70ce44>\n\n",
    "Severity": {
        "Score": "7.3/ 10 (High)",
        "CVSS base metrics": {
            "Attack vector": "Network",
            "Attack complexity": "Low",
            "Privileges required": "None",
            "User interaction": "None",
            "Scope": "Unchanged",
            "Confidentiality": "Low",
            "Integrity": "Low",
            "Availability": "Low"
        },
        "CVSS string": "CVSS:3.0/AV:N/AC:L/PR:N/UI:N/S:U/C:L/I:L/A:L"
    },
    "Weaknesses": [
        "[CWE-611](/advisories?query=cwe%3A611)"
    ],
    "CVE ID": "CVE-2022-0272",
    "GHSA ID": "GHSA-2cfc-865j-gm4w",
    "Source code": "[detekt/detekt](https://github.com/detekt/detekt)"
}