{
    "Title": "matrix-js-sdk can be tricked into disclosing E2EE room keys to a participating homeserver",
    "Meta": {
        "Package": [
            "matrix-js-sdk([npm](/advisories?query=ecosystem%3Anpm))"
        ],
        "Affected versions": [
            "< 12.4.1"
        ],
        "Patched versions": [
            "12.4.1"
        ]
    },
    "Description": "### Impact\n\nA logic error in the room key sharing functionality of matrix-js-sdk before\n12.4.1 allows a malicious Matrix homeserver\u2020 participating in an encrypted\nroom to steal room encryption keys from affected Matrix clients participating\nin that room. This allows the homeserver to decrypt end-to-end encrypted\nmessages sent by affected clients.\n\n\u2020 Or anyone with access to the account of the original recipient of an\nencrypted message.\n\nKnown clients affected (via their use of vulnerable versions of matrix-js-\nsdk):\n\n  * Element Web (1.8.2 and earlier)\n  * Element Desktop (1.8.2 and earlier)\n  * SchildiChat Web (1.7.32-sc1 and earlier)\n  * SchildiChat Desktop (1.7.32-sc1 and earlier)\n  * Cinny (1.2.0 and earlier)\n\n### Patch\n\nThis was fixed in [matrix-org/matrix-js-\nsdk@`894c248`](https://github.com/matrix-org/matrix-js-\nsdk/commit/894c24880da0e1cc81818f51c0db80e3c9fb2be9).\n\n### Workarounds\n\nTo prevent a homeserver from being able to steal the room keys, vulnerable\nclients can be taken offline or signed out. If signing out, care should be\ntaken to either set up Secure Backup or export E2E room keys in order to\npreserve access to past messages.\n\n### References\n\n  * [GHSA-23cm-x6j7-6hq3](https://github.com/matrix-org/matrix-js-sdk/security/advisories/GHSA-23cm-x6j7-6hq3 \"GHSA-23cm-x6j7-6hq3\")\n  * <https://nvd.nist.gov/vuln/detail/CVE-2021-40823>\n  * [matrix-org/matrix-js-sdk@`894c248`](https://github.com/matrix-org/matrix-js-sdk/commit/894c24880da0e1cc81818f51c0db80e3c9fb2be9)\n  * <https://github.com/matrix-org/matrix-js-sdk/releases/tag/v12.4.1>\n  * <https://matrix.org/blog/2021/09/13/vulnerability-disclosure-key-sharing>\n\n",
    "Severity": {
        "Score": "5.9/ 10 (Moderate)",
        "CVSS base metrics": {
            "Attack vector": "Network",
            "Attack complexity": "High",
            "Privileges required": "None",
            "User interaction": "None",
            "Scope": "Unchanged",
            "Confidentiality": "High",
            "Integrity": "None",
            "Availability": "None"
        },
        "CVSS string": "CVSS:3.1/AV:N/AC:H/PR:N/UI:N/S:U/C:H/I:N/A:N"
    },
    "Weaknesses": [
        "[CWE-200](/advisories?query=cwe%3A200)",
        "[CWE-327](/advisories?query=cwe%3A327)"
    ],
    "CVE ID": "CVE-2021-40823",
    "GHSA ID": "GHSA-23cm-x6j7-6hq3",
    "Source code": "[matrix-org/matrix-js-sdk](https://github.com/matrix-org/matrix-js-sdk)"
}