{
    "Title": "transformers has Insecure Temporary File",
    "Meta": {
        "Package": [
            "transformers([pip](/advisories?query=ecosystem%3Apip))"
        ],
        "Affected versions": [
            "< 4.30.0"
        ],
        "Patched versions": [
            "4.30.0"
        ]
    },
    "Description": "Insecure Temporary File in GitHub repository huggingface/transformers 4.29.2\nand prior. A fix is available at commit\n80ca92470938bbcc348e2d9cf4734c7c25cb1c43 and has been released as part of\nversion 4.30.0.\n\n### References\n\n  * <https://nvd.nist.gov/vuln/detail/CVE-2023-2800>\n  * [huggingface/transformers@`80ca924`](https://github.com/huggingface/transformers/commit/80ca92470938bbcc348e2d9cf4734c7c25cb1c43)\n  * <https://huntr.dev/bounties/a3867b4e-6701-4418-8c20-3c6e7084a44a>\n  * [huggingface/transformers#23372](https://github.com/huggingface/transformers/pull/23372)\n\n",
    "Severity": {
        "Score": "4.7/ 10 (Moderate)",
        "CVSS base metrics": {
            "Attack vector": "Local",
            "Attack complexity": "High",
            "Privileges required": "Low",
            "User interaction": "None",
            "Scope": "Unchanged",
            "Confidentiality": "None",
            "Integrity": "None",
            "Availability": "High"
        },
        "CVSS string": "CVSS:3.1/AV:L/AC:H/PR:L/UI:N/S:U/C:N/I:N/A:H"
    },
    "Weaknesses": [
        "[CWE-377](/advisories?query=cwe%3A377)"
    ],
    "CVE ID": "CVE-2023-2800",
    "GHSA ID": "GHSA-282v-666c-3fvg",
    "Source code": "[huggingface/transformers](https://github.com/huggingface/transformers)"
}