{
    "Title": "Apache Tomcat vulnerable to Unprotected Transport of Credentials",
    "Meta": {
        "Package": [
            "org.apache.tomcat:tomcat-catalina([Maven](/advisories?query=ecosystem%3Amaven))"
        ],
        "Affected versions": [
            ">= 11.0.0-M1, < 11.0.0-M3",
            ">= 10.1.0-M1, < 10.1.6",
            ">= 9.0.0-M1, < 9.0.72",
            ">= 8.5.0, < 8.5.86"
        ],
        "Patched versions": [
            "11.0.0-M3",
            "10.1.6",
            "9.0.72",
            "8.5.86"
        ]
    },
    "Description": "When using the RemoteIpFilter with requests received from a reverse proxy via\nHTTP that include the X-Forwarded-Proto header set to https, session cookies\ncreated by Apache Tomcat 11.0.0-M1 to 11.0.0.-M2, 10.1.0-M1 to 10.1.5,\n9.0.0-M1 to 9.0.71 and 8.5.0 to 8.5.85 did not include the secure attribute.\nThis could result in the user agent transmitting the session cookie over an\ninsecure channel.\n\n### References\n\n  * <https://nvd.nist.gov/vuln/detail/CVE-2023-28708>\n  * <https://lists.apache.org/thread/hdksc59z3s7tm39x0pp33mtwdrt8qr67>\n  * [apache/tomcat@`3b51230`](https://github.com/apache/tomcat/commit/3b51230764da595bb19e8d0962dd8c69ab40dfab)\n  * [apache/tomcat@`5b72c94`](https://github.com/apache/tomcat/commit/5b72c94e8b2c4ada63a1d91dc527bf4d8fd1f510)\n  * [apache/tomcat@`c64d496`](https://github.com/apache/tomcat/commit/c64d496dda1560b5df113be55fbfaefec349b50f)\n  * [apache/tomcat@`f509bbf`](https://github.com/apache/tomcat/commit/f509bbf31fc00abe3d9f25ebfabca5e05173da5b)\n  * <https://bz.apache.org/bugzilla/show_bug.cgi?id=66471>\n  * <https://tomcat.apache.org/security-10.html>\n  * <https://tomcat.apache.org/security-11.html>\n  * <https://tomcat.apache.org/security-8.html>\n  * <https://tomcat.apache.org/security-9.html>\n\n",
    "Severity": {
        "Score": "4.3/ 10 (Moderate)",
        "CVSS base metrics": {
            "Attack vector": "Network",
            "Attack complexity": "Low",
            "Privileges required": "None",
            "User interaction": "Required",
            "Scope": "Unchanged",
            "Confidentiality": "Low",
            "Integrity": "None",
            "Availability": "None"
        },
        "CVSS string": "CVSS:3.1/AV:N/AC:L/PR:N/UI:R/S:U/C:L/I:N/A:N"
    },
    "Weaknesses": [
        "[CWE-523](/advisories?query=cwe%3A523)"
    ],
    "CVE ID": "CVE-2023-28708",
    "GHSA ID": "GHSA-2c9m-w27f-53rm",
    "Source code": "[apache/tomcat](https://github.com/apache/tomcat)"
}