{
    "Title": "Improper Input Validation in sopel-plugins.channelmgnt",
    "Meta": {
        "Package": [
            "sopel-plugins.channelmgnt([pip](/advisories?query=ecosystem%3Apip))"
        ],
        "Affected versions": [
            "< 2.0.1"
        ],
        "Patched versions": [
            "2.0.1"
        ]
    },
    "Description": "### Impact\n\nOn some IRC servers, restrictions around the removal of the bot using the\nkick/kickban command could be bypassed when kicking multiple users at once.  \nWe also believe it may have been possible to remove users from other channels\nbut due to the wonder that is IRC and following RfCs, We have no POC for that.\n\nFreenode is not affected.\n\n### Patches\n\nUpgrade to 2.0.1 or higher\n\n### Workarounds\n\nDo not use this plugin on networks where TARGMAX > 1.\n\n### For more information\n\nIf you have any questions or comments about this advisory:\n\n  * Open an issue on [phab](https://phab.mirahezebots.org/maniphest/task/edit/form/1/).\n  * Email us at [staff(at)mirahezebots(dot)org](mailto:staff@mirahezebots.org)\n\n### References\n\n  * [GHSA-23c7-6444-399m](https://github.com/FOSSBots/sopel-channelmgnt/security/advisories/GHSA-23c7-6444-399m \"GHSA-23c7-6444-399m\")\n  * <https://pypi.org/project/sopel-plugins.channelmgnt/>\n  * [FOSSBots/sopel-channelmgnt@`7c96d40`](https://github.com/FOSSBots/sopel-channelmgnt/commit/7c96d400358221e59135f0a0be0744f3fad73856)\n  * <https://nvd.nist.gov/vuln/detail/CVE-2021-21431>\n  * [FOSSBots/sopel-channelmgnt@`6433883`](https://github.com/FOSSBots/sopel-channelmgnt/commit/643388365f28c5cc682254ab913c401f0e53260a)\n\n",
    "Severity": {
        "Score": "7.6/ 10 (High)",
        "CVSS base metrics": {
            "Attack vector": "Adjacent",
            "Attack complexity": "Low",
            "Privileges required": "High",
            "User interaction": "Required",
            "Scope": "Changed",
            "Confidentiality": "None",
            "Integrity": "High",
            "Availability": "High"
        },
        "CVSS string": "CVSS:3.1/AV:A/AC:L/PR:H/UI:R/S:C/C:N/I:H/A:H"
    },
    "Weaknesses": [
        "[CWE-20](/advisories?query=cwe%3A20)",
        "[CWE-284](/advisories?query=cwe%3A284)"
    ],
    "CVE ID": "CVE-2021-21431",
    "GHSA ID": "GHSA-23c7-6444-399m",
    "Source code": "[MirahezeBots/sopel-channelmgnt](https://github.com/MirahezeBots/sopel-channelmgnt)"
}