{
    "Title": "Elasticsearch vulnerable to Uncontrolled Resource Consumption",
    "Meta": {
        "Package": [
            "org.elasticsearch:elasticsearch([Maven](/advisories?query=ecosystem%3Amaven))"
        ],
        "Affected versions": [
            "< 7.17.13",
            ">= 8.0.0, < 8.9.0"
        ],
        "Patched versions": [
            "7.17.13",
            "8.9.0"
        ]
    },
    "Description": "An issue has been identified with how Elasticsearch handled incoming requests\non the HTTP layer. An unauthenticated user could force an Elasticsearch node\nto exit with an OutOfMemory error by sending a moderate number of malformed\nHTTP requests. The issue was identified by Elastic Engineering and we have no\nindication that the issue is known or that it is being exploited in the wild.\n\n### References\n\n  * <https://nvd.nist.gov/vuln/detail/CVE-2023-31418>\n  * <https://discuss.elastic.co/t/elasticsearch-8-9-0-7-17-13-security-update/343616>\n  * <https://www.elastic.co/community/security>\n\n",
    "Severity": {
        "Score": "7.5/ 10 (High)",
        "CVSS base metrics": {
            "Attack vector": "Network",
            "Attack complexity": "Low",
            "Privileges required": "None",
            "User interaction": "None",
            "Scope": "Unchanged",
            "Confidentiality": "None",
            "Integrity": "None",
            "Availability": "High"
        },
        "CVSS string": "CVSS:3.1/AV:N/AC:L/PR:N/UI:N/S:U/C:N/I:N/A:H"
    },
    "Weaknesses": [
        "[CWE-400](/advisories?query=cwe%3A400)"
    ],
    "CVE ID": "CVE-2023-31418",
    "GHSA ID": "GHSA-2cqf-6xv9-f22w",
    "Source code": "No known source code"
}