{
    "Title": "Directory Traversal",
    "Meta": {
        "Package": [
            "list-n-stream([npm](/advisories?query=ecosystem%3Anpm))"
        ],
        "Affected versions": [
            "< 0.0.11"
        ],
        "Patched versions": [
            "0.0.11"
        ]
    },
    "Description": "Affected versions of list-n-stream package (0.0.10 and before), are vulnerable\nto a directory traversal issue.\n\n### References\n\n  * [KoryNunn/list-n-stream@`99b0b40`#diff-78c12f5adc1848d13b1c6f07055d996e](https://github.com/KoryNunn/list-n-stream/commit/99b0b40b34aaedfcdf25da46bef0a06b9c47fb59#diff-78c12f5adc1848d13b1c6f07055d996e)\n\n",
    "Severity": {
        "Score": "(High)"
    },
    "Weaknesses": [],
    "CVE ID": "No known CVE",
    "GHSA ID": "GHSA-26hg-crh6-mjrw",
    "Source code": "No known source code"
}