{
    "Title": "Denial of Service in @hapi/hapi",
    "Meta": {
        "Package": [
            "@hapi/hapi([npm](/advisories?query=ecosystem%3Anpm))"
        ],
        "Affected versions": [
            "< 18.4.1",
            ">= 19.0.0, < 19.1.1"
        ],
        "Patched versions": [
            "18.4.1",
            "19.1.1"
        ]
    },
    "Description": "Versions of `@hapi/hapi` prior to 18.4.1 or 19.1.1 are vulnerable to Denial of\nService. The CORS request handler has a vulnerability which will cause the\nfunction to throw a system error if the header contains some invalid values.\nIf no unhandled exception handler is available, the application will exist,\nallowing an attacker to shut down services.\n\n## Recommendation\n\nUpgrade to versions 18.4.1, 19.1.1 or later.\n\n### References\n\n  * <https://www.npmjs.com/advisories/1482>\n\n",
    "Severity": {
        "Score": "(High)"
    },
    "Weaknesses": [],
    "CVE ID": "No known CVE",
    "GHSA ID": "GHSA-23vw-mhv5-grv5",
    "Source code": "No known source code"
}