{
    "Title": "Hashicorp Consul Missing SSL Certificate Validation",
    "Meta": {
        "Package": [
            "github.com/hashicorp/consul([Go](/advisories?query=ecosystem%3Ago))"
        ],
        "Affected versions": [
            "< 1.10.1"
        ],
        "Patched versions": [
            "1.10.1"
        ]
    },
    "Description": "HashiCorp Consul before 1.10.1 (and Consul Enterprise) has Missing SSL\nCertificate Validation. xds does not ensure that the Subject Alternative Name\nof an upstream is validated.\n\n### References\n\n  * <https://nvd.nist.gov/vuln/detail/CVE-2021-32574>\n  * <https://github.com/hashicorp/consul/releases/tag/v1.10.1>\n  * <https://www.hashicorp.com/blog/category/consul>\n  * <https://discuss.hashicorp.com/t/hcsec-2021-17-consul-s-envoy-tls-configuration-did-not-validate-destination-service-subject-alternative-names/26856>\n  * <https://security.gentoo.org/glsa/202208-09>\n\n",
    "Severity": {
        "Score": "7.5/ 10 (High)",
        "CVSS base metrics": {
            "Attack vector": "Network",
            "Attack complexity": "Low",
            "Privileges required": "None",
            "User interaction": "None",
            "Scope": "Unchanged",
            "Confidentiality": "None",
            "Integrity": "High",
            "Availability": "None"
        },
        "CVSS string": "CVSS:3.1/AV:N/AC:L/PR:N/UI:N/S:U/C:N/I:H/A:N"
    },
    "Weaknesses": [
        "[CWE-295](/advisories?query=cwe%3A295)"
    ],
    "CVE ID": "CVE-2021-32574",
    "GHSA ID": "GHSA-25gf-8qrr-g78r",
    "Source code": "No known source code"
}