{
    "Title": "easywebpack-cli Path Traversal vulnerability",
    "Meta": {
        "Package": [
            "@easy-team/easywebpack-cli([npm](/advisories?query=ecosystem%3Anpm))"
        ],
        "Affected versions": [
            "< 4.5.2"
        ],
        "Patched versions": [
            "4.5.2"
        ]
    },
    "Description": "Directory Traversal vulnerability in easywebpack-cli before 4.5.2 allows\nattackers to obtain sensitive information via crafted GET request.\n\n### References\n\n  * <https://nvd.nist.gov/vuln/detail/CVE-2020-24855>\n  * [easy-team/easywebpack-cli#25](https://github.com/easy-team/easywebpack-cli/issues/25)\n  * [easy-team/easywebpack-cli@`eb3f546`](https://github.com/easy-team/easywebpack-cli/commit/eb3f54603f58ea706d0c03fd6eb76c94176eae52)\n\n",
    "Severity": {
        "Score": "5.3/ 10 (Moderate)",
        "CVSS base metrics": {
            "Attack vector": "Network",
            "Attack complexity": "Low",
            "Privileges required": "None",
            "User interaction": "None",
            "Scope": "Unchanged",
            "Confidentiality": "Low",
            "Integrity": "None",
            "Availability": "None"
        },
        "CVSS string": "CVSS:3.1/AV:N/AC:L/PR:N/UI:N/S:U/C:L/I:N/A:N"
    },
    "Weaknesses": [
        "[CWE-22](/advisories?query=cwe%3A22)"
    ],
    "CVE ID": "CVE-2020-24855",
    "GHSA ID": "GHSA-252h-2cmq-pmr6",
    "Source code": "[easy-team/easywebpack-cli](https://github.com/easy-team/easywebpack-cli)"
}