{
    "Title": "Weak JSON Web Token in yapi-vendor",
    "Meta": {
        "Package": [
            "yapi-vendor([npm](/advisories?query=ecosystem%3Anpm))"
        ],
        "Affected versions": [
            "<= 1.9.2"
        ],
        "Patched versions": [
            "1.9.3"
        ]
    },
    "Description": "Weak JSON Web Token (JWT) signing secret generation in YMFE YApi through 1.9.2\nallows recreation of other users' JWT tokens. This occurs because Math.random\nin Node.js is used as a source of randomness in jwt signing. Math.random does\nnot provide cryptographically secure random numbers. This has been patched in\nversion 1.9.3.\n\n### References\n\n  * <https://nvd.nist.gov/vuln/detail/CVE-2021-27884>\n  * [YMFE/yapi#2117](https://github.com/YMFE/yapi/issues/2117)\n  * <https://securitylab.github.com/advisories/GHSL-2020-228-YMFE-yapi>\n  * [YMFE/yapi#2263](https://github.com/YMFE/yapi/issues/2263)\n\n",
    "Severity": {
        "Score": "5.1/ 10 (Moderate)",
        "CVSS base metrics": {
            "Attack vector": "Local",
            "Attack complexity": "Low",
            "Privileges required": "None",
            "User interaction": "None",
            "Scope": "Unchanged",
            "Confidentiality": "Low",
            "Integrity": "Low",
            "Availability": "None"
        },
        "CVSS string": "CVSS:3.1/AV:L/AC:L/PR:N/UI:N/S:U/C:L/I:L/A:N"
    },
    "Weaknesses": [
        "[CWE-330](/advisories?query=cwe%3A330)"
    ],
    "CVE ID": "CVE-2021-27884",
    "GHSA ID": "GHSA-2h3h-vw8r-82rp",
    "Source code": "No known source code"
}