{
    "Title": "Multiple vulnerabilities allow bypassing path filtering of agent-to-controller access control in Jenkins",
    "Meta": {
        "Package": [
            "org.jenkins-ci.main:jenkins-core([Maven](/advisories?query=ecosystem%3Amaven))"
        ],
        "Affected versions": [
            ">= 2.304, <= 2.318",
            "<= 2.303.2"
        ],
        "Patched versions": [
            "2.319",
            "2.303.3"
        ]
    },
    "Description": "The agent-to-controller security subsystem limits which files on the Jenkins\ncontroller can be accessed by agent processes.\n\nMultiple vulnerabilities in the file path filtering implementation of Jenkins\n2.318 and earlier, LTS 2.303.2 and earlier allow agent processes to read and\nwrite arbitrary files on the Jenkins controller file system, and obtain some\ninformation about Jenkins controller file systems.\n\nSECURITY-2531 /\n[CVE-2021-21691](https://github.com/advisories/GHSA-2c79-h2h5-g3fw\n\"CVE-2021-21691\"): Creating symbolic links is possible without the `symlink`\npermission.\n\nWe expect that most of these vulnerabilities have been present since\n[SECURITY-144 was addressed in the 2014-10-30 security\nadvisory](https://www.jenkins.io/security/advisory/2014-10-30/).\n\nJenkins 2.319, LTS 2.303.3 addresses these security vulnerabilities.\n\nSECURITY-2531 /\n[CVE-2021-21691](https://github.com/advisories/GHSA-2c79-h2h5-g3fw\n\"CVE-2021-21691\"): Creating symbolic links now correctly checks the `symlink`\npermission.\n\nAs some common operations are now newly subject to access control, it is\nexpected that plugins sending commands from agents to the controller may start\nfailing. Additionally, the newly introduced path canonicalization means that\ninstances using a custom builds directory ([Java system property\njenkins.model.Jenkins.buildsDir](https://www.jenkins.io/doc/book/managing/system-\nproperties/#jenkins-model-jenkins-buildsdir)) or partitioning `JENKINS_HOME`\nusing symbolic links may fail access control checks. See [the\ndocumentation](https://www.jenkins.io/doc/book/security/controller-\nisolation/agent-to-controller/#file-access-rules) for how to customize the\nconfiguration in case of problems.\n\nIf you are unable to immediately upgrade to Jenkins 2.319, LTS 2.303.3, you\ncan install the [Remoting Security Workaround\nPlugin](https://www.jenkins.io/redirect/remoting-security-workaround/). It\nwill prevent all agent-to-controller file access using `FilePath` APIs.\nBecause it is more restrictive than Jenkins 2.319, LTS 2.303.3, more plugins\nare incompatible with it. Make sure to read the plugin documentation before\ninstalling it.\n\n### References\n\n  * <https://nvd.nist.gov/vuln/detail/CVE-2021-21691>\n  * <https://www.jenkins.io/security/advisory/2021-11-04/#SECURITY-2455>\n\n",
    "Severity": {
        "Score": "9.0/ 10 (Critical)",
        "CVSS base metrics": {
            "Attack vector": "Network",
            "Attack complexity": "High",
            "Privileges required": "None",
            "User interaction": "None",
            "Scope": "Changed",
            "Confidentiality": "High",
            "Integrity": "High",
            "Availability": "High"
        },
        "CVSS string": "CVSS:3.1/AV:N/AC:H/PR:N/UI:N/S:C/C:H/I:H/A:H"
    },
    "Weaknesses": [
        "[CWE-863](/advisories?query=cwe%3A863)"
    ],
    "CVE ID": "CVE-2021-21691",
    "GHSA ID": "GHSA-2c79-h2h5-g3fw",
    "Source code": "[jenkinsci/jenkins](https://github.com/jenkinsci/jenkins)"
}