{
    "Title": "CSRF vulnerability in Jenkins Team Foundation Server Plugin allow capturing credentials",
    "Meta": {
        "Package": [
            "org.jenkins-ci.plugins:tfs([Maven](/advisories?query=ecosystem%3Amaven))"
        ],
        "Affected versions": [
            "<= 5.157.1"
        ],
        "Patched versions": [
            "None"
        ]
    },
    "Description": "A cross-site request forgery (CSRF) vulnerability in Jenkins Team Foundation\nServer Plugin 5.157.1 and earlier allows attackers to connect to an attacker-\nspecified URL using attacker-specified credentials IDs obtained through\nanother method, capturing credentials stored in Jenkins.\n\n### References\n\n  * <https://nvd.nist.gov/vuln/detail/CVE-2021-21638>\n  * <https://www.jenkins.io/security/advisory/2021-03-30/#SECURITY-2283%20(2)>\n  * <http://www.openwall.com/lists/oss-security/2021/03/30/1>\n\n",
    "Severity": {
        "Score": "8.8/ 10 (High)",
        "CVSS base metrics": {
            "Attack vector": "Network",
            "Attack complexity": "Low",
            "Privileges required": "None",
            "User interaction": "Required",
            "Scope": "Unchanged",
            "Confidentiality": "High",
            "Integrity": "High",
            "Availability": "High"
        },
        "CVSS string": "CVSS:3.1/AV:N/AC:L/PR:N/UI:R/S:U/C:H/I:H/A:H"
    },
    "Weaknesses": [
        "[CWE-352](/advisories?query=cwe%3A352)"
    ],
    "CVE ID": "CVE-2021-21638",
    "GHSA ID": "GHSA-263q-5pj7-j6hj",
    "Source code": "[jenkinsci/tfs-plugin](https://github.com/jenkinsci/tfs-plugin)"
}