{
    "Title": "Server-Side Request Forgery in calibreweb",
    "Meta": {
        "Package": [
            "calibreweb([pip](/advisories?query=ecosystem%3Apip))"
        ],
        "Affected versions": [
            "< 0.6.17"
        ],
        "Patched versions": [
            "0.6.17"
        ]
    },
    "Description": "calibreweb prior to version 0.6.17 is vulnerable to server-side request\nforgery (SSRF). This is due to an incomplete fix for\n[CVE-2022-0339](https://github.com/advisories/GHSA-4w8p-x6g8-fv64). The\nblacklist does not check for `0.0.0.0`, which would result in a payload of\n`0.0.0.0` resolving to `localhost`.\n\n### References\n\n  * <https://nvd.nist.gov/vuln/detail/CVE-2022-0766>\n  * [janeczku/calibre-web@`965352c`](https://github.com/janeczku/calibre-web/commit/965352c8d96c9eae7a6867ff76b0db137d04b0b8)\n  * <https://huntr.dev/bounties/7f2a5bb4-e6c7-4b6a-b8eb-face9e3add7b>\n\n",
    "Severity": {
        "Score": "9.8/ 10 (Critical)",
        "CVSS base metrics": {
            "Attack vector": "Network",
            "Attack complexity": "Low",
            "Privileges required": "None",
            "User interaction": "None",
            "Scope": "Unchanged",
            "Confidentiality": "High",
            "Integrity": "High",
            "Availability": "High"
        },
        "CVSS string": "CVSS:3.1/AV:N/AC:L/PR:N/UI:N/S:U/C:H/I:H/A:H"
    },
    "Weaknesses": [
        "[CWE-918](/advisories?query=cwe%3A918)"
    ],
    "CVE ID": "CVE-2022-0766",
    "GHSA ID": "GHSA-2647-c639-qv2j",
    "Source code": "[janeczku/calibre-web](https://github.com/janeczku/calibre-web)"
}