{
    "Title": "Cross-site Scripting in librenms/librenms",
    "Meta": {
        "Package": [
            "librenms/librenms([Composer](/advisories?query=ecosystem%3Acomposer))"
        ],
        "Affected versions": [
            "< 22.10.0"
        ],
        "Patched versions": [
            "22.10.0"
        ]
    },
    "Description": "Cross-site Scripting (XSS) - Generic in GitHub repository librenms/librenms\nprior to 22.10.0.\n\n### References\n\n  * <https://nvd.nist.gov/vuln/detail/CVE-2022-3561>\n  * [librenms/librenms@`d86cbcd`](https://github.com/librenms/librenms/commit/d86cbcd96d684e4de8dfa50b4490e4e02782d242)\n  * <https://huntr.dev/bounties/7389e6eb-4bce-4b97-999d-d3b70d8cee34>\n\n",
    "Severity": {
        "Score": "6.1/ 10 (Moderate)",
        "CVSS base metrics": {
            "Attack vector": "Network",
            "Attack complexity": "Low",
            "Privileges required": "None",
            "User interaction": "Required",
            "Scope": "Changed",
            "Confidentiality": "Low",
            "Integrity": "Low",
            "Availability": "None"
        },
        "CVSS string": "CVSS:3.1/AV:N/AC:L/PR:N/UI:R/S:C/C:L/I:L/A:N"
    },
    "Weaknesses": [
        "[CWE-79](/advisories?query=cwe%3A79)"
    ],
    "CVE ID": "CVE-2022-3561",
    "GHSA ID": "GHSA-264w-gw9g-fhgj",
    "Source code": "No known source code"
}