{
    "Title": "closure-util downloads Resources over HTTP",
    "Meta": {
        "Package": [
            "closure-util([npm](/advisories?query=ecosystem%3Anpm))"
        ],
        "Affected versions": [
            "<= 2.0.0-beta.1"
        ],
        "Patched versions": [
            "None"
        ]
    },
    "Description": "Affected versions of `closure-util` insecurely download an executable over an\nunencrypted HTTP connection.\n\nIn scenarios where an attacker has a privileged network position, it is\npossible to intercept the response and replace the executable with a malicious\none, resulting in code execution on the system running `closure-util`.\n\n## Recommendation\n\nTo mitigate this issue:\n\n  1. Install the package using npm's `--ignore-scripts` flag.\n  2. Navigate to the package directory, and open `default-config.json` in a text editor\n  3. Change the download URLs in the `compiler_url` and `library_url` to `https` equivalents\n  4. run `npm i` in the package directory.\n\n### References\n\n  * <https://nvd.nist.gov/vuln/detail/CVE-2016-10583>\n  * [GHSA-2hpj-g53m-9gj6](https://github.com/advisories/GHSA-2hpj-g53m-9gj6 \"GHSA-2hpj-g53m-9gj6\")\n  * <https://www.npmjs.com/advisories/165>\n\n",
    "Severity": {
        "Score": "8.1/ 10 (High)",
        "CVSS base metrics": {
            "Attack vector": "Network",
            "Attack complexity": "High",
            "Privileges required": "None",
            "User interaction": "None",
            "Scope": "Unchanged",
            "Confidentiality": "High",
            "Integrity": "High",
            "Availability": "High"
        },
        "CVSS string": "CVSS:3.1/AV:N/AC:H/PR:N/UI:N/S:U/C:H/I:H/A:H"
    },
    "Weaknesses": [
        "[CWE-311](/advisories?query=cwe%3A311)"
    ],
    "CVE ID": "CVE-2016-10583",
    "GHSA ID": "GHSA-2hpj-g53m-9gj6",
    "Source code": "No known source code"
}