{
    "Title": "Link Following in Jenkins Pipeline Multibranch Plugin",
    "Meta": {
        "Package": [
            "org.jenkins-ci.plugins.workflow:workflow-multibranch([Maven](/advisories?query=ecosystem%3Amaven))"
        ],
        "Affected versions": [
            ">= 2.24, < 2.26.1",
            "< 2.23.1",
            ">= 696.v52535c46f4c9, < 696.698.v9b4218eea50f",
            ">= 706.vd43c65dec013, < 707.v71c3f0a"
        ],
        "Patched versions": [
            "2.26.1",
            "2.23.1",
            "696.698.v9b4218eea50f",
            "707.v71c3f0a"
        ]
    },
    "Description": "Jenkins Pipeline: Multibranch Plugin prior to 2.23.1, 2.26.1,\n696.698.v9b4218eea50f, and 707.v71c3f0a_6ccdb_ follows symbolic links to\nlocations outside of the checkout directory for the configured SCM when\nreading files using the readTrusted step, allowing attackers able to configure\nPipelines permission to read arbitrary files on the Jenkins controller file\nsystem.\n\n### References\n\n  * <https://nvd.nist.gov/vuln/detail/CVE-2022-25179>\n  * <https://www.jenkins.io/security/advisory/2022-02-15/#SECURITY-2613>\n  * <https://github.com/CVEProject/cvelist/blob/00bfb5abeecc9f553a2f42954ee540e493498ee9/2022/25xxx/CVE-2022-25179.json>\n\n",
    "Severity": {
        "Score": "6.5/ 10 (Moderate)",
        "CVSS base metrics": {
            "Attack vector": "Network",
            "Attack complexity": "Low",
            "Privileges required": "Low",
            "User interaction": "None",
            "Scope": "Unchanged",
            "Confidentiality": "High",
            "Integrity": "None",
            "Availability": "None"
        },
        "CVSS string": "CVSS:3.1/AV:N/AC:L/PR:L/UI:N/S:U/C:H/I:N/A:N"
    },
    "Weaknesses": [
        "[CWE-59](/advisories?query=cwe%3A59)"
    ],
    "CVE ID": "CVE-2022-25179",
    "GHSA ID": "GHSA-2m9w-9xh2-wxc3",
    "Source code": "No known source code"
}