{
    "Title": "thenify before 3.3.1 made use of unsafe calls to `eval`.",
    "Meta": {
        "Package": [
            "org.webjars.npm:thenify([Maven](/advisories?query=ecosystem%3Amaven))"
        ],
        "Affected versions": [
            "< 3.3.1"
        ],
        "Patched versions": [
            "3.3.1"
        ]
    },
    "Description": "Versions of thenify prior to 3.3.1 made use of unsafe calls to `eval`.\nUntrusted user input could thus lead to arbitrary code execution on the host.\nThe patch in version 3.3.1 removes calls to `eval`.\n\n### References\n\n  * [thenables/thenify#29](https://github.com/thenables/thenify/issues/29)\n  * [thenables/thenify@`0d94a24`](https://github.com/thenables/thenify/commit/0d94a24eb933bc835d568f3009f4d269c4c4c17a)\n  * <https://security.snyk.io/vuln/SNYK-JS-THENIFY-571690>\n  * <https://nvd.nist.gov/vuln/detail/CVE-2020-7677>\n  * <https://github.com/thenables/thenify/blob/master/index.js%23L17>\n  * <https://security.snyk.io/vuln/SNYK-JAVA-ORGWEBJARSNPM-572317>\n  * <https://lists.debian.org/debian-lts-announce/2022/09/msg00039.html>\n  * <https://lists.fedoraproject.org/archives/list/package-announce@lists.fedoraproject.org/message/MTEUUTNIEBHGKUKKLNUZSV7IEP6IP3Q3/>\n  * <https://lists.fedoraproject.org/archives/list/package-announce@lists.fedoraproject.org/message/UM6XJ73Q3NAM5KSGCOKJ2ZIA6GUWUJLK/>\n\n",
    "Severity": {
        "Score": "9.8/ 10 (Critical)",
        "CVSS base metrics": {
            "Attack vector": "Network",
            "Attack complexity": "Low",
            "Privileges required": "None",
            "User interaction": "None",
            "Scope": "Unchanged",
            "Confidentiality": "High",
            "Integrity": "High",
            "Availability": "High"
        },
        "CVSS string": "CVSS:3.1/AV:N/AC:L/PR:N/UI:N/S:U/C:H/I:H/A:H"
    },
    "Weaknesses": [
        "[CWE-78](/advisories?query=cwe%3A78)"
    ],
    "CVE ID": "CVE-2020-7677",
    "GHSA ID": "GHSA-29xr-v42j-r956",
    "Source code": "[thenables/thenify](https://github.com/thenables/thenify)"
}