{
    "Title": "Credential stored in plain text by BMC Release Package and Deployment Plugin",
    "Meta": {
        "Package": [
            "RPD:bmc-rpd([Maven](/advisories?query=ecosystem%3Amaven))"
        ],
        "Affected versions": [
            "<= 1.1"
        ],
        "Patched versions": [
            "None"
        ]
    },
    "Description": "Jenkins BMC Release Package and Deployment Plugin 1.1 and earlier stores\ncredentials unencrypted in its global configuration file on the Jenkins master\nwhere they can be viewed by users with access to the master file system. As of\npublication of this advisory, there is no fix.\n\n### References\n\n  * <https://nvd.nist.gov/vuln/detail/CVE-2020-2127>\n  * <https://jenkins.io/security/advisory/2020-02-12/#SECURITY-1547>\n  * <http://www.openwall.com/lists/oss-security/2020/02/12/3>\n\n",
    "Severity": {
        "Score": "3.3/ 10 (Low)",
        "CVSS base metrics": {
            "Attack vector": "Local",
            "Attack complexity": "Low",
            "Privileges required": "Low",
            "User interaction": "None",
            "Scope": "Unchanged",
            "Confidentiality": "Low",
            "Integrity": "None",
            "Availability": "None"
        },
        "CVSS string": "CVSS:3.1/AV:L/AC:L/PR:L/UI:N/S:U/C:L/I:N/A:N"
    },
    "Weaknesses": [
        "[CWE-256](/advisories?query=cwe%3A256)",
        "[CWE-522](/advisories?query=cwe%3A522)"
    ],
    "CVE ID": "CVE-2020-2127",
    "GHSA ID": "GHSA-2j3r-x6xc-qqqj",
    "Source code": "[jenkinsci/bmc-rpd-plugin](https://github.com/jenkinsci/bmc-rpd-plugin)"
}