{
    "Title": "Cross-Site Scripting in Wagtail",
    "Meta": {
        "Package": [
            "wagtail([pip](/advisories?query=ecosystem%3Apip))"
        ],
        "Affected versions": [
            ">= 2.8.0, < 2.9.3",
            "< 2.7.4"
        ],
        "Patched versions": [
            "2.9.3",
            "2.7.4"
        ]
    },
    "Description": "### Impact\n\nWhen a form page type is made available to Wagtail editors through the\n`wagtail.contrib.forms` app, and the page template is built using Django's\nstandard form rendering helpers such as `form.as_p` ([as directed in the\ndocumentation](https://docs.wagtail.io/en/stable/reference/contrib/forms/index.html#usage)),\nany HTML tags used within a form field's help text will be rendered unescaped\nin the page. Allowing HTML within help text is [an intentional design\ndecision](https://docs.djangoproject.com/en/3.0/ref/models/fields/#django.db.models.Field.help_text)\nby Django; however, as a matter of policy Wagtail does not allow editors to\ninsert arbitrary HTML by default, as this could potentially be used to carry\nout cross-site scripting attacks, including privilege escalation. This\nfunctionality should therefore not have been made available to editor-level\nusers.\n\nThe vulnerability is not exploitable by an ordinary site visitor without\naccess to the Wagtail admin.\n\n### Patches\n\nPatched versions have been released as Wagtail 2.7.4 (for the LTS 2.7 branch)\nand Wagtail 2.9.3 (for the current 2.9 branch). In these versions, help text\nwill be escaped to prevent the inclusion of HTML tags. Site owners who wish to\nre-enable the use of HTML within help text (and are willing to accept the risk\nof this being exploited by editors) may set `WAGTAILFORMS_HELP_TEXT_ALLOW_HTML\n= True` in their configuration settings.\n\n### Workarounds\n\nSite owners who are unable to upgrade to the new versions can secure their\nform page templates by [rendering forms field-by-field as per Django's\ndocumentation](https://docs.djangoproject.com/en/3.0/topics/forms/#looping-\nover-the-form-s-fields), but omitting the `|safe` filter when outputting the\nhelp text.\n\n### Acknowledgements\n\nMany thanks to Timothy Bautista for reporting this issue.\n\n### For more information\n\nIf you have any questions or comments about this advisory:\n\n  * Visit Wagtail's [support channels](https://docs.wagtail.io/en/stable/support.html)\n  * Email us at [security@wagtail.io](mailto:security@wagtail.io) (if you wish to send encrypted email, the public key ID is `0x6ba1e1a86e0f8ce8`)\n\n### References\n\n  * [GHSA-2473-9hgq-j7xw](https://github.com/wagtail/wagtail/security/advisories/GHSA-2473-9hgq-j7xw \"GHSA-2473-9hgq-j7xw\")\n  * [wagtail/wagtail@`d9a41e7`](https://github.com/wagtail/wagtail/commit/d9a41e7f24d08c024acc9a3094940199df94db34)\n  * <https://docs.djangoproject.com/en/3.0/ref/models/fields/#django.db.models.Field.help_text>\n  * <https://docs.wagtail.io/en/stable/reference/contrib/forms/index.html#usage>\n  * <https://github.com/wagtail/wagtail/blob/master/docs/releases/2.9.3.rst>\n  * <https://nvd.nist.gov/vuln/detail/CVE-2020-15118>\n\n",
    "Severity": {
        "Score": "5.7/ 10 (Moderate)",
        "CVSS base metrics": {
            "Attack vector": "Network",
            "Attack complexity": "High",
            "Privileges required": "High",
            "User interaction": "Required",
            "Scope": "Unchanged",
            "Confidentiality": "High",
            "Integrity": "High",
            "Availability": "None"
        },
        "CVSS string": "CVSS:3.1/AV:N/AC:H/PR:H/UI:R/S:U/C:H/I:H/A:N"
    },
    "Weaknesses": [
        "[CWE-79](/advisories?query=cwe%3A79)"
    ],
    "CVE ID": "CVE-2020-15118",
    "GHSA ID": "GHSA-2473-9hgq-j7xw",
    "Source code": "No known source code"
}