{
    "Title": "Missing authorization in xwiki-platform",
    "Meta": {
        "Package": [
            "org.xwiki.platform:xwiki-platform-oldcore([Maven](/advisories?query=ecosystem%3Amaven))"
        ],
        "Affected versions": [
            ">= 13.6-rc-1, <= 13.6",
            ">= 13.0.0, < 13.4.3",
            "< 12.10.9"
        ],
        "Patched versions": [
            "13.7-rc-1",
            "13.4.3",
            "12.10.9"
        ]
    },
    "Description": "### Impact\n\nAny user with SCRIPT right (EDIT right before XWiki 7.4) can read any file\nlocated in the XWiki WAR (for example xwiki.cfg and xwiki.properties) through\nXWiki#invokeServletAndReturnAsString:\n\n    \n    \n    $xwiki.invokeServletAndReturnAsString(\"/WEB-INF/xwiki.cfg\")\n    \n\n### Patches\n\nIt has been patched in XWiki versions 12.10.9, 13.4.3 and 13.7-rc-1.\n\n### Workarounds\n\nThe only workaround is to give SCRIPT right only to trusted users.\n\n### References\n\n<https://jira.xwiki.org/browse/XWIKI-18870>\n\n### For more information\n\nIf you have any questions or comments about this advisory:\n\n  * Open an issue in [Jira XWiki](https://jira.xwiki.org)\n  * Email us at [our security mailing list](mailto:security@xwiki.org)\n\n### References\n\n  * [GHSA-2jhm-qp48-hv5j](https://github.com/xwiki/xwiki-platform/security/advisories/GHSA-2jhm-qp48-hv5j \"GHSA-2jhm-qp48-hv5j\")\n  * [xwiki/xwiki-platform@`df8bd49`](https://github.com/xwiki/xwiki-platform/commit/df8bd49b5a4d87a427002c6535fb5b1746ff117a)\n  * <https://jira.xwiki.org/browse/XWIKI-18870>\n  * <https://nvd.nist.gov/vuln/detail/CVE-2022-23621>\n\n",
    "Severity": {
        "Score": "5.5/ 10 (Moderate)",
        "CVSS base metrics": {
            "Attack vector": "Network",
            "Attack complexity": "High",
            "Privileges required": "High",
            "User interaction": "None",
            "Scope": "Unchanged",
            "Confidentiality": "Low",
            "Integrity": "Low",
            "Availability": "High"
        },
        "CVSS string": "CVSS:3.1/AV:N/AC:H/PR:H/UI:N/S:U/C:L/I:L/A:H"
    },
    "Weaknesses": [
        "[CWE-552](/advisories?query=cwe%3A552)",
        "[CWE-862](/advisories?query=cwe%3A862)"
    ],
    "CVE ID": "CVE-2022-23621",
    "GHSA ID": "GHSA-2jhm-qp48-hv5j",
    "Source code": "[xwiki/xwiki-platform](https://github.com/xwiki/xwiki-platform)"
}