{
    "Title": "Jenkins OpsGenie Plugin Plaintext Storage of a Password vulnerability",
    "Meta": {
        "Package": [
            "org.jenkins-ci.plugins:opsgenie([Maven](/advisories?query=ecosystem%3Amaven))"
        ],
        "Affected versions": [
            "<= 1.9"
        ],
        "Patched versions": [
            "None"
        ]
    },
    "Description": "Jenkins OpsGenie Plugin 1.9 and earlier stores API keys unencrypted in its\nglobal configuration file\n`com.opsgenie.integration.jenkins.OpsGenieNotifier.xml` and in job\n`config.xml` files on the Jenkins controller as part of its configuration.\n\nAdditionally, they are transmitted in plain text as part of the respective\nconfiguration forms.\n\nThese API keys can be viewed by users with Item/Extended Read permission (job\nconfig.xml only) or access to the Jenkins controller file system (both).\n\nAs of publication of this advisory, there is no fix.\n\n### References\n\n  * <https://nvd.nist.gov/vuln/detail/CVE-2022-34803>\n  * <https://www.jenkins.io/security/advisory/2022-06-30/#SECURITY-1877>\n\n",
    "Severity": {
        "Score": "4.3/ 10 (Moderate)",
        "CVSS base metrics": {
            "Attack vector": "Network",
            "Attack complexity": "Low",
            "Privileges required": "Low",
            "User interaction": "None",
            "Scope": "Unchanged",
            "Confidentiality": "Low",
            "Integrity": "None",
            "Availability": "None"
        },
        "CVSS string": "CVSS:3.1/AV:N/AC:L/PR:L/UI:N/S:U/C:L/I:N/A:N"
    },
    "Weaknesses": [
        "[CWE-256](/advisories?query=cwe%3A256)",
        "[CWE-522](/advisories?query=cwe%3A522)"
    ],
    "CVE ID": "CVE-2022-34803",
    "GHSA ID": "GHSA-273c-fjw8-v2w8",
    "Source code": "[jenkinsci/opsgenie-plugin](https://github.com/jenkinsci/opsgenie-plugin)"
}