{
    "Title": "Cross site scripting in librenms",
    "Meta": {
        "Package": [
            "librenms/librenms([Composer](/advisories?query=ecosystem%3Acomposer))"
        ],
        "Affected versions": [
            "< 22.4.0"
        ],
        "Patched versions": [
            "22.4.0"
        ]
    },
    "Description": "LibreNMS v22.3.0 was discovered to contain a cross-site scripting (XSS)\nvulnerability via the component /Table/GraylogController.php.\n\n### References\n\n  * <https://nvd.nist.gov/vuln/detail/CVE-2022-29711>\n  * [librenms/librenms#13931](https://github.com/librenms/librenms/pull/13931)\n  * [librenms/librenms@`cc6112b`](https://github.com/librenms/librenms/commit/cc6112b8fb36039b862b42d86eb79ef7ee89d31b)\n\n",
    "Severity": {
        "Score": "6.1/ 10 (Moderate)",
        "CVSS base metrics": {
            "Attack vector": "Network",
            "Attack complexity": "Low",
            "Privileges required": "None",
            "User interaction": "Required",
            "Scope": "Changed",
            "Confidentiality": "Low",
            "Integrity": "Low",
            "Availability": "None"
        },
        "CVSS string": "CVSS:3.1/AV:N/AC:L/PR:N/UI:R/S:C/C:L/I:L/A:N"
    },
    "Weaknesses": [
        "[CWE-79](/advisories?query=cwe%3A79)"
    ],
    "CVE ID": "CVE-2022-29711",
    "GHSA ID": "GHSA-2gqg-2rg7-gh33",
    "Source code": "[librenms/librenms](https://github.com/librenms/librenms)"
}