{
    "Title": "jeecg-boot vulnerable to SQL injection",
    "Meta": {
        "Package": [
            "org.jeecgframework.boot:jeecg-boot-parent([Maven](/advisories?query=ecosystem%3Amaven))"
        ],
        "Affected versions": [
            "<= 3.5.0"
        ],
        "Patched versions": [
            "None"
        ]
    },
    "Description": "jeecg-boot 3.5.0 is vulnerable to SQL injection from functionality of the file\n`SysDictMapper.java` of the component `Sleep Command Handler`. The attack can\nbe launched remotely and the exploit has been disclosed to the public and may\nbe used.\n\n### References\n\n  * <https://nvd.nist.gov/vuln/detail/CVE-2023-1741>\n  * <https://github.com/private-null/report/blob/main/README.md>\n  * <https://vuldb.com/?ctiid.224629>\n  * <https://vuldb.com/?id.224629>\n\n",
    "Severity": {
        "Score": "9.8/ 10 (Critical)",
        "CVSS base metrics": {
            "Attack vector": "Network",
            "Attack complexity": "Low",
            "Privileges required": "None",
            "User interaction": "None",
            "Scope": "Unchanged",
            "Confidentiality": "High",
            "Integrity": "High",
            "Availability": "High"
        },
        "CVSS string": "CVSS:3.1/AV:N/AC:L/PR:N/UI:N/S:U/C:H/I:H/A:H"
    },
    "Weaknesses": [
        "[CWE-89](/advisories?query=cwe%3A89)"
    ],
    "CVE ID": "CVE-2023-1741",
    "GHSA ID": "GHSA-23xf-5535-62v5",
    "Source code": "[jeecgboot/jeecg-boot](https://github.com/jeecgboot/jeecg-boot)"
}