{
    "Title": "User enumeration in authentication mechanisms",
    "Meta": {
        "Package": [
            "lexik/jwt-authentication-bundle([Composer](/advisories?query=ecosystem%3Acomposer))"
        ],
        "Affected versions": [
            "< 2.10.7",
            ">= 2.11.0, < 2.11.3"
        ],
        "Patched versions": [
            "2.10.7",
            "2.11.3"
        ]
    },
    "Description": "## Description\n\nThe ability to enumerate users was possible without relevant permissions due\nto different exception messages depending on whether the user existed or not.\n\n## Resolution\n\nWe now ensure that a generic message is returned whether the user exists or\nnot if the password is invalid or if the user does not exist.\n\nThe patch for this issue is available\n[here](https://github.com/lexik/LexikJWTAuthenticationBundle/commit/a175d6dab968d93e96a3e4f80c495435f71d5eb7)\nfor branch 2.10.x and 2.x.\n\n## Credits\n\nI would like to thank James Isaac and Mathias Brodala for reporting the issue\nand Robin Chalas for fixing the issue.\n\n### References\n\n  * [GHSA-2frx-j9hj-6c65](https://github.com/lexik/LexikJWTAuthenticationBundle/security/advisories/GHSA-2frx-j9hj-6c65 \"GHSA-2frx-j9hj-6c65\")\n  * [lexik/LexikJWTAuthenticationBundle@`a175d6d`](https://github.com/lexik/LexikJWTAuthenticationBundle/commit/a175d6dab968d93e96a3e4f80c495435f71d5eb7)\n\n",
    "Severity": {
        "Score": "(Low)"
    },
    "Weaknesses": [
        "[CWE-200](/advisories?query=cwe%3A200)"
    ],
    "CVE ID": "No known CVE",
    "GHSA ID": "GHSA-2frx-j9hj-6c65",
    "Source code": "[lexik/LexikJWTAuthenticationBundle/](https://github.com/lexik/LexikJWTAuthenticationBundle/)"
}