{
    "Title": "Apache Batik information disclosure vulnerability",
    "Meta": {
        "Package": [
            "org.apache.xmlgraphics:batik-script([Maven](/advisories?query=ecosystem%3Amaven))"
        ],
        "Affected versions": [
            ">= 1.0, < 1.17"
        ],
        "Patched versions": [
            "1.17"
        ]
    },
    "Description": "Server-Side Request Forgery (SSRF) vulnerability in Apache Software Foundation\nApache XML Graphics Batik.This issue affects Apache XML Graphics Batik: 1.16.\n\nA malicious SVG can probe user profile / data and send it directly as\nparameter to a URL.\n\n### References\n\n  * <https://nvd.nist.gov/vuln/detail/CVE-2022-44730>\n  * <https://lists.apache.org/thread/58m5817jr059f4v1zogh0fngj9pwjyj0>\n  * <https://xmlgraphics.apache.org/security.html>\n  * [apache/xmlgraphics-batik@`f9ae692`](https://github.com/apache/xmlgraphics-batik/commit/f9ae69233eadfbd392a4a08a55618f97343b467c)\n  * <https://issues.apache.org/jira/browse/BATIK-1347>\n  * <http://www.openwall.com/lists/oss-security/2023/08/22/3>\n  * <http://www.openwall.com/lists/oss-security/2023/08/22/5>\n  * [apache/xmlgraphics-batik@`64658cc`](https://github.com/apache/xmlgraphics-batik/commit/64658ccda90deaf6bf5f5b4d4a2ec365fe648bfa)\n  * <https://lists.debian.org/debian-lts-announce/2023/10/msg00021.html>\n\n",
    "Severity": {
        "Score": "4.4/ 10 (Moderate)",
        "CVSS base metrics": {
            "Attack vector": "Local",
            "Attack complexity": "Low",
            "Privileges required": "None",
            "User interaction": "Required",
            "Scope": "Unchanged",
            "Confidentiality": "Low",
            "Integrity": "Low",
            "Availability": "None"
        },
        "CVSS string": "CVSS:3.1/AV:L/AC:L/PR:N/UI:R/S:U/C:L/I:L/A:N"
    },
    "Weaknesses": [
        "[CWE-918](/advisories?query=cwe%3A918)"
    ],
    "CVE ID": "CVE-2022-44730",
    "GHSA ID": "GHSA-2474-2566-3qxp",
    "Source code": "[apache/xmlgraphics-batik](https://github.com/apache/xmlgraphics-batik)"
}