{
    "Title": "Moodle Exposure of Sensitive Information to an Unauthorized Actor vulnerability",
    "Meta": {
        "Package": [
            "moodle/moodle([Composer](/advisories?query=ecosystem%3Acomposer))"
        ],
        "Affected versions": [
            "< 4.3.0-rc2"
        ],
        "Patched versions": [
            "4.3.0-rc2"
        ]
    },
    "Description": "H5P metadata automatically populated the author with the user's username,\nwhich could be sensitive information.\n\n### References\n\n  * <https://nvd.nist.gov/vuln/detail/CVE-2023-5545>\n  * <https://bugzilla.redhat.com/show_bug.cgi?id=2243444>\n  * <https://moodle.org/mod/forum/discuss.php?d=451586>\n  * [http://git.moodle.org/gw?p=moodle.git&a=search&h=HEAD&st=commit&s=MDL-78820](http://git.moodle.org/gw?p=moodle.git&a=search&h=HEAD&st=commit&s=MDL-78820)\n  * [moodle/moodle@`100ac7c`](https://github.com/moodle/moodle/commit/100ac7c6467a7de2c05713a0a924984ff1593d53)\n\n",
    "Severity": {
        "Score": "3.3/ 10 (Low)",
        "CVSS base metrics": {
            "Attack vector": "Local",
            "Attack complexity": "Low",
            "Privileges required": "None",
            "User interaction": "Required",
            "Scope": "Unchanged",
            "Confidentiality": "Low",
            "Integrity": "None",
            "Availability": "None"
        },
        "CVSS string": "CVSS:3.1/AV:L/AC:L/PR:N/UI:R/S:U/C:L/I:N/A:N"
    },
    "Weaknesses": [
        "[CWE-200](/advisories?query=cwe%3A200)"
    ],
    "CVE ID": "CVE-2023-5545",
    "GHSA ID": "GHSA-26fg-v32r-h663",
    "Source code": "[moodle/moodle](https://github.com/moodle/moodle)"
}