{
    "Title": "Apache Struts XSS Vulnerability",
    "Meta": {
        "Package": [
            "org.apache.struts:struts2-core([Maven](/advisories?query=ecosystem%3Amaven))"
        ],
        "Affected versions": [
            ">= 2.0.0, < 2.3.28"
        ],
        "Patched versions": [
            "2.3.28"
        ]
    },
    "Description": "Apache Struts 2.x before 2.3.28 does not sanitize text in the Locale object\nconstructed by I18NInterceptor, which might allow remote attackers to conduct\ncross-site scripting (XSS) attacks via unspecified vectors involving language\ndisplay.\n\n### References\n\n  * <https://nvd.nist.gov/vuln/detail/CVE-2016-2162>\n  * <http://struts.apache.org/docs/s2-030.html>\n  * <https://web.archive.org/web/20210123095722/http://www.securityfocus.com/bid/85070>\n  * <https://web.archive.org/web/20210801130539/http://www.securitytracker.com/id/1035272>\n  * <https://github.com/apache/struts/blob/f511034acd7b97e07d281169b38e2af40c94903d/core/src/main/java/org/apache/struts2/interceptor/I18nInterceptor.java>\n\n",
    "Severity": {
        "Score": "6.1/ 10 (Moderate)",
        "CVSS base metrics": {
            "Attack vector": "Network",
            "Attack complexity": "Low",
            "Privileges required": "None",
            "User interaction": "Required",
            "Scope": "Changed",
            "Confidentiality": "Low",
            "Integrity": "Low",
            "Availability": "None"
        },
        "CVSS string": "CVSS:3.0/AV:N/AC:L/PR:N/UI:R/S:C/C:L/I:L/A:N"
    },
    "Weaknesses": [
        "[CWE-79](/advisories?query=cwe%3A79)"
    ],
    "CVE ID": "CVE-2016-2162",
    "GHSA ID": "GHSA-2j4q-9fff-236j",
    "Source code": "[apache/struts](https://github.com/apache/struts)"
}