{
    "Title": "RSA signature validation vulnerability on maleable encoded message in jsrsasign",
    "Meta": {
        "Package": [
            "jsrsasign([npm](/advisories?query=ecosystem%3Anpm))"
        ],
        "Affected versions": [
            "< 10.2.0"
        ],
        "Patched versions": [
            "10.2.0"
        ]
    },
    "Description": "### Impact\n\nVulnerable jsrsasign will accept RSA signature with improper PKCS#1.5 padding.  \nDecoded RSA signature value consists following form:  \n`01(ff...(8 or more ffs)...ff)00[ASN.1 OF DigestInfo]`  \nIts byte length must be the same as RSA key length, however such checking was\nnot sufficient.\n\nTo make crafted message for practical attack is very hard.\n\n### Patches\n\nUsers validating RSA signature should upgrade to 10.2.0 or later.\n\n### Workarounds\n\nThere is no workaround. Not to use RSA signature validation in jsrsasign.\n\n### ACKNOWLEDGEMENT\n\nThanks to Daniel Yahyazadeh [@yahyazadeh](https://github.com/yahyazadeh) for\nreporting and analyzing this vulnerability.\n\n### References\n\n  * [GHSA-27fj-mc8w-j9wg](https://github.com/kjur/jsrsasign/security/advisories/GHSA-27fj-mc8w-j9wg \"GHSA-27fj-mc8w-j9wg\")\n  * <https://nvd.nist.gov/vuln/detail/CVE-2021-30246>\n  * [kjur/jsrsasign#478](https://github.com/kjur/jsrsasign/issues/478)\n  * <https://github.com/kjur/jsrsasign/releases/tag/10.1.13>\n  * <https://kjur.github.io/jsrsasign/>\n\n",
    "Severity": {
        "Score": "9.1/ 10 (Critical)",
        "CVSS base metrics": {
            "Attack vector": "Network",
            "Attack complexity": "Low",
            "Privileges required": "None",
            "User interaction": "None",
            "Scope": "Unchanged",
            "Confidentiality": "High",
            "Integrity": "High",
            "Availability": "None"
        },
        "CVSS string": "CVSS:3.1/AV:N/AC:L/PR:N/UI:N/S:U/C:H/I:H/A:N"
    },
    "Weaknesses": [
        "[CWE-347](/advisories?query=cwe%3A347)"
    ],
    "CVE ID": "CVE-2021-30246",
    "GHSA ID": "GHSA-27fj-mc8w-j9wg",
    "Source code": "No known source code"
}