{
    "Title": "Jenkins vSphere Plugin Cross-Site Request Forgery vulnerability",
    "Meta": {
        "Package": [
            "org.jenkins-ci.plugins:vsphere-cloud([Maven](/advisories?query=ecosystem%3Amaven))"
        ],
        "Affected versions": [
            "<= 2.16"
        ],
        "Patched versions": [
            "2.17"
        ]
    },
    "Description": "A cross-site request forgery vulnerability exists in Jenkins vSphere Plugin\n2.16 and older in Clone.java, CloudSelectorParameter.java,\nConvertToTemplate.java, ConvertToVm.java, Delete.java, DeleteSnapshot.java,\nDeploy.java, ExposeGuestInfo.java, FolderVSphereCloudProperty.java,\nPowerOff.java, PowerOn.java, Reconfigure.java, Rename.java,\nRenameSnapshot.java, RevertToSnapshot.java, SuspendVm.java, TakeSnapshot.java,\nVSphereBuildStepContainer.java, vSphereCloudProvisionedSlave.java,\nvSphereCloudSlave.java, vSphereCloudSlaveTemplate.java,\nVSphereConnectionConfig.java, vSphereStep.java that allows attackers to\nperform form validation related actions, including sending numerous requests\nto the configured vSphere server, potentially resulting in denial of service,\nor send credentials stored in Jenkins with known ID to an attacker-specified\nserver (\"test connection\"). Additionally, these form validation methods did\nnot require POST requests, resulting in a CSRF vulnerability. As of version\n2.17, these form validation methods require POST requests and appropriate user\npermissions.\n\n### References\n\n  * <https://nvd.nist.gov/vuln/detail/CVE-2018-1000153>\n  * <https://jenkins.io/security/advisory/2018-03-26/#SECURITY-745>\n\n",
    "Severity": {
        "Score": "8.8/ 10 (High)",
        "CVSS base metrics": {
            "Attack vector": "Network",
            "Attack complexity": "Low",
            "Privileges required": "None",
            "User interaction": "Required",
            "Scope": "Unchanged",
            "Confidentiality": "High",
            "Integrity": "High",
            "Availability": "High"
        },
        "CVSS string": "CVSS:3.0/AV:N/AC:L/PR:N/UI:R/S:U/C:H/I:H/A:H"
    },
    "Weaknesses": [
        "[CWE-352](/advisories?query=cwe%3A352)"
    ],
    "CVE ID": "CVE-2018-1000153",
    "GHSA ID": "GHSA-2g32-2j8w-2qgf",
    "Source code": "[jenkinsci/vsphere-cloud-plugin](https://github.com/jenkinsci/vsphere-cloud-plugin)"
}