{
    "Title": "Jenkins Folders Plugin cross-site request forgery vulnerability",
    "Meta": {
        "Package": [
            "org.jenkins-ci.plugins:cloudbees-folder([Maven](/advisories?query=ecosystem%3Amaven))"
        ],
        "Affected versions": [
            "< 6.848.ve3b"
        ],
        "Patched versions": [
            "6.848.ve3b"
        ]
    },
    "Description": "Jenkins Folders Plugin 6.846.v23698686f0f6 and earlier does not require POST\nrequests for an HTTP endpoint, resulting in a cross-site request forgery\n(CSRF) vulnerability.\n\nThis vulnerability allows attackers to copy a view inside a folder.\n\nFolders Plugin 6.848.ve3b_fd7839a_81 requires POST requests for the affected\nHTTP endpoint.\n\n### References\n\n  * <https://nvd.nist.gov/vuln/detail/CVE-2023-40337>\n  * <https://www.jenkins.io/security/advisory/2023-08-16/#SECURITY-3105>\n  * <http://www.openwall.com/lists/oss-security/2023/08/16/3>\n\n",
    "Severity": {
        "Score": "4.3/ 10 (Moderate)",
        "CVSS base metrics": {
            "Attack vector": "Network",
            "Attack complexity": "Low",
            "Privileges required": "None",
            "User interaction": "Required",
            "Scope": "Unchanged",
            "Confidentiality": "None",
            "Integrity": "Low",
            "Availability": "None"
        },
        "CVSS string": "CVSS:3.1/AV:N/AC:L/PR:N/UI:R/S:U/C:N/I:L/A:N"
    },
    "Weaknesses": [
        "[CWE-352](/advisories?query=cwe%3A352)"
    ],
    "CVE ID": "CVE-2023-40337",
    "GHSA ID": "GHSA-22c3-whjv-hrfm",
    "Source code": "No known source code"
}