{
    "Title": "Jenkins mabl Plugin missing permission check",
    "Meta": {
        "Package": [
            "com.mabl.integration.jenkins:mabl-integration([Maven](/advisories?query=ecosystem%3Amaven))"
        ],
        "Affected versions": [
            "< 0.0.47"
        ],
        "Patched versions": [
            "0.0.47"
        ]
    },
    "Description": "Jenkins mabl Plugin 0.0.46 and earlier does not perform a permission check in\nan HTTP endpoint.\n\nThis allows attackers with Overall/Read permission to enumerate credentials\nIDs of credentials stored in Jenkins. Those can be used as part of an attack\nto capture the credentials using another vulnerability.\n\nAn enumeration of credentials IDs in mabl Plugin 0.0.47 requires the\nappropriate permissions.\n\n### References\n\n  * <https://nvd.nist.gov/vuln/detail/CVE-2023-37950>\n  * <https://www.jenkins.io/security/advisory/2023-07-12/#SECURITY-3137%20(1)>\n  * <http://www.openwall.com/lists/oss-security/2023/07/12/2>\n\n",
    "Severity": {
        "Score": "4.3/ 10 (Moderate)",
        "CVSS base metrics": {
            "Attack vector": "Network",
            "Attack complexity": "Low",
            "Privileges required": "Low",
            "User interaction": "None",
            "Scope": "Unchanged",
            "Confidentiality": "Low",
            "Integrity": "None",
            "Availability": "None"
        },
        "CVSS string": "CVSS:3.1/AV:N/AC:L/PR:L/UI:N/S:U/C:L/I:N/A:N"
    },
    "Weaknesses": [
        "[CWE-862](/advisories?query=cwe%3A862)"
    ],
    "CVE ID": "CVE-2023-37950",
    "GHSA ID": "GHSA-23rr-6phq-5p65",
    "Source code": "No known source code"
}