{
    "Title": "Swift-corelibs-foundation denial of service in JSON decoding with JSONDecoder",
    "Meta": {
        "Package": [
            "github.com/apple/swift-corelibs-foundation([Swift](/advisories?query=ecosystem%3Aswift))"
        ],
        "Affected versions": [
            "< 5.6.2"
        ],
        "Patched versions": [
            "5.6.2"
        ]
    },
    "Description": "### Impact\n\nA program using swift-corelibs-foundation is vulnerable to a denial of service\nattack caused by a potentially malicious source producing a JSON document\ncontaining a type mismatch.\n\nThis vulnerability is caused by the interaction between a deserialization\nmechanism offered by the Swift standard library, the Codable protocol; and the\nJSONDecoder class offered by swift-corelibs-foundation, which can deserialize\ntypes that adopt the Codable protocol based on the content of a provided JSON\ndocument. When a type that adopts Codable requests the initialization of a\nfield with an integer value, the JSONDecoder class uses a type-erased\ncontainer with different accessor methods to attempt and coerce a\ncorresponding JSON value and produce an integer. In the case the JSON value\nwas a numeric literal with a floating-point portion, JSONDecoder used\ndifferent type-eraser methods during validation than it did during the final\ncasting of the value. The checked casting produces a deterministic crash due\nto this mismatch.\n\nThe JSONDecoder class is often wrapped by popular Swift-based web frameworks\nto parse the body of HTTP requests and perform basic type validation. This\nmakes the attack low-effort: sending a specifically crafted JSON document\nduring a request to these endpoints will cause them to crash.\n\nThe attack does not have any confidentiality or integrity risks in and of\nitself; the crash is produced deterministically by an abort function that\nensures that execution does not continue in the face of this violation of\nassumptions. However, unexpected crashes can lead to violations of invariants\nin services, so it's possible that this attack can be used to trigger error\nconditions that escalate the risk. Producing a denial of service may also be\nthe goal of an attacker in itself.\n\n### Resolution\n\nThis issue is solved in Swift 5.6.2 for Linux and Windows. This issue was\nsolved by ensuring that the same methods are invoked both when validating and\nduring casting, so that no type mismatch occurs.\n\nSwift for Linux and Windows versions are not ABI-interchangeable. To upgrade a\nservice, its owner must update to this version of the Swift toolchain, then\nrecompile and redeploy their software. The new version of Swift includes an\nupdated swift-corelibs-foundation package.\n\nThe resolution is also included in recent development snapshots of Swift\navailable on swift.org for those platforms.\n\nVersions of Swift running on Darwin-based operating systems are not affected.\n\n### Workarounds\n\nUsers that can control which payload is parsed with JSONDecoder can ensure\nthat fields that are intended to initialize Swift integer types use a JSON\nnumeric constant without a fractional part. This will avoid the crash, but it\nis rare that a user has full control on the JSON payload they will parse.\n\nAs a workaround, users that can alter their current software but cannot\nperform an upgrade can perform JSON parsing directly (e.g., through the\nJSONSerialization class) rather than using the JSONDecoder class.\n\n### References\n\n  * [GHSA-239c-6cv2-wwx8](https://github.com/apple/swift-corelibs-foundation/security/advisories/GHSA-239c-6cv2-wwx8 \"GHSA-239c-6cv2-wwx8\")\n  * <https://nvd.nist.gov/vuln/detail/CVE-2022-1642>\n  * [apple/swift-corelibs-foundation@`b541491`](https://github.com/apple/swift-corelibs-foundation/commit/b541491f73b39007a38f3ff5a0cbe89d09ef1614)\n\n",
    "Severity": {
        "Score": "7.5/ 10 (High)",
        "CVSS base metrics": {
            "Attack vector": "Network",
            "Attack complexity": "Low",
            "Privileges required": "None",
            "User interaction": "None",
            "Scope": "Unchanged",
            "Confidentiality": "None",
            "Integrity": "None",
            "Availability": "High"
        },
        "CVSS string": "CVSS:3.1/AV:N/AC:L/PR:N/UI:N/S:U/C:N/I:N/A:H"
    },
    "Weaknesses": [
        "[CWE-704](/advisories?query=cwe%3A704)"
    ],
    "CVE ID": "CVE-2022-1642",
    "GHSA ID": "GHSA-239c-6cv2-wwx8",
    "Source code": "[apple/swift-corelibs-foundation](https://github.com/apple/swift-corelibs-foundation)"
}