{
    "Title": "Use after free in `DecodePng` kernel",
    "Meta": {
        "Package": [
            "tensorflow([pip](/advisories?query=ecosystem%3Apip))"
        ],
        "Affected versions": [
            "< 2.5.3",
            ">= 2.6.0, < 2.6.3",
            "= 2.7.0"
        ],
        "Patched versions": [
            "2.5.3",
            "2.6.3",
            "2.7.1"
        ]
    },
    "Description": "### Impact\n\nA malicious user can cause a use after free behavior when [decoding PNG\nimages](https://github.com/tensorflow/tensorflow/blob/a1320ec1eac186da1d03f033109191f715b2b130/tensorflow/core/kernels/image/decode_image_op.cc#L339-L346):\n\n    \n    \n    if (/* ... error conditions ... */) {\n      png::CommonFreeDecode(&decode);\n      OP_REQUIRES(context, false,\n                  errors::InvalidArgument(\"PNG size too large for int: \",\n                                          decode.width, \" by \", decode.height));\n    }   \n\nAfter `png::CommonFreeDecode(&decode)` gets called, the values of\n`decode.width` and `decode.height` are in an unspecified state.\n\n### Patches\n\nWe have patched the issue in GitHub commit\n[e746adbfcfee15e9cfdb391ff746c765b99bdf9b](https://github.com/tensorflow/tensorflow/commit/e746adbfcfee15e9cfdb391ff746c765b99bdf9b).\n\nThe fix will be included in TensorFlow 2.8.0. We will also cherrypick this\ncommit on TensorFlow 2.7.1, TensorFlow 2.6.3, and TensorFlow 2.5.3, as these\nare also affected and still in supported range.\n\n### For more information\n\nPlease consult [our security\nguide](https://github.com/tensorflow/tensorflow/blob/master/SECURITY.md) for\nmore information regarding the security model and how to contact us with\nissues and questions.\n\n### References\n\n  * [GHSA-24x4-6qmh-88qg](https://github.com/tensorflow/tensorflow/security/advisories/GHSA-24x4-6qmh-88qg \"GHSA-24x4-6qmh-88qg\")\n  * [tensorflow/tensorflow@`e746adb`](https://github.com/tensorflow/tensorflow/commit/e746adbfcfee15e9cfdb391ff746c765b99bdf9b)\n  * <https://github.com/tensorflow/tensorflow/blob/a1320ec1eac186da1d03f033109191f715b2b130/tensorflow/core/kernels/image/decode_image_op.cc#L339-L346>\n  * <https://nvd.nist.gov/vuln/detail/CVE-2022-23584>\n\n",
    "Severity": {
        "Score": "7.6/ 10 (High)",
        "CVSS base metrics": {
            "Attack vector": "Network",
            "Attack complexity": "Low",
            "Privileges required": "Low",
            "User interaction": "None",
            "Scope": "Unchanged",
            "Confidentiality": "Low",
            "Integrity": "Low",
            "Availability": "High"
        },
        "CVSS string": "CVSS:3.1/AV:N/AC:L/PR:L/UI:N/S:U/C:L/I:L/A:H"
    },
    "Weaknesses": [
        "[CWE-416](/advisories?query=cwe%3A416)"
    ],
    "CVE ID": "CVE-2022-23584",
    "GHSA ID": "GHSA-24x4-6qmh-88qg",
    "Source code": "[tensorflow/tensorflow/](https://github.com/tensorflow/tensorflow/)"
}