{
    "Title": "Duplicate of GHSA-m77f-652q-wwp4",
    "Meta": {
        "Package": [
            "axum-core([Rust](/advisories?query=ecosystem%3Arust))"
        ],
        "Affected versions": [
            "< 0.2.8",
            "= 0.3.0-rc.1"
        ],
        "Patched versions": [
            "0.2.8",
            "0.3.0-rc.2"
        ]
    },
    "Description": "## Duplicate advisory\n\nThis advisory is a duplicate of\n[GHSA-m77f-652q-wwp4](https://github.com/advisories/GHSA-m77f-652q-wwp4). This\nlink is maintained to preserve external references.\n\n## Original Description\n\n<bytes::Bytes as axum_core::extract::FromRequest>::from_request would not, by\ndefault, set a limit for the size of the request body. That meant if a\nmalicious peer would send a very large (or infinite) body your server might\nrun out of memory and crash. This also applies to these extractors which used\nBytes::from_request internally: axum::extract::Form axum::extract::Json String\n\n### References\n\n  * <https://nvd.nist.gov/vuln/detail/CVE-2022-3212>\n  * <https://research.jfrog.com/vulnerabilities/axum-core-dos/>\n  * <https://rustsec.org/advisories/RUSTSEC-2022-0055.html>\n\n",
    "Severity": {
        "Score": "7.5/ 10 (High)",
        "CVSS base metrics": {
            "Attack vector": "Network",
            "Attack complexity": "Low",
            "Privileges required": "None",
            "User interaction": "None",
            "Scope": "Unchanged",
            "Confidentiality": "None",
            "Integrity": "None",
            "Availability": "High"
        },
        "CVSS string": "CVSS:3.1/AV:N/AC:L/PR:N/UI:N/S:U/C:N/I:N/A:H"
    },
    "Weaknesses": [
        "[CWE-770](/advisories?query=cwe%3A770)"
    ],
    "CVE ID": "No known CVE",
    "GHSA ID": "GHSA-2gg5-7c4v-6xx2",
    "Source code": "No known source code"
}