{
    "Title": "Insecure Credential Storage in web3",
    "Meta": {
        "Package": [
            "web3([npm](/advisories?query=ecosystem%3Anpm))"
        ],
        "Affected versions": [
            "<= 1.5.2"
        ],
        "Patched versions": [
            "None"
        ]
    },
    "Description": "All versions of `web3` are vulnerable to Insecure Credential Storage. The\npackage stores encrypted wallets in local storage and requires a password to\nload the wallet. Once the wallet is loaded, the private key is accessible via\nLocalStorage. Exploiting this vulnerability likely requires a Cross-Site\nScripting vulnerability to access the private key.\n\n## Recommendation\n\nNo fix is currently available. Consider using an alternative module until a\nfix is made available.\n\n### References\n\n  * [web3/web3.js#2739](https://github.com/web3/web3.js/issues/2739)\n  * <https://snyk.io/vuln/SNYK-JS-WEB3-174533>\n  * <https://www.npmjs.com/advisories/877>\n\n",
    "Severity": {
        "Score": "3.3/ 10 (Low)",
        "CVSS base metrics": {
            "Attack vector": "Local",
            "Attack complexity": "Low",
            "Privileges required": "Low",
            "User interaction": "None",
            "Scope": "Unchanged",
            "Confidentiality": "Low",
            "Integrity": "None",
            "Availability": "None"
        },
        "CVSS string": "CVSS:3.1/AV:L/AC:L/PR:L/UI:N/S:U/C:L/I:N/A:N"
    },
    "Weaknesses": [],
    "CVE ID": "No known CVE",
    "GHSA ID": "GHSA-27v7-qhfv-rqq8",
    "Source code": "[ethereum/web3.js](https://github.com/ethereum/web3.js)"
}