{
    "Title": "dhowden tag panic due to out-of-bounds read",
    "Meta": {
        "Package": [
            "github.com/dhowden/tag([Go](/advisories?query=ecosystem%3Ago))"
        ],
        "Affected versions": [
            "< 0.0.0-20201120070457-d52dcb253c63"
        ],
        "Patched versions": [
            "0.0.0-20201120070457-d52dcb253c63"
        ]
    },
    "Description": "Due to improper bounds checking, a number of methods in dhowden tag before\n0.0.0-20201120070457-d52dcb253c63 can trigger a panic due to attempted out-of-\nbounds reads. If the package is used to parse user supplied input, this may be\nused as a vector for a denial of service attack.\n\n### References\n\n  * <https://nvd.nist.gov/vuln/detail/CVE-2020-29244>\n  * [dhowden/tag#79](https://github.com/dhowden/tag/issues/79)\n  * [dhowden/tag@`4b595ed`](https://github.com/dhowden/tag/commit/4b595ed4fac79f467594aa92f8953f90f817116e)\n  * [dhowden/tag@`6b18201`](https://github.com/dhowden/tag/commit/6b18201aa5c5535511802ddfb4e4117686b4866d)\n  * [dhowden/tag@`a922134`](https://github.com/dhowden/tag/commit/a92213460e4838490ce3066ef11dc823cdc1740e)\n  * [dhowden/tag@`d52dcb2`](https://github.com/dhowden/tag/commit/d52dcb253c63a153632bfee5f269dd411dcd8e96)\n  * <https://pkg.go.dev/vuln/GO-2021-0097>\n\n",
    "Severity": {
        "Score": "6.5/ 10 (Moderate)",
        "CVSS base metrics": {
            "Attack vector": "Network",
            "Attack complexity": "Low",
            "Privileges required": "None",
            "User interaction": "Required",
            "Scope": "Unchanged",
            "Confidentiality": "None",
            "Integrity": "None",
            "Availability": "High"
        },
        "CVSS string": "CVSS:3.1/AV:N/AC:L/PR:N/UI:R/S:U/C:N/I:N/A:H"
    },
    "Weaknesses": [
        "[CWE-129](/advisories?query=cwe%3A129)"
    ],
    "CVE ID": "CVE-2020-29244",
    "GHSA ID": "GHSA-27mh-3343-6hg5",
    "Source code": "[dhowden/tag](https://github.com/dhowden/tag)"
}