{
    "Title": "Apache NiFi Insufficient Property Validation vulnerability",
    "Meta": {
        "Package": [
            "org.apache.nifi:nifi-dbcp-base([Maven](/advisories?query=ecosystem%3Amaven))"
        ],
        "Affected versions": [
            ">= 1.21.0, < 1.23.1"
        ],
        "Patched versions": [
            "1.23.1"
        ]
    },
    "Description": "Apache NiFi 1.21.0 through 1.23.0 support JDBC and JNDI JMS access in several\nProcessors and Controller Services with connection URL validation that does\nnot provide sufficient protection against crafted inputs. An authenticated and\nauthorized user can bypass connection URL validation using custom input\nformatting. The resolution enhances connection URL validation and introduces\nvalidation for additional related properties. Upgrading to Apache NiFi 1.23.1\nis the recommended mitigation.\n\n### References\n\n  * <https://nvd.nist.gov/vuln/detail/CVE-2023-40037>\n  * <https://lists.apache.org/thread/bqbjlrs2p5ghh8sbk5nsxb8xpf9l687q>\n  * <https://nifi.apache.org/security.html#CVE-2023-40037>\n  * <http://www.openwall.com/lists/oss-security/2023/08/18/2>\n  * [apache/nifi#7586](https://github.com/apache/nifi/pull/7586)\n  * [apache/nifi@`064550a`](https://github.com/apache/nifi/commit/064550aacc189f39d7ddd2c0446068adf250f1bf)\n  * <https://issues.apache.org/jira/browse/NIFI-11920>\n\n",
    "Severity": {
        "Score": "6.5/ 10 (Moderate)",
        "CVSS base metrics": {
            "Attack vector": "Network",
            "Attack complexity": "Low",
            "Privileges required": "Low",
            "User interaction": "None",
            "Scope": "Unchanged",
            "Confidentiality": "None",
            "Integrity": "High",
            "Availability": "None"
        },
        "CVSS string": "CVSS:3.1/AV:N/AC:L/PR:L/UI:N/S:U/C:N/I:H/A:N"
    },
    "Weaknesses": [
        "[CWE-184](/advisories?query=cwe%3A184)",
        "[CWE-697](/advisories?query=cwe%3A697)"
    ],
    "CVE ID": "CVE-2023-40037",
    "GHSA ID": "GHSA-23qf-3jf9-h3q9",
    "Source code": "[apache/nifi](https://github.com/apache/nifi)"
}