{
    "Title": "Moodle Reveals Student Information Meant To Be Anonymous",
    "Meta": {
        "Package": [
            "moodle/moodle([Composer](/advisories?query=ecosystem%3Acomposer))"
        ],
        "Affected versions": [
            ">= 2.6.0, <= 2.6.2",
            ">= 2.5.0, <= 2.5.5",
            ">= 2.4.0, <= 2.4.9"
        ],
        "Patched versions": [
            "2.7.0",
            "2.5.6",
            "2.4.10"
        ]
    },
    "Description": "The blind-marking implementation in Moodle through 2.3.11, 2.4.x before\n2.4.10, 2.5.x before 2.5.6, and 2.6.x before 2.6.3 allows remote authenticated\nusers to de-anonymize student identities by (1) using a screen reader or (2)\nreading the HTML source.\n\n### References\n\n  * <https://nvd.nist.gov/vuln/detail/CVE-2014-0215>\n  * <https://moodle.org/mod/forum/discuss.php?d=260363>\n  * <http://openwall.com/lists/oss-security/2014/05/19/1>\n\n",
    "Severity": {
        "Score": "(Moderate)"
    },
    "Weaknesses": [
        "[CWE-200](/advisories?query=cwe%3A200)"
    ],
    "CVE ID": "CVE-2014-0215",
    "GHSA ID": "GHSA-2fmv-j5xj-4fmq",
    "Source code": "No known source code"
}