{
    "Title": "Uncontrolled Resource Consumption in strapi",
    "Meta": {
        "Package": [
            "strapi([npm](/advisories?query=ecosystem%3Anpm))"
        ],
        "Affected versions": [
            "<= 3.0.0-beta.18.3"
        ],
        "Patched versions": [
            "3.0.0-beta.18.4"
        ]
    },
    "Description": "A denial of service exists in strapi v3.0.0-beta.18.3 and earlier that can be\nabused in the admin console using admin rights can lead to arbitrary restart\nof the application.\n\n### References\n\n  * <https://nvd.nist.gov/vuln/detail/CVE-2020-8123>\n  * [strapi/strapi@`c0c191c`](https://github.com/strapi/strapi/commit/c0c191c08f05fe10d7a6b1bf9475c1a651a89362)\n  * <https://hackerone.com/reports/768574>\n\n",
    "Severity": {
        "Score": "4.9/ 10 (Moderate)",
        "CVSS base metrics": {
            "Attack vector": "Network",
            "Attack complexity": "Low",
            "Privileges required": "High",
            "User interaction": "None",
            "Scope": "Unchanged",
            "Confidentiality": "None",
            "Integrity": "None",
            "Availability": "High"
        },
        "CVSS string": "CVSS:3.1/AV:N/AC:L/PR:H/UI:N/S:U/C:N/I:N/A:H"
    },
    "Weaknesses": [
        "[CWE-400](/advisories?query=cwe%3A400)"
    ],
    "CVE ID": "CVE-2020-8123",
    "GHSA ID": "GHSA-23fp-fmrv-f5px",
    "Source code": "No known source code"
}