{
    "Title": "BlockWishList SQL Injection vulnerability",
    "Meta": {
        "Package": [
            "prestashop/blockwishlist([Composer](/advisories?query=ecosystem%3Acomposer))"
        ],
        "Affected versions": [
            ">= 2.0.0, < 2.1.1"
        ],
        "Patched versions": [
            "2.1.1"
        ]
    },
    "Description": "### Impact\n\nAn authenticated customer can perform SQL injection\n\n### Patches\n\nIssue is fixed in 2.1.1\n\n### References\n\n  * [GHSA-2jx3-5j9v-prpp](https://github.com/PrestaShop/blockwishlist/security/advisories/GHSA-2jx3-5j9v-prpp \"GHSA-2jx3-5j9v-prpp\")\n  * <https://nvd.nist.gov/vuln/detail/CVE-2022-31101>\n  * [PrestaShop/blockwishlist@`b3ec4b8`](https://github.com/PrestaShop/blockwishlist/commit/b3ec4b85af5fd73f74d55390b226d221298ca084)\n  * <http://packetstormsecurity.com/files/168003/Prestashop-Blockwishlist-2.1.0-SQL-Injection.html>\n\n",
    "Severity": {
        "Score": "8.1/ 10 (High)",
        "CVSS base metrics": {
            "Attack vector": "Network",
            "Attack complexity": "Low",
            "Privileges required": "Low",
            "User interaction": "None",
            "Scope": "Unchanged",
            "Confidentiality": "High",
            "Integrity": "High",
            "Availability": "None"
        },
        "CVSS string": "CVSS:3.1/AV:N/AC:L/PR:L/UI:N/S:U/C:H/I:H/A:N"
    },
    "Weaknesses": [
        "[CWE-89](/advisories?query=cwe%3A89)"
    ],
    "CVE ID": "CVE-2022-31101",
    "GHSA ID": "GHSA-2jx3-5j9v-prpp",
    "Source code": "[PrestaShop/blockwishlist](https://github.com/PrestaShop/blockwishlist)"
}