{
    "Title": "Cross-site Scripting in the yoast_seo TYPO3 extension",
    "Meta": {
        "Package": [
            "yoast-seo-for-typo3/yoast_seo([Composer](/advisories?query=ecosystem%3Acomposer))"
        ],
        "Affected versions": [
            "< 7.2.3"
        ],
        "Patched versions": [
            "7.2.3"
        ]
    },
    "Description": "The extension fails to properly encode user input for output in HTML context.\nA TYPO3 backend user account is required to exploit the vulnerability.\n\n### References\n\n  * <https://nvd.nist.gov/vuln/detail/CVE-2021-36788>\n  * [Yoast/Yoast-SEO-for-TYPO3@`a8278da`](https://github.com/Yoast/Yoast-SEO-for-TYPO3/commit/a8278dae97dce8cd0722d38f7f5a30b563668590)\n  * <https://typo3.org/security/advisory/typo3-ext-sa-2021-012>\n\n",
    "Severity": {
        "Score": "5.4/ 10 (Moderate)",
        "CVSS base metrics": {
            "Attack vector": "Network",
            "Attack complexity": "Low",
            "Privileges required": "Low",
            "User interaction": "Required",
            "Scope": "Changed",
            "Confidentiality": "Low",
            "Integrity": "Low",
            "Availability": "None"
        },
        "CVSS string": "CVSS:3.1/AV:N/AC:L/PR:L/UI:R/S:C/C:L/I:L/A:N"
    },
    "Weaknesses": [
        "[CWE-79](/advisories?query=cwe%3A79)"
    ],
    "CVE ID": "CVE-2021-36788",
    "GHSA ID": "GHSA-28w5-j8xj-2xwc",
    "Source code": "[Yoast/Yoast-SEO-for-TYPO3](https://github.com/Yoast/Yoast-SEO-for-TYPO3)"
}