{
    "Title": "Data races in rusqlite",
    "Meta": {
        "Package": [
            "rusqlite([Rust](/advisories?query=ecosystem%3Arust))"
        ],
        "Affected versions": [
            "< 0.23.0"
        ],
        "Patched versions": [
            "0.23.0"
        ]
    },
    "Description": "An issue was discovered in the rusqlite crate before 0.23.0 for Rust. Memory\nsafety can be violated via create_module.\n\n### References\n\n  * <https://nvd.nist.gov/vuln/detail/CVE-2020-35867>\n  * [rusqlite/rusqlite@`3c6b57f`](https://github.com/rusqlite/rusqlite/commit/3c6b57fe1b2cc87e7ebecde43dd836ffb1c4ea5c)\n  * <https://github.com/rusqlite/rusqlite/releases/tag/0.23.0>\n  * <https://rustsec.org/advisories/RUSTSEC-2020-0014.html>\n\n",
    "Severity": {
        "Score": "9.8/ 10 (Critical)",
        "CVSS base metrics": {
            "Attack vector": "Network",
            "Attack complexity": "Low",
            "Privileges required": "None",
            "User interaction": "None",
            "Scope": "Unchanged",
            "Confidentiality": "High",
            "Integrity": "High",
            "Availability": "High"
        },
        "CVSS string": "CVSS:3.1/AV:N/AC:L/PR:N/UI:N/S:U/C:H/I:H/A:H"
    },
    "Weaknesses": [
        "[CWE-362](/advisories?query=cwe%3A362)"
    ],
    "CVE ID": "CVE-2020-35867",
    "GHSA ID": "GHSA-28ph-f7gx-fqj8",
    "Source code": "[rusqlite/rusqlite](https://github.com/rusqlite/rusqlite)"
}