{
    "Title": "XML External Entity (XXE) Injection in JDOM",
    "Meta": {
        "Package": [
            "org.jdom:jdom([Maven](/advisories?query=ecosystem%3Amaven))"
        ],
        "Affected versions": [
            "<= 2.0.6"
        ],
        "Patched versions": [
            "None"
        ]
    },
    "Description": "An XXE issue in SAXBuilder in JDOM through 2.0.6 allows attackers to cause a\ndenial of service via a crafted HTTP request. At this time there is not\nreleased fixed version of JDOM. As a workaround, to avoid external entities\nbeing expanded, one can call `builder.setExpandEntities(false)` and they won't\nbe expanded.\n\n### References\n\n  * <https://nvd.nist.gov/vuln/detail/CVE-2021-33813>\n  * [hunterhacker/jdom#188](https://github.com/hunterhacker/jdom/pull/188)\n  * <https://alephsecurity.com/vulns/aleph-2021003>\n  * <https://lists.apache.org/thread.html/r89b3800cfabb1e773e49425e5d4239c28a659839a2eca6af3431482e@%3Cissues.solr.apache.org%3E>\n  * <https://lists.apache.org/thread.html/r9974f64723875052e02787b2a5eda689ac5247c71b827d455e5dc9a6@%3Cissues.solr.apache.org%3E>\n  * <https://lists.apache.org/thread.html/rbc075a4ac85e7a8e47420b7383f16ffa0af3b792b8423584735f369f@%3Cissues.solr.apache.org%3E>\n  * <https://lists.debian.org/debian-lts-announce/2021/06/msg00026.html>\n  * <https://lists.debian.org/debian-lts-announce/2021/07/msg00012.html>\n  * <https://lists.apache.org/thread.html/r21c406c7ed88fe340db7dbae75e58355159e6c324037c7d5547bf40b@%3Cissues.solr.apache.org%3E>\n  * <https://lists.apache.org/thread.html/r5674106135bb1a6ef57483f4c63a9c44bca85d0e2a8a05895a8f1d89@%3Cissues.solr.apache.org%3E>\n  * <https://lists.apache.org/thread.html/r6db397ae7281ead825338200d1f62d2827585a70797cc9ac0c4bd23f@%3Cissues.solr.apache.org%3E>\n  * <https://lists.apache.org/thread.html/r845e987b7cd8efe610284958e997b84583f5a98d3394adc09e3482fe@%3Cissues.solr.apache.org%3E>\n  * <https://lists.apache.org/thread.html/rfb7a93e40ebeb1e0068cde0bf3834dcab46bb1ef06d6424db48ed9fd@%3Cdev.tika.apache.org%3E>\n  * [hunterhacker/jdom@`dd4f3c2`](https://github.com/hunterhacker/jdom/commit/dd4f3c2fc7893edd914954c73eb577f925a7d361)\n  * <https://lists.fedoraproject.org/archives/list/package-announce@lists.fedoraproject.org/message/AH46QHE5GIMT6BL6C3GDTOYF27JYILXM/>\n  * <https://lists.fedoraproject.org/archives/list/package-announce@lists.fedoraproject.org/message/EWFVYTHGILOQXUA7U3SPOERQXL7OPSZG/>\n  * <https://github.com/hunterhacker/jdom/releases>\n  * <https://www.oracle.com/security-alerts/cpuapr2022.html>\n  * <https://www.oracle.com/security-alerts/cpujul2022.html>\n\n",
    "Severity": {
        "Score": "7.5/ 10 (High)",
        "CVSS base metrics": {
            "Attack vector": "Network",
            "Attack complexity": "Low",
            "Privileges required": "None",
            "User interaction": "None",
            "Scope": "Unchanged",
            "Confidentiality": "None",
            "Integrity": "None",
            "Availability": "High"
        },
        "CVSS string": "CVSS:3.1/AV:N/AC:L/PR:N/UI:N/S:U/C:N/I:N/A:H"
    },
    "Weaknesses": [
        "[CWE-611](/advisories?query=cwe%3A611)"
    ],
    "CVE ID": "CVE-2021-33813",
    "GHSA ID": "GHSA-2363-cqg2-863c",
    "Source code": "[hunterhacker/jdom](https://github.com/hunterhacker/jdom)"
}