{
    "Title": "AVideo vulnerable to Improper Privilege Management",
    "Meta": {
        "Package": [
            "wwbn/avideo([Composer](/advisories?query=ecosystem%3Acomposer))"
        ],
        "Affected versions": [
            "< 8.9"
        ],
        "Patched versions": [
            "8.9"
        ]
    },
    "Description": "The import.json.php file before 8.9 for AVideo is vulnerable to a File\nDeletion vulnerability. This allows the deletion of configuration.php, causing\ncertain privilege checks to not be in place, leading to privilege escalation\nto admin. Local File Inclusion may also leak credentials and important files.\n\n### Patches\n\nUpgrade to version 8.9\n\n### References\n\n  * <https://nvd.nist.gov/vuln/detail/CVE-2020-23489>\n  * [WWBN/AVideo@`ecc5f40`](https://github.com/WWBN/AVideo/commit/ecc5f40470bbafff231133f58db1df70f47bfb33)\n  * <https://cube01.io/blog/Avideo-Remote-Code-Execution.html>\n  * [GHSA-46px-7w93-j5mw](https://github.com/WWBN/AVideo/security/advisories/GHSA-46px-7w93-j5mw \"GHSA-46px-7w93-j5mw\")\n  * [WWBN/AVideo#3117](https://github.com/WWBN/AVideo/issues/3117)\n\n",
    "Severity": {
        "Score": "8.8/ 10 (High)",
        "CVSS base metrics": {
            "Attack vector": "Network",
            "Attack complexity": "Low",
            "Privileges required": "Low",
            "User interaction": "None",
            "Scope": "Unchanged",
            "Confidentiality": "High",
            "Integrity": "High",
            "Availability": "High"
        },
        "CVSS string": "CVSS:3.1/AV:N/AC:L/PR:L/UI:N/S:U/C:H/I:H/A:H"
    },
    "Weaknesses": [
        "[CWE-269](/advisories?query=cwe%3A269)"
    ],
    "CVE ID": "CVE-2020-23489",
    "GHSA ID": "GHSA-2mgx-226x-8pwv",
    "Source code": "[WWBN/AVideo](https://github.com/WWBN/AVideo)"
}