{
    "Title": "Cross-site scripting in react-bootstrap-table",
    "Meta": {
        "Package": [
            "react-bootstrap-table([npm](/advisories?query=ecosystem%3Anpm))"
        ],
        "Affected versions": [
            "<= 4.3.1"
        ],
        "Patched versions": [
            "None"
        ]
    },
    "Description": "All versions of package react-bootstrap-table are vulnerable to Cross-site\nScripting (XSS) via the dataFormat parameter. The problem is triggered when an\ninvalid React element is returned, leading to dangerouslySetInnerHTML being\nused, which does not sanitize the output.\n\n### References\n\n  * <https://nvd.nist.gov/vuln/detail/CVE-2021-23398>\n  * [AllenFang/react-bootstrap-table#2071](https://github.com/AllenFang/react-bootstrap-table/issues/2071)\n  * <https://github.com/AllenFang/react-bootstrap-table/blob/26d07defab759e4f9bce22d1d568690830b8d9d7/src/TableBody.js%23L114-L118>\n  * <https://snyk.io/vuln/SNYK-JAVA-ORGWEBJARSNPM-1314286>\n  * <https://snyk.io/vuln/SNYK-JS-REACTBOOTSTRAPTABLE-1314285>\n\n",
    "Severity": {
        "Score": "6.1/ 10 (Moderate)",
        "CVSS base metrics": {
            "Attack vector": "Network",
            "Attack complexity": "Low",
            "Privileges required": "None",
            "User interaction": "Required",
            "Scope": "Changed",
            "Confidentiality": "Low",
            "Integrity": "Low",
            "Availability": "None"
        },
        "CVSS string": "CVSS:3.1/AV:N/AC:L/PR:N/UI:R/S:C/C:L/I:L/A:N"
    },
    "Weaknesses": [
        "[CWE-79](/advisories?query=cwe%3A79)"
    ],
    "CVE ID": "CVE-2021-23398",
    "GHSA ID": "GHSA-2589-w6xf-983r",
    "Source code": "No known source code"
}