{
    "Title": "Cross-Site Scripting in swagger-ui",
    "Meta": {
        "Package": [
            "swagger-ui([npm](/advisories?query=ecosystem%3Anpm))"
        ],
        "Affected versions": [
            "< 2.2.1"
        ],
        "Patched versions": [
            "2.2.1"
        ]
    },
    "Description": "Versions of `swagger-ui` prior to 2.2.1 are vulnerable to Cross-Site Scripting\n(XSS). The package fails to encode output in GET requests. The request is\nmeant to respond with Content-Type `application/json` which does not trigger\nthe vulnerability but if the web server changes the header to `text/html` it\nmay allow attackers to execute arbitrary JavaScript.\n\n## Recommendation\n\nUpgrade to version 2.2.1 or later.\n\n### References\n\n  * [swagger-api/swagger-ui#1154](https://github.com/swagger-api/swagger-ui/issues/1154)\n  * <https://www.npmjs.com/advisories/987>\n\n",
    "Severity": {
        "Score": "(Moderate)"
    },
    "Weaknesses": [
        "[CWE-79](/advisories?query=cwe%3A79)"
    ],
    "CVE ID": "No known CVE",
    "GHSA ID": "GHSA-22q9-hqm5-mhmc",
    "Source code": "[swagger-api/swagger-ui](https://github.com/swagger-api/swagger-ui)"
}