{
    "Title": "Cross-site Scripting (XSS) in DataObjects QuantityValue Unit Definition",
    "Meta": {
        "Package": [
            "pimcore/pimcore([Composer](/advisories?query=ecosystem%3Acomposer))"
        ],
        "Affected versions": [
            "< 10.5.21"
        ],
        "Patched versions": [
            "10.5.21"
        ]
    },
    "Description": "### Impact\n\nThis vulnerability has the potential to steal a user's cookie and gain\nunauthorized access to that user's account through the stolen cookie or\nredirect users to other malicious sites.\n\n### Patches\n\nUpdate to version 10.5.21 or apply these patches manually\n<https://github.com/pimcore/pimcore/commit/e3562bfe249c557d15474c9a0acd5e06628521fe.patch>  \n<https://github.com/pimcore/pimcore/commit/b9c9ca2371aa643dbc4caca162ff3400266ff96f.patch>\n\n### Workarounds\n\nApply patches:  \n<https://github.com/pimcore/pimcore/commit/e3562bfe249c557d15474c9a0acd5e06628521fe.patch>  \n<https://github.com/pimcore/pimcore/commit/b9c9ca2371aa643dbc4caca162ff3400266ff96f.patch>\n\n### References\n\n<https://huntr.dev/bounties/01a44584-e36b-46f4-ad94-53af488397f6/>\n\n### References\n\n  * [GHSA-2295-vh28-pphc](https://github.com/pimcore/pimcore/security/advisories/GHSA-2295-vh28-pphc \"GHSA-2295-vh28-pphc\")\n  * <https://nvd.nist.gov/vuln/detail/CVE-2023-2328>\n  * [pimcore/pimcore@`e3562bf`](https://github.com/pimcore/pimcore/commit/e3562bfe249c557d15474c9a0acd5e06628521fe)\n  * <https://huntr.dev/bounties/01a44584-e36b-46f4-ad94-53af488397f6>\n\n",
    "Severity": {
        "Score": "5.2/ 10 (Moderate)",
        "CVSS base metrics": {
            "Attack vector": "Local",
            "Attack complexity": "Low",
            "Privileges required": "High",
            "User interaction": "Required",
            "Scope": "Changed",
            "Confidentiality": "Low",
            "Integrity": "Low",
            "Availability": "Low"
        },
        "CVSS string": "CVSS:3.0/AV:L/AC:L/PR:H/UI:R/S:C/C:L/I:L/A:L"
    },
    "Weaknesses": [
        "[CWE-79](/advisories?query=cwe%3A79)"
    ],
    "CVE ID": "CVE-2023-2328",
    "GHSA ID": "GHSA-2295-vh28-pphc",
    "Source code": "[pimcore/pimcore](https://github.com/pimcore/pimcore)"
}