{
    "Title": "Code execution in Apache Struts 1 plugin",
    "Meta": {
        "Package": [
            "org.apache.struts:struts2-struts1-plugin([Maven](/advisories?query=ecosystem%3Amaven))"
        ],
        "Affected versions": [
            "<= 2.3.37"
        ],
        "Patched versions": [
            "None"
        ]
    },
    "Description": "The Struts 1 plugin used with Apache Struts 2.1.x and 2.3.x might allow remote\ncode execution via a malicious field value passed in a raw message to the\nActionMessage.\n\n### References\n\n  * <https://nvd.nist.gov/vuln/detail/CVE-2017-9791>\n  * <https://security.netapp.com/advisory/ntap-20180706-0002/>\n  * <https://www.exploit-db.com/exploits/42324/>\n  * <https://www.exploit-db.com/exploits/44643/>\n  * <http://struts.apache.org/docs/s2-048.html>\n  * [apache/struts@`ffe0e20`](https://github.com/apache/struts/commit/ffe0e20edd9d5386f4410fddd970286a69373243)\n\n",
    "Severity": {
        "Score": "9.8/ 10 (Critical)",
        "CVSS base metrics": {
            "Attack vector": "Network",
            "Attack complexity": "Low",
            "Privileges required": "None",
            "User interaction": "None",
            "Scope": "Unchanged",
            "Confidentiality": "High",
            "Integrity": "High",
            "Availability": "High"
        },
        "CVSS string": "CVSS:3.1/AV:N/AC:L/PR:N/UI:N/S:U/C:H/I:H/A:H"
    },
    "Weaknesses": [
        "[CWE-20](/advisories?query=cwe%3A20)"
    ],
    "CVE ID": "CVE-2017-9791",
    "GHSA ID": "GHSA-29rm-6752-gvwv",
    "Source code": "No known source code"
}