{
    "Title": "Path Traversal in http-live-simulator",
    "Meta": {
        "Package": [
            "http-live-simulator([npm](/advisories?query=ecosystem%3Anpm))"
        ],
        "Affected versions": [
            "< 1.0.6"
        ],
        "Patched versions": [
            "1.0.6"
        ]
    },
    "Description": "Versions of `http-live-simulator` prior to 1.0.6 are vulnerable to Path\nTraversal. Due to insufficient input sanitization, attackers can access server\nfiles by using relative paths.\n\n## Recommendation\n\nUpgrade to version 1.0.6\n\n### References\n\n  * <https://nvd.nist.gov/vuln/detail/CVE-2019-5423>\n  * <https://hackerone.com/reports/384939>\n  * [GHSA-2hhw-p8mg-jrm6](https://github.com/advisories/GHSA-2hhw-p8mg-jrm6 \"GHSA-2hhw-p8mg-jrm6\")\n  * <https://www.npmjs.com/advisories/799>\n\n",
    "Severity": {
        "Score": "(High)"
    },
    "Weaknesses": [
        "[CWE-22](/advisories?query=cwe%3A22)"
    ],
    "CVE ID": "CVE-2019-5423",
    "GHSA ID": "GHSA-2hhw-p8mg-jrm6",
    "Source code": "No known source code"
}