{
    "Title": "CSRF token fixation in fastify-passport",
    "Meta": {
        "Package": [
            "@fastify/passport([npm](/advisories?query=ecosystem%3Anpm))"
        ],
        "Affected versions": [
            "< 1.1.0",
            ">= 2.0.0, < 2.3.0"
        ],
        "Patched versions": [
            "1.1.0",
            "2.3.0"
        ]
    },
    "Description": "The [CSRF](https://owasp.org/www-community/attacks/csrf) protection enforced\nby the `@fastify/csrf-protection` library, when combined with\n`@fastify/passport`, can be bypassed by network and same-site attackers.\n\n## Details\n\n`fastify/csrf-protection` implements the [synchronizer token\npattern](https://cheatsheetseries.owasp.org/cheatsheets/Cross-\nSite_Request_Forgery_Prevention_Cheat_Sheet.html#synchronizer-token-pattern)\n(using plugins `@fastify/session` and `@fastify/secure-session`) by storing a\nrandom value used for CSRF token generation in the `_csrf` attribute of a\nuser's session.\n\nThe `@fastify/passport` library does not clear the session object upon\nauthentication, preserving the `_csrf` attribute between pre-login and\nauthenticated sessions. Consequently, CSRF tokens generated before\nauthentication are still valid. Network and [same-site\nattackers](https://canitakeyoursubdomain.name/) can thus obtain a CSRF token\nfor their pre-session, fixate that pre-session in the victim's browser via\ncookie tossing, and then perform a CSRF attack after the victim authenticates.\n\n## Fix\n\nAs a solution, newer versions of `@fastify/passport` include the configuration\noptions\n\n  * `clearSessionOnLogin (default: true)` and\n  * `clearSessionIgnoreFields (default: ['session'])`\n\nto clear all the session attributes by default, preserving those explicitly\ndefined in `clearSessionIgnoreFields`.\n\n## Credits\n\n  * Pedro Ad\u00e3o ([@pedromigueladao](https://github.com/pedromigueladao)), [Instituto Superior T\u00e9cnico, University of Lisbon](https://tecnico.ulisboa.pt/)\n  * Marco Squarcina ([@lavish](https://github.com/lavish)), [Security & Privacy Research Unit, TU Wien](https://secpriv.wien/)\n\n### References\n\n  * [GHSA-2ccf-ffrj-m4qw](https://github.com/fastify/fastify-passport/security/advisories/GHSA-2ccf-ffrj-m4qw \"GHSA-2ccf-ffrj-m4qw\")\n  * <https://nvd.nist.gov/vuln/detail/CVE-2023-29020>\n  * [fastify/fastify-passport@`07c90fe`](https://github.com/fastify/fastify-passport/commit/07c90feab9cba0dd4779e47cfb0717a7e2f01d3d)\n  * <https://cheatsheetseries.owasp.org/cheatsheets/Cross-Site_Request_Forgery_Prevention_Cheat_Sheet.html#synchronizer-token-pattern>\n  * <https://owasp.org/www-community/attacks/csrf>\n\n",
    "Severity": {
        "Score": "6.5/ 10 (Moderate)",
        "CVSS base metrics": {
            "Attack vector": "Network",
            "Attack complexity": "Low",
            "Privileges required": "None",
            "User interaction": "Required",
            "Scope": "Unchanged",
            "Confidentiality": "None",
            "Integrity": "High",
            "Availability": "None"
        },
        "CVSS string": "CVSS:3.1/AV:N/AC:L/PR:N/UI:R/S:U/C:N/I:H/A:N"
    },
    "Weaknesses": [
        "[CWE-352](/advisories?query=cwe%3A352)"
    ],
    "CVE ID": "CVE-2023-29020",
    "GHSA ID": "GHSA-2ccf-ffrj-m4qw",
    "Source code": "[fastify/fastify-passport](https://github.com/fastify/fastify-passport)"
}