{
    "Title": "pretalx allows path traversal in HTML export",
    "Meta": {
        "Package": [
            "pretalx([pip](/advisories?query=ecosystem%3Apip))"
        ],
        "Affected versions": [
            "< 2.3.2"
        ],
        "Patched versions": [
            "2.3.2"
        ]
    },
    "Description": "pretalx 2.3.1 before 2.3.2 allows path traversal in HTML export (a non-default\nfeature). Organizers can trigger the overwriting (with the standard pretalx\n404 page content) of an arbitrary file.\n\n### References\n\n  * <https://nvd.nist.gov/vuln/detail/CVE-2023-28458>\n  * [pretalx/pretalx@`60722c4`](https://github.com/pretalx/pretalx/commit/60722c43cf975f319e94102e6bff320723776890)\n  * <https://github.com/pretalx/pretalx/releases/tag/v2.3.2>\n  * <https://pretalx.com/p/news/security-release-232/>\n  * <https://www.sonarsource.com/blog/pretalx-vulnerabilities-how-to-get-accepted-at-every-conference/>\n\n",
    "Severity": {
        "Score": "4.3/ 10 (Moderate)",
        "CVSS base metrics": {
            "Attack vector": "Network",
            "Attack complexity": "Low",
            "Privileges required": "Low",
            "User interaction": "None",
            "Scope": "Unchanged",
            "Confidentiality": "None",
            "Integrity": "Low",
            "Availability": "None"
        },
        "CVSS string": "CVSS:3.1/AV:N/AC:L/PR:L/UI:N/S:U/C:N/I:L/A:N"
    },
    "Weaknesses": [
        "[CWE-22](/advisories?query=cwe%3A22)"
    ],
    "CVE ID": "CVE-2023-28458",
    "GHSA ID": "GHSA-23fx-92m6-4f2g",
    "Source code": "[pretalx/pretalx](https://github.com/pretalx/pretalx)"
}