{
    "Title": "francoisjacquet/rosariosis vulnerable to Cross-Site Scripting (XSS)",
    "Meta": {
        "Package": [
            "francoisjacquet/rosariosis([Composer](/advisories?query=ecosystem%3Acomposer))"
        ],
        "Affected versions": [
            "< 8.9.3"
        ],
        "Patched versions": [
            "8.9.3"
        ]
    },
    "Description": "Cross-site Scripting (XSS) - Stored in GitHub repository\nfrancoisjacquet/rosariosis prior to 8.9.3.\n\n### References\n\n  * <https://nvd.nist.gov/vuln/detail/CVE-2022-3072>\n  * [francoisjacquet/rosariosis@`dcd3b86`](https://github.com/francoisjacquet/rosariosis/commit/dcd3b86156bf9e981944e1a9e01ea23d8ad7c83a)\n  * <https://huntr.dev/bounties/9755ae6a-b08b-40a0-8089-c723b2d9ca52>\n  * <https://gitlab.com/francoisjacquet/rosariosis/blob/mobile/CHANGES.md#changes-in-893>\n\n",
    "Severity": {
        "Score": "5.4/ 10 (Moderate)",
        "CVSS base metrics": {
            "Attack vector": "Network",
            "Attack complexity": "Low",
            "Privileges required": "Low",
            "User interaction": "Required",
            "Scope": "Changed",
            "Confidentiality": "Low",
            "Integrity": "Low",
            "Availability": "None"
        },
        "CVSS string": "CVSS:3.1/AV:N/AC:L/PR:L/UI:R/S:C/C:L/I:L/A:N"
    },
    "Weaknesses": [
        "[CWE-79](/advisories?query=cwe%3A79)"
    ],
    "CVE ID": "CVE-2022-3072",
    "GHSA ID": "GHSA-2mh7-qxcw-q39g",
    "Source code": "No known source code"
}