{
    "Title": "Improper neutralization of data URIs may allow XSS in Loofah",
    "Meta": {
        "Package": [
            "loofah([RubyGems](/advisories?query=ecosystem%3Arubygems))"
        ],
        "Affected versions": [
            ">= 2.1.0, < 2.19.1"
        ],
        "Patched versions": [
            "2.19.1"
        ]
    },
    "Description": "## Summary\n\nLoofah `>= 2.1.0, < 2.19.1` is vulnerable to cross-site scripting via the\n`image/svg+xml` media type in data URIs.\n\n## Mitigation\n\nUpgrade to Loofah `>= 2.19.1`.\n\n## Severity\n\nThe Loofah maintainers have evaluated this as [Medium Severity\n6.1](https://www.first.org/cvss/calculator/3.0#CVSS:3.0/AV:N/AC:L/PR:N/UI:R/S:C/C:L/I:L/A:N).\n\n## References\n\n  * [CWE - CWE-79: Improper Neutralization of Input During Web Page Generation ('Cross-site Scripting') (4.9)](https://cwe.mitre.org/data/definitions/79.html)\n  * [SVG MIME Type (image/svg+xml) is misleading to developers \u00b7 Issue #266 \u00b7 w3c/svgwg](https://github.com/w3c/svgwg/issues/266)\n  * <https://hackerone.com/reports/1694173>\n  * [flavorjones/loofah#101](https://github.com/flavorjones/loofah/issues/101)\n\n## Credit\n\nThis vulnerability was responsibly reported by Maciej Piechota\n([@haqpl](https://github.com/haqpl)).\n\n### References\n\n  * [GHSA-228g-948r-83gx](https://github.com/flavorjones/loofah/security/advisories/GHSA-228g-948r-83gx \"GHSA-228g-948r-83gx\")\n  * [flavorjones/loofah#101](https://github.com/flavorjones/loofah/issues/101)\n  * [w3c/svgwg#266](https://github.com/w3c/svgwg/issues/266)\n  * [flavorjones/loofah@`415677f`](https://github.com/flavorjones/loofah/commit/415677f3cf7f9254f42f811e784985cd63c7407f)\n  * <https://hackerone.com/reports/1694173>\n  * <https://github.com/rubysec/ruby-advisory-db/blob/master/gems/loofah/CVE-2022-23515.yml>\n  * <https://nvd.nist.gov/vuln/detail/CVE-2022-23515>\n  * <https://lists.debian.org/debian-lts-announce/2023/09/msg00011.html>\n\n",
    "Severity": {
        "Score": "6.1/ 10 (Moderate)",
        "CVSS base metrics": {
            "Attack vector": "Network",
            "Attack complexity": "Low",
            "Privileges required": "None",
            "User interaction": "Required",
            "Scope": "Changed",
            "Confidentiality": "Low",
            "Integrity": "Low",
            "Availability": "None"
        },
        "CVSS string": "CVSS:3.1/AV:N/AC:L/PR:N/UI:R/S:C/C:L/I:L/A:N"
    },
    "Weaknesses": [
        "[CWE-79](/advisories?query=cwe%3A79)"
    ],
    "CVE ID": "CVE-2022-23515",
    "GHSA ID": "GHSA-228g-948r-83gx",
    "Source code": "[flavorjones/loofah](https://github.com/flavorjones/loofah)"
}