{
    "Title": "Server-Side Request Forgery vulnerability in concrete5",
    "Meta": {
        "Package": [
            "concrete5/concrete5([Composer](/advisories?query=ecosystem%3Acomposer))"
        ],
        "Affected versions": [
            "< 8.5.5"
        ],
        "Patched versions": [
            "8.5.5"
        ]
    },
    "Description": "A Server-Side Request Forgery vulnerability was found in concrete5 < 8.5.5\nthat allowed a decimal notation encoded IP address to bypass the limitations\nin place for localhost allowing interaction with local services. Impact can\nvary depending on services exposed.\n\n### References\n\n  * <https://nvd.nist.gov/vuln/detail/CVE-2021-22958>\n  * <https://hackerone.com/reports/863221>\n  * <https://documentation.concretecms.org/developers/introduction/version-history/855-release-notes>\n  * [concretecms/concretecms#8826](https://github.com/concretecms/concretecms/pull/8826)\n\n",
    "Severity": {
        "Score": "8.2/ 10 (High)",
        "CVSS base metrics": {
            "Attack vector": "Network",
            "Attack complexity": "Low",
            "Privileges required": "None",
            "User interaction": "Required",
            "Scope": "Changed",
            "Confidentiality": "High",
            "Integrity": "Low",
            "Availability": "None"
        },
        "CVSS string": "CVSS:3.1/AV:N/AC:L/PR:N/UI:R/S:C/C:H/I:L/A:N"
    },
    "Weaknesses": [
        "[CWE-918](/advisories?query=cwe%3A918)"
    ],
    "CVE ID": "CVE-2021-22958",
    "GHSA ID": "GHSA-284f-f2hw-j2gx",
    "Source code": "[concrete5/concrete5](https://github.com/concrete5/concrete5)"
}