{
    "Title": "Jenkins Fortify Plugin HTML injection vulnerability",
    "Meta": {
        "Package": [
            "org.jenkins-ci.plugins:fortify([Maven](/advisories?query=ecosystem%3Amaven))"
        ],
        "Affected versions": [
            "<= 22.1.38"
        ],
        "Patched versions": [
            "22.2.39"
        ]
    },
    "Description": "Jenkins Fortify Plugin 22.1.38 and earlier does not escape the error message\nfor a form validation method. This results in an HTML injection vulnerability.\n\nFortify Plugin 22.2.39 removes HTML tags from the error message.\n\n### References\n\n  * <https://nvd.nist.gov/vuln/detail/CVE-2023-4303>\n  * <https://www.jenkins.io/security/advisory/2023-08-16/#SECURITY-3140>\n  * [jenkinsci/fortify-plugin@`357d7bf`](https://github.com/jenkinsci/fortify-plugin/commit/357d7bfbcb0ff796ea7d078bee13159f1d000f5d)\n\n",
    "Severity": {
        "Score": "4.3/ 10 (Moderate)",
        "CVSS base metrics": {
            "Attack vector": "Network",
            "Attack complexity": "Low",
            "Privileges required": "None",
            "User interaction": "Required",
            "Scope": "Unchanged",
            "Confidentiality": "None",
            "Integrity": "Low",
            "Availability": "None"
        },
        "CVSS string": "CVSS:3.1/AV:N/AC:L/PR:N/UI:R/S:U/C:N/I:L/A:N"
    },
    "Weaknesses": [
        "[CWE-79](/advisories?query=cwe%3A79)"
    ],
    "CVE ID": "CVE-2023-4303",
    "GHSA ID": "GHSA-223m-pgcq-f3xg",
    "Source code": "[jenkinsci/fortify-plugin](https://github.com/jenkinsci/fortify-plugin)"
}