{
    "Title": "Command Injection Vulnerability",
    "Meta": {
        "Package": [
            "systeminformation([npm](/advisories?query=ecosystem%3Anpm))"
        ],
        "Affected versions": [
            "< 5.3.1"
        ],
        "Patched versions": [
            "5.3.1"
        ]
    },
    "Description": "### Impact\n\ncommand injection vulnerability\n\n### Patches\n\nProblem was fixed with a parameter check. Please upgrade to version >= 5.3.1\n\n### Workarounds\n\nIf you cannot upgrade, be sure to check or sanitize service parameters that\nare passed to si.inetLatency(), si.inetChecksite(), si.services(),\nsi.processLoad() ... do only allow strings, reject any arrays. String\nsanitation works as expected.\n\n### References\n\n  * [GHSA-2m8v-572m-ff2v](https://github.com/sebhildebrandt/systeminformation/security/advisories/GHSA-2m8v-572m-ff2v \"GHSA-2m8v-572m-ff2v\")\n  * [sebhildebrandt/systeminformation@`07daa05`](https://github.com/sebhildebrandt/systeminformation/commit/07daa05fb06f24f96297abaa30c2ace8bfd8b525)\n  * <https://www.npmjs.com/package/systeminformation>\n  * <https://nvd.nist.gov/vuln/detail/CVE-2021-21315>\n  * <https://lists.apache.org/thread.html/r8afea9a83ed568f2647cccc6d8d06126f9815715ddf9a4d479b26b05@%3Cissues.cordova.apache.org%3E>\n  * <https://security.netapp.com/advisory/ntap-20210312-0007/>\n\n",
    "Severity": {
        "Score": "(Moderate)"
    },
    "Weaknesses": [
        "[CWE-78](/advisories?query=cwe%3A78)"
    ],
    "CVE ID": "CVE-2021-21315",
    "GHSA ID": "GHSA-2m8v-572m-ff2v",
    "Source code": "No known source code"
}