{
    "Title": "Incorrect reliance on Trait memory layout in mopa",
    "Meta": {
        "Package": [
            "mopa([Rust](/advisories?query=ecosystem%3Arust))"
        ],
        "Affected versions": [
            "<= 0.2.2"
        ],
        "Patched versions": [
            "None"
        ]
    },
    "Description": "The mopa crate redefines the deprecated TraitObject struct from core::raw.\nThis is done to then transmute a reference to a trait object (&dyn Trait for\nany trait Trait) into this struct and retrieve the data field for the purpose\nof downcasting. This is used to implement downcast_ref_unchecked(), in terms\nof which downcast_ref() is also implemented. Same goes for mutable reference\ndowncasting and Box downcasting.\n\nThe Rust compiler explicitly reserves the right to change the memory layout of\n&dyn Trait for any trait Trait. The worst case scenario is that it swaps data\nand vtable, making an executable location breach and compromisation of ASLR\npossible, since reads from data would read vtable instead. Likewise, arbitrary\ncode execution is also theoretically possible if reads of vtable generated by\nthe compiler read data instead.\n\n### References\n\n  * <https://nvd.nist.gov/vuln/detail/CVE-2021-45695>\n  * <https://raw.githubusercontent.com/rustsec/advisory-db/main/crates/mopa/RUSTSEC-2021-0095.md>\n  * <https://rustsec.org/advisories/RUSTSEC-2021-0095.html>\n  * [chris-morgan/mopa#13](https://github.com/chris-morgan/mopa/issues/13)\n\n",
    "Severity": {
        "Score": "9.8/ 10 (Critical)",
        "CVSS base metrics": {
            "Attack vector": "Network",
            "Attack complexity": "Low",
            "Privileges required": "None",
            "User interaction": "None",
            "Scope": "Unchanged",
            "Confidentiality": "High",
            "Integrity": "High",
            "Availability": "High"
        },
        "CVSS string": "CVSS:3.1/AV:N/AC:L/PR:N/UI:N/S:U/C:H/I:H/A:H"
    },
    "Weaknesses": [],
    "CVE ID": "CVE-2021-45695",
    "GHSA ID": "GHSA-2gxj-qrp2-53jv",
    "Source code": "[chris-morgan/mopa](https://github.com/chris-morgan/mopa)"
}