{
    "Title": "Prototype Pollution in iniparserjs",
    "Meta": {
        "Package": [
            "iniparserjs([npm](/advisories?query=ecosystem%3Anpm))"
        ],
        "Affected versions": [
            "<= 1.0.4"
        ],
        "Patched versions": [
            "None"
        ]
    },
    "Description": "This affects all versions of package iniparserjs. This vulnerability relates\nwhen ini_parser.js is concentrating arrays. Depending on if user input is\nprovided, an attacker can overwrite and pollute the object prototype of a\nprogram.\n\n### References\n\n  * <https://nvd.nist.gov/vuln/detail/CVE-2021-23328>\n  * <https://snyk.io/vuln/SNYK-JS-INIPARSERJS-1065989>\n  * <https://www.npmjs.com/package/iniparserjs>\n\n",
    "Severity": {
        "Score": "5.6/ 10 (Moderate)",
        "CVSS base metrics": {
            "Attack vector": "Network",
            "Attack complexity": "High",
            "Privileges required": "None",
            "User interaction": "None",
            "Scope": "Unchanged",
            "Confidentiality": "Low",
            "Integrity": "Low",
            "Availability": "Low"
        },
        "CVSS string": "CVSS:3.1/AV:N/AC:H/PR:N/UI:N/S:U/C:L/I:L/A:L"
    },
    "Weaknesses": [
        "[CWE-1321](/advisories?query=cwe%3A1321)"
    ],
    "CVE ID": "CVE-2021-23328",
    "GHSA ID": "GHSA-2f6g-w5gj-c93h",
    "Source code": "No known source code"
}