{
    "Title": "Magento 2 Community Edition Access Control Bypass",
    "Meta": {
        "Package": [
            "magento/community-edition([Composer](/advisories?query=ecosystem%3Acomposer))"
        ],
        "Affected versions": [
            ">= 2.1.0, < 2.1.18",
            ">= 2.2.0, < 2.2.9",
            ">= 2.3.0, < 2.3.2"
        ],
        "Patched versions": [
            "2.1.18",
            "2.2.9",
            "2.3.2"
        ]
    },
    "Description": "An access control bypass vulnerability exists in Magento 2.1 prior to 2.1.18,\nMagento 2.2 prior to 2.2.9, Magento 2.3 prior to 2.3.2. An unauthenticated\nuser can bypass access controls via REST API calls to assign themselves to an\narbitrary company, thereby gaining read access to potentially confidental\ninformation.\n\n### References\n\n  * <https://nvd.nist.gov/vuln/detail/CVE-2019-7950>\n  * <https://web.archive.org/web/20211206084839/https://magento.com/security/patches/magento-2.3.2-2.2.9-and-2.1.18-security-update-13>\n\n",
    "Severity": {
        "Score": "7.5/ 10 (High)",
        "CVSS base metrics": {
            "Attack vector": "Network",
            "Attack complexity": "Low",
            "Privileges required": "None",
            "User interaction": "None",
            "Scope": "Unchanged",
            "Confidentiality": "High",
            "Integrity": "None",
            "Availability": "None"
        },
        "CVSS string": "CVSS:3.0/AV:N/AC:L/PR:N/UI:N/S:U/C:H/I:N/A:N"
    },
    "Weaknesses": [
        "[CWE-639](/advisories?query=cwe%3A639)"
    ],
    "CVE ID": "CVE-2019-7950",
    "GHSA ID": "GHSA-2fhr-f6q6-c4p2",
    "Source code": "[magento/magento2](https://github.com/magento/magento2)"
}