{
    "Title": "Missing permission checks in Jenkins kubernetes-cd Plugin allow enumerating credentials IDs",
    "Meta": {
        "Package": [
            "org.jenkins-ci.plugins:kubernetes-cd([Maven](/advisories?query=ecosystem%3Amaven))"
        ],
        "Affected versions": [
            "<= 2.3.1"
        ],
        "Patched versions": [
            "None"
        ]
    },
    "Description": "kubernetes-cd Plugin 2.3.1 and earlier does not perform permission checks in\nseveral HTTP endpoints.\n\nThis allows attackers with Overall/Read permission to enumerate credentials\nIDs of credentials stored in Jenkins. Those can be used as part of an attack\nto capture the credentials using another vulnerability.\n\n### References\n\n  * <https://nvd.nist.gov/vuln/detail/CVE-2022-27209>\n  * <https://www.jenkins.io/security/advisory/2022-03-15/#SECURITY-2636>\n  * <http://www.openwall.com/lists/oss-security/2022/03/15/2>\n\n",
    "Severity": {
        "Score": "4.3/ 10 (Moderate)",
        "CVSS base metrics": {
            "Attack vector": "Network",
            "Attack complexity": "Low",
            "Privileges required": "Low",
            "User interaction": "None",
            "Scope": "Unchanged",
            "Confidentiality": "Low",
            "Integrity": "None",
            "Availability": "None"
        },
        "CVSS string": "CVSS:3.1/AV:N/AC:L/PR:L/UI:N/S:U/C:L/I:N/A:N"
    },
    "Weaknesses": [
        "[CWE-862](/advisories?query=cwe%3A862)"
    ],
    "CVE ID": "CVE-2022-27209",
    "GHSA ID": "GHSA-23x5-j68g-6jpw",
    "Source code": "[jenkinsci/kubernetes-cd-plugin](https://github.com/jenkinsci/kubernetes-cd-plugin)"
}