{
    "Title": "kiwitcms vulnerable to stored cross-site scripting via unrestricted file upload",
    "Meta": {
        "Package": [
            "kiwitcms([pip](/advisories?query=ecosystem%3Apip))"
        ],
        "Affected versions": [
            "<= 12.3"
        ],
        "Patched versions": [
            "12.4"
        ]
    },
    "Description": "### Impact\n\nKiwi TCMS allows users to upload attachments to test plans, test cases, etc.\nEarlier versions of Kiwi TCMS had introduced upload validators in order to\nprevent potentially dangerous files from being uploaded and Content-Security-\nPolicy definition to prevent cross-site-scripting attacks.\n\nThe upload validation checks were not 100% robust which left the possibility\nto circumvent them and upload a potentially dangerous file which allows\nexecution of arbitrary JavaScript in the browser. Additionally we've\ndiscovered that Nginx's `proxy_pass` directive will strip some headers\nnegating protections built into Kiwi TCMS when served behind a reverse proxy.\n\n### Patches\n\n  * Improved file upload validation code\n  * Updated Nginx reverse proxy configuration for * **.tenant.kiwitcms.org**\n\n### Workarounds\n\nIf serving Kiwi TCMS behind a reverse proxy make sure that additional header\nvalues are still passed to the client browser. If they aren't redefine them\ninside the proxy configuration. See\n[etc/nginx.conf#L66-L68](https://github.com/kiwitcms/Kiwi/blob/master/etc/nginx.conf#L66-L68)\nand\n[etc/nginx.conf#L87](https://github.com/kiwitcms/Kiwi/blob/master/etc/nginx.conf#L87)\n\n### References\n\nDisclosed by [M Nadeem\nQazi](https://huntr.dev/bounties/6aea9a26-e29a-467b-aa5a-f767f0c2ec96/).\n\n### References\n\n  * [GHSA-2fqm-m4r2-fh98](https://github.com/kiwitcms/Kiwi/security/advisories/GHSA-2fqm-m4r2-fh98 \"GHSA-2fqm-m4r2-fh98\")\n  * [kiwitcms/Kiwi@`d789f4b`](https://github.com/kiwitcms/Kiwi/commit/d789f4b51025de4f8c747c037d02e1b0da80b034)\n  * <https://github.com/kiwitcms/Kiwi/blob/master/etc/nginx.conf#L66-L68>\n  * <https://github.com/kiwitcms/Kiwi/blob/master/etc/nginx.conf#L87>\n  * <https://huntr.dev/bounties/6aea9a26-e29a-467b-aa5a-f767f0c2ec96/>\n  * <https://kiwitcms.org/blog/kiwi-tcms-team/2023/06/06/kiwi-tcms-124/>\n  * <https://nvd.nist.gov/vuln/detail/CVE-2023-33977>\n\n",
    "Severity": {
        "Score": "8.1/ 10 (High)",
        "CVSS base metrics": {
            "Attack vector": "Network",
            "Attack complexity": "Low",
            "Privileges required": "None",
            "User interaction": "Required",
            "Scope": "Unchanged",
            "Confidentiality": "High",
            "Integrity": "High",
            "Availability": "None"
        },
        "CVSS string": "CVSS:3.1/AV:N/AC:L/PR:N/UI:R/S:U/C:H/I:H/A:N"
    },
    "Weaknesses": [
        "[CWE-79](/advisories?query=cwe%3A79)",
        "[CWE-434](/advisories?query=cwe%3A434)"
    ],
    "CVE ID": "CVE-2023-33977",
    "GHSA ID": "GHSA-2fqm-m4r2-fh98",
    "Source code": "[kiwitcms/Kiwi](https://github.com/kiwitcms/Kiwi)"
}