{
    "Title": "Cross-Site Request Forgery (CSRF) in  usememos/memos",
    "Meta": {
        "Package": [
            "github.com/usememos/memos([Go](/advisories?query=ecosystem%3Ago))"
        ],
        "Affected versions": [
            "< 0.15.1"
        ],
        "Patched versions": [
            "0.15.1"
        ]
    },
    "Description": "Cross-Site Request Forgery (CSRF) in GitHub repository usememos/memos prior to\n0.15.1.\n\n### References\n\n  * <https://nvd.nist.gov/vuln/detail/CVE-2023-5036>\n  * [usememos/memos@`97b4347`](https://github.com/usememos/memos/commit/97b434722cf0abe3cfcad5ac9e3d520233bf1536)\n  * <https://huntr.dev/bounties/46881df7-eb41-4ce2-a78f-82de9bc4fc2d>\n\n",
    "Severity": {
        "Score": "8.8/ 10 (High)",
        "CVSS base metrics": {
            "Attack vector": "Network",
            "Attack complexity": "Low",
            "Privileges required": "None",
            "User interaction": "Required",
            "Scope": "Unchanged",
            "Confidentiality": "High",
            "Integrity": "High",
            "Availability": "High"
        },
        "CVSS string": "CVSS:3.1/AV:N/AC:L/PR:N/UI:R/S:U/C:H/I:H/A:H"
    },
    "Weaknesses": [
        "[CWE-352](/advisories?query=cwe%3A352)"
    ],
    "CVE ID": "CVE-2023-5036",
    "GHSA ID": "GHSA-2g7r-9xq5-c6hv",
    "Source code": "[usememos/memos](https://github.com/usememos/memos)"
}