{
    "Title": "Flarum post mentions can be used to read any post on the forum without access control",
    "Meta": {
        "Package": [
            "flarum/mentions([Composer](/advisories?query=ecosystem%3Acomposer))"
        ],
        "Affected versions": [
            "< 1.6.3"
        ],
        "Patched versions": [
            "1.6.3"
        ]
    },
    "Description": "Using the mentions feature provided by the flarum/mentions extension, users\ncan mention any post ID on the forum with the special `@\"<username>\"#p<id>`\nsyntax.\n\nThe following behavior never changes no matter if the actor should be able to\nread the mentioned post or not:\n\nA URL to the mentioned post is inserted into the actor post HTML, leaking its\ndiscussion ID and post number.\n\nThe `mentionsPosts` relationship included in the `POST /api/posts` and `PATCH\n/api/posts/<id>` JSON responses leaks the full JSON:API payload of all\nmentioned posts without any access control. This includes the content, date,\nnumber and attributes added by other extensions.\n\nAn attacker only needs the ability to create new posts on the forum to exploit\nthe vulnerability. This works even if new posts require approval. If they have\nthe ability to edit posts, the attack can be performed even more discreetly by\nusing a single post to scan any size of database and hiding the attack post\ncontent afterward.\n\n### Impact\n\nThe attack allows the leaking of all posts in the forum database, including\nposts awaiting approval, posts in tags the user has no access to, and private\ndiscussions created by other extensions like FriendsOfFlarum Byobu. This also\nincludes non-comment posts like tag changes or renaming events.\n\nThe discussion payload is not leaked but using the mention HTML payload it's\npossible to extract the discussion ID of all posts and combine all posts back\ntogether into their original discussions even if the discussion title remains\nunknown.\n\nAll Flarum versions prior to `v1.6.3` are affected.\n\n### Patches\n\nThe vulnerability has been fixed and published as flarum/core v1.6.3. All\ncommunities running Flarum have to upgrade as soon as possible to v1.6.3\nusing:\n\n    \n    \n    composer update --prefer-dist --no-dev -a -W\n    \n\nYou can then confirm you run the latest version using:\n\n    \n    \n    composer show flarum/core\n    \n\n### Workarounds\n\nDisable the mentions extension.\n\n### For more information\n\nFor any questions or comments on this vulnerability please visit\n<https://discuss.flarum.org/>\n\nFor support questions create a discussion at\n<https://discuss.flarum.org/t/support>.\n\nA reminder that if you ever become aware of a security issue in Flarum, please\nreport it to us privately by emailing\n[security@flarum.org](mailto:security@flarum.org), and we will address it\npromptly.\n\n### References\n\n  * [GHSA-22m9-m3ww-53h3](https://github.com/flarum/framework/security/advisories/GHSA-22m9-m3ww-53h3 \"GHSA-22m9-m3ww-53h3\")\n  * [flarum/framework@`ab1c868`](https://github.com/flarum/framework/commit/ab1c868b978e8b0d09a5d682c54665dae17d0985)\n  * <https://github.com/flarum/framework/releases/tag/v1.6.3>\n  * <https://nvd.nist.gov/vuln/detail/CVE-2023-22487>\n\n",
    "Severity": {
        "Score": "7.7/ 10 (High)",
        "CVSS base metrics": {
            "Attack vector": "Network",
            "Attack complexity": "Low",
            "Privileges required": "Low",
            "User interaction": "None",
            "Scope": "Changed",
            "Confidentiality": "High",
            "Integrity": "None",
            "Availability": "None"
        },
        "CVSS string": "CVSS:3.1/AV:N/AC:L/PR:L/UI:N/S:C/C:H/I:N/A:N"
    },
    "Weaknesses": [
        "[CWE-284](/advisories?query=cwe%3A284)"
    ],
    "CVE ID": "CVE-2023-22487",
    "GHSA ID": "GHSA-22m9-m3ww-53h3",
    "Source code": "[flarum/framework](https://github.com/flarum/framework)"
}