{
    "Title": "Jenkins Azure VM Agents Plugin Cross-site Request Forgery vulnerability",
    "Meta": {
        "Package": [
            "org.jenkins-ci.plugins:azure-vm-agents([Maven](/advisories?query=ecosystem%3Amaven))"
        ],
        "Affected versions": [
            "< 853.v4a"
        ],
        "Patched versions": [
            "853.v4a"
        ]
    },
    "Description": "Jenkins Azure VM Agents Plugin 852.v8d35f0960a_43 and earlier does not perform\npermission checks in several HTTP endpoints.\n\nThis allows attackers with Overall/Read permission to connect to an attacker-\nspecified Azure Cloud server using attacker-specified credentials IDs obtained\nthrough another method.\n\nAdditionally, these HTTP endpoints do not require POST requests, resulting in\na cross-site request forgery (CSRF) vulnerability.\n\nAzure VM Agents Plugin 853.v4a_1a_dd947520 requires POST requests and the\nappropriate permissions for the affected HTTP endpoints.\n\n### References\n\n  * <https://nvd.nist.gov/vuln/detail/CVE-2023-32989>\n  * <https://www.jenkins.io/security/advisory/2023-05-16/#SECURITY-2855%20(2)>\n\n",
    "Severity": {
        "Score": "4.3/ 10 (Moderate)",
        "CVSS base metrics": {
            "Attack vector": "Network",
            "Attack complexity": "Low",
            "Privileges required": "Low",
            "User interaction": "None",
            "Scope": "Unchanged",
            "Confidentiality": "None",
            "Integrity": "Low",
            "Availability": "None"
        },
        "CVSS string": "CVSS:3.1/AV:N/AC:L/PR:L/UI:N/S:U/C:N/I:L/A:N"
    },
    "Weaknesses": [
        "[CWE-352](/advisories?query=cwe%3A352)"
    ],
    "CVE ID": "CVE-2023-32989",
    "GHSA ID": "GHSA-26j3-4m55-j6r7",
    "Source code": "No known source code"
}