{
    "Title": "Paramiko not properly checking authentication before processing other requests",
    "Meta": {
        "Package": [
            "paramiko([pip](/advisories?query=ecosystem%3Apip))"
        ],
        "Affected versions": [
            ">= 2.0.0, < 2.0.8",
            ">= 2.1.0, < 2.1.5",
            ">= 2.2.0, < 2.2.3",
            ">= 2.3.0, < 2.3.2",
            "= 2.4.0",
            ">= 1.18.0, < 1.18.5",
            "< 1.17.6"
        ],
        "Patched versions": [
            "2.0.8",
            "2.1.5",
            "2.2.3",
            "2.3.2",
            "2.4.1",
            "1.18.5",
            "1.17.6"
        ]
    },
    "Description": "transport.py in the SSH server implementation of Paramiko before 1.17.6,\n1.18.x before 1.18.5, 2.0.x before 2.0.8, 2.1.x before 2.1.5, 2.2.x before\n2.2.3, 2.3.x before 2.3.2, and 2.4.x before 2.4.1 does not properly check\nwhether authentication is completed before processing other requests, as\ndemonstrated by channel-open. A customized SSH client can simply skip the\nauthentication step.\n\n### References\n\n  * <https://nvd.nist.gov/vuln/detail/CVE-2018-7750>\n  * [paramiko/paramiko#1175](https://github.com/paramiko/paramiko/issues/1175)\n  * [paramiko/paramiko@`fa29bd8`](https://github.com/paramiko/paramiko/commit/fa29bd8446c8eab237f5187d28787727b4610516)\n  * <https://access.redhat.com/errata/RHSA-2018:0591>\n  * <https://access.redhat.com/errata/RHSA-2018:0646>\n  * <https://access.redhat.com/errata/RHSA-2018:1124>\n  * <https://access.redhat.com/errata/RHSA-2018:1125>\n  * <https://access.redhat.com/errata/RHSA-2018:1213>\n  * <https://access.redhat.com/errata/RHSA-2018:1274>\n  * <https://access.redhat.com/errata/RHSA-2018:1328>\n  * <https://access.redhat.com/errata/RHSA-2018:1525>\n  * <https://access.redhat.com/errata/RHSA-2018:1972>\n  * [GHSA-232r-66cg-79px](https://github.com/advisories/GHSA-232r-66cg-79px \"GHSA-232r-66cg-79px\")\n  * <https://lists.debian.org/debian-lts-announce/2018/10/msg00018.html>\n  * <https://usn.ubuntu.com/3603-1/>\n  * <https://usn.ubuntu.com/3603-2/>\n  * <https://www.exploit-db.com/exploits/45712/>\n  * <https://lists.debian.org/debian-lts-announce/2021/12/msg00025.html>\n  * [paramiko/paramiko@`e9dfd85`](https://github.com/paramiko/paramiko/commit/e9dfd854bdaf8af15d7834f7502a0451d217bb8c)\n  * <https://github.com/paramiko/paramiko/blob/e861c7697622774071ce73b46ffe8817eacdedfa/sites/www/changelog.rst?plain=1#L759-L763>\n  * <https://web.archive.org/web/20190831123128/http://www.securityfocus.com/bid/103713>\n\n",
    "Severity": {
        "Score": "9.8/ 10 (Critical)",
        "CVSS base metrics": {
            "Attack vector": "Network",
            "Attack complexity": "Low",
            "Privileges required": "None",
            "User interaction": "None",
            "Scope": "Unchanged",
            "Confidentiality": "High",
            "Integrity": "High",
            "Availability": "High"
        },
        "CVSS string": "CVSS:3.1/AV:N/AC:L/PR:N/UI:N/S:U/C:H/I:H/A:H"
    },
    "Weaknesses": [
        "[CWE-287](/advisories?query=cwe%3A287)"
    ],
    "CVE ID": "CVE-2018-7750",
    "GHSA ID": "GHSA-232r-66cg-79px",
    "Source code": "[paramiko/paramiko](https://github.com/paramiko/paramiko)"
}