{
    "Title": "fs2-io skips mTLS client verification",
    "Meta": {
        "Package": [
            "co.fs2:fs2-io([Maven](/advisories?query=ecosystem%3Amaven))"
        ],
        "Affected versions": [
            ">= 3.1.0, < 3.2.11"
        ],
        "Patched versions": [
            "3.2.11"
        ]
    },
    "Description": "### Impact\n\nWhen establishing a server-mode `TLSSocket` using `fs2-io` on Node.js, the\nparameter `requestCert = true` is ignored, peer certificate verification is\nskipped, and the connection proceeds.\n\nThe vulnerability is limited to:\n\n  1. `fs2-io` running on Node.js. The JVM TLS implementation is completely independent.\n  2. `TLSSocket`s in server-mode. Client-mode `TLSSocket`s are implemented via a different API.\n  3. mTLS as enabled via `requestCert = true` in `TLSParameters`. The default setting is `false` for server-mode `TLSSocket`s.\n\nIt was introduced with the initial Node.js implementation of fs2-io in v3.1.0.\n\n### Patches\n\nA patch is released in v3.2.11. The `requestCert = true` parameter is\nrespected and the peer certificate is verified. If verification fails, a\n`SSLException` is raised.\n\n### Workarounds\n\nIf using an unpatched version on Node.js, do not use a server-mode `TLSSocket`\nwith `requestCert = true` to establish a mTLS connection.\n\n### References\n\n  * [nodejs/node#43994](https://github.com/nodejs/node/issues/43994)\n  * <https://www.cloudflare.com/learning/access-management/what-is-mutual-tls/>\n\n### For more information\n\nIf you have any questions or comments about this advisory:\n\n  * [Open an issue.](https://github.com/typelevel/fs2/issues/new/choose)\n  * Contact the [Typelevel Security Team](https://github.com/typelevel/.github/blob/main/SECURITY.md).\n\n### References\n\n  * [GHSA-2cpx-6pqp-wf35](https://github.com/typelevel/fs2/security/advisories/GHSA-2cpx-6pqp-wf35 \"GHSA-2cpx-6pqp-wf35\")\n  * [nodejs/node#43994](https://github.com/nodejs/node/issues/43994)\n  * [typelevel/fs2@`19ce392`](https://github.com/typelevel/fs2/commit/19ce392e8093d9571387dbd78e159e655a85aeea)\n  * <https://github.com/typelevel/fs2/releases/tag/v3.2.11>\n  * <https://nvd.nist.gov/vuln/detail/CVE-2022-31183>\n  * [typelevel/fs2@`6598243`](https://github.com/typelevel/fs2/commit/659824395826a314e0a4331535dbf1ef8bef8207)\n\n",
    "Severity": {
        "Score": "9.8/ 10 (Critical)",
        "CVSS base metrics": {
            "Attack vector": "Network",
            "Attack complexity": "Low",
            "Privileges required": "None",
            "User interaction": "None",
            "Scope": "Unchanged",
            "Confidentiality": "High",
            "Integrity": "High",
            "Availability": "High"
        },
        "CVSS string": "CVSS:3.1/AV:N/AC:L/PR:N/UI:N/S:U/C:H/I:H/A:H"
    },
    "Weaknesses": [
        "[CWE-295](/advisories?query=cwe%3A295)"
    ],
    "CVE ID": "CVE-2022-31183",
    "GHSA ID": "GHSA-2cpx-6pqp-wf35",
    "Source code": "[typelevel/fs2](https://github.com/typelevel/fs2)"
}