{
    "Title": "SQL Injection in Django",
    "Meta": {
        "Package": [
            "Django([pip](/advisories?query=ecosystem%3Apip))"
        ],
        "Affected versions": [
            ">= 2.2, < 2.2.28",
            ">= 3.2, < 3.2.13",
            ">= 4.0, < 4.0.4"
        ],
        "Patched versions": [
            "2.2.28",
            "3.2.13",
            "4.0.4"
        ]
    },
    "Description": "An issue was discovered in Django 2.2 before 2.2.28, 3.2 before 3.2.13, and\n4.0 before 4.0.4. `QuerySet.annotate()`, `aggregate()`, and `extra()` methods\nare subject to SQL injection in column aliases via a crafted dictionary (with\ndictionary expansion) as the passed `**kwargs`.\n\n### References\n\n  * <https://nvd.nist.gov/vuln/detail/CVE-2022-28346>\n  * <https://docs.djangoproject.com/en/4.0/releases/security/>\n  * <https://groups.google.com/forum/#!forum/django-announce>\n  * <https://www.djangoproject.com/weblog/2022/apr/11/security-releases/>\n  * <http://www.openwall.com/lists/oss-security/2022/04/11/1>\n  * <https://lists.debian.org/debian-lts-announce/2022/04/msg00013.html>\n  * [django/django@`93cae5c`](https://github.com/django/django/commit/93cae5cb2f9a4ef1514cf1a41f714fef08005200)\n  * [GHSA-2gwj-7jmv-h26r](https://github.com/advisories/GHSA-2gwj-7jmv-h26r \"GHSA-2gwj-7jmv-h26r\")\n  * <https://github.com/pypa/advisory-database/tree/main/vulns/django/PYSEC-2022-190.yaml>\n  * <https://security.netapp.com/advisory/ntap-20220609-0002/>\n  * <https://lists.fedoraproject.org/archives/list/package-announce@lists.fedoraproject.org/message/HWY6DQWRVBALV73BPUVBXC3QIYUM24IK/>\n  * <https://lists.fedoraproject.org/archives/list/package-announce@lists.fedoraproject.org/message/LTZVAKU5ALQWOKFTPISE257VCVIYGFQI/>\n  * <https://www.debian.org/security/2022/dsa-5254>\n  * [django/django@`2044dac`](https://github.com/django/django/commit/2044dac5c6968441be6f534c4139bcf48c5c7e48)\n  * [django/django@`2c09e68`](https://github.com/django/django/commit/2c09e68ec911919360d5f8502cefc312f9e03c5d)\n  * [django/django@`8008288`](https://github.com/django/django/commit/800828887a0509ad1162d6d407e94d8de7eafc60)\n\n",
    "Severity": {
        "Score": "9.8/ 10 (Critical)",
        "CVSS base metrics": {
            "Attack vector": "Network",
            "Attack complexity": "Low",
            "Privileges required": "None",
            "User interaction": "None",
            "Scope": "Unchanged",
            "Confidentiality": "High",
            "Integrity": "High",
            "Availability": "High"
        },
        "CVSS string": "CVSS:3.1/AV:N/AC:L/PR:N/UI:N/S:U/C:H/I:H/A:H"
    },
    "Weaknesses": [
        "[CWE-89](/advisories?query=cwe%3A89)"
    ],
    "CVE ID": "CVE-2022-28346",
    "GHSA ID": "GHSA-2gwj-7jmv-h26r",
    "Source code": "[django/django](https://github.com/django/django)"
}