{
    "Title": "Code injection in PowerJob",
    "Meta": {
        "Package": [
            "tech.powerjob:powerjob-common([Maven](/advisories?query=ecosystem%3Amaven))"
        ],
        "Affected versions": [
            "<= 4.3.3"
        ],
        "Patched versions": [
            "None"
        ]
    },
    "Description": "PowerJob v4.3.3 was discovered to contain a remote command execution (RCE)\nvulnerability via the instanceId parameter at /instance/detail.\n\n### References\n\n  * <https://nvd.nist.gov/vuln/detail/CVE-2023-37754>\n  * [PowerJob/PowerJob#675](https://github.com/PowerJob/PowerJob/issues/675)\n  * <https://github.com/PowerJob/PowerJob/>\n  * <https://novysodope.github.io/2023/07/02/100/>\n\n",
    "Severity": {
        "Score": "9.8/ 10 (Critical)",
        "CVSS base metrics": {
            "Attack vector": "Network",
            "Attack complexity": "Low",
            "Privileges required": "None",
            "User interaction": "None",
            "Scope": "Unchanged",
            "Confidentiality": "High",
            "Integrity": "High",
            "Availability": "High"
        },
        "CVSS string": "CVSS:3.1/AV:N/AC:L/PR:N/UI:N/S:U/C:H/I:H/A:H"
    },
    "Weaknesses": [],
    "CVE ID": "CVE-2023-37754",
    "GHSA ID": "GHSA-2h26-qfxm-r3pq",
    "Source code": "[PowerJob/PowerJob](https://github.com/PowerJob/PowerJob)"
}