{
    "Title": "Code Injection in oauth2-server",
    "Meta": {
        "Package": [
            "oauth2-server([npm](/advisories?query=ecosystem%3Anpm))"
        ],
        "Affected versions": [
            "<= 3.1.1"
        ],
        "Patched versions": [
            "None"
        ]
    },
    "Description": "\"oauth2-server (aka node-oauth2-server) through 3.1.1 implements OAuth 2.0\nwithout PKCE. It does not prevent authorization code injection. This is\nsimilar to [CVE-2020-7692](https://github.com/advisories/GHSA-f263-c949-w85g\n\"CVE-2020-7692\"). NOTE: the vendor states 'As RFC7636 is an extension, I think\nthe claim in the Readme of \"RFC 6749 compliant\" is valid and not misleading\nand I also therefore wouldn't describe this as a \"vulnerability\" with the\nlibrary per se.'\"\n\n### References\n\n  * <https://nvd.nist.gov/vuln/detail/CVE-2017-18924>\n  * [oauthjs/node-oauth2-server#637](https://github.com/oauthjs/node-oauth2-server/issues/637)\n  * [oauthjs/node-oauth2-server#452](https://github.com/oauthjs/node-oauth2-server/pull/452)\n  * <https://codeburst.io/missing-the-point-in-securing-oauth-2-0-83968708b467>\n  * <https://tools.ietf.org/html/draft-ietf-oauth-security-topics-15>\n  * <https://tools.ietf.org/html/rfc7636>\n\n",
    "Severity": {
        "Score": "7.5/ 10 (High)",
        "CVSS base metrics": {
            "Attack vector": "Network",
            "Attack complexity": "Low",
            "Privileges required": "None",
            "User interaction": "None",
            "Scope": "Unchanged",
            "Confidentiality": "High",
            "Integrity": "None",
            "Availability": "None"
        },
        "CVSS string": "CVSS:3.1/AV:N/AC:L/PR:N/UI:N/S:U/C:H/I:N/A:N"
    },
    "Weaknesses": [
        "[CWE-94](/advisories?query=cwe%3A94)"
    ],
    "CVE ID": "CVE-2017-18924",
    "GHSA ID": "GHSA-2fw4-mgq9-39cx",
    "Source code": "No known source code"
}