{
    "Title": "Ratpack's default client side session signing key is highly predictable",
    "Meta": {
        "Package": [
            "io.ratpack:ratpack-session([Maven](/advisories?query=ecosystem%3Amaven))"
        ],
        "Affected versions": [
            "< 1.9.0"
        ],
        "Patched versions": [
            "1.9.0"
        ]
    },
    "Description": "### Impact\n\nThe client side session module uses the application startup time as the\nsigning key by default. This means that if an attacker can determine this\ntime, and if encryption is not also used (which is recommended, but is not on\nby default), the session data could be tampered with by someone with the\nability to write cookies.\n\nThe default configuration is unsuitable for production use as an application\nrestart renders all sessions invalid and is not multi-host compatible, but its\nuse is not actively prevented.\n\n### Vulnerability Location\n\n<https://github.com/ratpack/ratpack/blob/29434f7ac6fd4b36a4495429b70f4c8163100332/ratpack-\nsession/src/main/java/ratpack/session/clientside/ClientSideSessionConfig.java#L29>\n\n### Patches\n\nAs of Ratpack 1.9.0 the default value is a securely randomly generated value,\ngenerated at application startup time.\n\n### Workarounds\n\nSupply an alternative signing key, as per the documentation's recommendation.\n\n### References\n\n  * [GHSA-2cc5-23r7-vc4v](https://github.com/ratpack/ratpack/security/advisories/GHSA-2cc5-23r7-vc4v \"GHSA-2cc5-23r7-vc4v\")\n  * <https://nvd.nist.gov/vuln/detail/CVE-2021-29480>\n  * <https://github.com/ratpack/ratpack/blob/29434f7ac6fd4b36a4495429b70f4c8163100332/ratpack-session/src/main/java/ratpack/session/clientside/ClientSideSessionConfig.java#L29>\n\n",
    "Severity": {
        "Score": "4.4/ 10 (Moderate)",
        "CVSS base metrics": {
            "Attack vector": "Local",
            "Attack complexity": "Low",
            "Privileges required": "Low",
            "User interaction": "None",
            "Scope": "Unchanged",
            "Confidentiality": "Low",
            "Integrity": "Low",
            "Availability": "None"
        },
        "CVSS string": "CVSS:3.1/AV:L/AC:L/PR:L/UI:N/S:U/C:L/I:L/A:N"
    },
    "Weaknesses": [
        "[CWE-330](/advisories?query=cwe%3A330)",
        "[CWE-340](/advisories?query=cwe%3A340)"
    ],
    "CVE ID": "CVE-2021-29480",
    "GHSA ID": "GHSA-2cc5-23r7-vc4v",
    "Source code": "[ratpack/ratpack](https://github.com/ratpack/ratpack)"
}