{
    "Title": "Docker Swarm encrypted overlay network may be unauthenticated",
    "Meta": {
        "Package": [
            "github.com/docker/docker([Go](/advisories?query=ecosystem%3Ago))"
        ],
        "Affected versions": [
            ">= 1.12.0, < 20.10.24",
            ">= 23.0.0, < 23.0.3"
        ],
        "Patched versions": [
            "20.10.24",
            "23.0.3"
        ]
    },
    "Description": "[Moby](https://mobyproject.org/) is an open source container framework\ndeveloped by Docker Inc. that is distributed as Docker, Mirantis Container\nRuntime, and various other downstream projects/products. The Moby daemon\ncomponent (`dockerd`), which is developed as\n[moby/moby](https://github.com/moby/moby) is commonly referred to as _Docker_.\n\nSwarm Mode, which is compiled in and delivered by default in `dockerd` and is\nthus present in most major Moby downstreams, is a simple, built-in container\norchestrator that is implemented through a combination of\n[SwarmKit](https://github.com/moby/swarmkit) and supporting network code.\n\nThe `overlay` network driver is a core feature of Swarm Mode, providing\nisolated virtual LANs that allow communication between containers and services\nacross the cluster. This driver is an implementation/user of\n[VXLAN](https://en.wikipedia.org/wiki/Virtual_Extensible_LAN), which\nencapsulates link-layer (Ethernet) frames in UDP datagrams that tag the frame\nwith a VXLAN Network ID (VNI) that identifies the originating overlay network.\nIn addition, the overlay network driver supports an optional, off-by-default\nencrypted mode, which is especially useful when VXLAN packets traverses an\nuntrusted network between nodes.\n\nEncrypted overlay networks function by encapsulating the VXLAN datagrams\nthrough the use of the [IPsec Encapsulating Security\nPayload](https://en.wikipedia.org/wiki/IPsec#Encapsulating_Security_Payload)\nprotocol in [Transport\nmode](https://en.wikipedia.org/wiki/IPsec#Transport_mode). By deploying IPSec\nencapsulation, encrypted overlay networks gain the additional properties of\nsource authentication through cryptographic proof, data integrity through\ncheck-summing, and confidentiality through encryption.\n\nWhen setting an endpoint up on an encrypted overlay network, Moby installs\nthree [iptables](https://www.netfilter.org/projects/iptables/index.html)\n(Linux kernel firewall) rules that enforce both incoming and outgoing IPSec.\nThese rules rely on the `u32` iptables extension provided by the `xt_u32`\nkernel module to directly filter on a VXLAN packet's VNI field, so that IPSec\nguarantees can be enforced on encrypted overlay networks without interfering\nwith other overlay networks or other users of VXLAN.\n\n[Two iptables\nrules](https://github.com/moby/libnetwork/blob/d9fae4c73daf76c3b0f77e14b45b8bf612ba764d/drivers/overlay/encryption.go#L230-L234)\nserve to filter incoming VXLAN datagrams with a VNI that corresponds to an\nencrypted network and discards unencrypted datagrams. The rules are appended\nto the end of the `INPUT` filter chain, following any rules that have been\npreviously set by the system administrator. Administrator-set rules take\nprecedence over the rules Moby sets to discard unencrypted VXLAN datagrams,\nwhich can potentially admit unencrypted datagrams that should have been\ndiscarded.\n\nOn Red Hat Enterprise Linux and derivatives such as CentOS and Rocky, the\n`xt_u32` module has been:\n\n  * [moved to the kernel-modules-extra package and no longer installed by default in RHEL 8.3](https://access.redhat.com/documentation/en-us/red_hat_enterprise_linux/8/html/8.3_release_notes/rhel-8-3-0-release#technology-preview_networking)\n  * [officially deprecated in RHEL 8.6](https://access.redhat.com/documentation/en-us/red_hat_enterprise_linux/8/html/8.6_release_notes/deprecated_functionality#deprecated-functionality_networking)\n  * [removed completely in RHEL 9](https://access.redhat.com/documentation/en-us/red_hat_enterprise_linux/9/html/considerations_in_adopting_rhel_9/assembly_networking_considerations-in-adopting-rhel-9#ref_firewall-networking_assembly_networking)\n\nThese rules are not created when `xt_u32` is unavailable, even though the\ncontainer is still attached to the network.\n\n## Impact\n\nEncrypted overlay networks on affected configurations silently accept\ncleartext VXLAN datagrams that are tagged with the VNI of an encrypted overlay\nnetwork. As a result, it is possible to inject arbitrary Ethernet frames into\nthe encrypted overlay network by encapsulating them in VXLAN datagrams.\n\nThe injection of arbitrary Ethernet frames can enable a Denial of Service\nattack. A sophisticated attacker may be able to establish a UDP or TCP\nconnection by way of the container\u2019s outbound gateway that would otherwise be\nblocked by a stateful firewall, or carry out other escalations beyond simple\ninjection by smuggling packets into the overlay network.\n\n## Patches\n\nPatches are available in Moby releases 23.0.3, and 20.10.24. As Mirantis\nContainer Runtime's 20.10 releases are numbered differently, users of that\nplatform should update to 20.10.16.\n\n## Workarounds\n\n  * Close the VXLAN port (by default, UDP port 4789) to incoming traffic at the Internet boundary (see [GHSA-vwm3-crmr-xfxw](https://github.com/moby/moby/security/advisories/GHSA-vwm3-crmr-xfxw)) to prevent all VXLAN packet injection.\n  * Ensure that the `xt_u32` kernel module is available on all nodes of the Swarm cluster.\n\n## Background\n\n  * [#43382](https://github.com/moby/moby/issues/43382) partially discussed this concern, but did not consider the security implications.\n  * Mirantis FIELD-5788 essentially duplicates [#43382](https://github.com/moby/moby/issues/43382), and was created six months earlier; it similarly overlooked the security implications.\n  * [#45118](https://github.com/moby/moby/pull/45118) is the ancestor of the final patches, and was where the security implications were discovered.\n\n## Related\n\n  * [CVE-2023-28841: Encrypted overlay network traffic may be unencrypted](https://github.com/moby/moby/security/advisories/GHSA-33pg-m6jh-5237)\n  * [CVE-2023-28842: Encrypted overlay network with a single endpoint is unauthenticated](https://github.com/moby/moby/security/advisories/GHSA-6wrf-mxfj-pf5p)\n  * [GHSA-vwm3-crmr-xfxw: The Swarm VXLAN port may be exposed to attack due to ambiguous documentation](https://github.com/moby/moby/security/advisories/GHSA-vwm3-crmr-xfxw)\n  * [GHSA-gvm4-2qqg-m333: Security issues in encrypted overlay networks](https://github.com/moby/libnetwork/security/advisories/GHSA-gvm4-2qqg-m333) (libnetwork)\n\n### References\n\n  * [GHSA-gvm4-2qqg-m333](https://github.com/moby/libnetwork/security/advisories/GHSA-gvm4-2qqg-m333 \"GHSA-gvm4-2qqg-m333\")\n  * [GHSA-232p-vwff-86mp](https://github.com/moby/moby/security/advisories/GHSA-232p-vwff-86mp \"GHSA-232p-vwff-86mp\")\n  * [GHSA-33pg-m6jh-5237](https://github.com/moby/moby/security/advisories/GHSA-33pg-m6jh-5237 \"GHSA-33pg-m6jh-5237\")\n  * [GHSA-6wrf-mxfj-pf5p](https://github.com/moby/moby/security/advisories/GHSA-6wrf-mxfj-pf5p \"GHSA-6wrf-mxfj-pf5p\")\n  * [GHSA-vwm3-crmr-xfxw](https://github.com/moby/moby/security/advisories/GHSA-vwm3-crmr-xfxw \"GHSA-vwm3-crmr-xfxw\")\n  * [moby/moby#43382](https://github.com/moby/moby/issues/43382)\n  * [moby/moby#45118](https://github.com/moby/moby/pull/45118)\n  * <https://nvd.nist.gov/vuln/detail/CVE-2023-28840>\n\n",
    "Severity": {
        "Score": "7.5/ 10 (High)",
        "CVSS base metrics": {
            "Attack vector": "Network",
            "Attack complexity": "High",
            "Privileges required": "None",
            "User interaction": "None",
            "Scope": "Changed",
            "Confidentiality": "High",
            "Integrity": "None",
            "Availability": "Low"
        },
        "CVSS string": "CVSS:3.1/AV:N/AC:H/PR:N/UI:N/S:C/C:H/I:N/A:L"
    },
    "Weaknesses": [
        "[CWE-420](/advisories?query=cwe%3A420)",
        "[CWE-636](/advisories?query=cwe%3A636)"
    ],
    "CVE ID": "CVE-2023-28840",
    "GHSA ID": "GHSA-232p-vwff-86mp",
    "Source code": "[moby/moby](https://github.com/moby/moby)"
}