{
    "Title": "VNCAuthProxy authentication bypass vulnerability",
    "Meta": {
        "Package": [
            "vncauthproxy([pip](/advisories?query=ecosystem%3Apip))"
        ],
        "Affected versions": [
            ">= 0, < 1.2.0"
        ],
        "Patched versions": [
            "1.2.0"
        ]
    },
    "Description": "OSU Open Source Lab VNCAuthProxy through 1.1.1 is affected by an\nvncap/vnc/protocol.py VNCServerAuthenticator authentication-bypass\nvulnerability that could allow a malicious actor to gain unauthorized access\nto a VNC session or to disconnect a legitimate user from a VNC session. A\nremote attacker with network access to the proxy server could leverage this\nvulnerability to connect to VNC servers protected by the proxy server without\nproviding any authentication credentials. Exploitation of this issue requires\nthat the proxy server is currently accepting connections for the target VNC\nserver.\n\n### References\n\n  * <https://nvd.nist.gov/vuln/detail/CVE-2022-36436>\n  * [osuosl/twisted_vncauthproxy@`edc149a`](https://github.com/osuosl/twisted_vncauthproxy/commit/edc149af29242178091b2d6fcd42c3ef0851644b)\n  * <https://cert.grnet.gr/en/blog/cve-2022-36436-twisted-vnc-authentication-proxy-authentication-bypass/>\n  * <https://github.com/osuosl/twisted_vncauthproxy/tree/release/1.1.1>\n  * <https://github.com/pypa/advisory-database/tree/main/vulns/vncauthproxy/PYSEC-2022-267.yaml>\n  * <https://pypi.org/project/VNCAuthProxy/>\n\n",
    "Severity": {
        "Score": "9.8/ 10 (Critical)",
        "CVSS base metrics": {
            "Attack vector": "Network",
            "Attack complexity": "Low",
            "Privileges required": "None",
            "User interaction": "None",
            "Scope": "Unchanged",
            "Confidentiality": "High",
            "Integrity": "High",
            "Availability": "High"
        },
        "CVSS string": "CVSS:3.1/AV:N/AC:L/PR:N/UI:N/S:U/C:H/I:H/A:H"
    },
    "Weaknesses": [
        "[CWE-287](/advisories?query=cwe%3A287)"
    ],
    "CVE ID": "CVE-2022-36436",
    "GHSA ID": "GHSA-237r-mx84-7x8c",
    "Source code": "[osuosl/twisted_vncauthproxy](https://github.com/osuosl/twisted_vncauthproxy)"
}