{
    "Title": "Sentry SDK leaks sensitive session information when `sendDefaultPII` is set to `True`",
    "Meta": {
        "Package": [
            "sentry-sdk([pip](/advisories?query=ecosystem%3Apip))"
        ],
        "Affected versions": [
            "< 1.14.0"
        ],
        "Patched versions": [
            "1.14.0"
        ]
    },
    "Description": "### Impact\n\nWhen using the [Django\nintegration](https://docs.sentry.io/platforms/python/guides/django/) of the\nSentry SDK in a specific configuration it is possible to leak sensitive\ncookies values, including the session cookie to Sentry. These sensitive\ncookies could then be used by someone with access to your Sentry issues to\nimpersonate or escalate their privileges within your application.\n\nThe below must be true in order for these sensitive values to be leaked:\n\n  1. Your Sentry SDK configuration has `sendDefaultPII` set to `True`\n  2. You are using a custom name for either of the cookies below in your Django settings.\n\n  * [`SESSION_COOKIE_NAME`](https://docs.djangoproject.com/en/4.1/ref/settings/#std-setting-SESSION_COOKIE_NAME) or\n  * [`CSRF_COOKIE_NAME`](https://docs.djangoproject.com/en/4.1/ref/settings/#std-setting-CSRF_COOKIE_NAME) Django settings\n\n  3. You are not configured in your organization or project settings to use [our data scrubbing features](https://docs.sentry.io/product/data-management-settings/scrubbing/) to account for the custom cookie names\n\n### Patches\n\nAs of version `1.14.0`, the Django integration of the `sentry-sdk` will detect\nthe custom cookie names based on your Django settings and will remove the\nvalues from the payload _before_ sending the data to Sentry.\n\n### Workarounds\n\nIf you can not update your `sentry-sdk` to a patched version than you can use\nthe SDKs filtering mechanism to remove the cookies from the payload that is\nsent to Sentry. For error events this can be done with the\n[before_send](https://docs.sentry.io/platforms/python/configuration/filtering/#using-\nplatformidentifier-namebefore-send-) callback method and for performance\nrelated events (transactions) you can use the\n[before_send_transaction](https://docs.sentry.io/platforms/python/configuration/filtering/#using-\nplatformidentifier-namebefore-send-transaction-) callback method.\n\nIf you'd like to handle filtering of these values on the server-side, you can\nalso use our [advanced data scrubbing\nfeature](https://docs.sentry.io/product/data-management-\nsettings/scrubbing/advanced-datascrubbing/) to account for the custom cookie\nnames. Look for the `$http.cookies`, `$http.headers`, `$request.cookies`, or\n`$request.headers` fields to target with your scrubbing rule.\n\n### References\n\n  * [Using Your Tools Against You (Chapter8 Blog Post)](https://medium.com/@tomwolters/using-your-tools-against-you-cea4d2482ebb)\n  * [Sentry Python SDK Filtering](https://docs.sentry.io/platforms/python/configuration/filtering/)\n  * [Sentry Data Scrubbing](https://docs.sentry.io/product/data-management-settings/scrubbing/advanced-datascrubbing/)\n\n### Credits\n\n  * [Tom Wolters (Chapter8)](https://chapter8.com)\n\n### References\n\n  * [GHSA-29pr-6jr8-q5jm](https://github.com/getsentry/sentry-python/security/advisories/GHSA-29pr-6jr8-q5jm \"GHSA-29pr-6jr8-q5jm\")\n  * [getsentry/sentry-python#1842](https://github.com/getsentry/sentry-python/pull/1842)\n  * <https://github.com/getsentry/sentry-python/releases/tag/1.14.0>\n  * <https://nvd.nist.gov/vuln/detail/CVE-2023-28117>\n\n",
    "Severity": {
        "Score": "7.6/ 10 (High)",
        "CVSS base metrics": {
            "Attack vector": "Network",
            "Attack complexity": "Low",
            "Privileges required": "High",
            "User interaction": "None",
            "Scope": "Changed",
            "Confidentiality": "High",
            "Integrity": "Low",
            "Availability": "None"
        },
        "CVSS string": "CVSS:3.1/AV:N/AC:L/PR:H/UI:N/S:C/C:H/I:L/A:N"
    },
    "Weaknesses": [
        "[CWE-201](/advisories?query=cwe%3A201)",
        "[CWE-209](/advisories?query=cwe%3A209)"
    ],
    "CVE ID": "CVE-2023-28117",
    "GHSA ID": "GHSA-29pr-6jr8-q5jm",
    "Source code": "[getsentry/sentry-python](https://github.com/getsentry/sentry-python)"
}