{
    "Title": "steal vulnerable to Regular Expression Denial of Service via source and sourceWithComments",
    "Meta": {
        "Package": [
            "steal([npm](/advisories?query=ecosystem%3Anpm))"
        ],
        "Affected versions": [
            "<= 2.3.0"
        ],
        "Patched versions": [
            "None"
        ]
    },
    "Description": "A Regular Expression Denial of Service (ReDoS) flaw was found in stealjs steal\nvia the source and sourceWithComments variable in main.js.\n\n### References\n\n  * <https://nvd.nist.gov/vuln/detail/CVE-2022-37262>\n  * [stealjs/steal#1531](https://github.com/stealjs/steal/issues/1531)\n  * <https://github.com/stealjs/steal/blob/c9dd1eb19ed3f97aeb93cf9dcea5d68ad5d0ced9/main.js#L3497>\n  * <https://github.com/stealjs/steal/blob/c9dd1eb19ed3f97aeb93cf9dcea5d68ad5d0ced9/main.js#L3507>\n\n",
    "Severity": {
        "Score": "7.5/ 10 (High)",
        "CVSS base metrics": {
            "Attack vector": "Network",
            "Attack complexity": "Low",
            "Privileges required": "None",
            "User interaction": "None",
            "Scope": "Unchanged",
            "Confidentiality": "None",
            "Integrity": "None",
            "Availability": "High"
        },
        "CVSS string": "CVSS:3.1/AV:N/AC:L/PR:N/UI:N/S:U/C:N/I:N/A:H"
    },
    "Weaknesses": [
        "[CWE-1333](/advisories?query=cwe%3A1333)"
    ],
    "CVE ID": "CVE-2022-37262",
    "GHSA ID": "GHSA-28v4-jf82-jvj8",
    "Source code": "[stealjs/steal](https://github.com/stealjs/steal)"
}