{
    "Title": "Strapi plugins vulnerable to Server-Side Template Injection and Remote Code Execution in the Users-Permissions Plugin",
    "Meta": {
        "Package": [
            "@strapi/plugin-email([npm](/advisories?query=ecosystem%3Anpm))"
        ],
        "Affected versions": [
            "< 4.5.6"
        ],
        "Patched versions": [
            "4.5.6"
        ]
    },
    "Description": "### Summary\n\nStrapi through 4.5.5 allows authenticated Server-Side Template Injection\n(SSTI) that can be exploited to execute arbitrary code on the server.\n\n### Details\n\nStrapi through 4.5.5 allows authenticated Server-Side Template Injection\n(SSTI) that can be exploited to execute arbitrary code on the server. A remote\nattacker with access to the Strapi admin panel can inject a crafted payload\nthat executes code on the server into an email template that bypasses the\nvalidation checks that should prevent code execution.\n\n### IoC\n\nUsing just the request log files, the only IoC to search for is a `PUT`\nrequest to URL path `/users-permissions/email-templates`. This IoC only\nindicates that a Strapi email template was modified on your server and by\nitself does not indicate if your Strapi server has been compromised. If this\nIoC is detected, you will need to manually review your email templates on your\nStrapi server and backups of your database to see if any of the templates\ncontain a `lodash` template delimiter (eg. `<%STUFF HERE%>`) that contains\nsuspicious JavaScript code. Generally speaking these templates should look\nlike the following, you may have minor adjustments but any unrecognized code\nshould be considered suspicious.\n\nReset Password Template:\n\n    \n    \n    <p>We heard that you lost your password. Sorry about that!</p>\n    \n    <p>But don\u2019t worry! You can use the following link to reset your password:</p>\n    <p><%= URL %>?code=<%= TOKEN %></p>\n    \n    <p>Thanks.</p>\n\nEmail Confirmation Template:\n\n    \n    \n    <p>Thank you for registering!</p>\n    \n    <p>You have to confirm your email address. Please click on the link below.</p>\n    \n    <p><%= URL %>?confirmation=<%= CODE %></p>\n    \n    <p>Thanks.</p>\n\nSpecifically you should look for odd code contained within the `<%STUFF\nHERE%>` blocks as this is what is used to bypass the lodash templating system.\nIf you find any code that is not a variable name, or a variable name that is\nnot defined in the template you are most likely impacted and should take\nimmediate steps to confirm there are no malicious applications running on your\nservers.\n\n### Impact\n\nAll users on Strapi below 4.5.6 with access to the admin panel and the ability\nto modify the email templates\n\n### References\n\n  * [GHSA-2h87-4q2w-v4hf](https://github.com/strapi/strapi/security/advisories/GHSA-2h87-4q2w-v4hf \"GHSA-2h87-4q2w-v4hf\")\n  * <https://nvd.nist.gov/vuln/detail/CVE-2023-22621>\n  * [strapi/strapi#15385](https://github.com/strapi/strapi/pull/15385)\n  * [strapi/strapi@`921d309`](https://github.com/strapi/strapi/commit/921d30961d6ba96cc098f2aea197350a49f990bd)\n  * <https://github.com/strapi/strapi/releases>\n  * <https://github.com/strapi/strapi/releases/tag/v4.5.6>\n  * <https://strapi.io/blog/security-disclosure-of-vulnerabilities-cve>\n  * <https://www.ghostccamm.com/blog/multi_strapi_vulns/>\n\n",
    "Severity": {
        "Score": "10.0/ 10 (Critical)",
        "CVSS base metrics": {
            "Attack vector": "Network",
            "Attack complexity": "Low",
            "Privileges required": "None",
            "User interaction": "None",
            "Scope": "Changed",
            "Confidentiality": "High",
            "Integrity": "High",
            "Availability": "High"
        },
        "CVSS string": "CVSS:3.1/AV:N/AC:L/PR:N/UI:N/S:C/C:H/I:H/A:H"
    },
    "Weaknesses": [
        "[CWE-74](/advisories?query=cwe%3A74)"
    ],
    "CVE ID": "CVE-2023-22621",
    "GHSA ID": "GHSA-2h87-4q2w-v4hf",
    "Source code": "[strapi/strapi](https://github.com/strapi/strapi)"
}