{
    "Title": "Changeset vulnerable to prototype pollution",
    "Meta": {
        "Package": [
            "changeset([npm](/advisories?query=ecosystem%3Anpm))"
        ],
        "Affected versions": [
            ">= 0.0.1, < 0.2.5"
        ],
        "Patched versions": [
            "0.2.5"
        ]
    },
    "Description": "### Overview\n\nPrototype pollution vulnerability in 'changeset' versions 0.0.1 through 0.2.5\nallows attackers to cause a denial of service and may lead to remote code\nexecution.\n\n### Details\n\nThe npm module 'changeset' can be abused by Prototype Pollution vulnerability\nsince the function 'apply()' does not check for the type of object before\nassigning value to the property. Due to this flaw an attacker could create a\nnon-existent property or able to manipulate the property which leads to Denial\nof Service or potentially Remote code execution.\n\n### PoC Details\n\nThe 'apply()' function accepts 'changes, target, modify' as argument. Due to\nthe absence of validation on the values passed into the 'changes' argument, an\nattacker can supply a malicious value by adjusting the value to include the '\n**proto** ' property. Since there is no validation before assigning the\nproperty to check whether the assigned argument is the Object's own property\nor not, the property 'polluted' will be directly be assigned to the new object\nthereby polluting the Object prototype. Using the example below, if there is a\ncheck to validate 'polluted' the valued later in the code, it would be\nsubstituted as \"Yes! Its Polluted\" as it had been polluted.\n\n### PoC Code\n\n    \n    \n    var changeset = require(\"changeset\") const patch = [{\n        type: 'put',\n        key: [\"__proto__\", \"polluted\"],\n        value: \"Yes! Its Polluted\"\n    }];\n    console.log(\"Before : \" + {}.polluted);\n    changeset.apply(patch, {}, true);\n    console.log(\"After : \" + {}.polluted);\n\n### References\n\n  * <https://nvd.nist.gov/vuln/detail/CVE-2021-25915>\n  * [eugeneware/changeset@`9e58884`](https://github.com/eugeneware/changeset/commit/9e588844edbb9993b32e7366cc799262b4447f99)\n  * <https://web.archive.org/web/20210323102946/https://www.whitesourcesoftware.com/vulnerability-database/CVE-2021-25915>\n\n",
    "Severity": {
        "Score": "9.8/ 10 (Critical)",
        "CVSS base metrics": {
            "Attack vector": "Network",
            "Attack complexity": "Low",
            "Privileges required": "None",
            "User interaction": "None",
            "Scope": "Unchanged",
            "Confidentiality": "High",
            "Integrity": "High",
            "Availability": "High"
        },
        "CVSS string": "CVSS:3.1/AV:N/AC:L/PR:N/UI:N/S:U/C:H/I:H/A:H"
    },
    "Weaknesses": [
        "[CWE-1321](/advisories?query=cwe%3A1321)"
    ],
    "CVE ID": "CVE-2021-25915",
    "GHSA ID": "GHSA-2gqw-q9r9-7f79",
    "Source code": "[eugeneware/changeset](https://github.com/eugeneware/changeset)"
}