{
    "Title": "Insertion of Sensitive Information into Log File in Hashicorp go-getter",
    "Meta": {
        "Package": [
            "github.com/hashicorp/go-getter([Go](/advisories?query=ecosystem%3Ago))"
        ],
        "Affected versions": [
            "< 1.5.11"
        ],
        "Patched versions": [
            "1.5.11"
        ]
    },
    "Description": "The Hashicorp go-getter library before 1.5.11 could write SSH credentials into\nits logfile, exposing sensitive credentials to local users able to read the\nlogfile.\n\n### References\n\n  * <https://nvd.nist.gov/vuln/detail/CVE-2022-29810>\n  * [hashicorp/go-getter#348](https://github.com/hashicorp/go-getter/pull/348)\n  * [hashicorp/go-getter@`36b68b2`](https://github.com/hashicorp/go-getter/commit/36b68b2f68a3ed10ee7ecbb0cb9f6b1dc5da49cc)\n  * <https://github.com/hashicorp/go-getter/releases/tag/v1.5.11>\n  * <https://pkg.go.dev/vuln/GO-2022-0438>\n\n",
    "Severity": {
        "Score": "5.5/ 10 (Moderate)",
        "CVSS base metrics": {
            "Attack vector": "Local",
            "Attack complexity": "Low",
            "Privileges required": "Low",
            "User interaction": "None",
            "Scope": "Unchanged",
            "Confidentiality": "High",
            "Integrity": "None",
            "Availability": "None"
        },
        "CVSS string": "CVSS:3.1/AV:L/AC:L/PR:L/UI:N/S:U/C:H/I:N/A:N"
    },
    "Weaknesses": [
        "[CWE-532](/advisories?query=cwe%3A532)"
    ],
    "CVE ID": "CVE-2022-29810",
    "GHSA ID": "GHSA-27rq-4943-qcwp",
    "Source code": "[hashicorp/go-getter](https://github.com/hashicorp/go-getter)"
}