{
    "Title": "Apache Geode information disclosure vulnerability",
    "Meta": {
        "Package": [
            "org.apache.geode:geode-core([Maven](/advisories?query=ecosystem%3Amaven))"
        ],
        "Affected versions": [
            "= 1.1.0"
        ],
        "Patched versions": [
            "1.1.1"
        ]
    },
    "Description": "Apache Geode before 1.1.1, when a cluster has enabled security by setting the\nsecurity-manager property, allows remote authenticated users with CLUSTER:READ\nbut not DATA:READ permission to access the data browser page in Pulse and\nconsequently execute an OQL query that exposes data stored in the cluster.\n\n### References\n\n  * <https://nvd.nist.gov/vuln/detail/CVE-2017-5649>\n  * <http://mail-archives.apache.org/mod_mbox/geode-user/201704.mbox/%3cCAEwge-E4y=EVfhwpfRwsbnBH_hBS3Q-BJS+1BX5omYGW4dnR1w@mail.gmail.com%3e>\n\n",
    "Severity": {
        "Score": "7.5/ 10 (High)",
        "CVSS base metrics": {
            "Attack vector": "Network",
            "Attack complexity": "Low",
            "Privileges required": "None",
            "User interaction": "None",
            "Scope": "Unchanged",
            "Confidentiality": "High",
            "Integrity": "None",
            "Availability": "None"
        },
        "CVSS string": "CVSS:3.0/AV:N/AC:L/PR:N/UI:N/S:U/C:H/I:N/A:N"
    },
    "Weaknesses": [
        "[CWE-200](/advisories?query=cwe%3A200)"
    ],
    "CVE ID": "CVE-2017-5649",
    "GHSA ID": "GHSA-2gw6-73wc-x88f",
    "Source code": "No known source code"
}