{
    "Title": "@keystone-6/core's NODE_ENV defaults to development with esbuild",
    "Meta": {
        "Package": [
            "@keystone-6/core([npm](/advisories?query=ecosystem%3Anpm))"
        ],
        "Affected versions": [
            ">= 3.0.0, < 3.0.2"
        ],
        "Patched versions": [
            "3.0.2"
        ]
    },
    "Description": "### Impact\n\n`@keystone-6/core@3.0.0 || 3.0.1` users that use `NODE_ENV` in their own code\n( **not dependencies** ) to trigger security-sensitive functionality in a\nproduction build are vulnerable to `NODE_ENV` being inlined to `\"development\"`\nfor user code.\n\nIf your dependencies use `NODE_ENV` to trigger particular behaviours\n(optimisations, security or otherwise), they should still respect your\nenvironment's configured `NODE_ENV` variable and thereby be unaffected.\n\nIf you do not use `NODE_ENV` in your own code to trigger security-sensitive\nfunctionality, **you are not impacted** by this vulnerability.  \nAn example of code that would be affected, might be the following:\n\n    \n    \n    if (process.env.NODE_ENV !== 'production') {\n      // this code would unintentionally run in your production builds\n    }\n\n### Technical Description\n\nThe problem comes from esbuild defaulting `NODE_ENV` to `\"development\"` when a\nplatform configuration is undefined.  \nYou can read about why [`esbuild` has that behaviour in their\ndocumentation](https://esbuild.github.io/api/#platform), but the result for\nKeystone users is that user Typescript was compiled, and had inlined\n`NODE_ENV` to the constant `\"development\"`.\n\nYour application's dependencies, as found in `node_modules` (including\n`@keystone-6/core`), are typically not compiled as part of this process, and\nthus should be unaffected. Therefore any libraries that used `NODE_ENV` to\ntrigger particular behaviours (optimisations, security or otherwise) should\nstill respect your environment's `NODE_ENV`.  \nWe have tested this assumption by verifying that `NODE_ENV=production yarn\nkeystone start` still uses secure cookies when using `statelessSessions`.\n\nThereby, the severity of this vulnerability is dependent on what functionality\nusers conditionally triggered, in their own code, depending on the expectation\nthat `NODE_ENV` would be correctly configured in their application. In\naccordance with Common Vulnerability Scoring System `2.3.3. Assume Vulnerable\nConfigurations`, this security advisory assumes vulnerable configurations and\nis thus marked as _critical_ , but you should evaluate the true security\nimpact for your application to determine a relevant score.\n\n### Patches\n\nThis vulnerability has been fixed in `@keystone-6/core@3.0.2`, thanks to\n[@mmachatschek](https://github.com/mmachatschek) in\n[keystonejs/keystone#8031](https://github.com/keystonejs/keystone/pull/8031).  \nWe have added regression tests for this vulnerability in\n[keystonejs/keystone#8063](https://github.com/keystonejs/keystone/pull/8063).\n\n### Workarounds\n\nIf you cannot upgrade your `@keystone-6/core` version for any reason, your\nbest alternative is to remove any code that uses `NODE_ENV` in a way that may\nreasonably impact your application security.\n\n### References\n\n  * <https://esbuild.github.io/api/#platform>\n  * [keystonejs/keystone#8031](https://github.com/keystonejs/keystone/pull/8031)\n  * [keystonejs/keystone#8063](https://github.com/keystonejs/keystone/pull/8063)\n\n### For more information\n\nThanks to [Austin Burdine](https://github.com/acburdine) for reporting this\nproblem as a potential security vulnerability.\n\nIf you have any questions around this security advisory, please don't hesitate\nto contact us at [security@keystonejs.com](mailto:security@keystonejs.com), or\n[open an issue on\nGitHub](https://github.com/keystonejs/keystone/issues/new/choose).\n\nIf you have a security flaw to report for any software in this repository,\nplease see our [SECURITY\npolicy](https://github.com/keystonejs/keystone/blob/main/SECURITY.md).\n\n### References\n\n  * [GHSA-25mx-2mxm-6343](https://github.com/keystonejs/keystone/security/advisories/GHSA-25mx-2mxm-6343 \"GHSA-25mx-2mxm-6343\")\n  * [keystonejs/keystone#8063](https://github.com/keystonejs/keystone/pull/8063)\n  * <https://nvd.nist.gov/vuln/detail/CVE-2022-39382>\n  * [keystonejs/keystone#8031](https://github.com/keystonejs/keystone/pull/8031)\n\n",
    "Severity": {
        "Score": "9.8/ 10 (Critical)",
        "CVSS base metrics": {
            "Attack vector": "Network",
            "Attack complexity": "Low",
            "Privileges required": "None",
            "User interaction": "None",
            "Scope": "Unchanged",
            "Confidentiality": "High",
            "Integrity": "High",
            "Availability": "High"
        },
        "CVSS string": "CVSS:3.1/AV:N/AC:L/PR:N/UI:N/S:U/C:H/I:H/A:H"
    },
    "Weaknesses": [
        "[CWE-74](/advisories?query=cwe%3A74)"
    ],
    "CVE ID": "CVE-2022-39382",
    "GHSA ID": "GHSA-25mx-2mxm-6343",
    "Source code": "[keystonejs/keystone](https://github.com/keystonejs/keystone)"
}