{
    "Title": "jh_captcha for Typo3 XSS Vulnerability",
    "Meta": {
        "Package": [
            "haffner/jh_captcha([Composer](/advisories?query=ecosystem%3Acomposer))"
        ],
        "Affected versions": [
            ">= 3.0.0, <= 3.0.2",
            "<= 2.1.3"
        ],
        "Patched versions": [
            "3.0.3",
            "2.1.4"
        ]
    },
    "Description": "The jh_captcha extension through 2.1.3, and 3.x through 3.0.2, for TYPO3\nallows XSS.\n\n### References\n\n  * <https://nvd.nist.gov/vuln/detail/CVE-2020-15514>\n  * <https://typo3.org/security/advisory/typo3-ext-sa-2020-012>\n\n",
    "Severity": {
        "Score": "5.4/ 10 (Moderate)",
        "CVSS base metrics": {
            "Attack vector": "Network",
            "Attack complexity": "Low",
            "Privileges required": "Low",
            "User interaction": "Required",
            "Scope": "Changed",
            "Confidentiality": "Low",
            "Integrity": "Low",
            "Availability": "None"
        },
        "CVSS string": "CVSS:3.1/AV:N/AC:L/PR:L/UI:R/S:C/C:L/I:L/A:N"
    },
    "Weaknesses": [
        "[CWE-79](/advisories?query=cwe%3A79)"
    ],
    "CVE ID": "CVE-2020-15514",
    "GHSA ID": "GHSA-23fm-v895-3qxq",
    "Source code": "No known source code"
}