{
    "Title": ".NET Remote Code Execution Vulnerability",
    "Meta": {
        "Package": [
            "Microsoft.WindowsDesktop.App.Runtime.win-arm64([NuGet](/advisories?query=ecosystem%3Anuget))"
        ],
        "Affected versions": [
            ">= 6.0.0, <= 6.0.11",
            "= 7.0.0"
        ],
        "Patched versions": [
            "6.0.12",
            "7.0.1"
        ]
    },
    "Description": "# Microsoft Security Advisory\n[CVE-2022-41089](https://github.com/advisories/GHSA-2c7v-qcjp-4mg2\n\"CVE-2022-41089\"): .NET Remote Code Execution Vulnerability\n\n## Executive summary\n\nMicrosoft is releasing this security advisory to provide information about a\nvulnerability in .NET Core 3.1, .NET 6.0., and .NET 7.0. This advisory also\nprovides guidance on what developers can do to update their applications to\nremove this vulnerability.\n\nA remote code execution vulnerability exists in .NET Core 3.1, .NET 6.0, and\n.NET 7.0, where a malicious actor could cause a user to run arbitrary code as\na result of parsing maliciously crafted xps files.\n\n## Announcement\n\nAnnouncement for this issue can be found at\n[dotnet/announcements#242](https://github.com/dotnet/announcements/issues/242)\n\n### Mitigation factors\n\nMicrosoft has not identified any mitigating factors for this vulnerability.\n\n## Affected software\n\n  * Any .NET 7.0 WinForms or WPF application running on .NET 7.0.0 or earlier.\n  * Any .NET 6.0 WinForms or WPF application running on .NET 6.0.11 or earlier.\n  * Any .NET Core 3.1 WinForms or WPF application running on .NET 3.1.31 or earlier.\n\nIf the application does not utilize WinForms or WPF, it is not affected by\nthis vulnerability.\n\nApplications targeting Mac, Linux, Android, iOS, and other non-Windows\nplatforms are not affected by this vulnerability.\n\nIf your application uses the following package versions, ensure you update to\nthe latest version of .NET.\n\n### .NET Core 3.1\n\nPackage name | Affected version | Patched version  \n---|---|---  \n[Microsoft.WindowsDesktop.App.Runtime.win-x64](https://www.nuget.org/packages/Microsoft.WindowsDesktop.App.Runtime.win-x64)\n| >= 3.1.0, <= 3.1.31 | 3.1.32  \n[Microsoft.WindowsDesktop.App.Runtime.win-x86](https://www.nuget.org/packages/Microsoft.WindowsDesktop.App.Runtime.win-x86)\n| >= 3.1.0, <= 3.1.31 | 3.1.32  \n  \n### .NET 6\n\nPackage name | Affected version | Patched version  \n---|---|---  \n[Microsoft.WindowsDesktop.App.Runtime.win-\narm64](https://www.nuget.org/packages/Microsoft.WindowsDesktop.App.Runtime.win-\narm64) | >= 6.0.0, <= 6.0.11 | 6.0.12  \n[Microsoft.WindowsDesktop.App.Runtime.win-x64](https://www.nuget.org/packages/Microsoft.WindowsDesktop.App.Runtime.win-x64)\n| >= 6.0.0, <= 6.0.11 | 6.0.12  \n[Microsoft.WindowsDesktop.App.Runtime.win-x86](https://www.nuget.org/packages/Microsoft.WindowsDesktop.App.Runtime.win-x86)\n| >= 6.0.0, <= 6.0.11 | 6.0.12  \n  \n### .NET 7\n\nPackage name | Affected version | Patched version  \n---|---|---  \n[Microsoft.WindowsDesktop.App.Runtime.win-\narm64](https://www.nuget.org/packages/Microsoft.WindowsDesktop.App.Runtime.win-\narm64) | >= 7.0.0, <= 7.0.0 | 7.0.1  \n[Microsoft.WindowsDesktop.App.Runtime.win-x64](https://www.nuget.org/packages/Microsoft.WindowsDesktop.App.Runtime.win-x64)\n| >= 7.0.0, <= 7.0.0 | 7.0.1  \n[Microsoft.WindowsDesktop.App.Runtime.win-x86](https://www.nuget.org/packages/Microsoft.WindowsDesktop.App.Runtime.win-x86)\n| >= 7.0.0, <= 7.0.0 | 7.0.1  \n  \n## Advisory FAQ\n\n### How do I know if I am affected?\n\nIf you have a runtime or SDK with a version listed, or an affected package\nlisted in affected software, you're exposed to the vulnerability.\n\n### How do I fix the issue?\n\n  * To fix the issue please install the latest version of .NET 7.0, .NET 6.0 or .NET Core 3.1. If you have installed one or more .NET SDKs through Visual Studio, Visual Studio will prompt you to update Visual Studio, which will also update your .NET SDKs.\n  * If you have .NET Core 3.1 or greater installed, you can list the versions you have installed by running the `dotnet --info` command. You will see output like the following;\n  * If you are using one of the affected packages, please update to the patched version listed above.\n\n    \n    \n    .NET Core SDK (reflecting any global.json):\n    \n     Version:   6.0.300\n     Commit:    8473146e7d\n    \n    Runtime Environment:\n    \n     OS Name:     Windows\n     OS Version:  10.0.18363\n     OS Platform: Windows\n     RID:         win10-x64\n     Base Path:   C:\\Program Files\\dotnet\\sdk\\6.0.300\\\n    \n    Host (useful for support):\n    \n      Version: 6.0.5\n      Commit:  8473146e7d\n    \n    .NET Core SDKs installed:\n    \n      6.0.300 [C:\\Program Files\\dotnet\\sdk]\n    \n    .NET Core runtimes installed:\n    \n      Microsoft.AspNetCore.App 6.0.5 [C:\\Program Files\\dotnet\\shared\\Microsoft.AspNetCore.App]\n      Microsoft.NETCore.App 6.0.5 [C:\\Program Files\\dotnet\\shared\\Microsoft.NETCore.App]\n      Microsoft.WindowsDesktop.App 6.0.5 [C:\\Program Files\\dotnet\\shared\\Microsoft.WindowsDesktop.App]\n    \n    To install additional .NET Core runtimes or SDKs:\n      https://aka.ms/dotnet-download\n    \n\n  * If you're using .NET 7.0, you should download and install Runtime 7.0.1 or SDK 7.0.101 (for Visual Studio 2022 v17.4) from <https://dotnet.microsoft.com/download/dotnet-core/7.0>.\n  * If you're using .NET 6.0, you should download and install Runtime 6.0.12 or SDK 6.0.112 (for Visual Studio 2022 v17.1) from <https://dotnet.microsoft.com/download/dotnet-core/6.0>.\n  * If you're using .NET Core 3.1, you should download and install Runtime 3.1.32 (for Visual Studio 2019 v16.9) from <https://dotnet.microsoft.com/download/dotnet-core/3.1>.\n\n.NET 7.0, .NET 6.0 and .NET Core 3.1 updates are also available from Microsoft\nUpdate. To access this either type \"Check for updates\" in your Windows search,\nor open Settings, choose Update & Security and then click Check for Updates.\n\nOnce you have installed the updated runtime or SDK, restart your apps for the\nupdate to take effect.\n\nAdditionally, if you've deployed [self-contained\napplications](https://docs.microsoft.com/dotnet/core/deploying/#self-\ncontained-deployments-scd) targeting any of the impacted versions, these\napplications are also vulnerable and must be recompiled and redeployed.\n\n## Other Information\n\n### Acknowledgements\n\n[Eleftherios Panos](https://twitter.com/lefterispan) with\n[Nettitude](https://www.nettitude.com/)  \n[Nick Landers](https://twitter.com/monoxgas) with NetSPI\n\n### Reporting Security Issues\n\nIf you have found a potential security issue in .NET 7.0, .NET 6.0 or .NET\nCore 3.1, please email details to\n[secure@microsoft.com](mailto:secure@microsoft.com). Reports may qualify for\nthe Microsoft .NET Core & .NET 5 Bounty. Details of the Microsoft .NET Bounty\nProgram including terms and conditions are at <https://aka.ms/corebounty>.\n\n### Support\n\nYou can ask questions about this issue on GitHub in the .NET GitHub\norganization. The main repos are located at\n<https://github.com/dotnet/runtime> and <https://github.com/dotnet/wpf/>. The\nAnnouncements repo (<https://github.com/dotnet/Announcements>) will contain\nthis bulletin as an issue and will include a link to a discussion issue. You\ncan ask questions in the linked discussion issue.\n\n### Disclaimer\n\nThe information provided in this advisory is provided \"as is\" without warranty\nof any kind. Microsoft disclaims all warranties, either express or implied,\nincluding the warranties of merchantability and fitness for a particular\npurpose. In no event shall Microsoft Corporation or its suppliers be liable\nfor any damages whatsoever including direct, indirect, incidental,\nconsequential, loss of business profits or special damages, even if Microsoft\nCorporation or its suppliers have been advised of the possibility of such\ndamages. Some states do not allow the exclusion or limitation of liability for\nconsequential or incidental damages so the foregoing limitation may not apply.\n\n### External Links\n\n[CVE-2022-41089](https://www.cve.org/CVERecord?id=CVE-2022-41089)\n\n### References\n\n  * [GHSA-2c7v-qcjp-4mg2](https://github.com/dotnet/wpf/security/advisories/GHSA-2c7v-qcjp-4mg2 \"GHSA-2c7v-qcjp-4mg2\")\n  * [dotnet/announcements#242](https://github.com/dotnet/announcements/issues/242)\n  * <https://portal.msrc.microsoft.com/en-US/security-guidance/advisory/CVE-2022-41089>\n  * [dotnet/wpf@`5f4c0f7`](https://github.com/dotnet/wpf/commit/5f4c0f7763a06b024c8a517616e0fc0194e997a4)\n  * [dotnet/wpf@`7b0be4d`](https://github.com/dotnet/wpf/commit/7b0be4d41c33ce8525d8160bf8869cac10f8a8cd)\n  * [dotnet/wpf@`c08825a`](https://github.com/dotnet/wpf/commit/c08825a9889e6c798fe95ed5ec1f6a9f517ab5a0)\n\n",
    "Severity": {
        "Score": "8.8/ 10 (High)",
        "CVSS base metrics": {
            "Attack vector": "Network",
            "Attack complexity": "Low",
            "Privileges required": "None",
            "User interaction": "Required",
            "Scope": "Unchanged",
            "Confidentiality": "High",
            "Integrity": "High",
            "Availability": "High"
        },
        "CVSS string": "CVSS:3.1/AV:N/AC:L/PR:N/UI:R/S:U/C:H/I:H/A:H"
    },
    "Weaknesses": [
        "[CWE-94](/advisories?query=cwe%3A94)"
    ],
    "CVE ID": "CVE-2022-41089",
    "GHSA ID": "GHSA-2c7v-qcjp-4mg2",
    "Source code": "[dotnet/wpf](https://github.com/dotnet/wpf)"
}