{
    "Title": "Tauri's readDir Endpoint Scope can be Bypassed With Symbolic Links",
    "Meta": {
        "Package": [
            "tauri([Rust](/advisories?query=ecosystem%3Arust))"
        ],
        "Affected versions": [
            "< 1.0.6"
        ],
        "Patched versions": [
            "1.0.6"
        ]
    },
    "Description": "### Impact\n\nDue to missing canonicalization when `readDir` is called recursively, it was\npossible to display directory listings outside of the defined `fs` scope. This\nrequired a crafted symbolic link or junction folder inside an allowed path of\nthe `fs` scope. No arbitrary file content could be leaked.\n\n### Patches\n\nThe issue has been resolved in [tauri-\napps/tauri#5123](https://github.com/tauri-apps/tauri/pull/5123) and the\nimplementation now properly checks if the  \nrequested (sub) directory is a symbolic link outside of the defined `scope`.\n\n### Workarounds\n\nDisable the `readDir` endpoint in the `allowlist` inside the\n`tauri.conf.json`.\n\n### For more information\n\nThis issue was initially reported by [martin-\nocasek](https://github.com/martin-ocasek) in [#4882](https://github.com/tauri-\napps/tauri/issues/4882).\n\nIf you have any questions or comments about this advisory:\n\n  * Open an issue in [tauri](https://github.com/tauri-apps/tauri)\n  * Email us at [security@tauri.app](mailto:security@tauri.app)\n\n### References\n\n  * [GHSA-28m8-9j7v-x499](https://github.com/tauri-apps/tauri/security/advisories/GHSA-28m8-9j7v-x499 \"GHSA-28m8-9j7v-x499\")\n  * <https://nvd.nist.gov/vuln/detail/CVE-2022-39215>\n  * [tauri-apps/tauri#4882](https://github.com/tauri-apps/tauri/issues/4882)\n  * [tauri-apps/tauri#5123](https://github.com/tauri-apps/tauri/pull/5123)\n  * [tauri-apps/tauri@`1f9b9e8`](https://github.com/tauri-apps/tauri/commit/1f9b9e8d26a2c915390323e161020bcb36d44678)\n  * [tauri-apps/tauri@`bb17882`](https://github.com/tauri-apps/tauri/commit/bb178829086e80916f9be190f02d83bc25802799)\n  * <https://github.com/tauri-apps/tauri/releases/tag/tauri-v1.0.6>\n  * <https://rustsec.org/advisories/RUSTSEC-2022-0088.html>\n\n",
    "Severity": {
        "Score": "5.8/ 10 (Moderate)",
        "CVSS base metrics": {
            "Attack vector": "Network",
            "Attack complexity": "Low",
            "Privileges required": "None",
            "User interaction": "None",
            "Scope": "Changed",
            "Confidentiality": "Low",
            "Integrity": "None",
            "Availability": "None"
        },
        "CVSS string": "CVSS:3.1/AV:N/AC:L/PR:N/UI:N/S:C/C:L/I:N/A:N"
    },
    "Weaknesses": [
        "[CWE-22](/advisories?query=cwe%3A22)",
        "[CWE-59](/advisories?query=cwe%3A59)"
    ],
    "CVE ID": "CVE-2022-39215",
    "GHSA ID": "GHSA-28m8-9j7v-x499",
    "Source code": "[tauri-apps/tauri](https://github.com/tauri-apps/tauri)"
}