{
    "Title": "Directory Traversal in list-n-stream",
    "Meta": {
        "Package": [
            "list-n-stream([npm](/advisories?query=ecosystem%3Anpm))"
        ],
        "Affected versions": [
            "<= 0.0.10"
        ],
        "Patched versions": [
            "0.0.11"
        ]
    },
    "Description": "Affected versions of `list-n-stream` resolve relative file paths, resulting in\na directory traversal vulnerability. A malicious actor can use this\nvulnerability to access files outside of the intended directory root, which\nmay result in the disclosure of private files on the vulnerable system.\n\n**Example request:**\n\n    \n    \n    GET /../../../../../../../../../../etc/passwd HTTP/1.1\n    host:foo\n\n## Recommendation\n\nUpdate to version 0.0.11 or later.\n\n### References\n\n  * <https://nvd.nist.gov/vuln/detail/CVE-2017-16084>\n  * <https://github.com/JacksonGL/NPM-Vuln-PoC/tree/master/directory-traversal/list-n-stream>\n  * [GHSA-23vf-5g53-hm9q](https://github.com/advisories/GHSA-23vf-5g53-hm9q \"GHSA-23vf-5g53-hm9q\")\n  * <https://www.npmjs.com/advisories/344>\n\n",
    "Severity": {
        "Score": "(High)"
    },
    "Weaknesses": [
        "[CWE-22](/advisories?query=cwe%3A22)"
    ],
    "CVE ID": "CVE-2017-16084",
    "GHSA ID": "GHSA-23vf-5g53-hm9q",
    "Source code": "No known source code"
}