{
    "Title": "Cross-site Scripting in microweber",
    "Meta": {
        "Package": [
            "microweber/microweber([Composer](/advisories?query=ecosystem%3Acomposer))"
        ],
        "Affected versions": [
            "< 1.2.12"
        ],
        "Patched versions": [
            "1.2.12"
        ]
    },
    "Description": "File upload filter bypass leading to stored XSS in GitHub repository\nmicroweber/microweber prior to 1.2.12.\n\n### References\n\n  * <https://nvd.nist.gov/vuln/detail/CVE-2022-0930>\n  * [microweber/microweber@`33eb4cc`](https://github.com/microweber/microweber/commit/33eb4cc0f80c1f86388c1862a8aee1061fa5d72e)\n  * <https://huntr.dev/bounties/d184ce19-9608-42f1-bc3d-06ece2d9a993>\n\n",
    "Severity": {
        "Score": "(High)"
    },
    "Weaknesses": [
        "[CWE-79](/advisories?query=cwe%3A79)"
    ],
    "CVE ID": "CVE-2022-0930",
    "GHSA ID": "GHSA-2cv6-6437-39p2",
    "Source code": "[microweber/microweber](https://github.com/microweber/microweber)"
}