{
    "Title": "RCE vulnerability in Jenkins OpenShift Pipeline Plugin",
    "Meta": {
        "Package": [
            "com.openshift.jenkins:openshift-pipeline([Maven](/advisories?query=ecosystem%3Amaven))"
        ],
        "Affected versions": [
            "<= 1.0.56"
        ],
        "Patched versions": [
            "1.0.57"
        ]
    },
    "Description": "OpenShift Pipeline Plugin 1.0.56 and earlier does not configure its YAML\nparser to prevent the instantiation of arbitrary types. This results in a\nremote code execution (RCE) vulnerability exploitable by users able to provide\nYAML input files to OpenShift Pipeline Plugin\u2019s build step. OpenShift Pipeline\nPlugin 1.0.57 configures its YAML parser to only instantiate safe types.\n\n### References\n\n  * <https://nvd.nist.gov/vuln/detail/CVE-2020-2167>\n  * <https://jenkins.io/security/advisory/2020-03-25/#SECURITY-1739>\n  * <http://www.openwall.com/lists/oss-security/2020/03/25/2>\n\n",
    "Severity": {
        "Score": "8.8/ 10 (High)",
        "CVSS base metrics": {
            "Attack vector": "Network",
            "Attack complexity": "Low",
            "Privileges required": "Low",
            "User interaction": "None",
            "Scope": "Unchanged",
            "Confidentiality": "High",
            "Integrity": "High",
            "Availability": "High"
        },
        "CVSS string": "CVSS:3.1/AV:N/AC:L/PR:L/UI:N/S:U/C:H/I:H/A:H"
    },
    "Weaknesses": [
        "[CWE-20](/advisories?query=cwe%3A20)",
        "[CWE-502](/advisories?query=cwe%3A502)"
    ],
    "CVE ID": "CVE-2020-2167",
    "GHSA ID": "GHSA-264w-xrr7-6qqg",
    "Source code": "[jenkinsci/openshift-pipeline-plugin](https://github.com/jenkinsci/openshift-pipeline-plugin)"
}