{
    "Title": "Deserialization of Untrusted Data in Apache Storm",
    "Meta": {
        "Package": [
            "org.apache.storm:storm-kafka([Maven](/advisories?query=ecosystem%3Amaven))"
        ],
        "Affected versions": [
            ">= 1.1.0, < 1.2.3"
        ],
        "Patched versions": [
            "1.2.3"
        ]
    },
    "Description": "In Apache Storm versions 1.1.0 to 1.2.2, when the user is using the storm-\nkafka-client or storm-kafka modules, it is possible to cause the Storm UI\ndaemon to deserialize user provided bytes into a Java class.\n\n### References\n\n  * <https://nvd.nist.gov/vuln/detail/CVE-2018-11779>\n  * <https://lists.apache.org/thread.html/3e4f704c4bd9296405a07a0290b8cbb6cbf5046e277efe6d93280a98@%3Cuser.storm.apache.org%3E>\n\n",
    "Severity": {
        "Score": "9.8/ 10 (Critical)",
        "CVSS base metrics": {
            "Attack vector": "Network",
            "Attack complexity": "Low",
            "Privileges required": "None",
            "User interaction": "None",
            "Scope": "Unchanged",
            "Confidentiality": "High",
            "Integrity": "High",
            "Availability": "High"
        },
        "CVSS string": "CVSS:3.0/AV:N/AC:L/PR:N/UI:N/S:U/C:H/I:H/A:H"
    },
    "Weaknesses": [
        "[CWE-502](/advisories?query=cwe%3A502)"
    ],
    "CVE ID": "CVE-2018-11779",
    "GHSA ID": "GHSA-25pc-85qf-6j69",
    "Source code": "No known source code"
}