{
    "Title": "Apache Kafka Connect vulnerable to Deserialization of Untrusted Data",
    "Meta": {
        "Package": [
            "org.apache.kafka:connect([Maven](/advisories?query=ecosystem%3Amaven))"
        ],
        "Affected versions": [
            ">= 2.3.0, < 3.4.0"
        ],
        "Patched versions": [
            "3.4.0"
        ]
    },
    "Description": "A possible security vulnerability has been identified in Apache Kafka Connect\nAPI. This requires access to a Kafka Connect worker, and the ability to\ncreate/modify connectors on it with an arbitrary Kafka client SASL JAAS config\nand a SASL-based security protocol, which has been possible on Kafka Connect\nclusters since Apache Kafka Connect 2.3.0. When configuring the connector via\nthe Kafka Connect REST API, an authenticated operator can set the\n`sasl.jaas.config` property for any of the connector's Kafka clients to\n\"com.sun.security.auth.module.JndiLoginModule\", which can be done via the\n`producer.override.sasl.jaas.config`, `consumer.override.sasl.jaas.config`, or\n`admin.override.sasl.jaas.config` properties. This will allow the server to\nconnect to the attacker's LDAP server and deserialize the LDAP response, which\nthe attacker can use to execute java deserialization gadget chains on the\nKafka connect server. Attacker can cause unrestricted deserialization of\nuntrusted data (or) RCE vulnerability when there are gadgets in the classpath.\nSince Apache Kafka 3.0.0, users are allowed to specify these properties in\nconnector configurations for Kafka Connect clusters running with out-of-the-\nbox configurations. Before Apache Kafka 3.0.0, users may not specify these\nproperties unless the Kafka Connect cluster has been reconfigured with a\nconnector client override policy that permits them. Since Apache Kafka 3.4.0,\nwe have added a system property\n(\"-Dorg.apache.kafka.disallowed.login.modules\") to disable the problematic\nlogin modules usage in SASL JAAS configuration. Also by default\n\"com.sun.security.auth.module.JndiLoginModule\" is disabled in Apache Kafka\nConnect 3.4.0. We advise the Kafka Connect users to validate connector\nconfigurations and only allow trusted JNDI configurations. Also examine\nconnector dependencies for vulnerable versions and either upgrade their\nconnectors, upgrading that specific dependency, or removing the connectors as\noptions for remediation. Finally, in addition to leveraging the\n\"org.apache.kafka.disallowed.login.modules\" system property, Kafka Connect\nusers can also implement their own connector client config override policy,\nwhich can be used to control which Kafka client properties can be overridden\ndirectly in a connector config and which cannot.\n\n### References\n\n  * <https://nvd.nist.gov/vuln/detail/CVE-2023-25194>\n  * <https://kafka.apache.org/cve-list>\n  * <https://lists.apache.org/thread/vy1c7fqcdqvq5grcqp6q5jyyb302khyz>\n  * <https://hackerone.com/reports/1529790>\n  * <http://packetstormsecurity.com/files/173151/Apache-Druid-JNDI-Injection-Remote-Code-Execution.html>\n\n",
    "Severity": {
        "Score": "8.8/ 10 (High)",
        "CVSS base metrics": {
            "Attack vector": "Network",
            "Attack complexity": "Low",
            "Privileges required": "Low",
            "User interaction": "None",
            "Scope": "Unchanged",
            "Confidentiality": "High",
            "Integrity": "High",
            "Availability": "High"
        },
        "CVSS string": "CVSS:3.1/AV:N/AC:L/PR:L/UI:N/S:U/C:H/I:H/A:H"
    },
    "Weaknesses": [
        "[CWE-502](/advisories?query=cwe%3A502)"
    ],
    "CVE ID": "CVE-2023-25194",
    "GHSA ID": "GHSA-26f8-x7cc-wqpc",
    "Source code": "No known source code"
}