{
    "Title": "JBoss EJB Client information disclosure vulnerability",
    "Meta": {
        "Package": [
            "org.jboss:jboss-ejb-client([Maven](/advisories?query=ecosystem%3Amaven))"
        ],
        "Affected versions": [
            "<= 4.0.38"
        ],
        "Patched versions": [
            "4.0.39"
        ]
    },
    "Description": "A flaw was found in wildfly. The JBoss EJB client has publicly accessible\nprivileged actions which may lead to information disclosure on the server it\nis deployed on. The highest threat from this vulnerability is to data\nconfidentiality.\n\n### References\n\n  * <https://nvd.nist.gov/vuln/detail/CVE-2021-20250>\n  * <https://bugzilla.redhat.com/show_bug.cgi?id=1929479>\n\n",
    "Severity": {
        "Score": "4.3/ 10 (Moderate)",
        "CVSS base metrics": {
            "Attack vector": "Network",
            "Attack complexity": "Low",
            "Privileges required": "Low",
            "User interaction": "None",
            "Scope": "Unchanged",
            "Confidentiality": "Low",
            "Integrity": "None",
            "Availability": "None"
        },
        "CVSS string": "CVSS:3.1/AV:N/AC:L/PR:L/UI:N/S:U/C:L/I:N/A:N"
    },
    "Weaknesses": [
        "[CWE-200](/advisories?query=cwe%3A200)"
    ],
    "CVE ID": "CVE-2021-20250",
    "GHSA ID": "GHSA-2259-h742-5vr4",
    "Source code": "No known source code"
}