{
    "Title": "Netmaker IDOR Allows User to Update Other User's Password",
    "Meta": {
        "Package": [
            "github.com/gravitl/netmaker([Go](/advisories?query=ecosystem%3Ago))"
        ],
        "Affected versions": [
            "< 0.17.1",
            ">= 0.18.0, < 0.18.6"
        ],
        "Patched versions": [
            "0.17.1",
            "0.18.6"
        ]
    },
    "Description": "### Impact\n\nAn IDOR vulnerability was found in the user update function. By specifying\nanother user's username it is possible to update the other user's password.\n\n### Patches\n\nIssue is patched in 0.17.1, and fixed in 0.18.6+.\n\nIf Users are using 0.17.1, they should run \"docker pull\ngravitl/netmaker:v0.17.1\" and \"docker-compose up -d\". This will switch them to\nthe patched users\n\nIf users are using v0.18.0-0.18.5, they should upgrade to v0.18.6 or later.\n\n### Workarounds\n\nIf using 0.17.1, can just pull the latest docker image of backend and restart\nserver.\n\n### References\n\nCredit to Project Discovery, and in particular <https://github.com/rootxharsh>\n, <https://github.com/iamnoooob>, and <https://github.com/projectdiscovery>\n\n### References\n\n  * [GHSA-256m-j5qw-38f4](https://github.com/gravitl/netmaker/security/advisories/GHSA-256m-j5qw-38f4 \"GHSA-256m-j5qw-38f4\")\n  * <https://nvd.nist.gov/vuln/detail/CVE-2023-32078>\n  * [gravitl/netmaker#2158](https://github.com/gravitl/netmaker/pull/2158)\n  * [gravitl/netmaker@`b3be57c`](https://github.com/gravitl/netmaker/commit/b3be57c65bf0bbfab43b66853c8e3637a43e2839)\n\n",
    "Severity": {
        "Score": "7.5/ 10 (High)",
        "CVSS base metrics": {
            "Attack vector": "Network",
            "Attack complexity": "Low",
            "Privileges required": "None",
            "User interaction": "None",
            "Scope": "Unchanged",
            "Confidentiality": "None",
            "Integrity": "High",
            "Availability": "None"
        },
        "CVSS string": "CVSS:3.1/AV:N/AC:L/PR:N/UI:N/S:U/C:N/I:H/A:N"
    },
    "Weaknesses": [
        "[CWE-639](/advisories?query=cwe%3A639)"
    ],
    "CVE ID": "CVE-2023-32078",
    "GHSA ID": "GHSA-256m-j5qw-38f4",
    "Source code": "[gravitl/netmaker](https://github.com/gravitl/netmaker)"
}