{
    "Title": "Uncaught Exception in engine.io",
    "Meta": {
        "Package": [
            "engine.io([npm](/advisories?query=ecosystem%3Anpm))"
        ],
        "Affected versions": [
            ">= 4.0.0, < 4.1.2",
            ">= 5.0.0, < 5.2.1",
            ">= 6.0.0, < 6.1.1"
        ],
        "Patched versions": [
            "4.1.2",
            "5.2.1",
            "6.1.1"
        ]
    },
    "Description": "### Impact\n\nA specially crafted HTTP request can trigger an uncaught exception on the\nEngine.IO server, thus killing the Node.js process.\n\n> RangeError: Invalid WebSocket frame: RSV2 and RSV3 must be clear  \n>  at Receiver.getInfo (/.../node_modules/ws/lib/receiver.js:176:14)  \n>  at Receiver.startLoop (/.../node_modules/ws/lib/receiver.js:136:22)  \n>  at Receiver._write (/.../node_modules/ws/lib/receiver.js:83:10)  \n>  at writeOrBuffer (internal/streams/writable.js:358:12)\n\nThis impacts all the users of the\n[`engine.io`](https://www.npmjs.com/package/engine.io) package starting from\nversion `4.0.0`, including those who uses depending packages like\n[`socket.io`](https://www.npmjs.com/package/socket.io).\n\n### Patches\n\nA fix has been released for each major branch:\n\nVersion range | Fixed version  \n---|---  \n`engine.io@4.x.x` | `4.1.2`  \n`engine.io@5.x.x` | `5.2.1`  \n`engine.io@6.x.x` | `6.1.1`  \n  \nPrevious versions (`< 4.0.0`) are not impacted.\n\nFor `socket.io` users:\n\nVersion range | `engine.io` version | Needs minor update?  \n---|---|---  \n`socket.io@4.4.x` | `~6.1.0` | -  \n`socket.io@4.3.x` | `~6.0.0` | Please upgrade to `socket.io@4.4.x`  \n`socket.io@4.2.x` | `~5.2.0` | -  \n`socket.io@4.1.x` | `~5.1.1` | Please upgrade to `socket.io@4.4.x`  \n`socket.io@4.0.x` | `~5.0.0` | Please upgrade to `socket.io@4.4.x`  \n`socket.io@3.1.x` | `~4.1.0` | -  \n`socket.io@3.0.x` | `~4.0.0` | Please upgrade to `socket.io@3.1.x` or\n`socket.io@4.4.x` (see [here](https://socket.io/docs/v4/migrating-\nfrom-3-x-to-4-0/))  \n  \nIn most cases, running `npm audit fix` should be sufficient. You can also use\n`npm update engine.io --depth=9999`.\n\n### Workarounds\n\nThere is no known workaround except upgrading to a safe version.\n\n### For more information\n\nIf you have any questions or comments about this advisory:\n\n  * Open an issue in [`engine.io`](https://github.com/socketio/engine.io)\n\nThanks to Marcus Wejderot from Mevisio for the responsible disclosure.\n\n### References\n\n  * [GHSA-273r-mgr4-v34f](https://github.com/socketio/engine.io/security/advisories/GHSA-273r-mgr4-v34f \"GHSA-273r-mgr4-v34f\")\n  * <https://nvd.nist.gov/vuln/detail/CVE-2022-21676>\n  * [socketio/engine.io@`66f889f`](https://github.com/socketio/engine.io/commit/66f889fc1d966bf5bfa0de1939069153643874ab)\n  * [socketio/engine.io@`a70800d`](https://github.com/socketio/engine.io/commit/a70800d7e96da32f6e6622804ef659ebc58659db)\n  * [socketio/engine.io@`c0e194d`](https://github.com/socketio/engine.io/commit/c0e194d44933bd83bf9a4b126fca68ba7bf5098c)\n  * <https://github.com/socketio/engine.io/releases/tag/4.1.2>\n  * <https://github.com/socketio/engine.io/releases/tag/5.2.1>\n  * <https://github.com/socketio/engine.io/releases/tag/6.1.1>\n  * <https://security.netapp.com/advisory/ntap-20220209-0002/>\n\n",
    "Severity": {
        "Score": "7.5/ 10 (High)",
        "CVSS base metrics": {
            "Attack vector": "Network",
            "Attack complexity": "Low",
            "Privileges required": "None",
            "User interaction": "None",
            "Scope": "Unchanged",
            "Confidentiality": "None",
            "Integrity": "None",
            "Availability": "High"
        },
        "CVSS string": "CVSS:3.1/AV:N/AC:L/PR:N/UI:N/S:U/C:N/I:N/A:H"
    },
    "Weaknesses": [
        "[CWE-754](/advisories?query=cwe%3A754)",
        "[CWE-755](/advisories?query=cwe%3A755)"
    ],
    "CVE ID": "CVE-2022-21676",
    "GHSA ID": "GHSA-273r-mgr4-v34f",
    "Source code": "[socketio/engine.io/](https://github.com/socketio/engine.io/)"
}