{
    "Title": "Unsafe inline XSS in pasting DOM element into chat",
    "Meta": {
        "Package": [
            "github.com/owncast/owncast([Go](/advisories?query=ecosystem%3Ago))"
        ],
        "Affected versions": [
            "< 0.0.9"
        ],
        "Patched versions": [
            "0.0.9"
        ]
    },
    "Description": "### Impact\n\nInline scripts are executed when Javascript is parsed via a paste action.\n\n  1. Open <https://watch.owncast.online/>\n  2. Copy and then paste `<img src=null onerror=alert('hello')>` into the  \nchat field.\n\n  3. An alert should pop up.\n\n### Patches\n\n    \n    \n        \u22ee 13 \u2502    // Content security policy\n        \u22ee 14 \u2502    csp := []string{\n        \u22ee 15 \u2502        \"script-src 'self' 'sha256-2HPCfJIJHnY0NrRDPTOdC7AOSJIcQyNxzUuut3TsYRY='\",\n        \u22ee 16 \u2502        \"worker-src 'self' blob:\", // No single quotes around blob:\n        \u22ee 17 \u2502    }\n    \n\nWill be patched in 0.0.9 by blocking `unsafe-inline` Content Security Policy\nand specifying the `script-src`. The `worker-src` is required to be set to\n`blob` for the video player.\n\n### For more information\n\nIf you have any questions or comments about this advisory:\n\n  * Open an issue in [owncast/owncast](https://github.com/owncast/owncast/issues)\n  * Email us at [gabek@real-ity.com](mailto:gabek@real-ity.com)\n\n### References\n\n  * [GHSA-2hfj-cxw7-g45p](https://github.com/owncast/owncast/security/advisories/GHSA-2hfj-cxw7-g45p \"GHSA-2hfj-cxw7-g45p\")\n  * <https://nvd.nist.gov/vuln/detail/CVE-2021-39183>\n\n",
    "Severity": {
        "Score": "8.2/ 10 (High)",
        "CVSS base metrics": {
            "Attack vector": "Network",
            "Attack complexity": "Low",
            "Privileges required": "Low",
            "User interaction": "Required",
            "Scope": "Changed",
            "Confidentiality": "Low",
            "Integrity": "High",
            "Availability": "Low"
        },
        "CVSS string": "CVSS:3.1/AV:N/AC:L/PR:L/UI:R/S:C/C:L/I:H/A:L"
    },
    "Weaknesses": [
        "[CWE-79](/advisories?query=cwe%3A79)"
    ],
    "CVE ID": "CVE-2021-39183",
    "GHSA ID": "GHSA-2hfj-cxw7-g45p",
    "Source code": "[owncast/owncast](https://github.com/owncast/owncast)"
}