{
    "Title": "jackson-databind mishandles the interaction between serialization gadgets and typing",
    "Meta": {
        "Package": [
            "com.fasterxml.jackson.core:jackson-databind([Maven](/advisories?query=ecosystem%3Amaven))"
        ],
        "Affected versions": [
            ">= 2.9.0, <= 2.9.10.3"
        ],
        "Patched versions": [
            "2.9.10.4"
        ]
    },
    "Description": "FasterXML jackson-databind 2.x before 2.9.10.4 mishandles the interaction\nbetween serialization gadgets and typing, related to\norg.springframework.aop.config.MethodLocatingFactoryBean (aka spring-aop).\n\n### References\n\n  * <https://nvd.nist.gov/vuln/detail/CVE-2020-11619>\n  * [FasterXML/jackson-databind#2680](https://github.com/FasterXML/jackson-databind/issues/2680)\n  * <https://lists.debian.org/debian-lts-announce/2020/04/msg00012.html>\n  * <https://medium.com/@cowtowncoder/on-jackson-cves-dont-panic-here-is-what-you-need-to-know-54cd0d6e8062>\n  * <https://security.netapp.com/advisory/ntap-20200511-0004/>\n  * <https://www.oracle.com/security-alerts/cpujul2020.html>\n  * <https://lists.apache.org/thread.html/rf1bbc0ea4a9f014cf94df9a12a6477d24a27f52741dbc87f2fd52ff2@%3Cissues.geode.apache.org%3E>\n  * <https://www.oracle.com/security-alerts/cpujan2021.html>\n  * <https://www.oracle.com/security-alerts/cpuoct2020.html>\n\n",
    "Severity": {
        "Score": "8.1/ 10 (High)",
        "CVSS base metrics": {
            "Attack vector": "Network",
            "Attack complexity": "High",
            "Privileges required": "None",
            "User interaction": "None",
            "Scope": "Unchanged",
            "Confidentiality": "High",
            "Integrity": "High",
            "Availability": "High"
        },
        "CVSS string": "CVSS:3.1/AV:N/AC:H/PR:N/UI:N/S:U/C:H/I:H/A:H"
    },
    "Weaknesses": [
        "[CWE-502](/advisories?query=cwe%3A502)"
    ],
    "CVE ID": "CVE-2020-11619",
    "GHSA ID": "GHSA-27xj-rqx5-2255",
    "Source code": "[FasterXML/jackson-databind](https://github.com/FasterXML/jackson-databind)"
}