{
    "Title": "Jeecg-boot vulnerable to SQL injection via /sys/user/putRecycleBin",
    "Meta": {
        "Package": [
            "org.jeecgframework.boot:jeecg-boot-common([Maven](/advisories?query=ecosystem%3Amaven))"
        ],
        "Affected versions": [
            "< 3.4.4"
        ],
        "Patched versions": [
            "3.4.4"
        ]
    },
    "Description": "Jeecg-boot v3.4.3 was discovered to contain a SQL injection vulnerability via\nthe component /sys/user/putRecycleBin.\n\n### References\n\n  * <https://nvd.nist.gov/vuln/detail/CVE-2022-45208>\n  * [jeecgboot/jeecg-boot#4126](https://github.com/jeecgboot/jeecg-boot/issues/4126)\n  * [jeecgboot/jeecg-boot@`51e2227`](https://github.com/jeecgboot/jeecg-boot/commit/51e2227bfe54f5d67b09411ee9a336750164e73d)\n\n",
    "Severity": {
        "Score": "4.3/ 10 (Moderate)",
        "CVSS base metrics": {
            "Attack vector": "Network",
            "Attack complexity": "Low",
            "Privileges required": "Low",
            "User interaction": "None",
            "Scope": "Unchanged",
            "Confidentiality": "Low",
            "Integrity": "None",
            "Availability": "None"
        },
        "CVSS string": "CVSS:3.1/AV:N/AC:L/PR:L/UI:N/S:U/C:L/I:N/A:N"
    },
    "Weaknesses": [
        "[CWE-89](/advisories?query=cwe%3A89)"
    ],
    "CVE ID": "CVE-2022-45208",
    "GHSA ID": "GHSA-25gv-mvm7-5h3h",
    "Source code": "[jeecgboot/jeecg-boot](https://github.com/jeecgboot/jeecg-boot)"
}