{
    "Title": "Information disclosure of source code in SimpleSAMLphp",
    "Meta": {
        "Package": [
            "simplesamlphp/simplesamlphp([Composer](/advisories?query=ecosystem%3Acomposer))"
        ],
        "Affected versions": [
            "< 1.18.6"
        ],
        "Patched versions": [
            "1.18.6"
        ]
    },
    "Description": "### Background\n\nThe module controller in `SimpleSAML\\Module` that processes requests for pages  \nhosted by modules, has code to identify paths ending with `.php` and process  \nthose as PHP code. If no other suitable way of handling the given path exists\nit  \npresents the file to the browser.\n\n### Description\n\nThe check to identify paths ending with `.php` does not account for uppercase  \nletters. If someone requests a path ending with e.g. `.PHP` and the server is  \nserving the code from a case-insensitive file system, such as on Windows, the  \nprocessing of the PHP code does not occur, and the source code is instead  \npresented to the browser.\n\n### Affected versions\n\nSimpleSAMLphp versions **1.18.5 and older**.\n\n### Impact\n\nAn attacker may use this issue to gain access to the source code in third-\nparty  \nmodules that is meant to be private, or even sensitive. However, the attack  \nsurface is considered small, as the attack will only work when SimpleSAMLphp  \nserves such content from a file system that is not case-sensitive, such as on  \nWindows.\n\n### Resolution\n\nUpgrade the SimpleSAMLphp installation to version **1.18.6**.\n\n### Credit\n\nThis vulnerability was discovered and reported by S\u0142awek Naczy\u0144ski.\n\n### References\n\n  * [GHSA-24m3-w8g9-jwpq](https://github.com/simplesamlphp/simplesamlphp/security/advisories/GHSA-24m3-w8g9-jwpq \"GHSA-24m3-w8g9-jwpq\")\n  * [simplesamlphp/simplesamlphp@`47968d2`](https://github.com/simplesamlphp/simplesamlphp/commit/47968d26a2fd3ed52da70dc09210921d612ce44e)\n  * <https://nvd.nist.gov/vuln/detail/CVE-2020-5301>\n\n",
    "Severity": {
        "Score": "3.0/ 10 (Low)",
        "CVSS base metrics": {
            "Attack vector": "Network",
            "Attack complexity": "High",
            "Privileges required": "Low",
            "User interaction": "Required",
            "Scope": "Changed",
            "Confidentiality": "Low",
            "Integrity": "None",
            "Availability": "None"
        },
        "CVSS string": "CVSS:3.1/AV:N/AC:H/PR:L/UI:R/S:C/C:L/I:N/A:N"
    },
    "Weaknesses": [
        "[CWE-178](/advisories?query=cwe%3A178)",
        "[CWE-200](/advisories?query=cwe%3A200)"
    ],
    "CVE ID": "CVE-2020-5301",
    "GHSA ID": "GHSA-24m3-w8g9-jwpq",
    "Source code": "[simplesamlphp/simplesamlphp/](https://github.com/simplesamlphp/simplesamlphp/)"
}