{
    "Title": "OS Command Injection in GenieACS",
    "Meta": {
        "Package": [
            "genieacs([npm](/advisories?query=ecosystem%3Anpm))"
        ],
        "Affected versions": [
            "< 1.2.8"
        ],
        "Patched versions": [
            "1.2.8"
        ]
    },
    "Description": "In GenieACS 1.2.x before 1.2.8, the UI interface API is vulnerable to\nunauthenticated OS command injection via the ping host argument (lib/ui/api.ts\nand lib/ping.ts). The vulnerability arises from insufficient input validation\ncombined with a missing authorization check.\n\n### References\n\n  * <https://nvd.nist.gov/vuln/detail/CVE-2021-46704>\n  * [genieacs/genieacs@`7f295be`](https://github.com/genieacs/genieacs/commit/7f295beeecc1c1f14308a93c82413bb334045af6)\n  * <https://github.com/genieacs/genieacs/releases/tag/v1.2.8>\n\n",
    "Severity": {
        "Score": "9.8/ 10 (Critical)",
        "CVSS base metrics": {
            "Attack vector": "Network",
            "Attack complexity": "Low",
            "Privileges required": "None",
            "User interaction": "None",
            "Scope": "Unchanged",
            "Confidentiality": "High",
            "Integrity": "High",
            "Availability": "High"
        },
        "CVSS string": "CVSS:3.1/AV:N/AC:L/PR:N/UI:N/S:U/C:H/I:H/A:H"
    },
    "Weaknesses": [
        "[CWE-78](/advisories?query=cwe%3A78)"
    ],
    "CVE ID": "CVE-2021-46704",
    "GHSA ID": "GHSA-2877-693q-pj33",
    "Source code": "[genieacs/genieacs](https://github.com/genieacs/genieacs)"
}