{
    "Title": "isolated-vm has vulnerable CachedDataOptions in API",
    "Meta": {
        "Package": [
            "isolated-vm([npm](/advisories?query=ecosystem%3Anpm))"
        ],
        "Affected versions": [
            "<= 4.3.6"
        ],
        "Patched versions": [
            "4.3.7"
        ]
    },
    "Description": "### Impact\n\nIf the untrusted v8 cached data is passed to the API through\nCachedDataOptions, the attackers can bypass the sandbox and run arbitrary code\nin the nodejs process. Version 4.3.7 changes the documentation to warn users\nthat they should not accept `cachedData` payloads from a user.\n\n### References\n\n  * [GHSA-2jjq-x548-rhpv](https://github.com/laverdet/isolated-vm/security/advisories/GHSA-2jjq-x548-rhpv \"GHSA-2jjq-x548-rhpv\")\n  * <https://nvd.nist.gov/vuln/detail/CVE-2022-39266>\n  * [laverdet/isolated-vm#379](https://github.com/laverdet/isolated-vm/issues/379)\n  * [laverdet/isolated-vm@`218e87a`](https://github.com/laverdet/isolated-vm/commit/218e87a6d4e8cb818bea76d1ab30cd0be51920e8)\n  * <https://github.com/laverdet/isolated-vm/commits/v4.3.7>\n\n",
    "Severity": {
        "Score": "9.6/ 10 (Critical)",
        "CVSS base metrics": {
            "Attack vector": "Adjacent",
            "Attack complexity": "Low",
            "Privileges required": "None",
            "User interaction": "None",
            "Scope": "Changed",
            "Confidentiality": "High",
            "Integrity": "High",
            "Availability": "High"
        },
        "CVSS string": "CVSS:3.1/AV:A/AC:L/PR:N/UI:N/S:C/C:H/I:H/A:H"
    },
    "Weaknesses": [
        "[CWE-20](/advisories?query=cwe%3A20)",
        "[CWE-287](/advisories?query=cwe%3A287)",
        "[CWE-693](/advisories?query=cwe%3A693)"
    ],
    "CVE ID": "CVE-2022-39266",
    "GHSA ID": "GHSA-2jjq-x548-rhpv",
    "Source code": "[laverdet/isolated-vm](https://github.com/laverdet/isolated-vm)"
}