{
    "Title": "OHDSI WebAPI vulnerable to SQL Injection",
    "Meta": {
        "Package": [
            "org.ohdsi:WebAPI([Maven](/advisories?query=ecosystem%3Amaven))"
        ],
        "Affected versions": [
            "< 2.7.2"
        ],
        "Patched versions": [
            "2.7.2"
        ]
    },
    "Description": "Observational Health Data Sciences and Informatics (OHDSI) WebAPI before 2.7.2\nallows SQL injection in `FeatureExtractionService.java`.\n\n### References\n\n  * <https://nvd.nist.gov/vuln/detail/CVE-2019-15563>\n  * [OHDSI/WebAPI#1101](https://github.com/OHDSI/WebAPI/pull/1101)\n  * <https://github.com/OHDSI/WebAPI/milestone/28?closed=1>\n  * <https://github.com/OHDSI/WebAPI/releases/tag/v2.7.2>\n  * [OHDSI/WebAPI@`d7b12b2`](https://github.com/OHDSI/WebAPI/commit/d7b12b2f5234e425e5bc76545e75de0d6eb3f8fd)\n\n",
    "Severity": {
        "Score": "9.8/ 10 (Critical)",
        "CVSS base metrics": {
            "Attack vector": "Network",
            "Attack complexity": "Low",
            "Privileges required": "None",
            "User interaction": "None",
            "Scope": "Unchanged",
            "Confidentiality": "High",
            "Integrity": "High",
            "Availability": "High"
        },
        "CVSS string": "CVSS:3.0/AV:N/AC:L/PR:N/UI:N/S:U/C:H/I:H/A:H"
    },
    "Weaknesses": [
        "[CWE-89](/advisories?query=cwe%3A89)"
    ],
    "CVE ID": "CVE-2019-15563",
    "GHSA ID": "GHSA-2chv-87wj-pjv2",
    "Source code": "[OHDSI/WebAPI](https://github.com/OHDSI/WebAPI)"
}