{
    "Title": "Inefficient Regular Expression Complexity in Jenkins Build Failure Analyzer Plugin",
    "Meta": {
        "Package": [
            "com.sonyericsson.jenkins.plugins.bfa:build-failure-analyzer([Maven](/advisories?query=ecosystem%3Amaven))"
        ],
        "Affected versions": [
            "< 1.24.2"
        ],
        "Patched versions": [
            "1.24.2"
        ]
    },
    "Description": "A user-supplied regular expression in Jenkins Build Failure Analyzer Plugin\n1.24.1 and earlier was processed in a way that wasn't interruptible, allowing\nattackers to have Jenkins evaluate a regular expression without the ability to\ninterrupt this process.\n\n### References\n\n  * <https://nvd.nist.gov/vuln/detail/CVE-2019-16555>\n  * <https://jenkins.io/security/advisory/2019-12-17/#SECURITY-1651>\n  * <http://www.openwall.com/lists/oss-security/2019/12/17/1>\n\n",
    "Severity": {
        "Score": "6.5/ 10 (Moderate)",
        "CVSS base metrics": {
            "Attack vector": "Network",
            "Attack complexity": "Low",
            "Privileges required": "Low",
            "User interaction": "None",
            "Scope": "Unchanged",
            "Confidentiality": "None",
            "Integrity": "None",
            "Availability": "High"
        },
        "CVSS string": "CVSS:3.1/AV:N/AC:L/PR:L/UI:N/S:U/C:N/I:N/A:H"
    },
    "Weaknesses": [
        "[CWE-400](/advisories?query=cwe%3A400)",
        "[CWE-1333](/advisories?query=cwe%3A1333)"
    ],
    "CVE ID": "CVE-2019-16555",
    "GHSA ID": "GHSA-2hhc-f86x-x74f",
    "Source code": "No known source code"
}