{
    "Title": "pimcore/customer-management-framework-bundle has SQL Injection vulnerability in Segment Assignment query",
    "Meta": {
        "Package": [
            "pimcore/customer-management-framework-bundle([Composer](/advisories?query=ecosystem%3Acomposer))"
        ],
        "Affected versions": [
            "< 3.3.10"
        ],
        "Patched versions": [
            "3.3.10"
        ]
    },
    "Description": "### Impact\n\nAn administrator user can use the inheritable segments feature to execute his\nown blind SQL queries.\n\nA user with administrator privileges can run any SQL query on database. This\ncan be used to retrieve sensitive data, change database information or any\nother malicious activity against the database.\n\n### Patches\n\nUpdate to version 3.3.10 or apply this patch manually\n<https://github.com/pimcore/customer-data-\nframework/commit/76df151737b7964ce5169fdf9e27a0ad801757fe.patch>\n\n### Workarounds\n\nApply <https://github.com/pimcore/customer-data-\nframework/commit/76df151737b7964ce5169fdf9e27a0ad801757fe.patch> manually.\n\n### References\n\n<https://huntr.dev/bounties/cf398528-819f-456e-88e7-c06d268d3f44/>\n\n### References\n\n  * [GHSA-25fx-3c2q-cq46](https://github.com/pimcore/customer-data-framework/security/advisories/GHSA-25fx-3c2q-cq46 \"GHSA-25fx-3c2q-cq46\")\n  * <https://nvd.nist.gov/vuln/detail/CVE-2023-2756>\n  * [pimcore/customer-data-framework@`76df151`](https://github.com/pimcore/customer-data-framework/commit/76df151737b7964ce5169fdf9e27a0ad801757fe)\n  * <https://huntr.dev/bounties/cf398528-819f-456e-88e7-c06d268d3f44>\n\n",
    "Severity": {
        "Score": "7.2/ 10 (High)",
        "CVSS base metrics": {
            "Attack vector": "Network",
            "Attack complexity": "Low",
            "Privileges required": "High",
            "User interaction": "None",
            "Scope": "Unchanged",
            "Confidentiality": "High",
            "Integrity": "High",
            "Availability": "High"
        },
        "CVSS string": "CVSS:3.1/AV:N/AC:L/PR:H/UI:N/S:U/C:H/I:H/A:H"
    },
    "Weaknesses": [
        "[CWE-89](/advisories?query=cwe%3A89)"
    ],
    "CVE ID": "CVE-2023-2756",
    "GHSA ID": "GHSA-25fx-3c2q-cq46",
    "Source code": "[pimcore/customer-data-framework](https://github.com/pimcore/customer-data-framework)"
}