{
    "Title": "Ceilometer Prints Sensitive Configuration Data to Log",
    "Meta": {
        "Package": [
            "ceilometer([pip](/advisories?query=ecosystem%3Apip))"
        ],
        "Affected versions": [
            "< 12.0.0.0rc1"
        ],
        "Patched versions": [
            "12.0.0.0rc1"
        ]
    },
    "Description": "A vulnerability was found in ceilometer before version 12.0.0.0rc1. An\nInformation Exposure in ceilometer-agent prints sensitive configuration data\nto log files without DEBUG logging being activated.\n\n### References\n\n  * <https://nvd.nist.gov/vuln/detail/CVE-2019-3830>\n  * <https://access.redhat.com/errata/RHSA-2019:0919>\n  * <https://bugzilla.redhat.com/show_bug.cgi?id=CVE-2019-3830>\n  * [openstack/ceilometer@`8881a42`#diff-f2d2273521cce7e69f7032c6185936736a5acc70b2b2f90d956b9a7998b087cd](https://github.com/openstack/ceilometer/commit/8881a42af169a2d7c912b1434911f978883c83f3#diff-f2d2273521cce7e69f7032c6185936736a5acc70b2b2f90d956b9a7998b087cd)\n  * [openstack/ceilometer@`8881a42`](https://github.com/openstack/ceilometer/commit/8881a42af169a2d7c912b1434911f978883c83f3)\n\n",
    "Severity": {
        "Score": "7.8/ 10 (High)",
        "CVSS base metrics": {
            "Attack vector": "Local",
            "Attack complexity": "Low",
            "Privileges required": "Low",
            "User interaction": "None",
            "Scope": "Unchanged",
            "Confidentiality": "High",
            "Integrity": "High",
            "Availability": "High"
        },
        "CVSS string": "CVSS:3.1/AV:L/AC:L/PR:L/UI:N/S:U/C:H/I:H/A:H"
    },
    "Weaknesses": [
        "[CWE-532](/advisories?query=cwe%3A532)"
    ],
    "CVE ID": "CVE-2019-3830",
    "GHSA ID": "GHSA-2cvf-r9jm-4qm9",
    "Source code": "[openstack/ceilometer](https://github.com/openstack/ceilometer)"
}