{
    "Title": "Stored XSS vulnerability in chosen-views-tabbar Plugin",
    "Meta": {
        "Package": [
            "org.jenkins-ci.plugins:chosen-views-tabbar([Maven](/advisories?query=ecosystem%3Amaven))"
        ],
        "Affected versions": [
            "<= 1.2"
        ],
        "Patched versions": [
            "None"
        ]
    },
    "Description": "Jenkins chosen-views-tabbar Plugin 1.2 and earlier does not escape view names\nin the dropdown to select views, resulting in a stored cross-site scripting\n(XSS) vulnerability exploitable by attackers with the ability to configure\nviews.\n\n### References\n\n  * <https://nvd.nist.gov/vuln/detail/CVE-2020-2269>\n  * <https://www.jenkins.io/security/advisory/2020-09-16/#SECURITY-1869>\n  * <http://www.openwall.com/lists/oss-security/2020/09/16/3>\n\n",
    "Severity": {
        "Score": "8.0/ 10 (High)",
        "CVSS base metrics": {
            "Attack vector": "Network",
            "Attack complexity": "Low",
            "Privileges required": "Low",
            "User interaction": "Required",
            "Scope": "Unchanged",
            "Confidentiality": "High",
            "Integrity": "High",
            "Availability": "High"
        },
        "CVSS string": "CVSS:3.1/AV:N/AC:L/PR:L/UI:R/S:U/C:H/I:H/A:H"
    },
    "Weaknesses": [
        "[CWE-79](/advisories?query=cwe%3A79)"
    ],
    "CVE ID": "CVE-2020-2269",
    "GHSA ID": "GHSA-226h-qrg4-8236",
    "Source code": "[jenkinsci/chosen-views-tabbar](https://github.com/jenkinsci/chosen-views-tabbar)"
}