{
    "Title": "Denial of service attack via .well-known lookups",
    "Meta": {
        "Package": [
            "matrix-synapse([pip](/advisories?query=ecosystem%3Apip))"
        ],
        "Affected versions": [
            ">= 0.99.0, < 1.25.0"
        ],
        "Patched versions": [
            "1.25.0"
        ]
    },
    "Description": "### Impact\n\nA malicious homeserver could redirect requests to their .well-known file to a\nlarge file. This can lead to a denial of service attack where homeservers will\nconsume significantly more resources when requesting the .well-known file of a\nmalicious homeserver.\n\nThis affects any server which accepts federation requests from untrusted\nservers.\n\n### Patches\n\nIssue is resolved by #8950. A bug not affecting the security aspects of this\nwas fixed in #9108.\n\n### Workarounds\n\nThe `federation_domain_whitelist` setting can be used to restrict the\nhomeservers communicated with over federation.\n\n### References\n\n  * [GHSA-2hwx-mjrm-v3g8](https://github.com/matrix-org/synapse/security/advisories/GHSA-2hwx-mjrm-v3g8 \"GHSA-2hwx-mjrm-v3g8\")\n  * <https://nvd.nist.gov/vuln/detail/CVE-2021-21274>\n  * [matrix-org/synapse#8950](https://github.com/matrix-org/synapse/pull/8950)\n  * [matrix-org/synapse@`ff5c4da`](https://github.com/matrix-org/synapse/commit/ff5c4da1289cb5e097902b3e55b771be342c29d6)\n  * <https://github.com/matrix-org/synapse/releases/tag/v1.25.0>\n  * <https://lists.fedoraproject.org/archives/list/package-announce@lists.fedoraproject.org/message/TNNAJOZNMVMXM6AS7RFFKB4QLUJ4IFEY/>\n\n",
    "Severity": {
        "Score": "4.3/ 10 (Moderate)",
        "CVSS base metrics": {
            "Attack vector": "Network",
            "Attack complexity": "Low",
            "Privileges required": "None",
            "User interaction": "Required",
            "Scope": "Unchanged",
            "Confidentiality": "None",
            "Integrity": "None",
            "Availability": "Low"
        },
        "CVSS string": "CVSS:3.1/AV:N/AC:L/PR:N/UI:R/S:U/C:N/I:N/A:L"
    },
    "Weaknesses": [
        "[CWE-400](/advisories?query=cwe%3A400)",
        "[CWE-770](/advisories?query=cwe%3A770)"
    ],
    "CVE ID": "CVE-2021-21274",
    "GHSA ID": "GHSA-2hwx-mjrm-v3g8",
    "Source code": "[matrix-org/synapse](https://github.com/matrix-org/synapse)"
}