{
    "Title": "CURLOPT_HTTPAUTH option not cleared on change of origin",
    "Meta": {
        "Package": [
            "guzzlehttp/guzzle([Composer](/advisories?query=ecosystem%3Acomposer))"
        ],
        "Affected versions": [
            "< 6.5.8",
            ">= 7.0.0, < 7.4.5"
        ],
        "Patched versions": [
            "6.5.8",
            "7.4.5"
        ]
    },
    "Description": "### Impact\n\n`Authorization` headers on requests are sensitive information. When using our\nCurl handler, it is possible to use the `CURLOPT_HTTPAUTH` option to specify\nan `Authorization` header. On making a request which responds with a redirect\nto a URI with a different origin, if we choose to follow it, we should remove\nthe `CURLOPT_HTTPAUTH` and `CURLOPT_USERPWD` options before continuing,\nstopping curl from appending the `Authorization` header to the new request.\nPreviously, we would only consider a change in host. Now, we consider any\nchange in host, port or scheme to be a change in origin.\n\n### Patches\n\nAffected Guzzle 7 users should upgrade to Guzzle 7.4.5 as soon as possible.\nAffected users using any earlier series of Guzzle should upgrade to Guzzle\n6.5.8 or 7.4.5. Note that a partial fix was implemented in Guzzle 7.4.2, where\na change in host would trigger removal of the curl-added Authorization header,\nhowever this earlier fix did not cover change in scheme or change in port.\n\n### Workarounds\n\nIf you do not require or expect redirects to be followed, one should simply\ndisable redirects all together. Alternatively, one can specify to use the\nGuzzle stream handler backend, rather than curl.\n\n### References\n\n  * [RFC9110 Section 15.4](https://www.rfc-editor.org/rfc/rfc9110.html#name-redirection-3xx)\n  * [CVE-2022-27776](https://curl.se/docs/CVE-2022-27776.html)\n\n### For more information\n\nIf you have any questions or comments about this advisory, please get in touch\nwith us in `#guzzle` on the [PHP HTTP Slack](https://php-http.slack.com/). Do\nnot report additional security advisories in that public channel, however -\nplease follow our [vulnerability reporting\nprocess](https://github.com/guzzle/guzzle/security/policy).\n\n### References\n\n  * [GHSA-25mq-v84q-4j7r](https://github.com/guzzle/guzzle/security/advisories/GHSA-25mq-v84q-4j7r \"GHSA-25mq-v84q-4j7r\")\n  * <https://github.com/guzzle/guzzle/blob/6.5.8/CHANGELOG.md>\n  * <https://github.com/guzzle/guzzle/blob/7.4.5/CHANGELOG.md>\n  * <https://github.com/FriendsOfPHP/security-advisories/blob/master/guzzlehttp/guzzle/CVE-2022-31090.yaml>\n  * <https://nvd.nist.gov/vuln/detail/CVE-2022-31090>\n  * [guzzle/guzzle@`1dd98b0`](https://github.com/guzzle/guzzle/commit/1dd98b0564cb3f6bd16ce683cb755f94c10fbd82)\n  * <https://www.debian.org/security/2022/dsa-5246>\n  * <https://security.gentoo.org/glsa/202305-24>\n\n",
    "Severity": {
        "Score": "7.7/ 10 (High)",
        "CVSS base metrics": {
            "Attack vector": "Network",
            "Attack complexity": "Low",
            "Privileges required": "Low",
            "User interaction": "None",
            "Scope": "Changed",
            "Confidentiality": "High",
            "Integrity": "None",
            "Availability": "None"
        },
        "CVSS string": "CVSS:3.1/AV:N/AC:L/PR:L/UI:N/S:C/C:H/I:N/A:N"
    },
    "Weaknesses": [
        "[CWE-200](/advisories?query=cwe%3A200)",
        "[CWE-212](/advisories?query=cwe%3A212)"
    ],
    "CVE ID": "CVE-2022-31090",
    "GHSA ID": "GHSA-25mq-v84q-4j7r",
    "Source code": "[guzzle/guzzle](https://github.com/guzzle/guzzle)"
}