{
    "Title": "Jenkins Email Extension Plugin Cross-Site Request Forgery vulnerability",
    "Meta": {
        "Package": [
            "org.jenkins-ci.plugins:email-ext([Maven](/advisories?query=ecosystem%3Amaven))"
        ],
        "Affected versions": [
            "< 2.96.1"
        ],
        "Patched versions": [
            "2.96.1"
        ]
    },
    "Description": "Jenkins Email Extension Plugin 2.96 and earlier does not require POST requests\nfor an HTTP endpoint, resulting in a cross-site request forgery (CSRF)\nvulnerability.\n\nThis allows attackers to make another user stop watching an attacker-specified\njob.\n\nEmail Extension Plugin 2.96.1 requires POST requests for the affected HTTP\nendpoint.\n\n### References\n\n  * <https://nvd.nist.gov/vuln/detail/CVE-2023-32980>\n  * <https://www.jenkins.io/security/advisory/2023-05-16/#SECURITY-3088%20(2)>\n\n",
    "Severity": {
        "Score": "4.3/ 10 (Moderate)",
        "CVSS base metrics": {
            "Attack vector": "Network",
            "Attack complexity": "Low",
            "Privileges required": "None",
            "User interaction": "Required",
            "Scope": "Unchanged",
            "Confidentiality": "None",
            "Integrity": "Low",
            "Availability": "None"
        },
        "CVSS string": "CVSS:3.1/AV:N/AC:L/PR:N/UI:R/S:U/C:N/I:L/A:N"
    },
    "Weaknesses": [
        "[CWE-352](/advisories?query=cwe%3A352)"
    ],
    "CVE ID": "CVE-2023-32980",
    "GHSA ID": "GHSA-2f89-66v2-9p53",
    "Source code": "No known source code"
}