{
    "Title": "Cross site scripting in code-server",
    "Meta": {
        "Package": [
            "code-server([npm](/advisories?query=ecosystem%3Anpm))"
        ],
        "Affected versions": [
            "< 3.12.0"
        ],
        "Patched versions": [
            "3.12.0"
        ]
    },
    "Description": "Cross-site scripting (XSS) vulnerability exists in Coder Code-Server before\n3.12.0, allows attackers to execute arbitrary code via crafted URL.\n\n### References\n\n  * <https://nvd.nist.gov/vuln/detail/CVE-2021-42648>\n  * [coder/code-server#4355](https://github.com/coder/code-server/issues/4355)\n  * [coder/code-server#4430](https://github.com/coder/code-server/pull/4430)\n\n",
    "Severity": {
        "Score": "6.1/ 10 (Moderate)",
        "CVSS base metrics": {
            "Attack vector": "Network",
            "Attack complexity": "Low",
            "Privileges required": "None",
            "User interaction": "Required",
            "Scope": "Changed",
            "Confidentiality": "Low",
            "Integrity": "Low",
            "Availability": "None"
        },
        "CVSS string": "CVSS:3.1/AV:N/AC:L/PR:N/UI:R/S:C/C:L/I:L/A:N"
    },
    "Weaknesses": [
        "[CWE-79](/advisories?query=cwe%3A79)"
    ],
    "CVE ID": "CVE-2021-42648",
    "GHSA ID": "GHSA-2gp3-6c9p-jp7w",
    "Source code": "[coder/code-server](https://github.com/coder/code-server)"
}