{
    "Title": "Pleroma Path Traversal vulnerability",
    "Meta": {
        "Package": [
            "pleroma([Erlang](/advisories?query=ecosystem%3Aerlang))"
        ],
        "Affected versions": [
            "< 2.5.3"
        ],
        "Patched versions": [
            "2.5.3"
        ]
    },
    "Description": "A vulnerability was found in kphrx pleroma. It has been classified as\nproblematic. This affects the function Pleroma.Emoji.Pack of the file\nlib/pleroma/emoji/pack.ex. The manipulation of the argument name leads to path\ntraversal. The complexity of an attack is rather high. The exploitability is\ntold to be difficult. This product does not use versioning. This is why\ninformation about affected and unaffected releases are unavailable. The patch\nis named 2c795094535537a8607cc0d3b7f076a609636f40. It is recommended to apply\na patch to fix this issue. The associated identifier of this vulnerability is\nVDB-242187.\n\n### References\n\n  * <https://nvd.nist.gov/vuln/detail/CVE-2023-5588>\n  * [kphrx/pleroma#197](https://github.com/kphrx/pleroma/pull/197)\n  * [kphrx/pleroma@`2c79509`](https://github.com/kphrx/pleroma/commit/2c795094535537a8607cc0d3b7f076a609636f40)\n  * <https://vuldb.com/?ctiid.242187>\n  * <https://vuldb.com/?id.242187>\n  * <https://github.com/kphrx/pleroma/commits/v2.5.3>\n\n",
    "Severity": {
        "Score": "2.6/ 10 (Low)",
        "CVSS base metrics": {
            "Attack vector": "Adjacent",
            "Attack complexity": "High",
            "Privileges required": "Low",
            "User interaction": "None",
            "Scope": "Unchanged",
            "Confidentiality": "Low",
            "Integrity": "None",
            "Availability": "None"
        },
        "CVSS string": "CVSS:3.0/AV:A/AC:H/PR:L/UI:N/S:U/C:L/I:N/A:N"
    },
    "Weaknesses": [
        "[CWE-22](/advisories?query=cwe%3A22)"
    ],
    "CVE ID": "CVE-2023-5588",
    "GHSA ID": "GHSA-2c28-m2m7-mf55",
    "Source code": "[kphrx/pleroma/](https://github.com/kphrx/pleroma/)"
}