{
    "Title": "Resource exhaustion in Django",
    "Meta": {
        "Package": [
            "Django([pip](/advisories?query=ecosystem%3Apip))"
        ],
        "Affected versions": [
            ">= 3.2.0, < 3.2.18",
            ">= 4.1.0, < 4.1.7",
            ">= 4.0.0, < 4.0.10"
        ],
        "Patched versions": [
            "3.2.18",
            "4.1.7",
            "4.0.10"
        ]
    },
    "Description": "An issue was discovered in the Multipart Request Parser in Django 3.2 before\n3.2.18, 4.0 before 4.0.10, and 4.1 before 4.1.7. Passing certain inputs (e.g.,\nan excessive number of parts) to multipart forms could result in too many open\nfiles or memory exhaustion, and provided a potential vector for a denial-of-\nservice attack.\n\n### References\n\n  * <https://nvd.nist.gov/vuln/detail/CVE-2023-24580>\n  * <https://docs.djangoproject.com/en/4.1/releases/security/>\n  * <https://groups.google.com/forum/#!forum/django-announce>\n  * <https://www.djangoproject.com/weblog/2023/feb/14/security-releases/>\n  * <http://www.openwall.com/lists/oss-security/2023/02/14/1>\n  * [django/django@`628b33a`](https://github.com/django/django/commit/628b33a854a9c68ec8a0c51f382f304a0044ec92)\n  * [django/django@`83f1ea8`](https://github.com/django/django/commit/83f1ea83e4553e211c1c5a0dfc197b66d4e50432)\n  * [django/django@`a665ed5`](https://github.com/django/django/commit/a665ed5179f5bbd3db95ce67286d0192eff041d8)\n  * <https://lists.debian.org/debian-lts-announce/2023/02/msg00023.html>\n  * <https://lists.fedoraproject.org/archives/list/package-announce@lists.fedoraproject.org/message/FKYVMMR7RPM6AHJ2SBVM2LO6D3NGFY7B/>\n  * <https://lists.fedoraproject.org/archives/list/package-announce@lists.fedoraproject.org/message/VZS4G6NSZWPTVXMMZHJOJVQEPL3QTO77/>\n  * <https://lists.fedoraproject.org/archives/list/package-announce@lists.fedoraproject.org/message/YJB6FUBBLVKKG655UMTLQNN6UQ6EDLSP/>\n  * <https://security.netapp.com/advisory/ntap-20230316-0006/>\n  * <https://lists.fedoraproject.org/archives/list/package-announce@lists.fedoraproject.org/message/HWY6DQWRVBALV73BPUVBXC3QIYUM24IK/>\n  * <https://lists.fedoraproject.org/archives/list/package-announce@lists.fedoraproject.org/message/LTZVAKU5ALQWOKFTPISE257VCVIYGFQI/>\n\n",
    "Severity": {
        "Score": "7.5/ 10 (High)",
        "CVSS base metrics": {
            "Attack vector": "Network",
            "Attack complexity": "Low",
            "Privileges required": "None",
            "User interaction": "None",
            "Scope": "Unchanged",
            "Confidentiality": "None",
            "Integrity": "None",
            "Availability": "High"
        },
        "CVSS string": "CVSS:3.1/AV:N/AC:L/PR:N/UI:N/S:U/C:N/I:N/A:H"
    },
    "Weaknesses": [
        "[CWE-400](/advisories?query=cwe%3A400)"
    ],
    "CVE ID": "CVE-2023-24580",
    "GHSA ID": "GHSA-2hrw-hx67-34x6",
    "Source code": "[django/django](https://github.com/django/django)"
}