{
    "Title": "Unsafe tar unpacking in HashiCorp go-slug",
    "Meta": {
        "Package": [
            "github.com/hashicorp/go-slug([Go](/advisories?query=ecosystem%3Ago))"
        ],
        "Affected versions": [
            "< 0.5.0"
        ],
        "Patched versions": [
            "0.5.0"
        ]
    },
    "Description": "HashiCorp go-slug before 0.5.0 does not address attempts at directory\ntraversal involving ../ and symlinks.\n\n### References\n\n  * <https://nvd.nist.gov/vuln/detail/CVE-2020-29529>\n  * [hashicorp/go-slug#12](https://github.com/hashicorp/go-slug/pull/12)\n  * [hashicorp/go-slug@`28cafc5`](https://github.com/hashicorp/go-slug/commit/28cafc59c8da6126a3ae94dfa84181df4073454f)\n  * [hashicorp/go-slug@`764785b`](https://github.com/hashicorp/go-slug/commit/764785bc4cbb9e600ad1cf1a6bd21b535c182983)\n  * [hashicorp/go-slug@`v0.4.3...v0.5.0`](https://github.com/hashicorp/go-slug/compare/v0.4.3...v0.5.0)\n  * <https://github.com/hashicorp/go-slug/releases/tag/v0.5.0>\n  * <https://pkg.go.dev/vuln/GO-2021-0094>\n  * <https://securitylab.github.com/advisories/GHSL-2020-262-zipslip-go-slug>\n\n",
    "Severity": {
        "Score": "7.5/ 10 (High)",
        "CVSS base metrics": {
            "Attack vector": "Network",
            "Attack complexity": "Low",
            "Privileges required": "None",
            "User interaction": "None",
            "Scope": "Unchanged",
            "Confidentiality": "High",
            "Integrity": "None",
            "Availability": "None"
        },
        "CVSS string": "CVSS:3.1/AV:N/AC:L/PR:N/UI:N/S:U/C:H/I:N/A:N"
    },
    "Weaknesses": [
        "[CWE-22](/advisories?query=cwe%3A22)",
        "[CWE-59](/advisories?query=cwe%3A59)"
    ],
    "CVE ID": "CVE-2020-29529",
    "GHSA ID": "GHSA-2g5j-5x95-r6hr",
    "Source code": "[hashicorp/go-slug](https://github.com/hashicorp/go-slug)"
}