{
    "Title": "OpenAPI Tools OpenAPI Generator uses HTTP in various files",
    "Meta": {
        "Package": [
            "org.openapitools:openapi-generator([Maven](/advisories?query=ecosystem%3Amaven))"
        ],
        "Affected versions": [
            "< 4.0.0-20190419.052012-560"
        ],
        "Patched versions": [
            "4.0.0-20190419.052012-560"
        ]
    },
    "Description": "OpenAPI Tools OpenAPI Generator before 4.0.0-20190419.052012-560 uses http://\nURLs in various build.gradle, build.gradle.mustache, and build.sbt files,\nwhich may have caused insecurely resolved dependencies.\n\n### References\n\n  * <https://nvd.nist.gov/vuln/detail/CVE-2019-11405>\n  * [OpenAPITools/openapi-generator#2253](https://github.com/OpenAPITools/openapi-generator/issues/2253)\n  * [OpenAPITools/openapi-generator#2248](https://github.com/OpenAPITools/openapi-generator/pull/2248)\n  * [OpenAPITools/openapi-generator#2697](https://github.com/OpenAPITools/openapi-generator/pull/2697)\n\n",
    "Severity": {
        "Score": "7.4/ 10 (High)",
        "CVSS base metrics": {
            "Attack vector": "Network",
            "Attack complexity": "High",
            "Privileges required": "None",
            "User interaction": "None",
            "Scope": "Unchanged",
            "Confidentiality": "High",
            "Integrity": "High",
            "Availability": "None"
        },
        "CVSS string": "CVSS:3.0/AV:N/AC:H/PR:N/UI:N/S:U/C:H/I:H/A:N"
    },
    "Weaknesses": [
        "[CWE-311](/advisories?query=cwe%3A311)"
    ],
    "CVE ID": "CVE-2019-11405",
    "GHSA ID": "GHSA-27j5-2h6r-c9q2",
    "Source code": "[OpenAPITools/openapi-generator](https://github.com/OpenAPITools/openapi-generator)"
}