{
    "Title": "Improper Authentication in Apache Tomcat",
    "Meta": {
        "Package": [
            "org.apache.tomcat:tomcat([Maven](/advisories?query=ecosystem%3Amaven))"
        ],
        "Affected versions": [
            ">= 5.5.0, < 5.5.36",
            ">= 6.0.0, < 6.0.36",
            ">= 7.0.0, < 7.0.30"
        ],
        "Patched versions": [
            "5.5.36",
            "6.0.36",
            "7.0.30"
        ]
    },
    "Description": "The HTTP Digest Access Authentication implementation in Apache Tomcat 5.5.x\nbefore 5.5.36, 6.x before 6.0.36, and 7.x before 7.0.30 does not properly\ncheck for stale nonce values in conjunction with enforcement of proper\ncredentials, which makes it easier for remote attackers to bypass intended\naccess restrictions by sniffing the network for valid requests.\n\n### References\n\n  * <https://nvd.nist.gov/vuln/detail/CVE-2012-5887>\n  * <https://exchange.xforce.ibmcloud.com/vulnerabilities/79809>\n  * <http://lists.opensuse.org/opensuse-updates/2012-12/msg00089.html>\n  * <http://lists.opensuse.org/opensuse-updates/2012-12/msg00090.html>\n  * <http://lists.opensuse.org/opensuse-updates/2013-01/msg00037.html>\n  * <http://rhn.redhat.com/errata/RHSA-2013-0623.html>\n  * <http://rhn.redhat.com/errata/RHSA-2013-0629.html>\n  * <http://rhn.redhat.com/errata/RHSA-2013-0631.html>\n  * <http://rhn.redhat.com/errata/RHSA-2013-0632.html>\n  * <http://rhn.redhat.com/errata/RHSA-2013-0640.html>\n  * <http://rhn.redhat.com/errata/RHSA-2013-0647.html>\n  * <http://rhn.redhat.com/errata/RHSA-2013-0648.html>\n  * <http://rhn.redhat.com/errata/RHSA-2013-0726.html>\n  * [http://svn.apache.org/viewvc?view=revision&revision=1377807](http://svn.apache.org/viewvc?view=revision&revision=1377807)\n  * [http://svn.apache.org/viewvc?view=revision&revision=1380829](http://svn.apache.org/viewvc?view=revision&revision=1380829)\n  * [http://svn.apache.org/viewvc?view=revision&revision=1392248](http://svn.apache.org/viewvc?view=revision&revision=1392248)\n  * <http://tomcat.apache.org/security-5.html>\n  * <http://tomcat.apache.org/security-6.html>\n  * <http://tomcat.apache.org/security-7.html>\n  * <http://www-01.ibm.com/support/docview.wss?uid=swg21626891>\n  * <http://www.ubuntu.com/usn/USN-1637-1>\n\n",
    "Severity": {
        "Score": "(Moderate)"
    },
    "Weaknesses": [
        "[CWE-287](/advisories?query=cwe%3A287)"
    ],
    "CVE ID": "CVE-2012-5887",
    "GHSA ID": "GHSA-28cq-6rmx-pjq4",
    "Source code": "[apache/tomcat](https://github.com/apache/tomcat)"
}