{
    "Title": "Potential HTTP policy bypass when using header rules in Cilium",
    "Meta": {
        "Package": [
            "github.com/cilium/cilium([Go](/advisories?query=ecosystem%3Ago))"
        ],
        "Affected versions": [
            "< 1.11.16",
            ">= 1.12.0, < 1.12.9",
            ">= 1.13.0, < 1.13.2"
        ],
        "Patched versions": [
            "1.11.16",
            "1.12.9",
            "1.13.2"
        ]
    },
    "Description": "### Impact\n\nThis issue only impacts users who:\n\n  * Have a HTTP policy that applies to multiple `toEndpoints` AND\n  * Have an allow-all rule in place that affects only one of those endpoints\n\nIn such cases, a wildcard rule will be appended to the set of HTTP rules,\nwhich could cause bypass of HTTP policies.\n\n### Patches\n\nThis issue has been patched in Cilium 1.11.16, 1.12.9, and 1.13.2.\n\n### Workarounds\n\nRewrite HTTP rules for each endpoint separately. For example, if the initial\nrule looks like:\n\n    \n    \n      egress:\n        - toEndpoints:\n            - matchLabels:\n                k8s:kind: echo\n            - matchLabels:\n                k8s:kind: example\n          toPorts:\n            - ports:\n                - port: \"8080\"\n                  protocol: TCP\n              rules:\n                http:\n                  - method: \"GET\"\n    \n\nIt should be rewritten to:\n\n    \n    \n      egress:\n        - toEndpoints:\n            - matchLabels:\n                k8s:kind: echo\n          toPorts:\n            - ports:\n                - port: \"8080\"\n                  protocol: TCP\n              rules:\n                http:\n                  - method: \"GET\"\n        - toEndpoints:\n            - matchLabels:\n                k8s:kind: example\n          toPorts:\n            - ports:\n                - port: \"8080\"\n                  protocol: TCP\n              rules:\n                http:\n                  - method: \"GET\"\n    \n\n### Acknowledgements\n\nThe Cilium community has worked together with members of Isovalent to prepare\nthese mitigations. Special thanks to\n[@jrajahalme](https://github.com/jrajahalme) for investigating and fixing the\nissue.\n\n### For more information\n\nIf you have any questions or comments about this advisory, please reach out on\n[Slack](https://docs.cilium.io/en/latest/community/community/#slack).\n\nAs usual, if you think you found a related vulnerability, we strongly\nencourage you to report security vulnerabilities to our private security\nmailing list: [security@cilium.io](mailto:security@cilium.io) \\- first, before\ndisclosing them in any public forums. This is a private mailing list where\nonly members of the Cilium internal security team are subscribed to, and is\ntreated as top priority.\n\n### References\n\n  * [GHSA-2h44-x2wx-49f4](https://github.com/cilium/cilium/security/advisories/GHSA-2h44-x2wx-49f4 \"GHSA-2h44-x2wx-49f4\")\n  * <https://github.com/cilium/cilium/releases/tag/v1.11.16>\n  * <https://github.com/cilium/cilium/releases/tag/v1.12.9>\n  * <https://github.com/cilium/cilium/releases/tag/v1.13.2>\n  * <https://nvd.nist.gov/vuln/detail/CVE-2023-30851>\n\n",
    "Severity": {
        "Score": "5.3/ 10 (Moderate)",
        "CVSS base metrics": {
            "Attack vector": "Network",
            "Attack complexity": "High",
            "Privileges required": "Low",
            "User interaction": "None",
            "Scope": "Unchanged",
            "Confidentiality": "High",
            "Integrity": "None",
            "Availability": "None"
        },
        "CVSS string": "CVSS:3.1/AV:N/AC:H/PR:L/UI:N/S:U/C:H/I:N/A:N"
    },
    "Weaknesses": [
        "[CWE-693](/advisories?query=cwe%3A693)"
    ],
    "CVE ID": "CVE-2023-30851",
    "GHSA ID": "GHSA-2h44-x2wx-49f4",
    "Source code": "[cilium/cilium](https://github.com/cilium/cilium)"
}