{
    "Title": "Server-side request forgery (SSRF) in Apache Batik",
    "Meta": {
        "Package": [
            "org.apache.xmlgraphics:batik-svgbrowser([Maven](/advisories?query=ecosystem%3Amaven))"
        ],
        "Affected versions": [
            "< 1.14"
        ],
        "Patched versions": [
            "1.14"
        ]
    },
    "Description": "Apache Batik 1.13 is vulnerable to server-side request forgery, caused by\nimproper input validation by the NodePickerPanel. By using a specially-crafted\nargument, an attacker could exploit this vulnerability to cause the underlying\nserver to make arbitrary GET requests.\n\n### References\n\n  * <https://nvd.nist.gov/vuln/detail/CVE-2020-11987>\n  * [apache/xmlgraphics-batik@`0ef5b66`](https://github.com/apache/xmlgraphics-batik/commit/0ef5b661a1f77772d1110877ea9e0287987098f6)\n  * <https://lists.apache.org/thread.html/r2877ae10e8be56a3c52d03e373512ddd32f16b863f24c2e22f5a5ba2@%3Cdev.poi.apache.org%3E>\n  * <https://lists.apache.org/thread.html/r588d05a0790b40a0eb81088252e1e8c1efb99706631421f17038eb05@%3Cdev.poi.apache.org%3E>\n  * <https://lists.fedoraproject.org/archives/list/package-announce@lists.fedoraproject.org/message/W7EAYO5XIHD6OIEA3HPK64UDDBSLNAC5/>\n  * <https://xmlgraphics.apache.org/security.html>\n  * <https://lists.fedoraproject.org/archives/list/package-announce@lists.fedoraproject.org/message/JEDID4DAVPECE6O4QQCSIS75BLLBUUAM/>\n  * <https://www.oracle.com/security-alerts/cpuApr2021.html>\n  * <https://www.oracle.com//security-alerts/cpujul2021.html>\n  * <https://www.oracle.com/security-alerts/cpuoct2021.html>\n  * <https://www.oracle.com/security-alerts/cpujan2022.html>\n  * <https://www.oracle.com/security-alerts/cpujul2022.html>\n  * <https://issues.apache.org/jira/browse/BATIK-1284>\n  * <https://lists.debian.org/debian-lts-announce/2023/10/msg00021.html>\n\n",
    "Severity": {
        "Score": "8.2/ 10 (High)",
        "CVSS base metrics": {
            "Attack vector": "Network",
            "Attack complexity": "Low",
            "Privileges required": "None",
            "User interaction": "None",
            "Scope": "Unchanged",
            "Confidentiality": "High",
            "Integrity": "Low",
            "Availability": "None"
        },
        "CVSS string": "CVSS:3.1/AV:N/AC:L/PR:N/UI:N/S:U/C:H/I:L/A:N"
    },
    "Weaknesses": [
        "[CWE-20](/advisories?query=cwe%3A20)",
        "[CWE-918](/advisories?query=cwe%3A918)"
    ],
    "CVE ID": "CVE-2020-11987",
    "GHSA ID": "GHSA-2h63-qp69-fwvw",
    "Source code": "[apache/xmlgraphics-batik](https://github.com/apache/xmlgraphics-batik)"
}