{
    "Title": "XML External Entity Reference in org.picketlink:picketlink-common",
    "Meta": {
        "Package": [
            "org.picketlink:picketlink-common([Maven](/advisories?query=ecosystem%3Amaven))"
        ],
        "Affected versions": [
            "< 2.7.0.Final"
        ],
        "Patched versions": [
            "2.7.0.Final"
        ]
    },
    "Description": "The org.picketlink.common.util.DocumentUtil.getDocumentBuilderFactory method\nin PicketLink, as used in Red Hat JBoss Enterprise Application Platform\n(JBEAP) 5.2.0 and 6.2.4, expands entity references, which allows remote\nattackers to read arbitrary code and possibly have other unspecified impact\nvia unspecified vectors, related to an XML External Entity (XXE) issue.\n\n### References\n\n  * <https://nvd.nist.gov/vuln/detail/CVE-2014-3530>\n  * <https://exchange.xforce.ibmcloud.com/vulnerabilities/94700>\n  * <http://rhn.redhat.com/errata/RHSA-2014-0883.html>\n  * <http://rhn.redhat.com/errata/RHSA-2014-0884.html>\n  * <http://rhn.redhat.com/errata/RHSA-2014-0885.html>\n  * <http://rhn.redhat.com/errata/RHSA-2014-0886.html>\n  * <http://rhn.redhat.com/errata/RHSA-2015-0091.html>\n  * <http://rhn.redhat.com/errata/RHSA-2015-0675.html>\n  * <http://rhn.redhat.com/errata/RHSA-2015-0720.html>\n  * <http://rhn.redhat.com/errata/RHSA-2015-0765.html>\n  * <http://rhn.redhat.com/errata/RHSA-2015-1888.html>\n  * <http://secunia.com/advisories/60047>\n  * <http://secunia.com/advisories/60124>\n  * <http://www.securitytracker.com/id/1030607>\n  * [picketlink/picketlink@`8c78668`](https://github.com/picketlink/picketlink/commit/8c78668e4f08cf3c4ed14d8a36d402dcf02cb057)\n  * <https://bugzilla.redhat.com/bugzilla/show_bug.cgi?id=1112987>\n  * <https://issues.jboss.org/browse/PLINK-509>\n\n",
    "Severity": {
        "Score": "(High)"
    },
    "Weaknesses": [
        "[CWE-611](/advisories?query=cwe%3A611)"
    ],
    "CVE ID": "CVE-2014-3530",
    "GHSA ID": "GHSA-2c9q-qwrc-f486",
    "Source code": "[picketlink/picketlink](https://github.com/picketlink/picketlink)"
}