{
    "Title": "Cross-site scripting (XSS) from field and configuration text displayed in the Panel",
    "Meta": {
        "Package": [
            "getkirby/cms([Composer](/advisories?query=ecosystem%3Acomposer))"
        ],
        "Affected versions": [
            "<= 3.5.6"
        ],
        "Patched versions": [
            "3.5.7"
        ]
    },
    "Description": "On Saturday, [@hdodov](https://github.com/hdodov) reported that the Panel's\n`ListItem` component (used in the pages and files section for example)\ndisplayed HTML in page titles as it is. This could be used for cross-site\nscripting (XSS) attacks.\n\nWe used his report as an opportunity to find and fix XSS issues related to\ndynamic site content throughout the Panel codebase.\n\n### Impact\n\nCross-site scripting (XSS) is a type of vulnerability that allows to execute\nany kind of JavaScript code inside the Panel session of other users. In the\nPanel, a harmful script can for example trigger requests to Kirby's API with\nthe permissions of the victim.\n\nSuch vulnerabilities are critical if you might have potential attackers in\nyour group of authenticated Panel users. They can escalate their privileges if\nthey get access to the Panel session of an admin user. Depending on your site,\nother JavaScript-powered attacks are possible.\n\nVisitors without Panel access can only use this attack vector if your site\nallows changing site data from a frontend form (for example user self-\nregistration or the creation of pages from a contact or other frontend form).\nIf you validate or sanitize the provided form data, you are already protected\nagainst such attacks by external visitors.\n\n### Patches\n\n[Kirby 3.5.7](https://github.com/getkirby/kirby/releases/tag/3.5.7) contains\npatches for the following issues we found during our investigation:\n\n  * Some translated error and info messages contain placeholders to dynamically insert information like page titles or filenames. While the translation strings are allowed to contain HTML formatting, the dynamic data needs to be protected against XSS attacks. Kirby 3.5.7 now escapes the dynamic data.\n  * Our `Box` component used to display information for the user supports HTML output for specific use-cases. We found out that the dialogs used in the `files`, `pages` and `users` fields as well as the `fields` section used it to display raw exception or error messages. These messages are now escaped.\n  * The users and settings views display user and language data using the `ListItem` component that supports HTML. We now escape the dynamic data before it is passed to the `ListItem` component.\n  * Some of our sections and fields support HTML for their `text`, `help` and/or `info` properties. This allows custom formatting from the blueprint, but also caused the original issue reported to us that allowed to inject HTML code from the content itself. Kirby 3.5.7 now escapes the default `text` displayed by the `files` and `pages` sections (filename/page title), the `files`, `pages` and `users` fields (filename/page title/username) and by query-based `checkboxes`, `radio`, `tags` and `multiselect` fields (default text depending on the used query).\n\n**Note:** Custom `text`, `help` and `info` queries in blueprints are _not_\nescaped in 3.5.7. We support HTML in these properties because there are valid\nuse-cases for custom formatting. However there can still be XSS\nvulnerabilities depending on your use of these properties. In Kirby 3.6 we\nwill provide a new feature that will make it much easier to control whether\nyou want to allow HTML from query placeholders.\n\n### References\n\n  * [GHSA-2f2w-349x-vrqm](https://github.com/getkirby/kirby/security/advisories/GHSA-2f2w-349x-vrqm \"GHSA-2f2w-349x-vrqm\")\n  * <https://nvd.nist.gov/vuln/detail/CVE-2021-32735>\n  * <https://github.com/getkirby/kirby/releases/tag/3.5.7>\n  * [getkirby/kirby@`f5ead62`](https://github.com/getkirby/kirby/commit/f5ead62f8510158bed5baf58ca0e851875778a09)\n\n",
    "Severity": {
        "Score": "7.1/ 10 (High)",
        "CVSS base metrics": {
            "Attack vector": "Network",
            "Attack complexity": "Low",
            "Privileges required": "Low",
            "User interaction": "None",
            "Scope": "Unchanged",
            "Confidentiality": "High",
            "Integrity": "Low",
            "Availability": "None"
        },
        "CVSS string": "CVSS:3.1/AV:N/AC:L/PR:L/UI:N/S:U/C:H/I:L/A:N"
    },
    "Weaknesses": [
        "[CWE-80](/advisories?query=cwe%3A80)"
    ],
    "CVE ID": "CVE-2021-32735",
    "GHSA ID": "GHSA-2f2w-349x-vrqm",
    "Source code": "[getkirby/kirby](https://github.com/getkirby/kirby)"
}