{
    "Title": "Elastic APM agent for Python client CGI proxy redirection flaw",
    "Meta": {
        "Package": [
            "elastic-apm([pip](/advisories?query=ecosystem%3Apip))"
        ],
        "Affected versions": [
            "< 5.1.0"
        ],
        "Patched versions": [
            "5.1.0"
        ]
    },
    "Description": "When the Elastic APM agent for Python versions before 5.1.0 is run as a CGI\nscript, there is a variable name clash flaw if a remote attacker can control\nthe proxy header. This could result in an attacker redirecting collected APM\ndata to a proxy of their choosing.\n\n### References\n\n  * <https://nvd.nist.gov/vuln/detail/CVE-2019-7617>\n  * <https://discuss.elastic.co/t/elastic-apm-agent-for-python-5-1-0-security-update/196145>\n  * <https://www.elastic.co/community/security/>\n\n",
    "Severity": {
        "Score": "7.2/ 10 (High)",
        "CVSS base metrics": {
            "Attack vector": "Network",
            "Attack complexity": "Low",
            "Privileges required": "None",
            "User interaction": "None",
            "Scope": "Changed",
            "Confidentiality": "Low",
            "Integrity": "Low",
            "Availability": "None"
        },
        "CVSS string": "CVSS:3.0/AV:N/AC:L/PR:N/UI:N/S:C/C:L/I:L/A:N"
    },
    "Weaknesses": [
        "[CWE-20](/advisories?query=cwe%3A20)"
    ],
    "CVE ID": "CVE-2019-7617",
    "GHSA ID": "GHSA-22jh-6gx8-f944",
    "Source code": "No known source code"
}