{
    "Title": "Agent-to-controller security bypass in Jenkins xUnit Plugin",
    "Meta": {
        "Package": [
            "org.jenkins-ci.plugins:xunit([Maven](/advisories?query=ecosystem%3Amaven))"
        ],
        "Affected versions": [
            "< 3.1.0"
        ],
        "Patched versions": [
            "3.1.0"
        ]
    },
    "Description": "xUnit Plugin 3.0.8 and earlier implements an agent-to-controller message that\ncreates a user-specified directory if it doesn\u2019t exist, and parsing files\ninside it as test results.\n\nThis allows attackers able to control agent processes to create an arbitrary\ndirectory on the Jenkins controller or to obtain test results from existing\nfiles in an attacker-specified directory.\n\nxUnit Plugin 3.1.0 changes the message type from agent-to-controller to\ncontroller-to-agent, preventing execution on the controller.\n\n### References\n\n  * <https://nvd.nist.gov/vuln/detail/CVE-2022-34181>\n  * <https://www.jenkins.io/security/advisory/2022-06-22/#SECURITY-2549>\n  * [jenkinsci/xunit-plugin@`6976b5d`](https://github.com/jenkinsci/xunit-plugin/commit/6976b5da114845a7936ea36d5783a65cd91f9897)\n\n",
    "Severity": {
        "Score": "6.5/ 10 (Moderate)",
        "CVSS base metrics": {
            "Attack vector": "Network",
            "Attack complexity": "Low",
            "Privileges required": "None",
            "User interaction": "None",
            "Scope": "Unchanged",
            "Confidentiality": "Low",
            "Integrity": "Low",
            "Availability": "None"
        },
        "CVSS string": "CVSS:3.1/AV:N/AC:L/PR:N/UI:N/S:U/C:L/I:L/A:N"
    },
    "Weaknesses": [
        "[CWE-693](/advisories?query=cwe%3A693)"
    ],
    "CVE ID": "CVE-2022-34181",
    "GHSA ID": "GHSA-298j-9q4w-6rm4",
    "Source code": "[jenkinsci/xunit-plugin](https://github.com/jenkinsci/xunit-plugin)"
}