{
    "Title": "Octopoller gem published with world-writable files",
    "Meta": {
        "Package": [
            "octopoller([RubyGems](/advisories?query=ecosystem%3Arubygems))"
        ],
        "Affected versions": [
            "= 0.2.0"
        ],
        "Patched versions": [
            "0.3.0"
        ]
    },
    "Description": "### Impact\n\nVersion [0.2.0](https://rubygems.org/gems/octopoller/versions/0.2.0) of the\noctopoller gem was published containing world-writeable files. Specifically,\nthe gem was packed with files having their permissions set to `-rw-rw-rw-`\n(i.e. 0666) instead of `rw-r--r--` (i.e. 0644).\n\nThis means everyone who is not the owner (Group and Public) with access to the\ninstance where this release had been installed could modify the world-writable\nfiles from this gem.\n\nMalicious code already present and running on your machine, separate from this\npackage, could modify the gem\u2019s files and change its behavior during runtime.\n\n### Patches\n\n  * octopoller 0.3.0\n\n### Workarounds\n\nUsers can use the previous version of the gem\n[v0.1.0](https://rubygems.org/gems/octopoller/versions/0.1.0). Alternatively,\nusers can modify the file permissions manually until they are able to upgrade\nto the latest version.\n\n### References\n\n  * [GHSA-26qj-cr27-r5c4](https://github.com/octokit/octopoller.rb/security/advisories/GHSA-26qj-cr27-r5c4 \"GHSA-26qj-cr27-r5c4\")\n  * [octokit/octopoller.rb@`abed2b8`](https://github.com/octokit/octopoller.rb/commit/abed2b8d05abe2cc3eb6bdfb34e53d465e7c7874)\n  * <https://nvd.nist.gov/vuln/detail/CVE-2022-31071>\n  * <https://github.com/rubysec/ruby-advisory-db/blob/master/gems/octopoller/CVE-2022-31071.yml>\n\n",
    "Severity": {
        "Score": "2.5/ 10 (Low)",
        "CVSS base metrics": {
            "Attack vector": "Local",
            "Attack complexity": "High",
            "Privileges required": "Low",
            "User interaction": "None",
            "Scope": "Unchanged",
            "Confidentiality": "None",
            "Integrity": "Low",
            "Availability": "None"
        },
        "CVSS string": "CVSS:3.1/AV:L/AC:H/PR:L/UI:N/S:U/C:N/I:L/A:N"
    },
    "Weaknesses": [
        "[CWE-276](/advisories?query=cwe%3A276)"
    ],
    "CVE ID": "CVE-2022-31071",
    "GHSA ID": "GHSA-26qj-cr27-r5c4",
    "Source code": "[octokit/octopoller](https://github.com/octokit/octopoller)"
}