{
    "Title": "ChakraCore RCE Vulnerability",
    "Meta": {
        "Package": [
            "Microsoft.ChakraCore([NuGet](/advisories?query=ecosystem%3Anuget))"
        ],
        "Affected versions": [
            "< 1.11.2"
        ],
        "Patched versions": [
            "1.11.2"
        ]
    },
    "Description": "A remote code execution vulnerability exists in the way that the Chakra\nscripting engine handles objects in memory in Microsoft Edge, aka \"Chakra\nScripting Engine Memory Corruption Vulnerability.\" This affects Microsoft\nEdge, ChakraCore. This CVE ID is unique from\n[CVE-2018-8505](https://github.com/advisories/GHSA-p37h-rg3w-23wx\n\"CVE-2018-8505\"), [CVE-2018-8510](https://github.com/advisories/GHSA-\nvjf9-8wqg-xc7r \"CVE-2018-8510\"),\n[CVE-2018-8511](https://github.com/advisories/GHSA-3mv8-x3jj-3j7m\n\"CVE-2018-8511\"), [CVE-2018-8513](https://github.com/advisories/GHSA-3hqw-\nmg9x-r2vr \"CVE-2018-8513\").\n\n### References\n\n  * <https://nvd.nist.gov/vuln/detail/CVE-2018-8503>\n  * <https://portal.msrc.microsoft.com/en-US/security-guidance/advisory/CVE-2018-8503>\n  * [chakra-core/ChakraCore#5764](https://github.com/chakra-core/ChakraCore/pull/5764)\n  * [chakra-core/ChakraCore@`062b4d9`](https://github.com/chakra-core/ChakraCore/commit/062b4d9f42723ce7c2725f844cbf5431d52ca999)\n  * <https://web.archive.org/web/20210729123415/http://www.securityfocus.com/bid/105464>\n  * <https://web.archive.org/web/20210927074321/http://www.securitytracker.com/id/1041825>\n\n",
    "Severity": {
        "Score": "7.5/ 10 (High)",
        "CVSS base metrics": {
            "Attack vector": "Network",
            "Attack complexity": "High",
            "Privileges required": "None",
            "User interaction": "Required",
            "Scope": "Unchanged",
            "Confidentiality": "High",
            "Integrity": "High",
            "Availability": "High"
        },
        "CVSS string": "CVSS:3.0/AV:N/AC:H/PR:N/UI:R/S:U/C:H/I:H/A:H"
    },
    "Weaknesses": [
        "[CWE-787](/advisories?query=cwe%3A787)"
    ],
    "CVE ID": "CVE-2018-8503",
    "GHSA ID": "GHSA-2589-r26x-mh8p",
    "Source code": "[chakra-core/ChakraCore](https://github.com/chakra-core/ChakraCore)"
}