{
    "Title": "Missing permission check in Jenkins Job and Node ownership Plugin",
    "Meta": {
        "Package": [
            "com.synopsys.jenkinsci:ownership([Maven](/advisories?query=ecosystem%3Amaven))"
        ],
        "Affected versions": [
            "<= 0.13.0"
        ],
        "Patched versions": [
            "None"
        ]
    },
    "Description": "A missing permission check in Jenkins Job and Node ownership Plugin 0.13.0 and\nearlier allows attackers with Item/Read permission to change the owners and\nitem-specific permissions of a job.\n\n### References\n\n  * <https://nvd.nist.gov/vuln/detail/CVE-2022-28151>\n  * <https://www.jenkins.io/security/advisory/2022-03-29/#SECURITY-2062%20(1)>\n  * <http://www.openwall.com/lists/oss-security/2022/03/29/1>\n\n",
    "Severity": {
        "Score": "4.3/ 10 (Moderate)",
        "CVSS base metrics": {
            "Attack vector": "Network",
            "Attack complexity": "Low",
            "Privileges required": "Low",
            "User interaction": "None",
            "Scope": "Unchanged",
            "Confidentiality": "None",
            "Integrity": "Low",
            "Availability": "None"
        },
        "CVSS string": "CVSS:3.1/AV:N/AC:L/PR:L/UI:N/S:U/C:N/I:L/A:N"
    },
    "Weaknesses": [
        "[CWE-862](/advisories?query=cwe%3A862)"
    ],
    "CVE ID": "CVE-2022-28151",
    "GHSA ID": "GHSA-25f2-wgxj-ph29",
    "Source code": "[jenkinsci/ownership-plugin](https://github.com/jenkinsci/ownership-plugin)"
}