{
    "Title": "Cross-Site Scripting in editor.md",
    "Meta": {
        "Package": [
            "editor.md([npm](/advisories?query=ecosystem%3Anpm))"
        ],
        "Affected versions": [
            "= 1.5.0"
        ],
        "Patched versions": [
            "None"
        ]
    },
    "Description": "All versions of `editor.md` are vulnerable to Cross-Site Scripting. User input\nis insufficiently sanitized, allowing attackers to inject malicious code in\npayloads containing base64-encoded content.\n\n## Recommendation\n\nNo fix is currently available. Consider using an alternative module until a\nfix is made available.\n\n### References\n\n  * <https://nvd.nist.gov/vuln/detail/CVE-2019-9737>\n  * [pandao/editor.md#662](https://github.com/pandao/editor.md/issues/662)\n  * [GHSA-2j5v-fc74-j9q2](https://github.com/advisories/GHSA-2j5v-fc74-j9q2 \"GHSA-2j5v-fc74-j9q2\")\n  * <https://www.npmjs.com/advisories/794>\n\n",
    "Severity": {
        "Score": "6.1/ 10 (Moderate)",
        "CVSS base metrics": {
            "Attack vector": "Network",
            "Attack complexity": "Low",
            "Privileges required": "None",
            "User interaction": "Required",
            "Scope": "Changed",
            "Confidentiality": "Low",
            "Integrity": "Low",
            "Availability": "None"
        },
        "CVSS string": "CVSS:3.1/AV:N/AC:L/PR:N/UI:R/S:C/C:L/I:L/A:N"
    },
    "Weaknesses": [
        "[CWE-79](/advisories?query=cwe%3A79)"
    ],
    "CVE ID": "CVE-2019-9737",
    "GHSA ID": "GHSA-2j5v-fc74-j9q2",
    "Source code": "No known source code"
}