{
    "Title": "Open Redirect in archivy",
    "Meta": {
        "Package": [
            "archivy([pip](/advisories?query=ecosystem%3Apip))"
        ],
        "Affected versions": [
            "< 1.7.1"
        ],
        "Patched versions": [
            "1.7.1"
        ]
    },
    "Description": "archivy prior to version 1.7.1 is vulnerable to open redirect.\n\n### References\n\n  * <https://nvd.nist.gov/vuln/detail/CVE-2022-0697>\n  * [archivy/archivy@`2d8cb29`](https://github.com/archivy/archivy/commit/2d8cb29853190d42572b36deb61127e68d6be574)\n  * <https://huntr.dev/bounties/2d0301a2-10ff-48f4-a346-5a0e8707835b>\n  * <https://github.com/archivy/archivy/releases/tag/v1.7.1>\n  * <https://github.com/pypa/advisory-database/tree/main/vulns/archivy/PYSEC-2022-161.yaml>\n\n",
    "Severity": {
        "Score": "6.1/ 10 (Moderate)",
        "CVSS base metrics": {
            "Attack vector": "Network",
            "Attack complexity": "Low",
            "Privileges required": "None",
            "User interaction": "Required",
            "Scope": "Changed",
            "Confidentiality": "Low",
            "Integrity": "Low",
            "Availability": "None"
        },
        "CVSS string": "CVSS:3.1/AV:N/AC:L/PR:N/UI:R/S:C/C:L/I:L/A:N"
    },
    "Weaknesses": [
        "[CWE-601](/advisories?query=cwe%3A601)"
    ],
    "CVE ID": "CVE-2022-0697",
    "GHSA ID": "GHSA-28mg-98xm-q493",
    "Source code": "[archivy/archivy](https://github.com/archivy/archivy)"
}