{
    "Title": "mindsdb arbitrary file write when extracting a remotely retrieved Tarball",
    "Meta": {
        "Package": [
            "mindsdb([pip](/advisories?query=ecosystem%3Apip))"
        ],
        "Affected versions": [
            "<= 23.1.5.0"
        ],
        "Patched versions": [
            "None"
        ]
    },
    "Description": "### Summary\n\nAn unsafe extraction is being performed using `tarfile.extractall()` from a\nremotely retrieved tarball. Which may lead to the writing of the extracted\nfiles to an unintended location. Sometimes, the vulnerability is called a\nTarSlip or a ZipSlip variant.\n\n### Details\n\nI commented the following snippet of code as a vulnerability details. The code\nis from\n[file.py#L26..L134](https://github.com/mindsdb/mindsdb/blob/afedd37c16e579b6dc075b0814e42d0505ccdc07/mindsdb/api/http/namespaces/file.py#L26..L134)\n\n    \n    \n    @ns_conf.route('/<name>')\n    @ns_conf.param('name', \"MindsDB's name for file\")\n    class File(Resource):\n        @ns_conf.doc('put_file')\n        def put(self, name: str):\n            ''' add new file\n                params in FormData:\n                    - file\n                    - original_file_name [optional]\n            '''\n    \n            data = {}\n    \n            ... omitted for brevity\n    \n                url = data['source']\n                data['file'] = data['name']\n    \n                ... omitted for brevity \n    \n                with requests.get(url, stream=True) as r:                   # Source: retrieve the URL which point to a remotely located tarball \n                    if r.status_code != 200:\n                        return http_error(\n                            400,\n                            \"Error getting file\",\n                            f\"Got status code: {r.status_code}\"\n                        )\n                    file_path = os.path.join(temp_dir_path, data['file'])\n                    with open(file_path, 'wb') as f:\n                        for chunk in r.iter_content(chunk_size=8192):   # write with chunks the remote retrieved file into file_path location \n                            f.write(chunk)\n    \n            original_file_name = data.get('original_file_name')\n    \n            file_path = os.path.join(temp_dir_path, data['file'])      \n            lp = file_path.lower()\n            if lp.endswith(('.zip', '.tar.gz')):\n                if lp.endswith('.zip'):\n                    with zipfile.ZipFile(file_path) as f:\n                        f.extractall(temp_dir_path)\n                elif lp.endswith('.tar.gz'):\n                    with tarfile.open(file_path) as f:  # Just after \n                        f.extractall(temp_dir_path)  # Sink: the tarball located by file_path is supposed to be extracted to temp_dir_path. \n\nSo, a remotely available tarball is being retrieved and written to the server\nfilesystem in chunks, and then, if the extension ends with `.tar.gz` of a\ncompressed tarball, the mindsdb app applies `tarfile.extractall()` directly\nwith no checks for the destination.\n\nHowever, according to the following\n[warning](https://docs.python.org/3/library/tarfile.html#tarfile.TarFile.extractall)\nfrom the official documentation;\n\n> Warning: Never extract archives from untrusted sources without prior\n> inspection. It is possible that files are created outside of path, e.g.\n> members that have absolute filenames starting with \"/\" or filenames with two\n> dots \"..\".\n\n### PoC\n\nThe following PoC is provided for illustration purposes only. It showcases the\nrisk of extracting a non-harmless text file `sim4n6.txt` to one of the parent\nlocations rather than the intended current folder.\n\n    \n    \n    > tar --list -v -f archive.tar.gz\n    tar: Removing leading \"../../../\" from member names\n    ../../../sim4n6.txt\n    \n    > python3 \n    Python 3.10.6 (main, Nov  2 2022, 18:53:38) [GCC 11.3.0] on linux\n    Type \"help\", \"copyright\", \"credits\" or \"license\" for more information.\n    >>> import tarfile\n    >>> with tarfile.open(\"archive.tar.gz\") as tf:\n    >>>         tf.extractall()\n    >>> exit()\n    \n    > test -f ../../../sim4n6.txt && echo \"sim4n6.txt exists\"\n    sim4n6.txt exists\n\n### Attack Scenario\n\nAn attacker could craft a malicious tarball with a filename path, such as\n../../../../../../../../etc/passwd, and then serve the archive remotely,\nproceed to the PUT request of the tarball through mindsdb and overwrite the\nsystem files of the hosting server for instance.\n\n### Mitigation\n\nPotential mitigation could be to:\n\n  * Use a safer module, like `zipfile`.\n  * Use an alternative of `tarfile`, such as `tarsafe`.\n  * Validate the location or the absolute path of the extracted files and discard those with malicious paths such as relative path `../../..` or absolute path such as `/etc/password`. A simple wrapper could be written to raise an exception when a path traversal may be identified.\n\nThis is similar to the other report\n[GHSA-7x45-phmr-9wqp](https://github.com/mindsdb/mindsdb/security/advisories/GHSA-7x45-phmr-9wqp).\n\n### References\n\n  * [GHSA-2g5w-29q9-w6hx](https://github.com/mindsdb/mindsdb/security/advisories/GHSA-2g5w-29q9-w6hx \"GHSA-2g5w-29q9-w6hx\")\n  * <https://github.com/mindsdb/mindsdb/blob/afedd37c16e579b6dc075b0814e42d0505ccdc07/mindsdb/api/http/namespaces/file.py#L26..L134>\n  * <https://nvd.nist.gov/vuln/detail/CVE-2023-30620>\n  * [mindsdb/mindsdb@`4419b0f`](https://github.com/mindsdb/mindsdb/commit/4419b0f0019c000db390b54d8b9d06e1d3670039)\n  * <https://github.com/mindsdb/mindsdb/releases/tag/v23.2.1.0>\n\n",
    "Severity": {
        "Score": "7.5/ 10 (High)",
        "CVSS base metrics": {
            "Attack vector": "Network",
            "Attack complexity": "Low",
            "Privileges required": "None",
            "User interaction": "None",
            "Scope": "Unchanged",
            "Confidentiality": "None",
            "Integrity": "High",
            "Availability": "None"
        },
        "CVSS string": "CVSS:3.1/AV:N/AC:L/PR:N/UI:N/S:U/C:N/I:H/A:N"
    },
    "Weaknesses": [
        "[CWE-22](/advisories?query=cwe%3A22)"
    ],
    "CVE ID": "CVE-2023-30620",
    "GHSA ID": "GHSA-2g5w-29q9-w6hx",
    "Source code": "[mindsdb/mindsdb](https://github.com/mindsdb/mindsdb)"
}