{
    "Title": "URL previews of unusual or maliciously-crafted pages can crash Synapse media repositories or Synapse monoliths",
    "Meta": {
        "Package": [
            "matrix-synapse([pip](/advisories?query=ecosystem%3Apip))"
        ],
        "Affected versions": [
            "< 1.61.1"
        ],
        "Patched versions": [
            "1.61.1"
        ]
    },
    "Description": "### Impact\n\nURL previews of some web pages can exhaust the available stack space for the\nSynapse process due to unbounded recursion.  \nThis is sometimes recoverable and leads to an error for the request causing\nthe problem, but in other cases the Synapse process may crash altogether.\n\nIt is possible to exploit this maliciously, either by malicious users on the\nhomeserver, or by remote users sending URLs that a local user's client may\nautomatically request a URL preview for.  \nRemote users are not able to exploit this directly, because [the URL preview\nendpoint is authenticated](https://spec.matrix.org/v1.2/client-server-\napi/#get_matrixmediav3preview_url).\n\n### Am I affected?\n\n  * deployments with `url_preview_enabled: false` set in configuration are not affected.\n  * deployments with `url_preview_enabled: true` set in configuration **are** affected.\n  * deployments with no configuration value set for `url_preview_enabled` are not affected, because the default is `false`.\n\n### Patches\n\nAdministrators of homeservers with URL previews enabled are advised to upgrade\nto v1.61.1 or higher.\n\n### Workarounds\n\n  * URL previews can be disabled in the configuration file by setting `url_preview_enabled: false`.\n  * Deployments using workers can choose to offload URL previews to one or more dedicated worker(s), ensuring that a process crash does not disrupt other functionality of Synapse.\n\n### For more information\n\nIf you have any questions or comments about this advisory, e-mail us at\n[security@matrix.org](mailto:security@matrix.org).\n\n### References\n\n  * [GHSA-22p3-qrh9-cx32](https://github.com/matrix-org/synapse/security/advisories/GHSA-22p3-qrh9-cx32 \"GHSA-22p3-qrh9-cx32\")\n  * <https://nvd.nist.gov/vuln/detail/CVE-2022-31052>\n  * [matrix-org/synapse@`fa13080`](https://github.com/matrix-org/synapse/commit/fa1308061802ac7b7d20e954ba7372c5ac292333)\n  * <https://spec.matrix.org/v1.2/client-server-api/#get_matrixmediav3preview_url>\n  * <https://github.com/pypa/advisory-database/tree/main/vulns/matrix-synapse/PYSEC-2022-224.yaml>\n  * <https://lists.fedoraproject.org/archives/list/package-announce@lists.fedoraproject.org/message/7EARKKJZ2W7WUITFDT4EG4NVATFYJQHF/>\n  * <https://lists.fedoraproject.org/archives/list/package-announce@lists.fedoraproject.org/message/QGSDQ4YAITCUACAB7SXQZDJIU3IQ4CJD/>\n\n",
    "Severity": {
        "Score": "6.5/ 10 (Moderate)",
        "CVSS base metrics": {
            "Attack vector": "Network",
            "Attack complexity": "Low",
            "Privileges required": "Low",
            "User interaction": "None",
            "Scope": "Unchanged",
            "Confidentiality": "None",
            "Integrity": "None",
            "Availability": "High"
        },
        "CVSS string": "CVSS:3.1/AV:N/AC:L/PR:L/UI:N/S:U/C:N/I:N/A:H"
    },
    "Weaknesses": [
        "[CWE-674](/advisories?query=cwe%3A674)"
    ],
    "CVE ID": "CVE-2022-31052",
    "GHSA ID": "GHSA-22p3-qrh9-cx32",
    "Source code": "[matrix-org/synapse](https://github.com/matrix-org/synapse)"
}