{
    "Title": "Django Allows Arbitrary URL Generation",
    "Meta": {
        "Package": [
            "django([pip](/advisories?query=ecosystem%3Apip))"
        ],
        "Affected versions": [
            ">= 1.3, < 1.3.4",
            ">= 1.4, < 1.4.2"
        ],
        "Patched versions": [
            "1.3.4",
            "1.4.2"
        ]
    },
    "Description": "The `django.http.HttpRequest.get_host` function in Django 1.3.x before 1.3.4\nand 1.4.x before 1.4.2 allows remote attackers to generate and display\narbitrary URLs via crafted username and password Host header values.\n\n### References\n\n  * <https://nvd.nist.gov/vuln/detail/CVE-2012-4520>\n  * [django/django@`92d3430`](https://github.com/django/django/commit/92d3430f12171f16f566c9050c40feefb830a4a3)\n  * [django/django@`9305c0e`](https://github.com/django/django/commit/9305c0e12d43c4df999c3301a1f0c742264a657e)\n  * [django/django@`b45c377`](https://github.com/django/django/commit/b45c377f8f488955e0c7069cad3f3dd21910b071)\n  * <https://bugzilla.redhat.com/show_bug.cgi?id=865164>\n  * <https://www.djangoproject.com/weblog/2012/oct/17/security/>\n  * <https://bugs.debian.org/cgi-bin/bugreport.cgi?bug=691145>\n  * <https://lists.fedoraproject.org/pipermail/package-announce/2012-October/090666.html>\n  * <https://lists.fedoraproject.org/pipermail/package-announce/2012-October/090904.html>\n  * <https://lists.fedoraproject.org/pipermail/package-announce/2012-October/090970.html>\n  * <https://ubuntu.com/usn/usn-1632-1>\n  * <https://ubuntu.com/usn/usn-1757-1>\n  * <https://web.archive.org/web/20140417023920/http://securitytracker.com/id?1027708>\n  * <https://www.debian.org/security/2013/dsa-2634>\n  * <https://www.openwall.com/lists/oss-security/2012/10/30/4>\n\n",
    "Severity": {
        "Score": "(Moderate)"
    },
    "Weaknesses": [
        "[CWE-20](/advisories?query=cwe%3A20)"
    ],
    "CVE ID": "CVE-2012-4520",
    "GHSA ID": "GHSA-2655-q453-22f9",
    "Source code": "No known source code"
}