{
    "Title": "Uvdesk remote code execution vulnerability",
    "Meta": {
        "Package": [
            "uvdesk/community-skeleton([Composer](/advisories?query=ecosystem%3Acomposer))"
        ],
        "Affected versions": [
            "<= 1.1.1"
        ],
        "Patched versions": [
            "None"
        ]
    },
    "Description": "Uvdesk version 1.1.1 allows an authenticated remote attacker to execute\ncommands on the server. This is possible because the application does not\nproperly validate profile pictures uploaded by customers.\n\n### References\n\n  * <https://nvd.nist.gov/vuln/detail/CVE-2023-0265>\n  * <https://fluidattacks.com/advisories/supply/>\n  * <https://github.com/uvdesk/community-skeleton>\n\n",
    "Severity": {
        "Score": "8.8/ 10 (High)",
        "CVSS base metrics": {
            "Attack vector": "Network",
            "Attack complexity": "Low",
            "Privileges required": "Low",
            "User interaction": "None",
            "Scope": "Unchanged",
            "Confidentiality": "High",
            "Integrity": "High",
            "Availability": "High"
        },
        "CVSS string": "CVSS:3.1/AV:N/AC:L/PR:L/UI:N/S:U/C:H/I:H/A:H"
    },
    "Weaknesses": [
        "[CWE-434](/advisories?query=cwe%3A434)"
    ],
    "CVE ID": "CVE-2023-0265",
    "GHSA ID": "GHSA-2hw6-4rv9-82fp",
    "Source code": "[uvdesk/community-skeleton](https://github.com/uvdesk/community-skeleton)"
}