{
    "Title": "Cross-Site Scripting in @hapi/boom",
    "Meta": {
        "Package": [
            "@hapi/boom([npm](/advisories?query=ecosystem%3Anpm))"
        ],
        "Affected versions": [
            "< 0.3.8"
        ],
        "Patched versions": [
            "0.3.8"
        ]
    },
    "Description": "Versions of `@hapi/boom` prior to 0.3.8 are vulnerable to Cross-Site Scripting\n(XSS). The package fails to properly escape error messages, which may allow\nattackers to execute arbitrary JavaScript in a victim's browser.\n\n## Recommendation\n\nUpgrade to version 0.3.8 or later.\n\n### References\n\n  * <https://snyk.io/vuln/SNYK-JS-HAPIBOOM-541183>\n  * <https://github.com/hapijs/boom>\n  * [hapijs/boom@`0f8640b`](https://github.com/hapijs/boom/commit/0f8640bdba65aec6e6799bfc16ff5753150bfcaf)\n\n",
    "Severity": {
        "Score": "6.5/ 10 (Moderate)",
        "CVSS base metrics": {
            "Attack vector": "Network",
            "Attack complexity": "Low",
            "Privileges required": "None",
            "User interaction": "Required",
            "Scope": "Unchanged",
            "Confidentiality": "High",
            "Integrity": "None",
            "Availability": "None"
        },
        "CVSS string": "CVSS:3.1/AV:N/AC:L/PR:N/UI:R/S:U/C:H/I:N/A:N"
    },
    "Weaknesses": [
        "[CWE-79](/advisories?query=cwe%3A79)"
    ],
    "CVE ID": "No known CVE",
    "GHSA ID": "GHSA-2ggq-vfcp-gwhj",
    "Source code": "[hapijs/boom](https://github.com/hapijs/boom)"
}