{
    "Title": "OCI image importer memory exhaustion in github.com/containerd/containerd",
    "Meta": {
        "Package": [
            "github.com/containerd/containerd([Go](/advisories?query=ecosystem%3Ago))"
        ],
        "Affected versions": [
            ">= 1.6.0, < 1.6.18",
            "< 1.5.18"
        ],
        "Patched versions": [
            "1.6.18",
            "1.5.18"
        ]
    },
    "Description": "### Impact\n\nWhen importing an OCI image, there was no limit on the number of bytes read\nfor certain files. A maliciously crafted image with a large file where a limit\nwas not applied could cause a denial of service.\n\n### Patches\n\nThis bug has been fixed in containerd 1.6.18 and 1.5.18. Users should update\nto these versions to resolve the issue.\n\n### Workarounds\n\nEnsure that only trusted images are used and that only trusted users have\npermissions to import images.\n\n### Credits\n\nThe containerd project would like to thank [David\nKorczynski](https://github.com/DavidKorczynski) and [Adam\nKorczynski](https://github.com/AdamKorcz) of ADA Logics for responsibly\ndisclosing this issue in accordance with the [containerd security\npolicy](https://github.com/containerd/project/blob/main/SECURITY.md) during a\nsecurity fuzzing audit sponsored by CNCF.\n\n### For more information\n\nIf you have any questions or comments about this advisory:\n\n  * Open an issue in [containerd](https://github.com/containerd/containerd/issues/new/choose)\n  * Email us at [security@containerd.io](mailto:security@containerd.io)\n\nTo report a security issue in containerd:\n\n  * [Report a new vulnerability](https://github.com/containerd/containerd/security/advisories/new)\n  * Email us at [security@containerd.io](mailto:security@containerd.io)\n\n### References\n\n  * [GHSA-259w-8hf6-59c2](https://github.com/containerd/containerd/security/advisories/GHSA-259w-8hf6-59c2 \"GHSA-259w-8hf6-59c2\")\n  * <https://nvd.nist.gov/vuln/detail/CVE-2023-25153>\n  * [containerd/containerd@`0c31490`](https://github.com/containerd/containerd/commit/0c314901076a74a7b797a545d2f462285fdbb8c4)\n  * <https://github.com/containerd/containerd/releases/tag/v1.5.18>\n  * <https://github.com/containerd/containerd/releases/tag/v1.6.18>\n  * <https://pkg.go.dev/vuln/GO-2023-1573>\n\n",
    "Severity": {
        "Score": "5.5/ 10 (Moderate)",
        "CVSS base metrics": {
            "Attack vector": "Local",
            "Attack complexity": "Low",
            "Privileges required": "None",
            "User interaction": "Required",
            "Scope": "Unchanged",
            "Confidentiality": "None",
            "Integrity": "None",
            "Availability": "High"
        },
        "CVSS string": "CVSS:3.1/AV:L/AC:L/PR:N/UI:R/S:U/C:N/I:N/A:H"
    },
    "Weaknesses": [
        "[CWE-400](/advisories?query=cwe%3A400)",
        "[CWE-770](/advisories?query=cwe%3A770)"
    ],
    "CVE ID": "CVE-2023-25153",
    "GHSA ID": "GHSA-259w-8hf6-59c2",
    "Source code": "[containerd/containerd](https://github.com/containerd/containerd)"
}