{
    "Title": "Missing Release of Resource after Effective Lifetime in Jenkins",
    "Meta": {
        "Package": [
            "org.jenkins-ci.main:jenkins-core([Maven](/advisories?query=ecosystem%3Amaven))"
        ],
        "Affected versions": [
            "< 2.121.3",
            ">= 2.122, < 2.138"
        ],
        "Patched versions": [
            "2.121.3",
            "2.138"
        ]
    },
    "Description": "A denial of service vulnerability exists in Jenkins 2.137 and earlier, 2.121.2\nand earlier in BasicAuthenticationFilter.java,\nBasicHeaderApiTokenAuthenticator.java that allows attackers to create\nephemeral in-memory user records by attempting to log in using invalid\ncredentials.\n\n### References\n\n  * <https://nvd.nist.gov/vuln/detail/CVE-2018-1999043>\n  * <https://jenkins.io/security/advisory/2018-08-15/#SECURITY-672>\n\n",
    "Severity": {
        "Score": "7.5/ 10 (High)",
        "CVSS base metrics": {
            "Attack vector": "Network",
            "Attack complexity": "Low",
            "Privileges required": "None",
            "User interaction": "None",
            "Scope": "Unchanged",
            "Confidentiality": "None",
            "Integrity": "None",
            "Availability": "High"
        },
        "CVSS string": "CVSS:3.0/AV:N/AC:L/PR:N/UI:N/S:U/C:N/I:N/A:H"
    },
    "Weaknesses": [
        "[CWE-772](/advisories?query=cwe%3A772)"
    ],
    "CVE ID": "CVE-2018-1999043",
    "GHSA ID": "GHSA-2632-h32j-6rg9",
    "Source code": "[jenkinsci/jenkins](https://github.com/jenkinsci/jenkins)"
}