{
    "Title": "Command injection in simple-git",
    "Meta": {
        "Package": [
            "simple-git([npm](/advisories?query=ecosystem%3Anpm))"
        ],
        "Affected versions": [
            "< 3.5.0"
        ],
        "Patched versions": [
            "3.5.0"
        ]
    },
    "Description": "`simple-git` (maintained as [git-js](https://github.com/steveukx/git-js) named\nrepository on GitHub) is a light weight interface for running git commands in\nany node.js application.The package simple-git before 3.5.0 are vulnerable to\nCommand Injection due to an incomplete fix of\n[CVE-2022-24433](https://security.snyk.io/vuln/SNYK-JS-SIMPLEGIT-2421199)\nwhich only patches against the git fetch attack vector. A similar use of the\n--upload-pack feature of git is also supported for git clone, which the prior\nfix didn't cover. A fix was released in simple-git@3.5.0.\n\n### References\n\n  * <https://nvd.nist.gov/vuln/detail/CVE-2022-24066>\n  * [steveukx/git-js@`2040de6`](https://github.com/steveukx/git-js/commit/2040de601c894363050fef9f28af367b169a56c5)\n  * <https://gist.github.com/lirantal/a930d902294b833514e821102316426b>\n  * <https://snyk.io/vuln/SNYK-JAVA-ORGWEBJARSNPM-2434820>\n  * <https://snyk.io/vuln/SNYK-JS-SIMPLEGIT-2434306>\n  * <https://github.com/steveukx/git-js/releases/tag/simple-git%403.5.0>\n\n",
    "Severity": {
        "Score": "8.1/ 10 (High)",
        "CVSS base metrics": {
            "Attack vector": "Network",
            "Attack complexity": "High",
            "Privileges required": "None",
            "User interaction": "None",
            "Scope": "Unchanged",
            "Confidentiality": "High",
            "Integrity": "High",
            "Availability": "High"
        },
        "CVSS string": "CVSS:3.1/AV:N/AC:H/PR:N/UI:N/S:U/C:H/I:H/A:H"
    },
    "Weaknesses": [
        "[CWE-88](/advisories?query=cwe%3A88)"
    ],
    "CVE ID": "CVE-2022-24066",
    "GHSA ID": "GHSA-28xr-mwxg-3qc8",
    "Source code": "[steveukx/git-js](https://github.com/steveukx/git-js)"
}