{
    "Title": "ReDoS based DoS vulnerability in GlobalID",
    "Meta": {
        "Package": [
            "globalid([RubyGems](/advisories?query=ecosystem%3Arubygems))"
        ],
        "Affected versions": [
            ">= 0.2.1, < 1.0.1"
        ],
        "Patched versions": [
            "1.0.1"
        ]
    },
    "Description": "There is a ReDoS based DoS vulnerability in the GlobalID gem. This\nvulnerability has been assigned the CVE identifier\n[CVE-2023-22799](https://github.com/advisories/GHSA-23c2-gwp5-pxw9\n\"CVE-2023-22799\").\n\nVersions Affected: >= 0.2.1 Not affected: NOTAFFECTED Fixed Versions: 1.0.1  \nImpact\n\nThere is a possible DoS vulnerability in the model name parsing section of the\nGlobalID gem. Carefully crafted input can cause the regular expression engine\nto take an unexpected amount of time. All users running an affected release\nshould either upgrade or use one of the workarounds immediately.  \nReleases\n\nThe FIXED releases are available at the normal locations.  \nWorkarounds\n\nThere are no feasible workarounds for this issue.  \nPatches\n\nTo aid users who aren\u2019t able to upgrade immediately we have provided patches\nfor the two supported release series. They are in git-am format and consist of\na single changeset.\n\n    \n    \n    1-0-model-name-redos.patch - Patch for 1.0 series\n    \n\n### References\n\n  * <https://github.com/rails/globalid/releases/tag/v1.0.1>\n  * <https://github.com/rubysec/ruby-advisory-db/blob/master/gems/globalid/CVE-2023-22799.yml>\n  * <https://nvd.nist.gov/vuln/detail/CVE-2023-22799>\n  * <https://discuss.rubyonrails.org/t/cve-2023-22799-possible-redos-based-dos-vulnerability-in-globalid/82127>\n  * [rails/globalid@`4a75ecb`](https://github.com/rails/globalid/commit/4a75ecbfd73a8e92e32a1723b81a17e3136bd8fc)\n\n",
    "Severity": {
        "Score": "(Low)"
    },
    "Weaknesses": [
        "[CWE-1333](/advisories?query=cwe%3A1333)"
    ],
    "CVE ID": "CVE-2023-22799",
    "GHSA ID": "GHSA-23c2-gwp5-pxw9",
    "Source code": "[rails/globalid](https://github.com/rails/globalid)"
}