{
    "Title": "Denial of service in Open Policy Agent",
    "Meta": {
        "Package": [
            "github.com/open-policy-agent/opa([Go](/advisories?query=ecosystem%3Ago))"
        ],
        "Affected versions": [
            "< 0.42.0"
        ],
        "Patched versions": [
            "0.42.0"
        ]
    },
    "Description": "An issue in the AST parser (ast/compile.go) of Open Policy Agent v0.10.2\nallows attackers to cause a Denial of Service (DoS) via a crafted input.\n\n### References\n\n  * <https://nvd.nist.gov/vuln/detail/CVE-2022-33082>\n  * [open-policy-agent/opa#4761](https://github.com/open-policy-agent/opa/issues/4761)\n  * [open-policy-agent/opa#4762](https://github.com/open-policy-agent/opa/issues/4762)\n  * [open-policy-agent/opa@`064f616`](https://github.com/open-policy-agent/opa/commit/064f6168a8dfebdeb2ea147f7882bb9f5d2b7f67)\n  * <https://github.com/open-policy-agent/opa/blob/598176de326025451025225aca53e85708d5f1db/ast/compile.go#L1224>\n  * [open-policy-agent/opa#4701](https://github.com/open-policy-agent/opa/pull/4701)\n  * <https://pkg.go.dev/vuln/GO-2022-0574>\n\n",
    "Severity": {
        "Score": "7.5/ 10 (High)",
        "CVSS base metrics": {
            "Attack vector": "Network",
            "Attack complexity": "Low",
            "Privileges required": "None",
            "User interaction": "None",
            "Scope": "Unchanged",
            "Confidentiality": "None",
            "Integrity": "None",
            "Availability": "High"
        },
        "CVSS string": "CVSS:3.1/AV:N/AC:L/PR:N/UI:N/S:U/C:N/I:N/A:H"
    },
    "Weaknesses": [
        "[CWE-703](/advisories?query=cwe%3A703)"
    ],
    "CVE ID": "CVE-2022-33082",
    "GHSA ID": "GHSA-2m4x-4q9j-w97g",
    "Source code": "[open-policy-agent/opa](https://github.com/open-policy-agent/opa)"
}