{
    "Title": "Improper Certificate Validation in Apache Beam",
    "Meta": {
        "Package": [
            "org.apache.beam:beam-sdks-java-io-mongodb([Maven](/advisories?query=ecosystem%3Amaven))"
        ],
        "Affected versions": [
            ">= 2.10.0, <= 2.16.0"
        ],
        "Patched versions": [
            "2.17.0"
        ]
    },
    "Description": "The Apache Beam MongoDB connector in versions 2.10.0 to 2.16.0 has an option\nto disable SSL trust verification. However this configuration is not respected\nand the certificate verification disables trust verification in every case.\nThis exclusion also gets registered globally which disables trust checking for\nany code running in the same JVM.\n\n### References\n\n  * <https://nvd.nist.gov/vuln/detail/CVE-2020-1929>\n  * [apache/beam@`a7dd23d`](https://github.com/apache/beam/commit/a7dd23d95d2d214b4110781b5a28802bd43b834b)\n  * <https://lists.apache.org/thread.html/rdd0e85b71bf0274471b40fa1396d77f7b2d1165eaea4becbdc69aa04%40%3Cuser.beam.apache.org%3E>\n\n",
    "Severity": {
        "Score": "7.5/ 10 (High)",
        "CVSS base metrics": {
            "Attack vector": "Network",
            "Attack complexity": "Low",
            "Privileges required": "None",
            "User interaction": "None",
            "Scope": "Unchanged",
            "Confidentiality": "None",
            "Integrity": "High",
            "Availability": "None"
        },
        "CVSS string": "CVSS:3.1/AV:N/AC:L/PR:N/UI:N/S:U/C:N/I:H/A:N"
    },
    "Weaknesses": [
        "[CWE-295](/advisories?query=cwe%3A295)"
    ],
    "CVE ID": "CVE-2020-1929",
    "GHSA ID": "GHSA-2m7g-9q74-9m3q",
    "Source code": "[apache/beam](https://github.com/apache/beam)"
}