{
    "Title": "Gin Web Framework does not properly sanitize filename parameter of Context.FileAttachment function",
    "Meta": {
        "Package": [
            "github.com/gin-gonic/gin([Go](/advisories?query=ecosystem%3Ago))"
        ],
        "Affected versions": [
            ">= 1.3.1-0.20190301021747-ccb9e902956d, < 1.9.1"
        ],
        "Patched versions": [
            "1.9.1"
        ]
    },
    "Description": "The filename parameter of the Context.FileAttachment function is not properly\nsanitized. A maliciously crafted filename can cause the Content-Disposition\nheader to be sent with an unexpected filename value or otherwise modify the\nContent-Disposition header. For example, a filename of \"setup.bat\";x=.txt\"\nwill be sent as a file named \"setup.bat\".\n\nIf the FileAttachment function is called with names provided by an untrusted\nsource, this may permit an attacker to cause a file to be served with a name\ndifferent than provided. Maliciously crafted attachment file name can modify\nthe Content-Disposition header.\n\n### References\n\n  * [gin-gonic/gin#3555](https://github.com/gin-gonic/gin/issues/3555)\n  * [gin-gonic/gin#3556](https://github.com/gin-gonic/gin/pull/3556)\n  * <https://pkg.go.dev/vuln/GO-2023-1737>\n  * <https://github.com/gin-gonic/gin/releases/tag/v1.9.1>\n  * <https://nvd.nist.gov/vuln/detail/CVE-2023-29401>\n\n",
    "Severity": {
        "Score": "4.3/ 10 (Moderate)",
        "CVSS base metrics": {
            "Attack vector": "Network",
            "Attack complexity": "Low",
            "Privileges required": "None",
            "User interaction": "Required",
            "Scope": "Unchanged",
            "Confidentiality": "None",
            "Integrity": "Low",
            "Availability": "None"
        },
        "CVSS string": "CVSS:3.1/AV:N/AC:L/PR:N/UI:R/S:U/C:N/I:L/A:N"
    },
    "Weaknesses": [
        "[CWE-494](/advisories?query=cwe%3A494)"
    ],
    "CVE ID": "CVE-2023-29401",
    "GHSA ID": "GHSA-2c4m-59x9-fr2g",
    "Source code": "[gin-gonic/gin](https://github.com/gin-gonic/gin)"
}