{
    "Title": "Cross-site scripting (XSS) vulnerability in the password reset endpoint",
    "Meta": {
        "Package": [
            "matrix-synapse([pip](/advisories?query=ecosystem%3Apip))"
        ],
        "Affected versions": [
            "< 1.27.0"
        ],
        "Patched versions": [
            "1.27.0"
        ]
    },
    "Description": "### Impact\n\nThe password reset endpoint served via Synapse was vulnerable to cross-site\nscripting (XSS) attacks. The impact depends on the configuration of the domain\nthat Synapse is deployed on, but may allow access to cookies and other browser\ndata, CSRF vulnerabilities, and access to other resources served on the same\ndomain or parent domains.\n\n### Patches\n\nThis is fixed in #9200.\n\n### Workarounds\n\nDepending on the needs and configuration of the homeserver a few options are\navailable:\n\n  1. Password resets can be disabled by delegating email to a third-party service (via the `account_threepid_delegates.email` setting) or disabling email (by not configuring the `email` setting).\n\n  2. If the homeserver is not configured to use passwords (via the `password_config.enabled` setting) then the affected endpoint can be blocked at a reverse proxy:\n\n    * `/_synapse/client/password_reset/email/submit_token`\n  3. The `password_reset_confirmation.html` template can be overridden with a custom template that manually escapes the variables using [JInja2's `escape` filter](https://jinja.palletsprojects.com/en/2.11.x/templates/#escape). See the `email.template_dir` setting.\n\n### References\n\n  * [GHSA-246w-56m2-5899](https://github.com/matrix-org/synapse/security/advisories/GHSA-246w-56m2-5899 \"GHSA-246w-56m2-5899\")\n  * [matrix-org/synapse#9200](https://github.com/matrix-org/synapse/pull/9200)\n  * [matrix-org/synapse@`e54746b`](https://github.com/matrix-org/synapse/commit/e54746bdf7d5c831eabe4dcea76a7626f1de73df)\n  * <https://github.com/matrix-org/synapse/releases/tag/v1.27.0>\n  * <https://nvd.nist.gov/vuln/detail/CVE-2021-21332>\n  * <https://lists.fedoraproject.org/archives/list/package-announce@lists.fedoraproject.org/message/TNNAJOZNMVMXM6AS7RFFKB4QLUJ4IFEY/>\n\n",
    "Severity": {
        "Score": "6.9/ 10 (Moderate)",
        "CVSS base metrics": {
            "Attack vector": "Network",
            "Attack complexity": "High",
            "Privileges required": "None",
            "User interaction": "Required",
            "Scope": "Changed",
            "Confidentiality": "High",
            "Integrity": "Low",
            "Availability": "None"
        },
        "CVSS string": "CVSS:3.1/AV:N/AC:H/PR:N/UI:R/S:C/C:H/I:L/A:N"
    },
    "Weaknesses": [
        "[CWE-79](/advisories?query=cwe%3A79)"
    ],
    "CVE ID": "CVE-2021-21332",
    "GHSA ID": "GHSA-246w-56m2-5899",
    "Source code": "[matrix-org/synapse](https://github.com/matrix-org/synapse)"
}