{
    "Title": "Improper Control of Generation of Code in doT",
    "Meta": {
        "Package": [
            "dot([npm](/advisories?query=ecosystem%3Anpm))"
        ],
        "Affected versions": [
            "<= 1.1.2"
        ],
        "Patched versions": [
            "1.1.3"
        ]
    },
    "Description": "The dot package v1.1.2 uses Function() to compile templates. This can be\nexploited by the attacker if they can control the given template or if they\ncan control the value set on Object.prototype.\n\n### References\n\n  * <https://nvd.nist.gov/vuln/detail/CVE-2020-8141>\n  * <https://hackerone.com/reports/390929>\n\n",
    "Severity": {
        "Score": "8.8/ 10 (High)",
        "CVSS base metrics": {
            "Attack vector": "Network",
            "Attack complexity": "Low",
            "Privileges required": "Low",
            "User interaction": "None",
            "Scope": "Unchanged",
            "Confidentiality": "High",
            "Integrity": "High",
            "Availability": "High"
        },
        "CVSS string": "CVSS:3.1/AV:N/AC:L/PR:L/UI:N/S:U/C:H/I:H/A:H"
    },
    "Weaknesses": [
        "[CWE-94](/advisories?query=cwe%3A94)"
    ],
    "CVE ID": "CVE-2020-8141",
    "GHSA ID": "GHSA-297x-8xj4-vcxv",
    "Source code": "No known source code"
}