{
    "Title": "Prototype Pollution in lodash.merge",
    "Meta": {
        "Package": [
            "lodash.merge([npm](/advisories?query=ecosystem%3Anpm))"
        ],
        "Affected versions": [
            "< 4.6.1"
        ],
        "Patched versions": [
            "4.6.1"
        ]
    },
    "Description": "Versions of `lodash.merge` before 4.6.1 are vulnerable to Prototype Pollution.\nThe function 'merge' may allow a malicious user to modify the prototype of\n`Object` via `__proto__` causing the addition or modification of an existing\nproperty that will exist on all objects.\n\n## Recommendation\n\nUpdate to version 4.6.1 or later.\n\n### References\n\n  * <https://www.npmjs.com/advisories/1067>\n\n",
    "Severity": {
        "Score": "(High)"
    },
    "Weaknesses": [
        "[CWE-1321](/advisories?query=cwe%3A1321)"
    ],
    "CVE ID": "No known CVE",
    "GHSA ID": "GHSA-2m96-9w4j-wgv7",
    "Source code": "No known source code"
}