{
    "Title": "Moderate severity vulnerability that affects python-gnupg",
    "Meta": {
        "Package": [
            "python-gnupg([pip](/advisories?query=ecosystem%3Apip))"
        ],
        "Affected versions": [
            "= 0.3.5"
        ],
        "Patched versions": [
            "0.3.6"
        ]
    },
    "Description": "The shell_quote function in python-gnupg 0.3.5 does not properly escape\ncharacters, which allows context-dependent attackers to execute arbitrary code\nvia shell metacharacters in unspecified vectors, as demonstrated using \"\"\n(backslash) characters to form multi-command sequences, a different\nvulnerability than [CVE-2014-1927](https://github.com/advisories/GHSA-r3vr-\nprwv-86g9 \"CVE-2014-1927\"). NOTE: this vulnerability exists because of an\nincomplete fix for\n[CVE-2013-7323](https://github.com/advisories/GHSA-c2fx-8r76-gh36\n\"CVE-2013-7323\").\n\n### References\n\n  * <https://nvd.nist.gov/vuln/detail/CVE-2014-1928>\n  * <https://code.google.com/p/python-gnupg/>\n  * <https://code.google.com/p/python-gnupg/issues/detail?id=98>\n  * [GHSA-2jc8-4r6g-282j](https://github.com/advisories/GHSA-2jc8-4r6g-282j \"GHSA-2jc8-4r6g-282j\")\n  * <http://seclists.org/oss-sec/2014/q1/246>\n  * <http://seclists.org/oss-sec/2014/q1/294>\n  * <http://secunia.com/advisories/56616>\n  * <http://secunia.com/advisories/59031>\n  * <http://www.debian.org/security/2014/dsa-2946>\n\n",
    "Severity": {
        "Score": "(Moderate)"
    },
    "Weaknesses": [
        "[CWE-20](/advisories?query=cwe%3A20)"
    ],
    "CVE ID": "CVE-2014-1928",
    "GHSA ID": "GHSA-2jc8-4r6g-282j",
    "Source code": "No known source code"
}