{
    "Title": "Improper Handling of Unexpected Data Type in ced",
    "Meta": {
        "Package": [
            "ced([npm](/advisories?query=ecosystem%3Anpm))"
        ],
        "Affected versions": [
            "< 1.0.0"
        ],
        "Patched versions": [
            "1.0.0"
        ]
    },
    "Description": "### Impact\n\nIn ced v0.1.0, passing data types other than `Buffer` causes the Node.js\nprocess to crash.\n\n### Patches\n\nThe problem has been patched in [ced\nv1.0.0](https://github.com/sonicdoe/ced/releases/tag/v1.0.0). You can upgrade\nfrom v0.1.0 without any breaking changes.\n\n### Workarounds\n\nBefore passing an argument to ced, verify it\u2019s a `Buffer` using\n[`Buffer.isBuffer(obj)`](https://nodejs.org/api/buffer.html#buffer_static_method_buffer_isbuffer_obj).\n\n### CVSS score\n\n[CVSS:3.1/AV:N/AC:L/PR:N/UI:N/S:U/C:N/I:N/A:H/RL:O/RC:C](https://www.first.org/cvss/calculator/3.1#CVSS:3.1/AV:N/AC:L/PR:N/UI:N/S:U/C:N/I:N/A:H/RL:O/RC:C)\n\nBase Score: 7.5 (High)  \nTemporal Score: 7.2 (High)\n\nSince ced is a library, the scoring is based on the \u201c[reasonable worst-case\nimplementation scenario](https://www.first.org/cvss/v3.1/user-\nguide#3-7-Scoring-Vulnerabilities-in-Software-Libraries-and-Similar)\u201d, namely,\naccepting data from untrusted sources over a network and passing it directly\nto ced. Depending on your specific implementation, the vulnerability\u2019s\nseverity in your program may be different.\n\n### Proof of concept\n\n    \n    \n    const express = require(\"express\");\n    const bodyParser = require(\"body-parser\");\n    const ced = require(\"ced\");\n    \n    const app = express();\n    \n    app.use(bodyParser.raw());\n    \n    app.post(\"/\", (req, res) => {\n      const encoding = ced(req.body);\n    \n      res.end(encoding);\n    });\n    \n    app.listen(3000);\n\n`curl --request POST --header \"Content-Type: text/plain\" --data foo\nhttp://localhost:3000` crashes the server.\n\n### References\n\n  * [sonicdoe/ced@`a4d9f10`](https://github.com/sonicdoe/ced/commit/a4d9f10b6bf1cd468d1a5b9a283cdf437f8bb7b3)\n\n### References\n\n  * [GHSA-27wq-qx3q-fxm9](https://github.com/sonicdoe/ced/security/advisories/GHSA-27wq-qx3q-fxm9 \"GHSA-27wq-qx3q-fxm9\")\n  * <https://nvd.nist.gov/vuln/detail/CVE-2021-39131>\n  * [sonicdoe/ced@`a4d9f10`](https://github.com/sonicdoe/ced/commit/a4d9f10b6bf1cd468d1a5b9a283cdf437f8bb7b3)\n  * <https://github.com/sonicdoe/ced/releases/tag/v1.0.0>\n\n",
    "Severity": {
        "Score": "7.5/ 10 (High)",
        "CVSS base metrics": {
            "Attack vector": "Network",
            "Attack complexity": "Low",
            "Privileges required": "None",
            "User interaction": "None",
            "Scope": "Unchanged",
            "Confidentiality": "None",
            "Integrity": "None",
            "Availability": "High"
        },
        "CVSS string": "CVSS:3.1/AV:N/AC:L/PR:N/UI:N/S:U/C:N/I:N/A:H"
    },
    "Weaknesses": [
        "[CWE-241](/advisories?query=cwe%3A241)"
    ],
    "CVE ID": "CVE-2021-39131",
    "GHSA ID": "GHSA-27wq-qx3q-fxm9",
    "Source code": "[sonicdoe/ced](https://github.com/sonicdoe/ced)"
}