{
    "Title": "Setuptools vulnerable to Man-in-the-middle attacks",
    "Meta": {
        "Package": [
            "setuptools([pip](/advisories?query=ecosystem%3Apip))"
        ],
        "Affected versions": [
            "< 0.7"
        ],
        "Patched versions": [
            "0.7"
        ]
    },
    "Description": "easy_install in setuptools before 0.7 uses HTTP to retrieve packages from the\nPyPI repository, and does not perform integrity checks on package contents,\nwhich allows man-in-the-middle attackers to execute arbitrary code via a\ncrafted response to the default use of the product.\n\n### References\n\n  * <https://nvd.nist.gov/vuln/detail/CVE-2013-1633>\n  * <https://pypi.python.org/pypi/setuptools/0.9.8#changes>\n  * <http://www.reddit.com/r/Python/comments/17rfh7/warning_dont_use_pip_in_an_untrusted_network_a/>\n\n",
    "Severity": {
        "Score": "8.3/ 10 (High)",
        "CVSS base metrics": {
            "Attack vector": "Network",
            "Attack complexity": "High",
            "Privileges required": "None",
            "User interaction": "Required",
            "Scope": "Changed",
            "Confidentiality": "High",
            "Integrity": "High",
            "Availability": "High"
        },
        "CVSS string": "CVSS:3.1/AV:N/AC:H/PR:N/UI:R/S:C/C:H/I:H/A:H"
    },
    "Weaknesses": [
        "[CWE-319](/advisories?query=cwe%3A319)"
    ],
    "CVE ID": "CVE-2013-1633",
    "GHSA ID": "GHSA-27x4-j476-jp5f",
    "Source code": "[pypa/setuptools](https://github.com/pypa/setuptools)"
}