{
    "Title": "Exposure of class information in RESTEasy",
    "Meta": {
        "Package": [
            "org.jboss.resteasy:resteasy-core([Maven](/advisories?query=ecosystem%3Amaven))"
        ],
        "Affected versions": [
            ">= 4.6.0, < 4.6.1",
            ">= 4.0.0, < 4.5.10",
            ">= 3.0.0, < 3.16.0"
        ],
        "Patched versions": [
            "4.6.1",
            "4.5.10",
            "3.16.0"
        ]
    },
    "Description": "A flaw was found in RESTEasy in all current versions of RESTEasy up to\n4.6.0.Final. The endpoint class and method names are returned as part of the\nexception response when RESTEasy cannot convert one of the request URI path or\nquery values to the matching JAX-RS resource method's parameter value. The\nhighest threat from this vulnerability is to data confidentiality.\n\n### References\n\n  * <https://nvd.nist.gov/vuln/detail/CVE-2021-20289>\n  * <https://bugzilla.redhat.com/show_bug.cgi?id=1935927>\n  * <https://bugzilla.redhat.com/show_bug.cgi?id=1941544>\n  * <https://issues.redhat.com/browse/RESTEASY-2843>\n  * <https://security.netapp.com/advisory/ntap-20210528-0008/>\n  * <https://www.oracle.com/security-alerts/cpuapr2022.html>\n\n",
    "Severity": {
        "Score": "5.3/ 10 (Moderate)",
        "CVSS base metrics": {
            "Attack vector": "Network",
            "Attack complexity": "Low",
            "Privileges required": "None",
            "User interaction": "None",
            "Scope": "Unchanged",
            "Confidentiality": "Low",
            "Integrity": "None",
            "Availability": "None"
        },
        "CVSS string": "CVSS:3.1/AV:N/AC:L/PR:N/UI:N/S:U/C:L/I:N/A:N"
    },
    "Weaknesses": [
        "[CWE-209](/advisories?query=cwe%3A209)",
        "[CWE-668](/advisories?query=cwe%3A668)"
    ],
    "CVE ID": "CVE-2021-20289",
    "GHSA ID": "GHSA-244r-fcj3-ghjq",
    "Source code": "No known source code"
}