{
    "Title": "Malicious Package in buffes-xor",
    "Meta": {
        "Package": [
            "buffes-xor([npm](/advisories?query=ecosystem%3Anpm))"
        ],
        "Affected versions": [
            ">= 0.0.0"
        ],
        "Patched versions": [
            "None"
        ]
    },
    "Description": "Version 2.0.2 contained malicious code. The package targeted the Ethereum\ncryptocurrency and performed transactions to wallets not controlled by the\nuser.\n\n## Recommendation\n\nRemove the package from your environment. Ensure no Ethereum funds were\ncompromised.\n\n### References\n\n  * <https://www.npmjs.com/advisories/1257>\n\n",
    "Severity": {
        "Score": "9.8/ 10 (Critical)",
        "CVSS base metrics": {
            "Attack vector": "Network",
            "Attack complexity": "Low",
            "Privileges required": "None",
            "User interaction": "None",
            "Scope": "Unchanged",
            "Confidentiality": "High",
            "Integrity": "High",
            "Availability": "High"
        },
        "CVSS string": "CVSS:3.1/AV:N/AC:L/PR:N/UI:N/S:U/C:H/I:H/A:H"
    },
    "Weaknesses": [
        "[CWE-506](/advisories?query=cwe%3A506)"
    ],
    "CVE ID": "No known CVE",
    "GHSA ID": "GHSA-28f4-mjfq-qrvf",
    "Source code": "No known source code"
}