{
    "Title": "CSV Injection vulnerability with exported contact lists in Mautic",
    "Meta": {
        "Package": [
            "mautic/core([Composer](/advisories?query=ecosystem%3Acomposer))"
        ],
        "Affected versions": [
            "< 2.13.0"
        ],
        "Patched versions": [
            "2.13.0"
        ]
    },
    "Description": "### Impact\n\nMautic versions before 2.13.0 had a vulnerability that allowed a CSV injection\nwith exported contact lists - <https://www.owasp.org/index.php/CSV_Injection>.\n\n### Patches\n\nUpdate to 2.13.0 or later.\n\n### Workarounds\n\nNone.\n\n### For more information\n\nIf you have any questions or comments about this advisory:\n\n  * Email us at [security@mautic.org](mailto:security@mautic.org)\n\n### References\n\n  * [GHSA-29v9-2fpx-j5g9](https://github.com/mautic/mautic/security/advisories/GHSA-29v9-2fpx-j5g9 \"GHSA-29v9-2fpx-j5g9\")\n  * <https://nvd.nist.gov/vuln/detail/CVE-2018-8092>\n  * [mautic/mautic@`cbc49f0`](https://github.com/mautic/mautic/commit/cbc49f0ac4cc7e3acc07f2a85c079b2f85225a6b)\n  * <https://github.com/mautic/mautic/releases/tag/2.13.0>\n\n",
    "Severity": {
        "Score": "(Moderate)"
    },
    "Weaknesses": [
        "[CWE-1236](/advisories?query=cwe%3A1236)"
    ],
    "CVE ID": "CVE-2018-8092",
    "GHSA ID": "GHSA-29v9-2fpx-j5g9",
    "Source code": "No known source code"
}