{
    "Title": "Cross-site scripting in RESTEasy",
    "Meta": {
        "Package": [
            "org.jboss.resteasy:resteasy-bom([Maven](/advisories?query=ecosystem%3Amaven))"
        ],
        "Affected versions": [
            "<= 3.11.0.Final",
            ">= 4.0.0, <= 4.5.2.Final"
        ],
        "Patched versions": [
            "3.11.1.Final",
            "4.5.3.Final"
        ]
    },
    "Description": "A cross-site scripting (XSS) flaw was found in RESTEasy in versions before\n3.11.1.Final and before 4.5.3.Final, where it did not properly handle URL\nencoding when the RESTEASY003870 exception occurs. An attacker could use this\nflaw to launch a reflected XSS attack.\n\n### References\n\n  * <https://nvd.nist.gov/vuln/detail/CVE-2020-10688>\n  * [quarkusio/quarkus#7248](https://github.com/quarkusio/quarkus/issues/7248)\n  * <https://bugzilla.redhat.com/show_bug.cgi?id=1814974>\n  * <https://issues.redhat.com/browse/RESTEASY-2519>\n  * <https://security.netapp.com/advisory/ntap-20210706-0008/>\n\n",
    "Severity": {
        "Score": "5.4/ 10 (Moderate)",
        "CVSS base metrics": {
            "Attack vector": "Network",
            "Attack complexity": "Low",
            "Privileges required": "None",
            "User interaction": "Required",
            "Scope": "Unchanged",
            "Confidentiality": "Low",
            "Integrity": "Low",
            "Availability": "None"
        },
        "CVSS string": "CVSS:3.1/AV:N/AC:L/PR:N/UI:R/S:U/C:L/I:L/A:N"
    },
    "Weaknesses": [
        "[CWE-79](/advisories?query=cwe%3A79)"
    ],
    "CVE ID": "CVE-2020-10688",
    "GHSA ID": "GHSA-29qj-rvv6-qrmv",
    "Source code": "No known source code"
}