{
    "Title": "Cross site scripting (XSS) in wwbn/avideo",
    "Meta": {
        "Package": [
            "wwbn/avideo([Composer](/advisories?query=ecosystem%3Acomposer))"
        ],
        "Affected versions": [
            "< 12.4"
        ],
        "Patched versions": [
            "12.4"
        ]
    },
    "Description": "Description:\n\nWhile making an account in demo.avideo.com I found a parameter \"?success=\"\nwhich did not sanitize any symbol character properly which leads to XSS\nattack.\n\nImpact:\n\nSince there's an Admin account on demo.avideo.com attacker can use this attack\nto Takeover the admin's account\n\nStep to Reproduce:\n\n  1. Click the link below\n\n[https://demo.avideo.com/user?success=\"><img](https://demo.avideo.com/user?success=%22%3E%3Cimg)\nsrc=x onerror=alert(document.cookie)>\n\n  2. Then XSS will be executed\n\n### References\n\n  * [GHSA-2fch-hv74-fgw9](https://github.com/WWBN/AVideo/security/advisories/GHSA-2fch-hv74-fgw9 \"GHSA-2fch-hv74-fgw9\")\n\n",
    "Severity": {
        "Score": "(High)"
    },
    "Weaknesses": [
        "[CWE-79](/advisories?query=cwe%3A79)"
    ],
    "CVE ID": "No known CVE",
    "GHSA ID": "GHSA-2fch-hv74-fgw9",
    "Source code": "[WWBN/AVideo](https://github.com/WWBN/AVideo)"
}