{
    "Title": "Kirby .dev domains and some reverse proxy setups were treated as local",
    "Meta": {
        "Package": [
            "getkirby/cms([Composer](/advisories?query=ecosystem%3Acomposer))"
        ],
        "Affected versions": [
            ">= 3.0.0, < 3.3.6"
        ],
        "Patched versions": [
            "3.3.6"
        ]
    },
    "Description": "### Impact\n\n#### About our registration block\n\nIn order to protect new installations on public servers that don't have an\nadmin account for the Panel yet, we block account registration there by\ndefault. This is a security feature, which we implemented years ago in Kirby\n2. It helps to avoid that you forget registering your first admin account on a\npublic server.\n\nIn this case \u2013 without our security block \u2013 someone else might theoretically\nbe able to find your site, find out it's running on Kirby, find the Panel and\nthen register the account first. It's an unlikely situation, but it's still a\ncertain risk.\n\nTo be able to register the first Panel account on a public server, you have to\nenforce the installer via a config setting. This helps to push all users to\nthe best practice of registering your first Panel account on your local\nmachine and upload it together with the rest of the site.\n\n#### The issue\n\nAs noted by [Jukka Rautanen](https://github.com/jukra), this installation\nblock implementation in Kirby versions before 3.3.6 still assumed that .dev\ndomains are local domains, which is no longer true. In the meantime, those\ndomains became publicly available. This means that our installation block is\nno longer working as expected if you use a .dev domain for your Kirby site.\n\nIn fixing this issue, we've also found out that the local installation check\nmay also fail if your site is behind a reverse proxy.\n\n#### Am I affected?\n\nYou are only affected if:\n\n  1. you use a .dev domain or your site is behind a reverse proxy &\n  2. you have not yet registered your first Panel account on the public server &\n  3. someone finds your site and tries to login at `yourdomain.dev/panel` before you register your first account.\n\nYou are not affected if you have already created one or multiple Panel\naccounts (no matter if on a .dev domain or behind a reverse proxy).\n\n### Patches\n\nThe problem has been patched in [Kirby\n2.5.14](https://github.com/getkirby-v2/panel/releases/tag/2.5.14) and [Kirby\n3.3.6](https://github.com/getkirby/kirby/releases/tag/3.3.6). Please update to\none of these or a [later version](https://github.com/getkirby/kirby/releases)\nto fix the vulnerability.\n\n**Note:** Kirby 2 reaches end of life on December 31, 2020. We therefore\nrecommend to upgrade your Kirby 2 sites to Kirby 3. If you cannot upgrade, we\nstill recommend to update to Kirby 2.5.14.\n\n### Workarounds\n\nKirby 2 sites on older releases can also be patched by applying the [changes\nfrom this\ncommit](https://github.com/getkirby-v2/panel/commit/7f9ac1876bacb89fd8f142f5e561a02ebb725baa).\n\n### References\n\n  * [GHSA-2ccx-2gf3-8xvv](https://github.com/getkirby/kirby/security/advisories/GHSA-2ccx-2gf3-8xvv \"GHSA-2ccx-2gf3-8xvv\")\n  * <https://nvd.nist.gov/vuln/detail/CVE-2020-26253>\n  * [getkirby-v2/panel@`7f9ac18`](https://github.com/getkirby-v2/panel/commit/7f9ac1876bacb89fd8f142f5e561a02ebb725baa)\n  * <https://github.com/getkirby/kirby/releases/tag/3.3.6>\n  * <https://packagist.org/packages/getkirby/cms>\n  * <https://packagist.org/packages/getkirby/panel>\n\n",
    "Severity": {
        "Score": "6.8/ 10 (Moderate)",
        "CVSS base metrics": {
            "Attack vector": "Network",
            "Attack complexity": "High",
            "Privileges required": "None",
            "User interaction": "None",
            "Scope": "Changed",
            "Confidentiality": "None",
            "Integrity": "High",
            "Availability": "None"
        },
        "CVSS string": "CVSS:3.1/AV:N/AC:H/PR:N/UI:N/S:C/C:N/I:H/A:N"
    },
    "Weaknesses": [
        "[CWE-346](/advisories?query=cwe%3A346)"
    ],
    "CVE ID": "CVE-2020-26253",
    "GHSA ID": "GHSA-2ccx-2gf3-8xvv",
    "Source code": "No known source code"
}