{
    "Title": "Missing Cryptographic Step in OWASP Enterprise Security API for Java",
    "Meta": {
        "Package": [
            "org.owasp.esapi:esapi([Maven](/advisories?query=ecosystem%3Amaven))"
        ],
        "Affected versions": [
            ">= 2.0.0.0, <= 2.1.0.0"
        ],
        "Patched versions": [
            "2.1.0.1"
        ]
    },
    "Description": "The authenticated-encryption feature in the symmetric-encryption\nimplementation in the OWASP Enterprise Security API (ESAPI) for Java 2.x\nbefore 2.1.0.1 does not properly resist tampering with serialized ciphertext,\nwhich makes it easier for remote attackers to bypass intended cryptographic\nprotection mechanisms via an attack against the intended cipher mode in a non-\ndefault configuration, a different vulnerability than\n[CVE-2013-5679](https://github.com/advisories/GHSA-jcp9-796g-pv9p\n\"CVE-2013-5679\").\n\n### References\n\n  * <https://nvd.nist.gov/vuln/detail/CVE-2013-5960>\n  * [ESAPI/esapi-java-legacy#359](https://github.com/ESAPI/esapi-java-legacy/issues/359)\n  * [ESAPI/esapi-java-legacy#306](https://github.com/ESAPI/esapi-java-legacy/issues/306)\n  * <https://github.com/ESAPI/esapi-java-legacy/blob/master/documentation/esapi4java-core-2.1.0.1-release-notes.txt>\n  * <http://code.google.com/p/owasp-esapi-java/issues/detail?id=306>\n  * <http://lists.owasp.org/pipermail/esapi-dev/2013-August/002285.html>\n  * <http://owasp-esapi-java.googlecode.com/svn/trunk/documentation/ESAPI-security-bulletin1.pdf>\n\n",
    "Severity": {
        "Score": "(Moderate)"
    },
    "Weaknesses": [
        "[CWE-325](/advisories?query=cwe%3A325)"
    ],
    "CVE ID": "CVE-2013-5960",
    "GHSA ID": "GHSA-2g56-7jv7-wxxq",
    "Source code": "No known source code"
}