{
    "Title": "Stored XSS vulnerability in Jenkins FindBugs Plugin",
    "Meta": {
        "Package": [
            "org.jvnet.hudson.plugins:findbugs([Maven](/advisories?query=ecosystem%3Amaven))"
        ],
        "Affected versions": [
            "<= 5.0.0"
        ],
        "Patched versions": [
            "None"
        ]
    },
    "Description": "Jenkins FindBugs Plugin 5.0.0 and earlier does not escape the annotation\nmessage in tooltips, resulting in a stored cross-site scripting (XSS)\nvulnerability exploitable by attackers able to provide report files to Jenkins\nFindBugs Plugin's post build step.\n\n### References\n\n  * <https://nvd.nist.gov/vuln/detail/CVE-2020-2317>\n  * <https://www.jenkins.io/security/advisory/2020-11-04/#SECURITY-1918>\n\n",
    "Severity": {
        "Score": "5.4/ 10 (Moderate)",
        "CVSS base metrics": {
            "Attack vector": "Network",
            "Attack complexity": "Low",
            "Privileges required": "Low",
            "User interaction": "Required",
            "Scope": "Changed",
            "Confidentiality": "Low",
            "Integrity": "Low",
            "Availability": "None"
        },
        "CVSS string": "CVSS:3.1/AV:N/AC:L/PR:L/UI:R/S:C/C:L/I:L/A:N"
    },
    "Weaknesses": [
        "[CWE-79](/advisories?query=cwe%3A79)"
    ],
    "CVE ID": "CVE-2020-2317",
    "GHSA ID": "GHSA-24g8-35x9-fv8r",
    "Source code": "[jenkinsci/findbugs-plugin](https://github.com/jenkinsci/findbugs-plugin)"
}