{
    "Title": "Improper Input Validation in Apache Axis2",
    "Meta": {
        "Package": [
            "org.apache.axis2.wso2:axis2([Maven](/advisories?query=ecosystem%3Amaven))"
        ],
        "Affected versions": [
            "< 1.5.2"
        ],
        "Patched versions": [
            "1.5.2"
        ]
    },
    "Description": "Apache Axis2 before 1.5.2, as used in IBM WebSphere Application Server (WAS)\n7.0 through 7.0.0.12, IBM Feature Pack for Web Services 6.1.0.9 through\n6.1.0.32, IBM Feature Pack for Web 2.0 1.0.1.0, Apache Synapse, Apache ODE,\nApache Tuscany, Apache Geronimo, and other products, does not properly reject\nDTDs in SOAP messages, which allows remote attackers to read arbitrary files,\nsend HTTP requests to intranet servers, or cause a denial of service (CPU and\nmemory consumption) via a crafted DTD, as demonstrated by an entity\ndeclaration in a request to the Synapse SimpleStockQuoteService.\n\n### References\n\n  * <https://nvd.nist.gov/vuln/detail/CVE-2010-1632>\n  * <https://h20566.www2.hpe.com/portal/site/hpsc/public/kb/docDisplay?docId=emr_na-c05289984>\n  * <https://issues.apache.org/jira/browse/AXIS2-4450>\n  * <https://issues.apache.org/jira/browse/GERONIMO-5383>\n  * <https://svn.apache.org/repos/asf/axis/axis2/java/core/security/CVE-2010-1632.pdf>\n  * <http://geronimo.apache.org/2010/07/21/apache-geronimo-v216-released.html>\n  * <http://geronimo.apache.org/21x-security-report.html>\n  * <http://geronimo.apache.org/22x-security-report.html>\n  * <http://markmail.org/message/e4yiij7lfexastvl>\n\n",
    "Severity": {
        "Score": "(High)"
    },
    "Weaknesses": [
        "[CWE-20](/advisories?query=cwe%3A20)"
    ],
    "CVE ID": "CVE-2010-1632",
    "GHSA ID": "GHSA-23vv-v25h-qwqw",
    "Source code": "No known source code"
}