{
    "Title": "XWiki Platform Applications Tag and XWiki Platform Tag UI vulnerable to Eval Injection",
    "Meta": {
        "Package": [
            "org.xwiki.platform.applications:xwiki-application-tag([Maven](/advisories?query=ecosystem%3Amaven))"
        ],
        "Affected versions": [
            ">= 1.7"
        ],
        "Patched versions": [
            "None"
        ]
    },
    "Description": "### Impact\n\nThe tags document `Main.Tags` in XWiki didn't sanitize user inputs properly,\nallowing users with view rights on the document (default in a public wiki or\nfor authenticated users on private wikis) to execute arbitrary Groovy, Python\nand Velocity code with programming rights. This allows bypassing all rights\nchecks and thus both modification and disclosure of all content stored in the\nXWiki installation. Also, this could be used to impact the availability of the\nwiki. Some versions of XWiki XML-escaped the tag (e.g., version 3.1) but this\nisn't a serious limitation as string literals can be delimited by `/` in\nGroovy and `<` and `>` aren't necessary, e.g., to elevate privileges of the\ncurrent user.\n\nOn XWiki versions before 13.10.4 and 14.2, this can be combined with the\n[authentication bypass using the login action](https://github.com/xwiki/xwiki-\nplatform/security/advisories/GHSA-8h89-34w2-jpfm), meaning that no rights are\nrequired to perform the attack. The following URL demonstrates the attack:\n`<server>/xwiki/bin/login/Main/Tags?xpage=view&do=viewTag&tag=%7B%7Basync+async%3D%22true%22+cached%3D%22false%22+context%3D%22doc.reference%22%7D%7D%7B%7Bgroovy%7D%7Dprintln%28%22hello+from+groovy%21%22%29%7B%7B%2Fgroovy%7D%7D%7B%7B%2Fasync%7D%7D`,\nwhere `<server>` is the URL of the XWiki installations.\n\nOn current versions (e.g, 14.3), the issue can be exploited by requesting the\nURL\n`<server>/xwiki/bin/view/Main/Tags?do=viewTag&tag=%7B%7Basync%20async%3D%22true%22%20cached%3D%22false%22%20context%3D%22doc.reference%22%7D%7D%7B%7Bgroovy%7D%7Dprintln(%22hello%20from%20groovy!%22)%7B%7B%2Fgroovy%7D%7D%7B%7B%2Fasync%7D%7D`,\nwhere `<server>` is the URL of the server. On XWiki 2.0 (that contains version\n1.7 of the tag application), the URL\n`<server>/xwiki/bin/view/Main/Tags?do=viewTag&tag={{/html}}{{groovy}}println(%2Fhello\nfrom groovy!%2F){{%2Fgroovy}}` demonstrates the exploit while on XWiki 3.1 the\nfollowing URL demonstrates the exploit:\n`<server>/xwiki/bin/view/Main/Tags?do=viewTag&tag={{/html}}{{footnote}}{{groovy}}println(%2Fhello%20from%20groovy!%2F){{%2Fgroovy}}{{/footnote}}`.\n\n### Patches\n\nThis has been patched in the supported versions 13.10.6 and 14.4.\n\n### Workarounds\n\nThe [patch that fixes the issue](https://github.com/xwiki/xwiki-\nplatform/commit/604868033ebd191cf2d1e94db336f0c4d9096427) can be manually\napplied to the document `Main.Tags` or the updated version of that document\ncan be imported from [version 14.4 of xwiki-platform-tag-\nui](https://nexus.xwiki.org/nexus/content/groups/public/org/xwiki/platform/xwiki-\nplatform-tag-ui/14.4/xwiki-platform-tag-ui-14.4.xar) using [the import feature\nin the administration\nUI](https://extensions.xwiki.org/xwiki/bin/view/Extension/Administration%20Application#HImport)\non XWiki 10.9 and later (earlier versions might not be compatible with the\ncurrent version of the document).\n\n### References\n\n  * [xwiki/xwiki-platform@`6048680`](https://github.com/xwiki/xwiki-platform/commit/604868033ebd191cf2d1e94db336f0c4d9096427)\n  * <https://jira.xwiki.org/browse/XWIKI-19747>\n\n### For more information\n\nIf you have any questions or comments about this advisory:\n\n  * Open an issue in [Jira XWiki.org](https://jira.xwiki.org/)\n  * Email us at [Security Mailing List](mailto:security@xwiki.org)\n\n### References\n\n  * [GHSA-2g5c-228j-p52x](https://github.com/xwiki/xwiki-platform/security/advisories/GHSA-2g5c-228j-p52x \"GHSA-2g5c-228j-p52x\")\n  * <https://nvd.nist.gov/vuln/detail/CVE-2022-36100>\n  * [xwiki/xwiki-platform@`6048680`](https://github.com/xwiki/xwiki-platform/commit/604868033ebd191cf2d1e94db336f0c4d9096427)\n  * <https://jira.xwiki.org/browse/XWIKI-19747>\n\n",
    "Severity": {
        "Score": "9.9/ 10 (Critical)",
        "CVSS base metrics": {
            "Attack vector": "Network",
            "Attack complexity": "Low",
            "Privileges required": "Low",
            "User interaction": "None",
            "Scope": "Changed",
            "Confidentiality": "High",
            "Integrity": "High",
            "Availability": "High"
        },
        "CVSS string": "CVSS:3.1/AV:N/AC:L/PR:L/UI:N/S:C/C:H/I:H/A:H"
    },
    "Weaknesses": [
        "[CWE-94](/advisories?query=cwe%3A94)",
        "[CWE-95](/advisories?query=cwe%3A95)",
        "[CWE-116](/advisories?query=cwe%3A116)"
    ],
    "CVE ID": "CVE-2022-36100",
    "GHSA ID": "GHSA-2g5c-228j-p52x",
    "Source code": "[xwiki/xwiki-platform](https://github.com/xwiki/xwiki-platform)"
}