{
    "Title": "Prototype Pollution in @hapi/hoek",
    "Meta": {
        "Package": [
            "@hapi/hoek([npm](/advisories?query=ecosystem%3Anpm))"
        ],
        "Affected versions": [
            ">= 8.3.2, < 8.5.1",
            ">= 9.0.0, < 9.0.3"
        ],
        "Patched versions": [
            "8.5.1",
            "9.0.3"
        ]
    },
    "Description": "Versions of `@hapi/hoek` prior to 8.5.1 and 9.0.3 are vulnerable to Prototype\nPollution. The `clone` function fails to prevent the modification of the\nObject prototype when passed specially-crafted input. Attackers may use this\nto change existing properties that exist in all objects, which may lead to\nDenial of Service or Remote Code Execution in specific circumstances.  \nThis issue **does not** affect hapi applications since the framework protects\nagainst such malicious inputs. Applications that use `@hapi/hoek` outside of\nthe hapi ecosystem may be vulnerable.\n\n## Recommendation\n\nUpdate to version 8.5.1, 9.0.3 or later.\n\n### References\n\n  * <https://www.npmjs.com/advisories/1468>\n\n",
    "Severity": {
        "Score": "(Low)"
    },
    "Weaknesses": [
        "[CWE-1321](/advisories?query=cwe%3A1321)"
    ],
    "CVE ID": "No known CVE",
    "GHSA ID": "GHSA-22h7-7wwg-qmgg",
    "Source code": "No known source code"
}