{
    "Title": "Improper authorization due to caching in Jenkins Role-based Authorization Strategy Plugin",
    "Meta": {
        "Package": [
            "org.jenkins-ci.plugins:role-strategy([Maven](/advisories?query=ecosystem%3Amaven))"
        ],
        "Affected versions": [
            ">= 2.12, < 3.1"
        ],
        "Patched versions": [
            "3.1"
        ]
    },
    "Description": "Role-based Authorization Strategy Plugin 2.12 and newer uses a cache to speed\nup permission lookups. Role-based Authorization Strategy Plugin 3.0 and\nearlier this cache is not invalidated properly when an administrator changes\nthe permission configuration. This can result in permissions being granted\nlong after the configuration was changed to no longer grant them. Role-based\nAuthorization Strategy Plugin 3.1 properly invalidates the cache on\nconfiguration changes.\n\n### References\n\n  * <https://nvd.nist.gov/vuln/detail/CVE-2020-2286>\n  * <https://www.jenkins.io/security/advisory/2020-10-08/#SECURITY-1767>\n  * <http://www.openwall.com/lists/oss-security/2020/10/08/5>\n\n",
    "Severity": {
        "Score": "8.8/ 10 (High)",
        "CVSS base metrics": {
            "Attack vector": "Network",
            "Attack complexity": "Low",
            "Privileges required": "None",
            "User interaction": "Required",
            "Scope": "Unchanged",
            "Confidentiality": "High",
            "Integrity": "High",
            "Availability": "High"
        },
        "CVSS string": "CVSS:3.1/AV:N/AC:L/PR:N/UI:R/S:U/C:H/I:H/A:H"
    },
    "Weaknesses": [
        "[CWE-863](/advisories?query=cwe%3A863)"
    ],
    "CVE ID": "CVE-2020-2286",
    "GHSA ID": "GHSA-25g4-p347-x748",
    "Source code": "No known source code"
}