{
    "Title": "Cross-site scripting vulnerability in TinyMCE",
    "Meta": {
        "Package": [
            "tinymce([npm](/advisories?query=ecosystem%3Anpm))"
        ],
        "Affected versions": [
            "< 4.9.7",
            ">= 5.0.0, < 5.1.4"
        ],
        "Patched versions": [
            "4.9.7",
            "5.1.4"
        ]
    },
    "Description": "### Impact\n\nA cross-site scripting (XSS) vulnerability was discovered in: the core parser,\n`paste` and `visualchars` plugins. The vulnerability allowed arbitrary\nJavaScript execution when inserting a specially crafted piece of content into\nthe editor via the clipboard or APIs. This impacts all users who are using\nTinyMCE 4.9.6 or lower and TinyMCE 5.1.3 or lower.\n\n### Patches\n\nThis vulnerability has been patched in TinyMCE 4.9.7 and 5.1.4 by improved\nparser logic and HTML sanitization.\n\n### Workarounds\n\nThe workarounds available are:\n\n  * disable the impacted plugins\n  * manually sanitize the content using the `BeforeSetContent` event (see below)\n  * upgrade to either TinyMCE 4.9.7 or TinyMCE 5.1.4\n\n#### Example: Manually sanitize content\n\n    \n    \n    editor.on('BeforeSetContent', function(e) {\n      var sanitizedContent = ...; // Manually sanitize content here\n      e.content = sanitizedContent;\n    });\n\n### Acknowledgements\n\nTiny Technologies would like to thank Micha\u0142 Bentkowski for discovering this\nvulnerability.\n\n### References\n\n<https://www.tiny.cloud/docs/release-notes/release-notes514/#securityfixes>\n\n### For more information\n\nIf you have any questions or comments about this advisory:\n\n  * Open an issue in the [TinyMCE repo](https://github.com/tinymce/tinymce/issues)\n  * Email us at [infosec@tiny.cloud](mailto:infosec@tiny.cloud)\n\n### References\n\n  * [GHSA-27gm-ghr9-4v95](https://github.com/tinymce/tinymce/security/advisories/GHSA-27gm-ghr9-4v95 \"GHSA-27gm-ghr9-4v95\")\n  * <https://nvd.nist.gov/vuln/detail/CVE-2020-17480>\n  * <https://portswigger.net/daily-swig/xss-vulnerability-patched-in-tinymce>\n  * <https://www.tiny.cloud/docs/release-notes/release-notes514/#securityfixes>\n\n",
    "Severity": {
        "Score": "(High)"
    },
    "Weaknesses": [
        "[CWE-79](/advisories?query=cwe%3A79)"
    ],
    "CVE ID": "CVE-2020-17480",
    "GHSA ID": "GHSA-27gm-ghr9-4v95",
    "Source code": "[tinymce/tinymce](https://github.com/tinymce/tinymce)"
}