{
    "Title": "Synapse has improper checks for deactivated users during login",
    "Meta": {
        "Package": [
            "matrix-synapse([pip](/advisories?query=ecosystem%3Apip))"
        ],
        "Affected versions": [
            "< 1.85.0"
        ],
        "Patched versions": [
            "1.85.0"
        ]
    },
    "Description": "### Impact\n\nIt may be possible for a deactivated user to login when using uncommon\nconfigurations.\n\nThis only applies if any of the following are true:\n\n  * [JSON Web Tokens are enabled for login](https://matrix-org.github.io/synapse/latest/jwt.html) via the `jwt_config.enabled` configuration setting\n  * The [local password database is enabled](https://matrix-org.github.io/synapse/latest/usage/configuration/config_documentation.html#password_config) via the `password_config.enabled` and `password_config.localdb_enabled` configuration settings _and_ a user's password is [updated via an admin API](https://matrix-org.github.io/synapse/latest/admin_api/user_admin_api.html#create-or-modify-account) after a user is deactivated.\n\n**Note that the local password database is enabled by default** , but it is\nuncommon to set a user's password after they've been deactivated.\n\nInstallations that are configured to only allow login via Single Sign-On (SSO)\nvia CAS, SAML or OpenID Connect (OIDC); or via an external password provider\n(e.g. LDAP) are not affected.\n\n### Patches\n\n  * If using JSON Web Token logins: #15624\n  * For other users: #15634\n\n### Workarounds\n\nIf not using JSON Web Tokens, ensure that deactivated users do not have a\npassword set. This list of users can be queried from PostgreSQL:\n\n    \n    \n    SELECT name FROM users WHERE password_hash IS NOT NULL AND deactivated = 1;\n\n### References\n\n  * [GHSA-26c5-ppr8-f33p](https://github.com/matrix-org/synapse/security/advisories/GHSA-26c5-ppr8-f33p \"GHSA-26c5-ppr8-f33p\")\n  * [matrix-org/synapse#12274](https://github.com/matrix-org/synapse/issues/12274)\n  * [matrix-org/synapse#15624](https://github.com/matrix-org/synapse/pull/15624)\n  * [matrix-org/synapse#15634](https://github.com/matrix-org/synapse/pull/15634)\n  * <https://github.com/matrix-org/synapse/releases/tag/v1.85.0>\n  * <https://nvd.nist.gov/vuln/detail/CVE-2023-32682>\n  * <https://matrix-org.github.io/synapse/latest/admin_api/user_admin_api.html#create-or-modify-account>\n  * <https://matrix-org.github.io/synapse/latest/jwt.html>\n  * <https://matrix-org.github.io/synapse/latest/usage/configuration/config_documentation.html#password_config>\n  * <https://github.com/pypa/advisory-database/tree/main/vulns/matrix-synapse/PYSEC-2023-84.yaml>\n  * <https://lists.fedoraproject.org/archives/list/package-announce@lists.fedoraproject.org/message/X6DH5A5YEB5LRIPP32OUW25FCGZFCZU2/>\n\n",
    "Severity": {
        "Score": "5.4/ 10 (Moderate)",
        "CVSS base metrics": {
            "Attack vector": "Network",
            "Attack complexity": "Low",
            "Privileges required": "Low",
            "User interaction": "None",
            "Scope": "Unchanged",
            "Confidentiality": "Low",
            "Integrity": "Low",
            "Availability": "None"
        },
        "CVSS string": "CVSS:3.1/AV:N/AC:L/PR:L/UI:N/S:U/C:L/I:L/A:N"
    },
    "Weaknesses": [
        "[CWE-287](/advisories?query=cwe%3A287)"
    ],
    "CVE ID": "CVE-2023-32682",
    "GHSA ID": "GHSA-26c5-ppr8-f33p",
    "Source code": "[matrix-org/synapse](https://github.com/matrix-org/synapse)"
}