{
    "Title": "HashiCorp go-getter unsafe downloads could lead to asymmetric resource exhaustion",
    "Meta": {
        "Package": [
            "github.com/hashicorp/go-getter([Go](/advisories?query=ecosystem%3Ago))"
        ],
        "Affected versions": [
            "< 1.6.1",
            ">= 2.0.0, < 2.1.0"
        ],
        "Patched versions": [
            "1.6.1",
            "2.1.0"
        ]
    },
    "Description": "HashiCorp go-getter through 2.0.2 does not safely perform downloads.\nAsymmetric resource exhaustion could occur when go-getter processed malicious\nHTTP responses.\n\n### References\n\n  * <https://nvd.nist.gov/vuln/detail/CVE-2022-30323>\n  * <https://discuss.hashicorp.com/t/hcsec-2022-13-multiple-vulnerabilities-in-go-getter-library/39930>\n  * <https://discuss.hashicorp.com>\n  * <https://discuss.hashicorp.com/t/hcsec-2022-13-multiple-vulnerabilities-in-go-getter-library/>\n  * <https://github.com/hashicorp/go-getter/releases>\n  * [hashicorp/go-getter#359](https://github.com/hashicorp/go-getter/pull/359)\n  * [hashicorp/go-getter#361](https://github.com/hashicorp/go-getter/pull/361)\n  * [hashicorp/go-getter@`38e9738`](https://github.com/hashicorp/go-getter/commit/38e97387488f5439616be60874979433a12edb48)\n  * [hashicorp/go-getter@`a2ebce9`](https://github.com/hashicorp/go-getter/commit/a2ebce998f8d4105bd4b78d6c99a12803ad97a45)\n  * <https://pkg.go.dev/vuln/GO-2022-0586>\n\n",
    "Severity": {
        "Score": "8.6/ 10 (High)",
        "CVSS base metrics": {
            "Attack vector": "Network",
            "Attack complexity": "Low",
            "Privileges required": "None",
            "User interaction": "None",
            "Scope": "Unchanged",
            "Confidentiality": "Low",
            "Integrity": "Low",
            "Availability": "High"
        },
        "CVSS string": "CVSS:3.1/AV:N/AC:L/PR:N/UI:N/S:U/C:L/I:L/A:H"
    },
    "Weaknesses": [],
    "CVE ID": "CVE-2022-30323",
    "GHSA ID": "GHSA-28r2-q6m8-9hpx",
    "Source code": "[hashicorp/go-getter](https://github.com/hashicorp/go-getter)"
}