{
    "Title": "Exposure of system-scoped Kubernetes credentials in Jenkins Kubernetes Credentials Provider Plugin",
    "Meta": {
        "Package": [
            "com.cloudbees.jenkins.plugins:kubernetes-credentials-provider([Maven](/advisories?query=ecosystem%3Amaven))"
        ],
        "Affected versions": [
            "< 1.209.v862c6e5fb"
        ],
        "Patched versions": [
            "1.209.v862c6e5fb"
        ]
    },
    "Description": "Jenkins Kubernetes Credentials Provider Plugin 1.208.v128ee9800c04 and earlier\ndoes not set the appropriate context for Kubernetes credentials lookup,\nallowing attackers with Item/Configure permission to access and potentially\ncapture Kubernetes credentials they are not entitled to.\n\n### References\n\n  * <https://nvd.nist.gov/vuln/detail/CVE-2023-24425>\n  * <https://www.jenkins.io/security/advisory/2023-01-24/#SECURITY-3022>\n\n",
    "Severity": {
        "Score": "6.5/ 10 (Moderate)",
        "CVSS base metrics": {
            "Attack vector": "Network",
            "Attack complexity": "Low",
            "Privileges required": "Low",
            "User interaction": "None",
            "Scope": "Unchanged",
            "Confidentiality": "High",
            "Integrity": "None",
            "Availability": "None"
        },
        "CVSS string": "CVSS:3.1/AV:N/AC:L/PR:L/UI:N/S:U/C:H/I:N/A:N"
    },
    "Weaknesses": [],
    "CVE ID": "CVE-2023-24425",
    "GHSA ID": "GHSA-2jpx-h8j2-g8m4",
    "Source code": "No known source code"
}