{
    "Title": "active-support impersonates 'activesupport' gem",
    "Meta": {
        "Package": [
            "active-support([RubyGems](/advisories?query=ecosystem%3Arubygems))"
        ],
        "Affected versions": [
            "> 0"
        ],
        "Patched versions": [
            "None"
        ]
    },
    "Description": "The `active-support` ruby gem gem is malware and duplicates the official\n`activesupport` (no hyphen) gem, but adds a compiled extension. The extension\nattempts to resolve a base64 encoded domain (29faea63.planfhntage.de),\ndownloads a payload, and executes.\n\nThis trojan horse gem could allow a remote attacker to execute arbitrary code\non the system, caused by containing a malicious backdoor. An attacker could\nexploit this vulnerability to execute arbitrary code on the system. No version\nof this gem should be considered safe.\n\n### References\n\n  * <https://nvd.nist.gov/vuln/detail/CVE-2018-3779>\n  * <https://hackerone.com/reports/392311>\n  * [GHSA-2j55-pcw5-x4h2](https://github.com/advisories/GHSA-2j55-pcw5-x4h2 \"GHSA-2j55-pcw5-x4h2\")\n\n",
    "Severity": {
        "Score": "(Critical)"
    },
    "Weaknesses": [
        "[CWE-77](/advisories?query=cwe%3A77)"
    ],
    "CVE ID": "CVE-2018-3779",
    "GHSA ID": "GHSA-2j55-pcw5-x4h2",
    "Source code": "No known source code"
}