{
    "Title": "Jenkins AppSpider Plugin missing permission check",
    "Meta": {
        "Package": [
            "com.rapid7:jenkinsci-appspider-plugin([Maven](/advisories?query=ecosystem%3Amaven))"
        ],
        "Affected versions": [
            "<= 1.0.15"
        ],
        "Patched versions": [
            "1.0.16"
        ]
    },
    "Description": "Jenkins AppSpider Plugin 1.0.15 and earlier does not perform a permission\ncheck in a method implementing form validation.\n\nThis allows attackers with Overall/Read permission to connect to an attacker-\nspecified URL and send an HTTP POST request with a JSON payload consisting of\nattacker-specified credentials.\n\nAdditionally, this form validation method does not require POST requests,\nresulting in a cross-site request forgery (CSRF) vulnerability.\n\nAppSpider Plugin 1.0.16 requires POST requests and Overall/Administer\npermission for the affected form validation method.\n\n### References\n\n  * <https://nvd.nist.gov/vuln/detail/CVE-2023-32999>\n  * <https://www.jenkins.io/security/advisory/2023-05-16/#SECURITY-3121>\n\n",
    "Severity": {
        "Score": "4.3/ 10 (Moderate)",
        "CVSS base metrics": {
            "Attack vector": "Network",
            "Attack complexity": "Low",
            "Privileges required": "Low",
            "User interaction": "None",
            "Scope": "Unchanged",
            "Confidentiality": "None",
            "Integrity": "Low",
            "Availability": "None"
        },
        "CVSS string": "CVSS:3.1/AV:N/AC:L/PR:L/UI:N/S:U/C:N/I:L/A:N"
    },
    "Weaknesses": [
        "[CWE-276](/advisories?query=cwe%3A276)"
    ],
    "CVE ID": "CVE-2023-32999",
    "GHSA ID": "GHSA-2c5c-fhr8-pwh9",
    "Source code": "[jenkinsci/appspider-build-scanner-plugin](https://github.com/jenkinsci/appspider-build-scanner-plugin)"
}