{
    "Title": "jsonwebtoken has insecure input validation in jwt.verify function",
    "Meta": {
        "Package": [
            "jsonwebtoken([npm](/advisories?query=ecosystem%3Anpm))"
        ],
        "Affected versions": [
            "<= 8.5.1"
        ],
        "Patched versions": [
            "9.0.0"
        ]
    },
    "Description": "# Overview\n\nFor versions `<=8.5.1` of `jsonwebtoken` library, if a malicious actor has the\nability to modify the key retrieval parameter (referring to the\n`secretOrPublicKey` argument from the [readme\nlink](https://github.com/auth0/node-jsonwebtoken#jwtverifytoken-\nsecretorpublickey-options-callback)) of the `jwt.verify()` function, they can\ngain remote code execution (RCE).\n\n# Am I affected?\n\nThis security issue is a concern when the `jsonwebtoken` library is used in an\ninsecure way. Users are affected only if they allow untrusted entities to\nmodify the key retrieval parameter of the `jwt.verify()` on a host that you\ncontrol. In this scenario, if all the prerequisites are met, the issue may be\nexploitable. The source of this risk in this scenario would be in the calling\ncode, and not in the library itself.\n\n# How do I fix it?\n\nUsers of jsonwebtoken 8.5.1 and earlier are encouraged to update to the latest\nversion, 9.0.0, which presents safer code and important security checks that\nfixes this security flaw and others and prevents misuse of the package.\n\n### References\n\n  * [GHSA-27h2-hvpr-p74q](https://github.com/auth0/node-jsonwebtoken/security/advisories/GHSA-27h2-hvpr-p74q \"GHSA-27h2-hvpr-p74q\")\n  * <https://nvd.nist.gov/vuln/detail/CVE-2022-23529>\n  * [auth0/node-jsonwebtoken@`e1fa9dc`](https://github.com/auth0/node-jsonwebtoken/commit/e1fa9dcc12054a8681db4e6373da1b30cf7016e3)\n\n",
    "Severity": {
        "Score": "7.6/ 10 (High)",
        "CVSS base metrics": {
            "Attack vector": "Network",
            "Attack complexity": "Low",
            "Privileges required": "Low",
            "User interaction": "None",
            "Scope": "Unchanged",
            "Confidentiality": "Low",
            "Integrity": "High",
            "Availability": "Low"
        },
        "CVSS string": "CVSS:3.1/AV:N/AC:L/PR:L/UI:N/S:U/C:L/I:H/A:L"
    },
    "Weaknesses": [
        "[CWE-20](/advisories?query=cwe%3A20)"
    ],
    "CVE ID": "CVE-2022-23529",
    "GHSA ID": "GHSA-27h2-hvpr-p74q",
    "Source code": "[auth0/node-jsonwebtoken](https://github.com/auth0/node-jsonwebtoken)"
}