{
    "Title": "linux-cmdline is vulnerable to Prototype Pollution via the constructor",
    "Meta": {
        "Package": [
            "linux-cmdline([npm](/advisories?query=ecosystem%3Anpm))"
        ],
        "Affected versions": [
            "< 1.0.1"
        ],
        "Patched versions": [
            "1.0.1"
        ]
    },
    "Description": "The package linux-cmdline is a parser for Linux kernel command line arguments.\nVersions before 1.0.1 are vulnerable to Prototype Pollution via the\nconstructor.\n\n### References\n\n  * <https://nvd.nist.gov/vuln/detail/CVE-2020-7704>\n  * [piranna/linux-cmdline@`53c61a8`](https://github.com/piranna/linux-cmdline/commit/53c61a88bc47eb25d71832205056beaab95cf677)\n  * <https://snyk.io/vuln/SNYK-JS-LINUXCMDLINE-598674>\n\n",
    "Severity": {
        "Score": "9.8/ 10 (Critical)",
        "CVSS base metrics": {
            "Attack vector": "Network",
            "Attack complexity": "Low",
            "Privileges required": "None",
            "User interaction": "None",
            "Scope": "Unchanged",
            "Confidentiality": "High",
            "Integrity": "High",
            "Availability": "High"
        },
        "CVSS string": "CVSS:3.1/AV:N/AC:L/PR:N/UI:N/S:U/C:H/I:H/A:H"
    },
    "Weaknesses": [
        "[CWE-20](/advisories?query=cwe%3A20)",
        "[CWE-1321](/advisories?query=cwe%3A1321)"
    ],
    "CVE ID": "CVE-2020-7704",
    "GHSA ID": "GHSA-2c29-wc65-4cx9",
    "Source code": "[piranna/linux-cmdline](https://github.com/piranna/linux-cmdline)"
}