{
    "Title": "jQuery Cross Site Scripting vulnerability",
    "Meta": {
        "Package": [
            "jQuery([NuGet](/advisories?query=ecosystem%3Anuget))"
        ],
        "Affected versions": [
            ">= 1.0.3, < 3.5.0"
        ],
        "Patched versions": [
            "3.5.0"
        ]
    },
    "Description": "Cross Site Scripting vulnerability in jQuery v.2.2.0 until v.3.5.0 allows a\nremote attacker to execute arbitrary code via the `<options>` element.\n\n### References\n\n  * <https://nvd.nist.gov/vuln/detail/CVE-2020-23064>\n  * <https://blog.jquery.com/2020/04/10/jquery-3-5-0-released/>\n  * <https://snyk.io/vuln/SNYK-JS-JQUERY-565129>\n  * [jquery/jquery@`1d61fd9`](https://github.com/jquery/jquery/commit/1d61fd9407e6fbe82fe55cb0b938307aa0791f77)\n  * <https://github.com/rails/jquery-rails/blob/master/CHANGELOG.md#410>\n  * <https://github.com/rails/jquery-rails/blob/master/CHANGELOG.md#440>\n  * <https://github.com/rails/jquery-rails/blob/v4.3.5/vendor/assets/javascripts/jquery3.js#L5979>\n  * <https://github.com/rails/jquery-rails/blob/v4.4.0/vendor/assets/javascripts/jquery3.js#L6162>\n  * <https://github.com/rubysec/ruby-advisory-db/blob/master/gems/jquery-rails/CVE-2020-23064.yml>\n\n",
    "Severity": {
        "Score": "6.1/ 10 (Moderate)",
        "CVSS base metrics": {
            "Attack vector": "Network",
            "Attack complexity": "Low",
            "Privileges required": "None",
            "User interaction": "Required",
            "Scope": "Changed",
            "Confidentiality": "Low",
            "Integrity": "Low",
            "Availability": "None"
        },
        "CVSS string": "CVSS:3.1/AV:N/AC:L/PR:N/UI:R/S:C/C:L/I:L/A:N"
    },
    "Weaknesses": [
        "[CWE-79](/advisories?query=cwe%3A79)"
    ],
    "CVE ID": "CVE-2020-23064",
    "GHSA ID": "GHSA-257q-pv89-v3xv",
    "Source code": "[jquery/jquery](https://github.com/jquery/jquery)"
}