{
    "Title": "Moderate severity vulnerability that affects org.apache.hive:hive, org.apache.hive:hive-exec, and org.apache.hive:hive-service",
    "Meta": {
        "Package": [
            "org.apache.hive:hive([Maven](/advisories?query=ecosystem%3Amaven))"
        ],
        "Affected versions": [
            ">= 2.1.0, < 2.1.2",
            "= 2.2.0",
            "= 2.3.0"
        ],
        "Patched versions": [
            "2.1.2",
            "2.2.1",
            "2.3.1"
        ]
    },
    "Description": "Apache Hive 2.1.x before 2.1.2, 2.2.x before 2.2.1, and 2.3.x before 2.3.1\nexpose an interface through which masking policies can be defined on tables or\nviews, e.g., using Apache Ranger. When a view is created over a given table,\nthe policy enforcement does not happen correctly on the table for masked\ncolumns.\n\n### References\n\n  * <https://nvd.nist.gov/vuln/detail/CVE-2017-12625>\n  * [GHSA-2g9q-chq2-w8qw](https://github.com/advisories/GHSA-2g9q-chq2-w8qw \"GHSA-2g9q-chq2-w8qw\")\n  * <http://mail-archives.apache.org/mod_mbox/hive-user/201710.mbox/%3C3791103E-80D5-4E75-AF23-6F8ED54DDEBE%40apache.org%3E>\n  * <http://www.securityfocus.com/bid/101686>\n\n",
    "Severity": {
        "Score": "4.3/ 10 (Moderate)",
        "CVSS base metrics": {
            "Attack vector": "Network",
            "Attack complexity": "Low",
            "Privileges required": "Low",
            "User interaction": "None",
            "Scope": "Unchanged",
            "Confidentiality": "Low",
            "Integrity": "None",
            "Availability": "None"
        },
        "CVSS string": "CVSS:3.0/AV:N/AC:L/PR:L/UI:N/S:U/C:L/I:N/A:N"
    },
    "Weaknesses": [
        "[CWE-200](/advisories?query=cwe%3A200)"
    ],
    "CVE ID": "CVE-2017-12625",
    "GHSA ID": "GHSA-2g9q-chq2-w8qw",
    "Source code": "No known source code"
}