{
    "Title": "Cross-site Scripting in Apache Atlas",
    "Meta": {
        "Package": [
            "org.apache.atlas:atlas-common([Maven](/advisories?query=ecosystem%3Amaven))"
        ],
        "Affected versions": [
            ">= 0.6.0-incubating, < 0.7.1-incubating"
        ],
        "Patched versions": [
            "0.7.1-incubating"
        ]
    },
    "Description": "Apache Atlas versions 0.6.0-incubating and 0.7.0-incubating were found\nvulnerable to Stored Cross-Site Scripting in the edit-tag functionality.\n\n### References\n\n  * <https://nvd.nist.gov/vuln/detail/CVE-2017-3151>\n  * <https://lists.apache.org/thread.html/4a4fef91e067fd0d9da569e30867c1fa65e2a0520acde71ddefee0ea@%3Cdev.atlas.apache.org%3E>\n  * <https://github.com/pypa/advisory-database/tree/main/vulns/apache-atlas/PYSEC-2017-107.yaml>\n  * <https://lists.apache.org/thread.html/4a4fef91e067fd0d9da569e30867c1fa65e2a0520acde71ddefee0ea%40%3Cdev.atlas.apache.org%3E>\n  * <https://web.archive.org/web/20200227151159/http://www.securityfocus.com/bid/100547>\n\n",
    "Severity": {
        "Score": "6.1/ 10 (Moderate)",
        "CVSS base metrics": {
            "Attack vector": "Network",
            "Attack complexity": "Low",
            "Privileges required": "None",
            "User interaction": "Required",
            "Scope": "Changed",
            "Confidentiality": "Low",
            "Integrity": "Low",
            "Availability": "None"
        },
        "CVSS string": "CVSS:3.1/AV:N/AC:L/PR:N/UI:R/S:C/C:L/I:L/A:N"
    },
    "Weaknesses": [
        "[CWE-79](/advisories?query=cwe%3A79)"
    ],
    "CVE ID": "CVE-2017-3151",
    "GHSA ID": "GHSA-236h-r3w7-c85c",
    "Source code": "[apache/atlas](https://github.com/apache/atlas)"
}