{
    "Title": "Kirby XSS Vulnerability",
    "Meta": {
        "Package": [
            "getkirby/cms([Composer](/advisories?query=ecosystem%3Acomposer))"
        ],
        "Affected versions": [
            "< 2.3.3",
            ">= 2.4, < 2.4.2",
            ">= 2.5, < 2.5.7"
        ],
        "Patched versions": [
            "2.3.3",
            "2.4.2",
            "2.5.7"
        ]
    },
    "Description": "A cross-site Scripting (XSS) vulnerability in Kirby Panel before 2.3.3, 2.4.x\nbefore 2.4.2, and 2.5.x before 2.5.7 exists when displaying a specially\nprepared SVG document that has been uploaded as a content file.\n\n### References\n\n  * <https://nvd.nist.gov/vuln/detail/CVE-2017-16807>\n  * <https://getkirby.com/changelog/kirby-2-5-7>\n  * <https://packetstormsecurity.com/files/144965/KirbyCMS-Cross-Site-Scripting.html>\n  * <https://www.exploit-db.com/exploits/43140/>\n\n",
    "Severity": {
        "Score": "5.4/ 10 (Moderate)",
        "CVSS base metrics": {
            "Attack vector": "Network",
            "Attack complexity": "Low",
            "Privileges required": "Low",
            "User interaction": "Required",
            "Scope": "Changed",
            "Confidentiality": "Low",
            "Integrity": "Low",
            "Availability": "None"
        },
        "CVSS string": "CVSS:3.0/AV:N/AC:L/PR:L/UI:R/S:C/C:L/I:L/A:N"
    },
    "Weaknesses": [
        "[CWE-79](/advisories?query=cwe%3A79)"
    ],
    "CVE ID": "CVE-2017-16807",
    "GHSA ID": "GHSA-275c-v3rc-xghx",
    "Source code": "No known source code"
}