{
    "Title": "TemporaryFolder on unix-like systems does not limit access to created files",
    "Meta": {
        "Package": [
            "junit:junit([Maven](/advisories?query=ecosystem%3Amaven))"
        ],
        "Affected versions": [
            ">= 4.7, < 4.13.1"
        ],
        "Patched versions": [
            "4.13.1"
        ]
    },
    "Description": "### Vulnerability\n\nThe JUnit4 test rule\n[TemporaryFolder](https://junit.org/junit4/javadoc/4.13/org/junit/rules/TemporaryFolder.html)\ncontains a local information disclosure vulnerability.\n\nExample of vulnerable code:\n\n    \n    \n    public static class HasTempFolder {\n        @Rule\n        public TemporaryFolder folder = new TemporaryFolder();\n    \n        @Test\n        public void testUsingTempFolder() throws IOException {\n            folder.getRoot(); // Previous file permissions: `drwxr-xr-x`; After fix:`drwx------`\n            File createdFile= folder.newFile(\"myfile.txt\"); // unchanged/irrelevant file permissions\n            File createdFolder= folder.newFolder(\"subfolder\"); // unchanged/irrelevant file permissions\n            // ...\n        }\n    }\n\n### Impact\n\nOn Unix like systems, the system's temporary directory is shared between all\nusers on that system. Because of this, when files and directories are written\ninto this directory they are, by default, readable by other users on that same\nsystem.\n\nThis vulnerability **does not** allow other users to overwrite the contents of\nthese directories or files. This is purely an information disclosure\nvulnerability.\n\nWhen analyzing the impact of this vulnerability, here are the important\nquestions to ask:\n\n  1. Do the JUnit tests write sensitive information, like API keys or passwords, into the temporary folder? \n    * If yes, this vulnerability impacts you, but only if you also answer 'yes' to question 2.\n    * If no, this vulnerability does not impact you.\n  2. Do the JUnit tests ever execute in an environment where the OS has other untrusted users.  \n_This may apply in CI/CD environments but normally won't be 'yes' for personal\ndeveloper machines._\n\n    * If yes, and you answered 'yes' to question 1, this vulnerability impacts you.\n    * If no, this vulnerability does not impact you.\n\n### Patches\n\nBecause certain JDK file system APIs were only added in JDK 1.7, this this fix\nis dependent upon the version of the JDK you are using.\n\n  * Java 1.7 and higher users: this vulnerability is fixed in 4.13.1.\n  * Java 1.6 and lower users: **no patch is available, you must use the workaround below.**\n\n### Workarounds\n\nIf you are unable to patch, or are stuck running on Java 1.6, specifying the\n`java.io.tmpdir` system environment variable to a directory that is\nexclusively owned by the executing user will fix this vulnerability.\n\n### References\n\n  * [CWE-200: Exposure of Sensitive Information to an Unauthorized Actor](https://cwe.mitre.org/data/definitions/200.html)\n  * Fix commit [junit-team/junit4@`610155b`](https://github.com/junit-team/junit4/commit/610155b8c22138329f0723eec22521627dbc52ae)\n\n#### Similar Vulnerabilities\n\n  * Google Guava - [google/guava#4011](https://github.com/google/guava/issues/4011)\n  * Apache Ant - <https://nvd.nist.gov/vuln/detail/CVE-2020-1945>\n  * JetBrains Kotlin Compiler - <https://nvd.nist.gov/vuln/detail/CVE-2020-15824>\n\n### For more information\n\nIf you have any questions or comments about this advisory, please pen an issue\nin [junit-team/junit4](https://github.com/junit-team/junit4/issues).\n\n### References\n\n  * [GHSA-269g-pwp5-87pp](https://github.com/junit-team/junit4/security/advisories/GHSA-269g-pwp5-87pp \"GHSA-269g-pwp5-87pp\")\n  * [junit-team/junit4@`610155b`](https://github.com/junit-team/junit4/commit/610155b8c22138329f0723eec22521627dbc52ae)\n  * <https://github.com/junit-team/junit4/blob/7852b90cfe1cea1e0cdaa19d490c83f0d8684b50/doc/ReleaseNotes4.13.1.md>\n  * <https://junit.org/junit4/javadoc/4.13/org/junit/rules/TemporaryFolder.html>\n  * <https://nvd.nist.gov/vuln/detail/CVE-2020-15250>\n  * [junit-team/junit4#1676](https://github.com/junit-team/junit4/issues/1676)\n  * <https://lists.apache.org/thread.html/rde385b8b53ed046600ef68dd6b4528dea7566aaddb02c3e702cc28bc@%3Ccommits.creadur.apache.org%3E>\n  * <https://lists.debian.org/debian-lts-announce/2020/11/msg00003.html>\n  * <https://lists.apache.org/thread.html/r500517c23200fb2fdb0b82770a62dd6c88b3521cfb01cfd0c76e3f8b@%3Cdev.creadur.apache.org%3E>\n  * <https://lists.apache.org/thread.html/r5f8841507576f595bb783ccec6a7cb285ea90d4e6f5043eae0e61a41@%3Cdev.creadur.apache.org%3E>\n  * <https://lists.apache.org/thread.html/r717877028482c55acf604d7a0106af4ca05da4208c708fb157b53672@%3Ccommits.creadur.apache.org%3E>\n  * <https://lists.apache.org/thread.html/r95f8ef60c4b3a5284b647bb3132cda08e6fadad888a66b84f49da0b0@%3Ccommits.creadur.apache.org%3E>\n  * <https://lists.apache.org/thread.html/ra1bdb9efae84794e8ffa2f8474be8290ba57830eefe9714b95da714b@%3Cdev.pdfbox.apache.org%3E>\n  * <https://lists.apache.org/thread.html/rb2771949c676ca984e58a5cd5ca79c2634dee1945e0406e48e0f8457@%3Cdev.creadur.apache.org%3E>\n  * <https://lists.apache.org/thread.html/rbaec90e699bc7c7bd9a053f76707a36fda48b6d558f31dc79147dbf9@%3Cdev.creadur.apache.org%3E>\n  * <https://lists.apache.org/thread.html/rc49cf1547ef6cac1be4b3c92339b2cae0acacf5acaba13cfa429a872@%3Cdev.creadur.apache.org%3E>\n  * <https://lists.apache.org/thread.html/rb33212dab7beccaf1ffef9b88610047c644f644c7a0ebdc44d77e381@%3Ccommits.turbine.apache.org%3E>\n  * <https://lists.apache.org/thread.html/raebf13f53cd5d23d990712e3d11c80da9a7bae94a6284050f148ed99@%3Ccommits.pulsar.apache.org%3E>\n  * <https://lists.apache.org/thread.html/r01110833b63616ddbef59ae4e10c0fbd0060f0a51206defd4cb4d917@%3Ccommits.pulsar.apache.org%3E>\n  * <https://lists.apache.org/thread.html/rde8e70b95c992378e8570e4df400c6008a9839eabdfb8f800a3e5af6@%3Ccommits.pulsar.apache.org%3E>\n  * <https://lists.apache.org/thread.html/rdbdd30510a7c4d0908fd22075c02b75bbc2e0d977ec22249ef3133cb@%3Ccommits.pulsar.apache.org%3E>\n  * <https://lists.apache.org/thread.html/rdef7d1380c86e7c0edf8a0f89a2a8db86fce5e363457d56b722691b4@%3Ccommits.pulsar.apache.org%3E>\n  * <https://lists.apache.org/thread.html/rea812d8612fdc46842a2a57248cad4b01ddfdb1e9b037c49e68fdbfb@%3Ccommits.pulsar.apache.org%3E>\n  * <https://lists.apache.org/thread.html/reb700e60b9642eafa4b7922bfee80796394135aa09c7a239ef9f7486@%3Ccommits.pulsar.apache.org%3E>\n  * <https://lists.apache.org/thread.html/rf2ec93f4ca9a97d1958eb4a31b1830f723419ce9bf2018a6e5741d5b@%3Ccommits.pulsar.apache.org%3E>\n  * <https://lists.apache.org/thread.html/rf797d119cc3f51a8d7c3c5cbe50cb4524c8487282b986edde83a9467@%3Ccommits.pulsar.apache.org%3E>\n  * <https://lists.apache.org/thread.html/r30f502d2f79e8d635361adb8108dcbb73095163fcbd776ee7984a094@%3Ccommits.creadur.apache.org%3E>\n  * <https://lists.apache.org/thread.html/r09cfbb5aedd76023691bbce9ca4ce2e16bb07dd37554a17efc19935d@%3Cpluto-dev.portals.apache.org%3E>\n  * <https://lists.apache.org/thread.html/r29d703d1986d9b871466ff24082a1828ac8ad27bb0965a93a383872e@%3Cpluto-scm.portals.apache.org%3E>\n  * <https://lists.apache.org/thread.html/r2b78f23bc2711a76a7fc73ad67b7fcd6817c5cfccefd6f30a4f54943@%3Cdev.knox.apache.org%3E>\n  * <https://lists.apache.org/thread.html/r687f489b10b0d14e46f626aa88476545e1a2600b24c4ebd3c0d2a10b@%3Cdev.knox.apache.org%3E>\n  * <https://lists.apache.org/thread.html/r925eaae7dd8f77dd61eefc49c1fcf54bd9ecfe605486870d7b1e9390@%3Cpluto-dev.portals.apache.org%3E>\n  * <https://lists.apache.org/thread.html/r934208a520b38f5cf0cae199b6b076bfe7d081809528b0eff2459e40@%3Cdev.knox.apache.org%3E>\n  * <https://lists.apache.org/thread.html/rf6e5d894d4b03bef537c9d6641272e0197c047c0d1982b4e176d0353@%3Cdev.knox.apache.org%3E>\n  * <https://lists.apache.org/thread.html/r1209986f79359b518d09513ff05a88e5b3c398540e775edea76a4774@%3Cdev.knox.apache.org%3E>\n  * <https://lists.apache.org/thread.html/r742b44fd75215fc75963b8ecc22b2e4372e68d67d3d859d2b5e8743f@%3Cdev.knox.apache.org%3E>\n  * <https://lists.apache.org/thread.html/r8b02dc6f18df11ff39eedb3038f1e31e6f90a779b1959bae65107279@%3Cdev.knox.apache.org%3E>\n  * <https://lists.apache.org/thread.html/r9710067c7096b83cb6ae8f53a2f6f94e9c042d1bf1d6929f8f2a2b7a@%3Ccommits.knox.apache.org%3E>\n  * <https://lists.apache.org/thread.html/rb2ffe2993f4dccc48d832e1a0f1c419477781b6ea16e725ca2276dbb@%3Cdev.knox.apache.org%3E>\n  * <https://www.oracle.com/security-alerts/cpuapr2022.html>\n\n",
    "Severity": {
        "Score": "4.4/ 10 (Moderate)",
        "CVSS base metrics": {
            "Attack vector": "Local",
            "Attack complexity": "High",
            "Privileges required": "Low",
            "User interaction": "Required",
            "Scope": "Unchanged",
            "Confidentiality": "High",
            "Integrity": "None",
            "Availability": "None"
        },
        "CVSS string": "CVSS:3.1/AV:L/AC:H/PR:L/UI:R/S:U/C:H/I:N/A:N"
    },
    "Weaknesses": [
        "[CWE-200](/advisories?query=cwe%3A200)",
        "[CWE-732](/advisories?query=cwe%3A732)"
    ],
    "CVE ID": "CVE-2020-15250",
    "GHSA ID": "GHSA-269g-pwp5-87pp",
    "Source code": "[junit-team/junit4](https://github.com/junit-team/junit4)"
}