{
    "Title": ".NET Information Disclosure Vulnerability",
    "Meta": {
        "Package": [
            "Microsoft.AspNetCore.App.Runtime.linux-arm([NuGet](/advisories?query=ecosystem%3Anuget))"
        ],
        "Affected versions": [
            ">= 3.1.0, < 3.1.28",
            ">= 6.0.0, < 6.0.8"
        ],
        "Patched versions": [
            "3.1.28",
            "6.0.8"
        ]
    },
    "Description": "Microsoft is releasing this security advisory to provide information about a\nvulnerability in .NET Core 3.1 and .NET 6.0. An information disclosure\nvulnerability exists in .NET Core 3.1 and .NET 6.0 that could lead to\nunauthorized access of privileged information.\n\n## Affected software\n\n  * Any .NET 6.0 application running on .NET 6.0.7 or earlier.\n  * Any .NET Core 3.1 applicaiton running on .NET Core 3.1.27 or earlier.\n\n## Patches\n\n  * If you're using .NET 6.0, you should download and install Runtime 6.0.8 or SDK 6.0.108 (for Visual Studio 2022 v17.1) from <https://dotnet.microsoft.com/download/dotnet-core/6.0>.\n  * If you're using .NET Core 3.1, you should download and install Runtime 3.1.28 (for Visual Studio 2019 v16.9) from <https://dotnet.microsoft.com/download/dotnet-core/3.1>.\n\n### References\n\n  * <https://nvd.nist.gov/vuln/detail/CVE-2022-34716>\n  * <https://portal.msrc.microsoft.com/en-US/security-guidance/advisory/CVE-2022-34716>\n  * [GHSA-vh55-786g-wjwj](https://github.com/dotnet/aspnetcore/security/advisories/GHSA-vh55-786g-wjwj \"GHSA-vh55-786g-wjwj\")\n  * [dotnet/announcements#232](https://github.com/dotnet/announcements/issues/232)\n  * [dotnet/aspnetcore#43166](https://github.com/dotnet/aspnetcore/issues/43166)\n  * <https://msrc.microsoft.com/update-guide/vulnerability/CVE-2022-34716>\n\n",
    "Severity": {
        "Score": "5.9/ 10 (Moderate)",
        "CVSS base metrics": {
            "Attack vector": "Network",
            "Attack complexity": "High",
            "Privileges required": "None",
            "User interaction": "None",
            "Scope": "Unchanged",
            "Confidentiality": "High",
            "Integrity": "None",
            "Availability": "None"
        },
        "CVSS string": "CVSS:3.1/AV:N/AC:H/PR:N/UI:N/S:U/C:H/I:N/A:N"
    },
    "Weaknesses": [],
    "CVE ID": "CVE-2022-34716",
    "GHSA ID": "GHSA-2m65-m22p-9wjw",
    "Source code": "No known source code"
}