{
    "Title": "RosarioSIS XSS Vulnerability",
    "Meta": {
        "Package": [
            "francoisjacquet/rosariosis([Composer](/advisories?query=ecosystem%3Acomposer))"
        ],
        "Affected versions": [
            "<= 8.2.1"
        ],
        "Patched versions": [
            "8.3"
        ]
    },
    "Description": "Reflected Cross-site scripting (XSS) vulnerability in RosarioSIS 8.2.1 allows\nattackers to inject arbitrary HTML via the search_term parameter in the\nmodules/Scheduling/Courses.php script.\n\n### References\n\n  * <https://nvd.nist.gov/vuln/detail/CVE-2021-45416>\n  * <https://github.com/86x/CVE-2021-45416>\n  * <http://rosariosis.com>\n  * <https://gitlab.com/francoisjacquet/rosariosis/-/commit/aec018065ca12ecef03ee454a8112f992ea35315>\n  * <https://www.youtube.com/watch?v=PvFUxSGpWpY>\n\n",
    "Severity": {
        "Score": "(Moderate)"
    },
    "Weaknesses": [
        "[CWE-79](/advisories?query=cwe%3A79)"
    ],
    "CVE ID": "CVE-2021-45416",
    "GHSA ID": "GHSA-287r-574x-f4h4",
    "Source code": "No known source code"
}