{
    "Title": "IPython vulnerable to command injection via set_term_title",
    "Meta": {
        "Package": [
            "IPython([pip](/advisories?query=ecosystem%3Apip))"
        ],
        "Affected versions": [
            "< 8.10"
        ],
        "Patched versions": [
            "8.10"
        ]
    },
    "Description": "IPython provides an interactive Python shell and Jupyter kernel to use Python\ninteractively. Versions prior to 8.10.0 are vulnerable to command injection in\nthe `set_term_title`\n[function](https://github.com/ipython/ipython/blob/3f0bf05f072a91b2a3042d23ce250e5e906183fd/IPython/utils/terminal.py#L103-L117)\nunder specific conditions. This has been patched in version 8.10.0.\n\n### Impact\n\nUsers are only vulnerable when calling this function in Windows in a Python\nenvironment where [ctypes](https://docs.python.org/3/library/ctypes.html) is\nnot available. The dependency on ctypes in `IPython.utils._process_win32`\nprevents the vulnerable code from ever being reached (making it effectively\ndead code). However, as a library that could be used by another tool,\n`set_term_title` could introduce a vulnerability for dependencies. Currently\n`set_term_title` is only called with (semi-)trusted input that contain the\ncurrent working directory of the current IPython session. If an attacker can\ncontrol directory names, and manage to get a user to `cd` into this directory,\nthen the attacker can execute arbitrary commands contained in the folder\nnames.\n\n### References\n\n  * [GHSA-29gw-9793-fvw7](https://github.com/ipython/ipython/security/advisories/GHSA-29gw-9793-fvw7 \"GHSA-29gw-9793-fvw7\")\n  * [ipython/ipython@`385d693`](https://github.com/ipython/ipython/commit/385d69325319a5972ee9b5983638e3617f21cb1f)\n  * [ipython/ipython@`991849c`](https://github.com/ipython/ipython/commit/991849c247fc208628879e7ca2923b3c218a5a75)\n  * <https://github.com/Carreau/ipython/blob/7557ade0ed927475d5ab5b573d0ea4febfb22683/docs/source/whatsnew/version8.rst#ipython-810>\n  * <https://nvd.nist.gov/vuln/detail/CVE-2023-24816>\n  * <https://github.com/ipython/ipython/blob/3f0bf05f072a91b2a3042d23ce250e5e906183fd/IPython/utils/terminal.py#L103-L117>\n  * <https://github.com/ipython/ipython/blob/56e6925dfa50e2c7f4a6471547b8176275db7c25/IPython/utils/_process_win32.py#L20>\n\n",
    "Severity": {
        "Score": "4.5/ 10 (Moderate)",
        "CVSS base metrics": {
            "Attack vector": "Local",
            "Attack complexity": "High",
            "Privileges required": "None",
            "User interaction": "Required",
            "Scope": "Unchanged",
            "Confidentiality": "Low",
            "Integrity": "Low",
            "Availability": "Low"
        },
        "CVSS string": "CVSS:3.1/AV:L/AC:H/PR:N/UI:R/S:U/C:L/I:L/A:L"
    },
    "Weaknesses": [
        "[CWE-20](/advisories?query=cwe%3A20)",
        "[CWE-78](/advisories?query=cwe%3A78)"
    ],
    "CVE ID": "CVE-2023-24816",
    "GHSA ID": "GHSA-29gw-9793-fvw7",
    "Source code": "[ipython/ipython](https://github.com/ipython/ipython)"
}