{
    "Title": "Data races in parc",
    "Meta": {
        "Package": [
            "parc([Rust](/advisories?query=ecosystem%3Arust))"
        ],
        "Affected versions": [
            "<= 1.0.1"
        ],
        "Patched versions": [
            "None"
        ]
    },
    "Description": "In the affected versions of this crate, LockWeak unconditionally implemented\nSend with no trait bounds on T. LockWeak doesn't own T and only provides &T.\nThis allows concurrent access to a non-Sync T, which can cause undefined\nbehavior like data races.\n\n### References\n\n  * <https://nvd.nist.gov/vuln/detail/CVE-2020-36454>\n  * [hyyking/rustracts#6](https://github.com/hyyking/rustracts/pull/6)\n  * <https://raw.githubusercontent.com/rustsec/advisory-db/main/crates/parc/RUSTSEC-2020-0134.md>\n  * <https://rustsec.org/advisories/RUSTSEC-2020-0134.html>\n\n",
    "Severity": {
        "Score": "8.1/ 10 (High)",
        "CVSS base metrics": {
            "Attack vector": "Network",
            "Attack complexity": "High",
            "Privileges required": "None",
            "User interaction": "None",
            "Scope": "Unchanged",
            "Confidentiality": "High",
            "Integrity": "High",
            "Availability": "High"
        },
        "CVSS string": "CVSS:3.1/AV:N/AC:H/PR:N/UI:N/S:U/C:H/I:H/A:H"
    },
    "Weaknesses": [
        "[CWE-119](/advisories?query=cwe%3A119)",
        "[CWE-362](/advisories?query=cwe%3A362)"
    ],
    "CVE ID": "CVE-2020-36454",
    "GHSA ID": "GHSA-29v7-3v4c-gf38",
    "Source code": "[hyyking/rustracts/tree/master/parc](https://github.com/hyyking/rustracts/tree/master/parc)"
}