{
    "Title": "Jenkins does not exclude sensitive build variables from search",
    "Meta": {
        "Package": [
            "org.jenkins-ci.main:jenkins-core([Maven](/advisories?query=ecosystem%3Amaven))"
        ],
        "Affected versions": [
            ">= 2.50, < 2.414.2",
            ">= 2.415, < 2.424"
        ],
        "Patched versions": [
            "2.414.2",
            "2.424"
        ]
    },
    "Description": "Jenkins allows filtering builds in the build history widget by specifying an\nexpression that searches for matching builds by name, description, parameter\nvalues, etc.\n\nJenkins 2.50 through 2.423 (both inclusive), LTS 2.60.1 through 2.414.1 (both\ninclusive) does not exclude sensitive build variables (e.g., password\nparameter values) from this search.\n\nThis allows attackers with Item/Read permission to obtain values of sensitive\nvariables used in builds by iteratively testing different characters until the\ncorrect sequence is discovered.\n\nJenkins 2.424, LTS 2.414.2 excludes sensitive variables from this search.\n\n### References\n\n  * <https://nvd.nist.gov/vuln/detail/CVE-2023-43494>\n  * <https://www.jenkins.io/security/advisory/2023-09-20/#SECURITY-3261>\n  * <http://www.openwall.com/lists/oss-security/2023/09/20/5>\n\n",
    "Severity": {
        "Score": "4.3/ 10 (Moderate)",
        "CVSS base metrics": {
            "Attack vector": "Network",
            "Attack complexity": "Low",
            "Privileges required": "Low",
            "User interaction": "None",
            "Scope": "Unchanged",
            "Confidentiality": "Low",
            "Integrity": "None",
            "Availability": "None"
        },
        "CVSS string": "CVSS:3.1/AV:N/AC:L/PR:L/UI:N/S:U/C:L/I:N/A:N"
    },
    "Weaknesses": [],
    "CVE ID": "CVE-2023-43494",
    "GHSA ID": "GHSA-279f-qwgh-h5mp",
    "Source code": "No known source code"
}