{
    "Title": "Stack overflow in TensorFlow",
    "Meta": {
        "Package": [
            "tensorflow([pip](/advisories?query=ecosystem%3Apip))"
        ],
        "Affected versions": [
            "< 2.5.3",
            ">= 2.6.0, < 2.6.3",
            "= 2.7.0"
        ],
        "Patched versions": [
            "2.5.3",
            "2.6.3",
            "2.7.1"
        ]
    },
    "Description": "### Impact\n\nThe `GraphDef` format in TensorFlow does not allow self recursive functions.\nThe runtime assumes that this invariant is satisfied. However, a `GraphDef`\ncontaining a fragment such as the following can be consumed when loading a\n`SavedModel`:\n\n    \n    \n      library {\n        function {\n          signature {\n            name: \"SomeOp\"\n            description: \"Self recursive op\"\n          }\n          node_def {\n            name: \"1\"\n            op: \"SomeOp\"\n          }\n          node_def {\n            name: \"2\"\n            op: \"SomeOp\"\n          }\n        }\n      } \n    \n\nThis would result in a stack overflow during execution as resolving each\n`NodeDef` means resolving the function itself and its nodes.\n\n### Patches\n\nWe have patched the issue in GitHub commit\n[448a16182065bd08a202d9057dd8ca541e67996c](https://github.com/tensorflow/tensorflow/commit/448a16182065bd08a202d9057dd8ca541e67996c).\n\nThe fix will be included in TensorFlow 2.8.0. We will also cherrypick this\ncommit on TensorFlow 2.7.1, TensorFlow 2.6.3, and TensorFlow 2.5.3, as these\nare also affected and still in supported range.\n\n### For more information\n\nPlease consult [our security\nguide](https://github.com/tensorflow/tensorflow/blob/master/SECURITY.md) for\nmore information regarding the security model and how to contact us with\nissues and questions.\n\n### References\n\n  * [GHSA-247x-2f9f-5wp7](https://github.com/tensorflow/tensorflow/security/advisories/GHSA-247x-2f9f-5wp7 \"GHSA-247x-2f9f-5wp7\")\n  * [tensorflow/tensorflow@`448a161`](https://github.com/tensorflow/tensorflow/commit/448a16182065bd08a202d9057dd8ca541e67996c)\n  * <https://nvd.nist.gov/vuln/detail/CVE-2022-23591>\n\n",
    "Severity": {
        "Score": "7.5/ 10 (High)",
        "CVSS base metrics": {
            "Attack vector": "Network",
            "Attack complexity": "Low",
            "Privileges required": "None",
            "User interaction": "None",
            "Scope": "Unchanged",
            "Confidentiality": "None",
            "Integrity": "None",
            "Availability": "High"
        },
        "CVSS string": "CVSS:3.1/AV:N/AC:L/PR:N/UI:N/S:U/C:N/I:N/A:H"
    },
    "Weaknesses": [
        "[CWE-400](/advisories?query=cwe%3A400)",
        "[CWE-674](/advisories?query=cwe%3A674)"
    ],
    "CVE ID": "CVE-2022-23591",
    "GHSA ID": "GHSA-247x-2f9f-5wp7",
    "Source code": "[tensorflow/tensorflow/](https://github.com/tensorflow/tensorflow/)"
}