{
    "Title": "OpenStack Keystone Credential Leakage",
    "Meta": {
        "Package": [
            "keystone([pip](/advisories?query=ecosystem%3Apip))"
        ],
        "Affected versions": [
            "= 15.0.0",
            "= 16.0.0"
        ],
        "Patched versions": [
            "15.0.1",
            "16.0.1"
        ]
    },
    "Description": "OpenStack Keystone 15.0.0 and 16.0.0 is affected by Data Leakage in the list\ncredentials API. Any user with a role on a project is able to list any\ncredentials with the `/v3/credentials` API when `enforce_scope` is false.\nUsers with a role on a project are able to view any other users' credentials,\nwhich could (for example) leak sign-on information for Time-based One Time\nPasswords (TOTP). Deployments with enforce_scope set to false are affected.\n(There will be a slight performance impact for the list credentials API once\nthis issue is fixed.)\n\n### References\n\n  * <https://nvd.nist.gov/vuln/detail/CVE-2019-19687>\n  * <https://access.redhat.com/errata/RHSA-2019:4358>\n  * <https://bugs.launchpad.net/keystone/+bug/1855080>\n  * <https://review.opendev.org/#/c/697355/>\n  * <https://review.opendev.org/#/c/697611/>\n  * <https://review.opendev.org/#/c/697731/>\n  * <https://security.openstack.org/ossa/OSSA-2019-006.html>\n  * <http://www.openwall.com/lists/oss-security/2019/12/11/8>\n  * [openstack/keystone@`17c337d`](https://github.com/openstack/keystone/commit/17c337dbdbfb9d548ad531c2ad0483c9bce5b98f)\n  * <https://bugzilla.redhat.com/show_bug.cgi?id=1781470>\n  * <https://git.openstack.org/cgit/openstack/keystone/commit/?id=17947516b0095c51da5cff94771247f2e7c44ee6>\n  * <https://git.openstack.org/cgit/openstack/keystone/commit/?id=17c337dbdbfb9d548ad531c2ad0483c9bce5b98f>\n  * <https://git.openstack.org/cgit/openstack/keystone/commit/?id=bd3f63787151183f4daa43578aa491856fefae5b>\n\n",
    "Severity": {
        "Score": "8.8/ 10 (High)",
        "CVSS base metrics": {
            "Attack vector": "Network",
            "Attack complexity": "Low",
            "Privileges required": "Low",
            "User interaction": "None",
            "Scope": "Unchanged",
            "Confidentiality": "High",
            "Integrity": "High",
            "Availability": "High"
        },
        "CVSS string": "CVSS:3.1/AV:N/AC:L/PR:L/UI:N/S:U/C:H/I:H/A:H"
    },
    "Weaknesses": [
        "[CWE-522](/advisories?query=cwe%3A522)"
    ],
    "CVE ID": "CVE-2019-19687",
    "GHSA ID": "GHSA-2j23-fwqm-mgwr",
    "Source code": "[openstack/keystone](https://github.com/openstack/keystone)"
}