{
    "Title": "Cross-Site Scripting in exceljs",
    "Meta": {
        "Package": [
            "exceljs([npm](/advisories?query=ecosystem%3Anpm))"
        ],
        "Affected versions": [
            "< 1.6.0"
        ],
        "Patched versions": [
            "1.6.0"
        ]
    },
    "Description": "Versions of `exceljs` before 1.6.0 are vulnerable to cross-site scripting.\n\nThis vulnerability is due to `exceljs` not validating data from parsed XLSX\nfile and embedding HTML tags, like `<script>` directly into the sheet cells.\nBecause of this it's possible to inject malicious JavaScript code and execute\nit when data from the sheet is displayed in the browser.\n\n## Recommendation\n\nUpdate to version 1.6.0 or later.\n\n### References\n\n  * <https://nvd.nist.gov/vuln/detail/CVE-2018-16459>\n  * <https://hackerone.com/reports/356809>\n  * [GHSA-2j2j-8rrv-264g](https://github.com/advisories/GHSA-2j2j-8rrv-264g \"GHSA-2j2j-8rrv-264g\")\n  * <https://github.com/nodejs/security-wg/blob/master/vuln/npm/464.json>\n  * <https://www.npmjs.com/advisories/733>\n\n",
    "Severity": {
        "Score": "6.1/ 10 (Moderate)",
        "CVSS base metrics": {
            "Attack vector": "Network",
            "Attack complexity": "Low",
            "Privileges required": "None",
            "User interaction": "Required",
            "Scope": "Changed",
            "Confidentiality": "Low",
            "Integrity": "Low",
            "Availability": "None"
        },
        "CVSS string": "CVSS:3.0/AV:N/AC:L/PR:N/UI:R/S:C/C:L/I:L/A:N"
    },
    "Weaknesses": [
        "[CWE-79](/advisories?query=cwe%3A79)"
    ],
    "CVE ID": "CVE-2018-16459",
    "GHSA ID": "GHSA-2j2j-8rrv-264g",
    "Source code": "No known source code"
}