{
    "Title": "OSGi applications using Vaadin 12-14 and 19 vulnerable to server classes and resources exposure",
    "Meta": {
        "Package": [
            "com.vaadin:flow-server([Maven](/advisories?query=ecosystem%3Amaven))"
        ],
        "Affected versions": [
            "= 6.0.0",
            ">= 1.2.0, <= 2.4.7"
        ],
        "Patched versions": [
            "6.0.1",
            "2.4.8"
        ]
    },
    "Description": "Vulnerability in OSGi integration in `com.vaadin:flow-server` versions 1.2.0\nthrough 2.4.7 (Vaadin 12.0.0 through 14.4.9), and 6.0.0 through 6.0.1 (Vaadin\n19.0.0) allows attacker to access application classes and resources on the\nserver via crafted HTTP request.\n\n  * <https://vaadin.com/security/cve-2021-31407>\n\n### References\n\n  * [GHSA-25xc-jwfq-39jw](https://github.com/vaadin/flow/security/advisories/GHSA-25xc-jwfq-39jw \"GHSA-25xc-jwfq-39jw\")\n  * <https://vaadin.com/security/cve-2021-31407>\n  * <https://nvd.nist.gov/vuln/detail/CVE-2021-31407>\n  * [vaadin/osgi#50](https://github.com/vaadin/osgi/issues/50)\n  * [vaadin/flow#10229](https://github.com/vaadin/flow/pull/10229)\n  * [vaadin/flow#10269](https://github.com/vaadin/flow/pull/10269)\n\n",
    "Severity": {
        "Score": "8.6/ 10 (High)",
        "CVSS base metrics": {
            "Attack vector": "Network",
            "Attack complexity": "Low",
            "Privileges required": "None",
            "User interaction": "None",
            "Scope": "Changed",
            "Confidentiality": "High",
            "Integrity": "None",
            "Availability": "None"
        },
        "CVSS string": "CVSS:3.1/AV:N/AC:L/PR:N/UI:N/S:C/C:H/I:N/A:N"
    },
    "Weaknesses": [
        "[CWE-402](/advisories?query=cwe%3A402)",
        "[CWE-668](/advisories?query=cwe%3A668)"
    ],
    "CVE ID": "CVE-2021-31407",
    "GHSA ID": "GHSA-25xc-jwfq-39jw",
    "Source code": "[vaadin/flow](https://github.com/vaadin/flow)"
}