{
    "Title": "Apache Geronimo console 1.0 vulnerable to cross-site scripting",
    "Meta": {
        "Package": [
            "geronimo:geronimo-console-standard([Maven](/advisories?query=ecosystem%3Amaven))"
        ],
        "Affected versions": [
            "< 1.1"
        ],
        "Patched versions": [
            "1.1"
        ]
    },
    "Description": "Multiple cross-site scripting (XSS) vulnerabilities in Apache Geronimo 1.0\nallow remote attackers to inject arbitrary web script or HTML via the (1) time\nparameter to cal2.jsp and (2) any invalid parameter, which causes an XSS when\nthe log file is viewed by the Web-Access-Log viewer. Version 1.1 contains\nfixes for these issues.\n\n### References\n\n  * <https://nvd.nist.gov/vuln/detail/CVE-2006-0254>\n  * <https://exchange.xforce.ibmcloud.com/vulnerabilities/24158>\n  * <https://exchange.xforce.ibmcloud.com/vulnerabilities/24159>\n  * [https://issues.apache.org/jira/secure/ReleaseNote.jspa?version=12310181&styleName=Html&projectId=10220&Create=Create](https://issues.apache.org/jira/secure/ReleaseNote.jspa?version=12310181&styleName=Html&projectId=10220&Create=Create)\n  * <http://issues.apache.org/jira/browse/GERONIMO-1474>\n  * <http://rhn.redhat.com/errata/RHSA-2008-0630.html>\n  * <http://secunia.com/advisories/18485>\n  * <http://secunia.com/advisories/31493>\n  * <http://www.oliverkarow.de/research/geronimo_css.txt>\n  * <http://www.redhat.com/support/errata/RHSA-2008-0261.html>\n  * <http://www.securityfocus.com/archive/1/421996/100/0/threaded>\n  * <http://www.securityfocus.com/bid/16260>\n  * <http://www.vupen.com/english/advisories/2006/0217>\n  * <https://geronimo.apache.org/GMOxDOC11/release-notes-11txt.html>\n  * <https://issues.apache.org/jira/secure/attachment/12322088/GERONIMO-1474.patch>\n  * [http://svn.apache.org/viewvc?view=revision&revision=372322](http://svn.apache.org/viewvc?view=revision&revision=372322)\n\n",
    "Severity": {
        "Score": "(Moderate)"
    },
    "Weaknesses": [
        "[CWE-79](/advisories?query=cwe%3A79)"
    ],
    "CVE ID": "CVE-2006-0254",
    "GHSA ID": "GHSA-2jxh-3cx8-xw65",
    "Source code": "[http://svn.apache.org/viewvc/geronimo/](http://svn.apache.org/viewvc/geronimo/)"
}