{
    "Title": "Sylius PayPal Plugin allows unauthorized access to Credit card form, exposing payer name and not requiring 3DS",
    "Meta": {
        "Package": [
            "sylius/paypal-plugin([Composer](/advisories?query=ecosystem%3Acomposer))"
        ],
        "Affected versions": [
            ">= 1.0.0, < 1.2.4",
            ">= 1.3.0, < 1.3.1"
        ],
        "Patched versions": [
            "1.2.4",
            "1.3.1"
        ]
    },
    "Description": "### Impact\n\nURL to the payment page done after checkout was created with autoincremented\npayment id (`/pay-with-paypal/{id}`) and therefore it was easy to access for\nanyone, not even the order's customer. The problem was, the Credit card form\nhas prefilled \"credit card holder\" field with the Customer's first and last\nname.  \nAdditionally, the mentioned form did not require a 3D Secure authentication,\nas well as did not checked the result of the 3D Secure authentication.\n\n### Patches\n\nThe problem has been patched in Sylius/PayPalPlugin **1.2.4** and **1.3.1**\n\n### Workarounds\n\nOne can override a `sylius_paypal_plugin_pay_with_paypal_form` route and\nchange its URL parameters to (for example) `{orderToken}/{paymentId}`, then\noverride the `Sylius\\PayPalPlugin\\Controller\\PayWithPayPalFormAction` service,\nto operate on the payment taken from the repository by these 2 values. It\nwould also require usage of custom repository method.  \nAdditionally, one could override the\n`@SyliusPayPalPlugin/payWithPaypal.html.twig` template, to add `contingencies:\n['SCA_ALWAYS']` line in `hostedFields.submit(...)` function call (line 421).\nIt would then have to be handled in the function callback.\n\n### For more information\n\nIf you have any questions or comments about this advisory:\n\n  * Open an issue in Sylius/PayPalPlugin issues\n  * Email us at security at sylius dot com\n\n### References\n\n  * [GHSA-25fx-mxc2-76g7](https://github.com/Sylius/PayPalPlugin/security/advisories/GHSA-25fx-mxc2-76g7 \"GHSA-25fx-mxc2-76g7\")\n  * <https://nvd.nist.gov/vuln/detail/CVE-2021-41120>\n  * [Sylius/PayPalPlugin@`2adc46b`](https://github.com/Sylius/PayPalPlugin/commit/2adc46be2764ccee22b4247139b8056fb8d1afff)\n  * [Sylius/PayPalPlugin@`814923c`](https://github.com/Sylius/PayPalPlugin/commit/814923c2e9d97fe6279dcee866c34ced3d2fb7a7)\n\n",
    "Severity": {
        "Score": "7.5/ 10 (High)",
        "CVSS base metrics": {
            "Attack vector": "Network",
            "Attack complexity": "Low",
            "Privileges required": "None",
            "User interaction": "None",
            "Scope": "Unchanged",
            "Confidentiality": "High",
            "Integrity": "None",
            "Availability": "None"
        },
        "CVSS string": "CVSS:3.1/AV:N/AC:L/PR:N/UI:N/S:U/C:H/I:N/A:N"
    },
    "Weaknesses": [
        "[CWE-200](/advisories?query=cwe%3A200)",
        "[CWE-639](/advisories?query=cwe%3A639)"
    ],
    "CVE ID": "CVE-2021-41120",
    "GHSA ID": "GHSA-25fx-mxc2-76g7",
    "Source code": "[Sylius/PayPalPlugin](https://github.com/Sylius/PayPalPlugin)"
}