{
    "Title": "Plone Sandbox Bypass",
    "Meta": {
        "Package": [
            "plone([pip](/advisories?query=ecosystem%3Apip))"
        ],
        "Affected versions": [
            "< 4.2.3",
            ">= 4.3a1, < 4.3b1"
        ],
        "Patched versions": [
            "4.2.3",
            "4.3b1"
        ]
    },
    "Description": "`gtbn.py` in Plone before 4.2.3 and 4.3 before beta 1 allows remote\nauthenticated users with certain permissions to bypass the Python sandbox and\nexecute arbitrary Python code via unspecified vectors.\n\n### References\n\n  * <https://nvd.nist.gov/vuln/detail/CVE-2012-5493>\n  * <https://github.com/plone/Products.CMFPlone/blob/4.2.3/docs/CHANGES.txt>\n  * <https://plone.org/products/plone-hotfix/releases/20121106>\n  * <https://plone.org/products/plone/security/advisories/20121106/09>\n  * <http://www.openwall.com/lists/oss-security/2012/11/10/1>\n\n",
    "Severity": {
        "Score": "(High)"
    },
    "Weaknesses": [
        "[CWE-94](/advisories?query=cwe%3A94)",
        "[CWE-693](/advisories?query=cwe%3A693)"
    ],
    "CVE ID": "CVE-2012-5493",
    "GHSA ID": "GHSA-25jh-5h5r-h33m",
    "Source code": "No known source code"
}