{
    "Title": "Unrestricted upload of file with dangerous type in Apache Solr",
    "Meta": {
        "Package": [
            "org.apache.solr:solr-core([Maven](/advisories?query=ecosystem%3Amaven))"
        ],
        "Affected versions": [
            ">= 8.1.1, <= 8.2.0"
        ],
        "Patched versions": [
            "8.3.0"
        ]
    },
    "Description": "The 8.1.1 and 8.2.0 releases of Apache Solr contain an insecure setting for\nthe ENABLE_REMOTE_JMX_OPTS configuration option in the default solr.in.sh\nconfiguration file shipping with Solr. If you use the default solr.in.sh file\nfrom the affected releases, then JMX monitoring will be enabled and exposed on\nRMI_PORT (default=18983), without any authentication. If this port is opened\nfor inbound traffic in your firewall, then anyone with network access to your\nSolr nodes will be able to access JMX, which may in turn allow them to upload\nmalicious code for execution on the Solr server.\n\n### References\n\n  * <https://nvd.nist.gov/vuln/detail/CVE-2019-12409>\n  * <https://github.com/github/advisory-review/pull/12462>\n  * <https://issues.apache.org/jira/browse/SOLR-13647>\n  * <https://lists.apache.org/thread.html/6640c7e370fce2b74e466a605a46244ccc40666ad9e3064a4e04a85d@%3Csolr-user.lucene.apache.org%3E>\n  * [https://support.f5.com/csp/article/K23720587?utm_source=f5support&amp;utm_medium=RSS](https://support.f5.com/csp/article/K23720587?utm_source=f5support&amp;utm_medium=RSS)\n  * <https://github.com/DrunkenShells/Disclosures/tree/master/CVE-2019-12409-RCE%20Vulnerability%20Due%20to%20Bad%20Defalut%20Config-Apache%20Solr>\n  * <https://lists.apache.org/thread.html/47e112035b4aa67ece3b75dbcd1b9c9212895b9dfe2a71f6f7c174e2@%3Cannounce.apache.org%3E>\n  * <https://lists.apache.org/thread.html/925cdb49ceae78baddb45da7beb9b4d2b1ddc4a8e318c65e91fb4e87@%3Cissues.lucene.apache.org%3E>\n  * <https://lists.apache.org/thread.html/a044eae4f6f5b0160ece5bf9cc4c0dad90ce7dd9bb210a9dc50b54be@%3Cgeneral.lucene.apache.org%3E>\n  * <https://lists.apache.org/thread.html/ce7c0b456b15f6c7518adefa54ec948fed6de8e951a2584500c1e541@%3Cissues.lucene.apache.org%3E>\n\n",
    "Severity": {
        "Score": "9.8/ 10 (Critical)",
        "CVSS base metrics": {
            "Attack vector": "Network",
            "Attack complexity": "Low",
            "Privileges required": "None",
            "User interaction": "None",
            "Scope": "Unchanged",
            "Confidentiality": "High",
            "Integrity": "High",
            "Availability": "High"
        },
        "CVSS string": "CVSS:3.1/AV:N/AC:L/PR:N/UI:N/S:U/C:H/I:H/A:H"
    },
    "Weaknesses": [
        "[CWE-434](/advisories?query=cwe%3A434)"
    ],
    "CVE ID": "CVE-2019-12409",
    "GHSA ID": "GHSA-2289-pqfq-6wx7",
    "Source code": "No known source code"
}