{
    "Title": "Memory leak in micronaut-core",
    "Meta": {
        "Package": [
            "io.micronaut:micronaut-http([Maven](/advisories?query=ecosystem%3Amaven))"
        ],
        "Affected versions": [
            "< 3.2.7"
        ],
        "Patched versions": [
            "3.2.7"
        ]
    },
    "Description": "### Impact\n\nSending an invalid Content Type header leads to memory leak in\n`DefaultArgumentConversionContext` as this type is erroneously used in static\nstate.\n\n### Patches\n\nThe problem is patched in Micronaut 3.2.7 and above.\n\n### Workarounds\n\nThe default content type binder can be replaced in an existing Micronaut\napplication to mitigate the issue:\n\n    \n    \n    package example;\n    \n    import java.util.List;\n    import io.micronaut.context.annotation.Replaces;\n    import io.micronaut.core.convert.ConversionService;\n    import io.micronaut.http.MediaType;\n    import io.micronaut.http.bind.DefaultRequestBinderRegistry;\n    import io.micronaut.http.bind.binders.RequestArgumentBinder;\n    import jakarta.inject.Singleton;\n    \n    @Singleton\n    @Replaces(DefaultRequestBinderRegistry.class)\n    class FixedRequestBinderRegistry extends DefaultRequestBinderRegistry {\n    \n        public FixedRequestBinderRegistry(ConversionService conversionService,\n                                          List<RequestArgumentBinder> binders) {\n            super(conversionService, binders);\n        }\n    \n        @Override\n        protected void registerDefaultConverters(ConversionService<?> conversionService) {\n            super.registerDefaultConverters(conversionService);\n            conversionService.addConverter(CharSequence.class, MediaType.class, charSequence -> {\n                try {\n                    return MediaType.of(charSequence);\n                } catch (IllegalArgumentException e) {\n                    return null;\n                }\n            });\n        }\n    }\n\n### References\n\nCommit that introduced the vulnerability [micronaut-projects/micronaut-\ncore@`b8ec32c`](https://github.com/micronaut-projects/micronaut-\ncore/commit/b8ec32c311689667c69ae7d9f9c3b3a8abc96fe3)\n\n### For more information\n\nIf you have any questions or comments about this advisory:\n\n  * Open an issue in [Micronaut Core](https://github.com/micronaut-projects/micronaut-core/issues)\n  * Email us at [info@micronaut.io](mailto:info@micronaut.io)\n\n### References\n\n  * [GHSA-2457-2263-mm9f](https://github.com/micronaut-projects/micronaut-core/security/advisories/GHSA-2457-2263-mm9f \"GHSA-2457-2263-mm9f\")\n  * [micronaut-projects/micronaut-core@`b8ec32c`](https://github.com/micronaut-projects/micronaut-core/commit/b8ec32c311689667c69ae7d9f9c3b3a8abc96fe3)\n  * <https://nvd.nist.gov/vuln/detail/CVE-2022-21700>\n\n",
    "Severity": {
        "Score": "5.3/ 10 (Moderate)",
        "CVSS base metrics": {
            "Attack vector": "Network",
            "Attack complexity": "Low",
            "Privileges required": "None",
            "User interaction": "None",
            "Scope": "Unchanged",
            "Confidentiality": "None",
            "Integrity": "None",
            "Availability": "Low"
        },
        "CVSS string": "CVSS:3.1/AV:N/AC:L/PR:N/UI:N/S:U/C:N/I:N/A:L"
    },
    "Weaknesses": [
        "[CWE-400](/advisories?query=cwe%3A400)"
    ],
    "CVE ID": "CVE-2022-21700",
    "GHSA ID": "GHSA-2457-2263-mm9f",
    "Source code": "[micronaut-projects/micronaut-core/](https://github.com/micronaut-projects/micronaut-core/)"
}