{
    "Title": "Cosmos-SDK Cosmovisor component may be vulnerable to denial of service",
    "Meta": {
        "Package": [
            "github.com/cosmos/cosmos-sdk([Go](/advisories?query=ecosystem%3Ago))"
        ],
        "Affected versions": [
            "< 0.46"
        ],
        "Patched versions": [
            "0.46"
        ]
    },
    "Description": "**Component** : Cosmovisor  \n**Criticality** : Medium  \n**Affected Versions** : Cosmovisor < v1.0.0 (distributed with Cosmos-SDK <\n0.46)  \n**Affected Users** : Validators and Node operators utilizing unsupported\nversions of Cosmovisor  \n**Impact** : DOS, potential RCE on node depending on configuration\n\nAn issue has been identified on unsupported versions of Cosmovisor which may\nresult in a Denial of Service or Remote Code Execution path depending on\nconfiguration for a node or validator using the vulnerable version to manage\ntheir node.\n\nIf a validator is utilizing an affected version of Cosmovisor with\n`DAEMON_ALLOW_DOWNLOAD_BINARIES` set to true, a non-default configuration, it\nmay be possible for an attacker to trigger a Remote Code Execution path as\nwell on the host. In this configuration it is recommended to immediately stop\nuse of the `DAEMON_ALLOW_DOWNLOAD_BINARIES` feature, and then proceed with an\nupgrade of Cosmovisor.\n\nIt is recommended that all validators utilizing unsupported versions of\nCosmovisor to upgrade to the latest supported versions immediately. If you are\nutilizing a forked version of Cosmos-SDK, it is recommended to stop use of\nCosmovisor until it is possible to update to a supported version of\nCosmovisor, whether through your project\u2019s fork, or directly compiled from the\nCosmos-SDK. At the time of this advisory, the latest version of Cosmovisor is\nv1.5.0.\n\nAdditionally, the Amulet team recommends that developers building chains\npowered by Cosmos-SDK share this advisory with validators and node operators\nto ensure this information is available to all impacted parties within their\necosystems.\n\nFor more information about Cosmovisor, see\n<https://docs.cosmos.network/main/tooling/cosmovisor>\n\nThis issue was discovered by [Maxwell Dulin](https://maxwelldulin.com) and\nNathan Kirkland, who reported it to the Cosmos Bug Bounty Program. If you\nbelieve you have found a bug in the Interchain Stack or would like to\ncontribute to the program by reporting a bug, please see\n<https://hackerone.com/cosmos>.\n\n## How to tell if I am affected?\n\nRunning the following command will output whether your cosmovisor version is\nvulnerable to this issue or not.\n\nVulnerable to this issue:\n\n    \n    \n    strings ./cosmovisor | grep -q \"NEEDED at\" && echo \"vulnerable\" || echo \"NOT vulnerable\"\n    \n    vulnerable\n    \n\nNOT vulnerable to this issue:\n\n    \n    \n    strings ./cosmovisor_new | grep -q \"NEEDED at\" && echo \"vulnerable\" || echo \"NOT vulnerable\"\n    \n    NOT vulnerable\n    \n\n* * *\n\nA Note from Amulet on the Security Advisory Process\n\nIn the interest of timely resolution of this issue for validators and node\noperators, the Amulet team has chosen to use existing processes and resources\nfor distributing security advisories within the Cosmos and Interchain\nEcosystems. Stay tuned as we implement an improved, more robust security\nadvisory distribution system that will provide equitable access to information\nabout security issues in the Interchain Stack.\n\n### References\n\n  * [GHSA-23px-mw2p-46qm](https://github.com/cosmos/cosmos-sdk/security/advisories/GHSA-23px-mw2p-46qm \"GHSA-23px-mw2p-46qm\")\n  * <https://github.com/cosmos/cosmos-sdk/blob/tools/cosmovisor/v1.5.0/tools/cosmovisor/CHANGELOG.md>\n  * <https://github.com/cosmos/cosmos-sdk/releases/tag/v0.46.0>\n\n",
    "Severity": {
        "Score": "(Moderate)"
    },
    "Weaknesses": [],
    "CVE ID": "No known CVE",
    "GHSA ID": "GHSA-23px-mw2p-46qm",
    "Source code": "[cosmos/cosmos-sdk](https://github.com/cosmos/cosmos-sdk)"
}