{
    "Title": "SEOmatic for CraftCMS allows Server-Side Template Injection",
    "Meta": {
        "Package": [
            "nystudio107/craft-seomatic([Composer](/advisories?query=ecosystem%3Acomposer))"
        ],
        "Affected versions": [
            "< 3.2.49"
        ],
        "Patched versions": [
            "3.2.49"
        ]
    },
    "Description": "In the SEOmatic plugin before 3.2.49 for Craft CMS, helpers/DynamicMeta.php\ndoes not properly sanitize the URL. This leads to Server-Side Template\nInjection and credentials disclosure via a crafted Twig template after a\nsemicolon.\n\n### References\n\n  * <https://nvd.nist.gov/vuln/detail/CVE-2020-12790>\n  * [nystudio107/craft-seomatic@`82f4a25`#diff-52fd042c50432133a00a8f840f4a6165](https://github.com/nystudio107/craft-seomatic/commit/82f4a25b28fd622393da6592dc9e5ccee7fc5be3#diff-52fd042c50432133a00a8f840f4a6165)\n  * <https://github.com/nystudio107/craft-seomatic/blob/v3/CHANGELOG.md#3249---20200324>\n  * <https://github.com/nystudio107/craft-seomatic/releases/tag/3.2.49>\n  * <https://isec.pl/en/vulnerabilities/isec-0028-seomatic-ssti-23032020.txt>\n  * [nystudio107/craft-seomatic@`82f4a25`](https://github.com/nystudio107/craft-seomatic/commit/82f4a25b28fd622393da6592dc9e5ccee7fc5be3)\n\n",
    "Severity": {
        "Score": "7.5/ 10 (High)",
        "CVSS base metrics": {
            "Attack vector": "Network",
            "Attack complexity": "Low",
            "Privileges required": "None",
            "User interaction": "None",
            "Scope": "Unchanged",
            "Confidentiality": "High",
            "Integrity": "None",
            "Availability": "None"
        },
        "CVSS string": "CVSS:3.1/AV:N/AC:L/PR:N/UI:N/S:U/C:H/I:N/A:N"
    },
    "Weaknesses": [
        "[CWE-74](/advisories?query=cwe%3A74)"
    ],
    "CVE ID": "CVE-2020-12790",
    "GHSA ID": "GHSA-23q7-59jj-2pj4",
    "Source code": "[nystudio107/craft-seomatic](https://github.com/nystudio107/craft-seomatic)"
}