{
    "Title": "LDAP Injection in is-user-valid",
    "Meta": {
        "Package": [
            "is-user-valid([npm](/advisories?query=ecosystem%3Anpm))"
        ],
        "Affected versions": [
            "<= 1.1.2"
        ],
        "Patched versions": [
            "None"
        ]
    },
    "Description": "All versions of package is-user-valid are vulnerable to LDAP Injection which\ncan lead to either authentication bypass or information exposure.\n\n### References\n\n  * <https://nvd.nist.gov/vuln/detail/CVE-2021-23335>\n  * <https://snyk.io/vuln/SNYK-JS-ISUSERVALID-1056766>\n\n",
    "Severity": {
        "Score": "7.5/ 10 (High)",
        "CVSS base metrics": {
            "Attack vector": "Network",
            "Attack complexity": "Low",
            "Privileges required": "None",
            "User interaction": "None",
            "Scope": "Unchanged",
            "Confidentiality": "High",
            "Integrity": "None",
            "Availability": "None"
        },
        "CVSS string": "CVSS:3.1/AV:N/AC:L/PR:N/UI:N/S:U/C:H/I:N/A:N"
    },
    "Weaknesses": [
        "[CWE-74](/advisories?query=cwe%3A74)",
        "[CWE-90](/advisories?query=cwe%3A90)"
    ],
    "CVE ID": "CVE-2021-23335",
    "GHSA ID": "GHSA-22cm-3qf2-2wc7",
    "Source code": "No known source code"
}