{
    "Title": "Use of Externally-Controlled Format String in wire-avs",
    "Meta": {
        "Package": [
            "com.wire:avs([Maven](/advisories?query=ecosystem%3Amaven))"
        ],
        "Affected versions": [
            "< 7.1.12"
        ],
        "Patched versions": [
            "7.1.12"
        ]
    },
    "Description": "### Impact\n\nA remote format string vulnerability allowed an attacker to cause a denial of\nservice or possibly execute arbitrary code.\n\n### Patches\n\n  * The issue has been fixed in wire-avs 7.1.12 and is already included on all Wire products (currently used version is 8.0.x)\n\n### Workarounds\n\n  * No workaround known\n\n### References\n\n  * Fixed in commit [wireapp/wire-avs@`40d373e`](https://github.com/wireapp/wire-avs/commit/40d373ede795443ae6f2f756e9fb1f4f4ae90bbe)\n\n### For more information\n\nIf you have any questions or comments about this advisory feel free to email\nus at [vulnerability-report@wire.com](mailto:vulnerability-report@wire.com)\n\n### References\n\n  * [GHSA-2j6v-xpf3-xvrv](https://github.com/wireapp/wire-avs/security/advisories/GHSA-2j6v-xpf3-xvrv \"GHSA-2j6v-xpf3-xvrv\")\n  * <https://nvd.nist.gov/vuln/detail/CVE-2021-41193>\n  * [wireapp/wire-avs@`40d373e`](https://github.com/wireapp/wire-avs/commit/40d373ede795443ae6f2f756e9fb1f4f4ae90bbe)\n\n",
    "Severity": {
        "Score": "(High)"
    },
    "Weaknesses": [
        "[CWE-134](/advisories?query=cwe%3A134)"
    ],
    "CVE ID": "CVE-2021-41193",
    "GHSA ID": "GHSA-2j6v-xpf3-xvrv",
    "Source code": "[wireapp/wire-avs/](https://github.com/wireapp/wire-avs/)"
}