{
    "Title": "Path traversal in Node-RED-Dashboard",
    "Meta": {
        "Package": [
            "node-red-dashboard([npm](/advisories?query=ecosystem%3Anpm))"
        ],
        "Affected versions": [
            "< 2.26.2"
        ],
        "Patched versions": [
            "2.26.2"
        ]
    },
    "Description": "In Node-RED-Dashboard before 2.26.2 there is a path traversal vulnerability.\nIt allows ui_base/js/..%2f directory traversal to read files.\n\n### References\n\n  * <https://nvd.nist.gov/vuln/detail/CVE-2021-3223>\n  * [node-red/node-red-dashboard#669](https://github.com/node-red/node-red-dashboard/issues/669)\n  * [node-red/node-red-dashboard@`f48f356`](https://github.com/node-red/node-red-dashboard/commit/f48f356df966f607ba3d09c27396074b81f2ae97)\n  * <https://github.com/node-red/node-red-dashboard/releases/tag/2.26.2>\n  * <https://www.npmjs.com/package/node-red-dashboard>\n\n",
    "Severity": {
        "Score": "(High)"
    },
    "Weaknesses": [
        "[CWE-22](/advisories?query=cwe%3A22)"
    ],
    "CVE ID": "CVE-2021-3223",
    "GHSA ID": "GHSA-2hw7-mxvj-m455",
    "Source code": "No known source code"
}