{
    "Title": "Kubernetes arbitrary file overwrite",
    "Meta": {
        "Package": [
            "k8s.io/kubernetes([Go](/advisories?query=ecosystem%3Ago))"
        ],
        "Affected versions": [
            ">= 1.5, < 1.9.6"
        ],
        "Patched versions": [
            "1.9.6"
        ]
    },
    "Description": "In Kubernetes versions 1.5.x, 1.6.x, 1.7.x, 1.8.x, and prior to version 1.9.6,\nthe kubectl cp command insecurely handles tar data returned from the\ncontainer, and can be caused to overwrite arbitrary local files.\n\n### References\n\n  * <https://nvd.nist.gov/vuln/detail/CVE-2018-1002100>\n  * [kubernetes/kubernetes#61297](https://github.com/kubernetes/kubernetes/issues/61297)\n  * <https://bugzilla.redhat.com/show_bug.cgi?id=1564305>\n  * <https://hansmi.ch/articles/2018-04-openshift-s2i-security>\n\n",
    "Severity": {
        "Score": "5.5/ 10 (Moderate)",
        "CVSS base metrics": {
            "Attack vector": "Local",
            "Attack complexity": "Low",
            "Privileges required": "Low",
            "User interaction": "None",
            "Scope": "Unchanged",
            "Confidentiality": "None",
            "Integrity": "High",
            "Availability": "None"
        },
        "CVSS string": "CVSS:3.0/AV:L/AC:L/PR:L/UI:N/S:U/C:N/I:H/A:N"
    },
    "Weaknesses": [
        "[CWE-20](/advisories?query=cwe%3A20)"
    ],
    "CVE ID": "CVE-2018-1002100",
    "GHSA ID": "GHSA-2jq6-ffph-p4h8",
    "Source code": "No known source code"
}