{
    "Title": "Moodle Cross-site Scripting vulnerability",
    "Meta": {
        "Package": [
            "moodle/moodle([Composer](/advisories?query=ecosystem%3Acomposer))"
        ],
        "Affected versions": [
            "< 4.3.0-rc2"
        ],
        "Patched versions": [
            "4.3.0-rc2"
        ]
    },
    "Description": "The CSV grade import method contained an XSS risk for users importing the\nspreadsheet, if it contained unsafe content.\n\n### References\n\n  * <https://nvd.nist.gov/vuln/detail/CVE-2023-5541>\n  * <https://bugzilla.redhat.com/show_bug.cgi?id=2243437>\n  * <https://moodle.org/mod/forum/discuss.php?d=451582>\n  * [http://git.moodle.org/gw?p=moodle.git&a=search&h=HEAD&st=commit&s=MDL-79426](http://git.moodle.org/gw?p=moodle.git&a=search&h=HEAD&st=commit&s=MDL-79426)\n  * [moodle/moodle@`f5f6ce3`](https://github.com/moodle/moodle/commit/f5f6ce375e37da902afb043c6b506129fc433233)\n\n",
    "Severity": {
        "Score": "3.3/ 10 (Low)",
        "CVSS base metrics": {
            "Attack vector": "Local",
            "Attack complexity": "Low",
            "Privileges required": "None",
            "User interaction": "Required",
            "Scope": "Unchanged",
            "Confidentiality": "None",
            "Integrity": "Low",
            "Availability": "None"
        },
        "CVSS string": "CVSS:3.1/AV:L/AC:L/PR:N/UI:R/S:U/C:N/I:L/A:N"
    },
    "Weaknesses": [
        "[CWE-79](/advisories?query=cwe%3A79)"
    ],
    "CVE ID": "CVE-2023-5541",
    "GHSA ID": "GHSA-28gc-4qq5-8q26",
    "Source code": "[moodle/moodle](https://github.com/moodle/moodle)"
}