{
    "Title": "Malicious Package in baes-x",
    "Meta": {
        "Package": [
            "baes-x([npm](/advisories?query=ecosystem%3Anpm))"
        ],
        "Affected versions": [
            ">= 0.0.0"
        ],
        "Patched versions": [
            "None"
        ]
    },
    "Description": "All versions of this package contained malware. The package was designed to\nfind and exfiltrate cryptocurrency wallets.\n\n## Recommendation\n\nAny computer that has this package installed or running should be considered\nfully compromised. All secrets and keys stored on that computer should be\nrotated immediately from a different computer.\n\nThe package should be removed, but as full control of the computer may have\nbeen given to an outside entity, there is no guarantee that removing the\npackage will remove all malicious software resulting from installing it.\n\n### References\n\n  * <https://www.npmjs.com/advisories/1351>\n\n",
    "Severity": {
        "Score": "9.1/ 10 (Critical)",
        "CVSS base metrics": {
            "Attack vector": "Network",
            "Attack complexity": "Low",
            "Privileges required": "None",
            "User interaction": "None",
            "Scope": "Unchanged",
            "Confidentiality": "High",
            "Integrity": "High",
            "Availability": "None"
        },
        "CVSS string": "CVSS:3.1/AV:N/AC:L/PR:N/UI:N/S:U/C:H/I:H/A:N"
    },
    "Weaknesses": [
        "[CWE-506](/advisories?query=cwe%3A506)"
    ],
    "CVE ID": "No known CVE",
    "GHSA ID": "GHSA-2jm5-2cqf-6vw9",
    "Source code": "No known source code"
}