{
    "Title": "wildfly-core Exposure of Sensitive Information to an Unauthorized Actor vulnerability",
    "Meta": {
        "Package": [
            "org.wildfly.core:wildfly-controller([Maven](/advisories?query=ecosystem%3Amaven))"
        ],
        "Affected versions": [
            "< 22.0.0.Final"
        ],
        "Patched versions": [
            "22.0.0.Final"
        ]
    },
    "Description": "A flaw was found in wildfly-core. A management user could use the resolve-\nexpression in the HAL Interface to read possible sensitive information from\nthe Wildfly system. This issue could allow a malicious user to access the\nsystem and obtain possible sensitive information from the system.\n\n### References\n\n  * <https://nvd.nist.gov/vuln/detail/CVE-2023-4061>\n  * <https://access.redhat.com/errata/RHSA-2023:5484>\n  * <https://access.redhat.com/errata/RHSA-2023:5485>\n  * <https://access.redhat.com/errata/RHSA-2023:5486>\n  * <https://access.redhat.com/errata/RHSA-2023:5488>\n  * <https://access.redhat.com/security/cve/CVE-2023-4061>\n  * <https://bugzilla.redhat.com/show_bug.cgi?id=2228608>\n  * [wildfly/wildfly-core#5703](https://github.com/wildfly/wildfly-core/pull/5703)\n  * [wildfly/wildfly-core@`25728f3`](https://github.com/wildfly/wildfly-core/commit/25728f370c2e90969854717ba4bb5182727f3f49)\n\n",
    "Severity": {
        "Score": "6.5/ 10 (Moderate)",
        "CVSS base metrics": {
            "Attack vector": "Network",
            "Attack complexity": "Low",
            "Privileges required": "Low",
            "User interaction": "None",
            "Scope": "Unchanged",
            "Confidentiality": "None",
            "Integrity": "High",
            "Availability": "None"
        },
        "CVSS string": "CVSS:3.1/AV:N/AC:L/PR:L/UI:N/S:U/C:N/I:H/A:N"
    },
    "Weaknesses": [
        "[CWE-200](/advisories?query=cwe%3A200)"
    ],
    "CVE ID": "CVE-2023-4061",
    "GHSA ID": "GHSA-26qx-4m49-6cfr",
    "Source code": "[wildfly/wildfly-core](https://github.com/wildfly/wildfly-core)"
}