{
    "Title": "JBoss KeyCloak is vulnerable to soft token deletion via CSRF",
    "Meta": {
        "Package": [
            "org.keycloak:keycloak-services([Maven](/advisories?query=ecosystem%3Amaven))"
        ],
        "Affected versions": [
            "< 1.0.2.Final"
        ],
        "Patched versions": [
            "1.0.2.Final"
        ]
    },
    "Description": "JBoss KeyCloak is vulnerable to soft token deletion via CSRF. This issue is\nfixed in Keycloak 1.0.2.Final.\n\n### References\n\n  * <https://nvd.nist.gov/vuln/detail/CVE-2014-3655>\n  * <https://access.redhat.com/security/cve/cve-2014-3655>\n  * <https://bugzilla.redhat.com/show_bug.cgi?id=CVE-2014-3655>\n  * <https://snyk.io/vuln/SNYK-JAVA-ORGKEYCLOAK-30138>\n  * [keycloak/keycloak#703](https://github.com/keycloak/keycloak/pull/703)\n  * [keycloak/keycloak@`0b8b31a`](https://github.com/keycloak/keycloak/commit/0b8b31a3ea7d8d7ac8b14a020613fc32aa5e9d9d)\n  * <https://github.com/victims/victims-cve-db/blob/master/database/java/2014/3655.yaml>\n\n",
    "Severity": {
        "Score": "4.3/ 10 (Moderate)",
        "CVSS base metrics": {
            "Attack vector": "Network",
            "Attack complexity": "Low",
            "Privileges required": "None",
            "User interaction": "Required",
            "Scope": "Unchanged",
            "Confidentiality": "None",
            "Integrity": "Low",
            "Availability": "None"
        },
        "CVSS string": "CVSS:3.1/AV:N/AC:L/PR:N/UI:R/S:U/C:N/I:L/A:N"
    },
    "Weaknesses": [
        "[CWE-352](/advisories?query=cwe%3A352)"
    ],
    "CVE ID": "CVE-2014-3655",
    "GHSA ID": "GHSA-237q-6hjp-pchq",
    "Source code": "[keycloak/keycloak](https://github.com/keycloak/keycloak)"
}