{
    "Title": "Arbitrary file write vulnerability in Jenkins Pipeline: Input Step Plugin",
    "Meta": {
        "Package": [
            "org.jenkins-ci.plugins:pipeline-input-step([Maven](/advisories?query=ecosystem%3Amaven))"
        ],
        "Affected versions": [
            "< 449.v77f0e8b"
        ],
        "Patched versions": [
            "449.v77f0e8b"
        ]
    },
    "Description": "Pipeline: Input Step Plugin 448.v37cea_9a_10a_70 and earlier allows Pipeline\nauthors to specify `file` parameters for Pipeline `input` steps even though\nthey are unsupported. Although the uploaded file is not copied to the\nworkspace, Jenkins archives the file on the controller as part of build\nmetadata using the parameter name without sanitization as a relative path\ninside a build-related directory.\n\nThis allows attackers able to configure Pipelines to create or replace\narbitrary files on the Jenkins controller file system with attacker-specified\ncontent.\n\nPipeline: Input Step Plugin 449.v77f0e8b_845c4 prohibits use of `file`\nparameters for Pipeline `input` steps. Attempts to use them will fail Pipeline\nexecution.\n\n### References\n\n  * <https://nvd.nist.gov/vuln/detail/CVE-2022-34177>\n  * <https://www.jenkins.io/security/advisory/2022-06-22/#SECURITY-2705>\n  * [jenkinsci/pipeline-input-step-plugin@`77f0e8b`](https://github.com/jenkinsci/pipeline-input-step-plugin/commit/77f0e8b845c4ad429f6c717eab21cf4e7a69168e)\n\n",
    "Severity": {
        "Score": "8.8/ 10 (High)",
        "CVSS base metrics": {
            "Attack vector": "Network",
            "Attack complexity": "Low",
            "Privileges required": "Low",
            "User interaction": "None",
            "Scope": "Unchanged",
            "Confidentiality": "High",
            "Integrity": "High",
            "Availability": "High"
        },
        "CVSS string": "CVSS:3.1/AV:N/AC:L/PR:L/UI:N/S:U/C:H/I:H/A:H"
    },
    "Weaknesses": [
        "[CWE-22](/advisories?query=cwe%3A22)"
    ],
    "CVE ID": "CVE-2022-34177",
    "GHSA ID": "GHSA-29q6-p2cg-4v23",
    "Source code": "[jenkinsci/pipeline-input-step-plugin](https://github.com/jenkinsci/pipeline-input-step-plugin)"
}