{
    "Title": "Stored XSS vulnerability in android-lint Plugin",
    "Meta": {
        "Package": [
            "org.jvnet.hudson.plugins:android-lint([Maven](/advisories?query=ecosystem%3Amaven))"
        ],
        "Affected versions": [
            "<= 2.6"
        ],
        "Patched versions": [
            "None"
        ]
    },
    "Description": "Jenkins Android Lint Plugin 2.6 and earlier does not escape the annotation\nmessage in tooltips, resulting in a stored cross-site scripting (XSS)\nvulnerability exploitable by attackers able to provide report files to the\nplugin's post-build step.\n\n### References\n\n  * <https://nvd.nist.gov/vuln/detail/CVE-2020-2262>\n  * <https://www.jenkins.io/security/advisory/2020-09-16/#SECURITY-1908>\n  * <http://www.openwall.com/lists/oss-security/2020/09/16/3>\n\n",
    "Severity": {
        "Score": "8.0/ 10 (High)",
        "CVSS base metrics": {
            "Attack vector": "Network",
            "Attack complexity": "Low",
            "Privileges required": "Low",
            "User interaction": "Required",
            "Scope": "Unchanged",
            "Confidentiality": "High",
            "Integrity": "High",
            "Availability": "High"
        },
        "CVSS string": "CVSS:3.1/AV:N/AC:L/PR:L/UI:R/S:U/C:H/I:H/A:H"
    },
    "Weaknesses": [
        "[CWE-79](/advisories?query=cwe%3A79)"
    ],
    "CVE ID": "CVE-2020-2262",
    "GHSA ID": "GHSA-28x9-hc4p-9vh2",
    "Source code": "[jenkinsci/android-lint-plugin](https://github.com/jenkinsci/android-lint-plugin)"
}