{
    "Title": "Directus affected by VM2 sandbox escape vulnerability",
    "Meta": {
        "Package": [
            "directus([npm](/advisories?query=ecosystem%3Anpm))"
        ],
        "Affected versions": [
            "< 10.6.0"
        ],
        "Patched versions": [
            "10.6.0"
        ]
    },
    "Description": "### Impact\n\nIn vm2 for versions up to 3.9.19, Promise handler sanitization can be\nbypassed, allowing attackers to escape the sandbox and run arbitrary code.\nWithin Directus this applies to the \"Run Script\" operation in flows being able\nto escape the sandbox running code in the main nodejs context.\n\n### Patches\n\nPatched in v10.6.0 by replacing `vm2` with `isolated-vm`\n\n### Workarounds\n\nNone\n\n### References\n\n[GHSA-cchq-frgv-\nrjh5](https://github.com/patriksimek/vm2/security/advisories/GHSA-cchq-frgv-\nrjh5 \"GHSA-cchq-frgv-rjh5\")\n\n### References\n\n  * [GHSA-22rr-f3p8-5gf8](https://github.com/directus/directus/security/advisories/GHSA-22rr-f3p8-5gf8 \"GHSA-22rr-f3p8-5gf8\")\n  * [GHSA-cchq-frgv-rjh5](https://github.com/patriksimek/vm2/security/advisories/GHSA-cchq-frgv-rjh5 \"GHSA-cchq-frgv-rjh5\")\n  * [directus/directus#19332](https://github.com/directus/directus/pull/19332)\n  * [directus/directus@`2841564`](https://github.com/directus/directus/commit/284156426fa94f688e8d65a7a4f34f9e6705f058)\n\n",
    "Severity": {
        "Score": "7.6/ 10 (High)",
        "CVSS base metrics": {
            "Attack vector": "Network",
            "Attack complexity": "High",
            "Privileges required": "High",
            "User interaction": "Required",
            "Scope": "Changed",
            "Confidentiality": "High",
            "Integrity": "High",
            "Availability": "High"
        },
        "CVSS string": "CVSS:3.1/AV:N/AC:H/PR:H/UI:R/S:C/C:H/I:H/A:H"
    },
    "Weaknesses": [],
    "CVE ID": "No known CVE",
    "GHSA ID": "GHSA-22rr-f3p8-5gf8",
    "Source code": "[directus/directus](https://github.com/directus/directus)"
}