{
    "Title": "Path Traversal in Apache Oozie",
    "Meta": {
        "Package": [
            "org.apache.oozie:oozie-core([Maven](/advisories?query=ecosystem%3Amaven))"
        ],
        "Affected versions": [
            ">= 3.1.3, < 5.0.0"
        ],
        "Patched versions": [
            "5.0.0"
        ]
    },
    "Description": "Vulnerability allows a user of Apache Oozie 3.1.3-incubating to 4.3.0 and\n5.0.0-beta1 to expose private files on the Oozie server process. The malicious\nuser can construct a workflow XML file containing XML directives and\nconfiguration that reference sensitive files on the Oozie server host.\n\n### References\n\n  * <https://nvd.nist.gov/vuln/detail/CVE-2017-15712>\n  * <https://lists.apache.org/thread.html/4606709264fe7cb0285e2a12aca2d01a06b14cd58791c9fc32abd216@%3Cdev.oozie.apache.org%3E>\n  * <http://www.securityfocus.com/bid/103102>\n\n",
    "Severity": {
        "Score": "6.5/ 10 (Moderate)",
        "CVSS base metrics": {
            "Attack vector": "Network",
            "Attack complexity": "Low",
            "Privileges required": "Low",
            "User interaction": "None",
            "Scope": "Unchanged",
            "Confidentiality": "High",
            "Integrity": "None",
            "Availability": "None"
        },
        "CVSS string": "CVSS:3.0/AV:N/AC:L/PR:L/UI:N/S:U/C:H/I:N/A:N"
    },
    "Weaknesses": [
        "[CWE-22](/advisories?query=cwe%3A22)"
    ],
    "CVE ID": "CVE-2017-15712",
    "GHSA ID": "GHSA-2fx6-r6qx-3c7h",
    "Source code": "No known source code"
}