{
    "Title": "Command Injection in open",
    "Meta": {
        "Package": [
            "open([npm](/advisories?query=ecosystem%3Anpm))"
        ],
        "Affected versions": [
            "< 6.0.0"
        ],
        "Patched versions": [
            "6.0.0"
        ]
    },
    "Description": "Versions of `open` before 6.0.0 are vulnerable to command injection when\nunsanitized user input is passed in.\n\nThe package does come with the following warning in the readme:\n\n    \n    \n    The same care should be taken when calling open as if you were calling child_process.exec directly. If it is an executable it will run in a new shell.\n    \n\n## Recommendation\n\n`open` is now the deprecated `opn` package. Upgrading to the latest version is\nlikely have unwanted effects since it now has a very different API but will\nprevent this vulnerability.\n\n### References\n\n  * [pwnall/node-open#68](https://github.com/pwnall/node-open/issues/68)\n  * [pwnall/node-open#69](https://github.com/pwnall/node-open/issues/69)\n  * <https://hackerone.com/reports/319473>\n  * <https://www.npmjs.com/advisories/663>\n\n",
    "Severity": {
        "Score": "(Critical)"
    },
    "Weaknesses": [
        "[CWE-77](/advisories?query=cwe%3A77)"
    ],
    "CVE ID": "No known CVE",
    "GHSA ID": "GHSA-28xh-wpgr-7fm8",
    "Source code": "No known source code"
}