{
    "Title": "PaddlePaddle Out-of-bounds Read vulnerability",
    "Meta": {
        "Package": [
            "paddlepaddle([pip](/advisories?query=ecosystem%3Apip))"
        ],
        "Affected versions": [
            "< 2.4"
        ],
        "Patched versions": [
            "2.4"
        ]
    },
    "Description": "Out-of-bounds read in `gather_tree` in PaddlePaddle before 2.4. A\n[patch](https://github.com/PaddlePaddle/Paddle/commit/6712e262fc6734873cc6d5ca4f45973339a88697)\nis available in the `release/2.4` branch.\n\n### References\n\n  * <https://nvd.nist.gov/vuln/detail/CVE-2022-46741>\n  * <https://github.com/PaddlePaddle/Paddle/blob/develop/security/advisory/pdsa-2022-001.md>\n  * [PaddlePaddle/Paddle#47051](https://github.com/PaddlePaddle/Paddle/pull/47051)\n  * [PaddlePaddle/Paddle@`6712e26`](https://github.com/PaddlePaddle/Paddle/commit/6712e262fc6734873cc6d5ca4f45973339a88697)\n  * [PaddlePaddle/Paddle@`ee6e6d5`](https://github.com/PaddlePaddle/Paddle/commit/ee6e6d511f9f33fc862c11722701fb5abb99ed94)\n\n",
    "Severity": {
        "Score": "9.1/ 10 (Critical)",
        "CVSS base metrics": {
            "Attack vector": "Network",
            "Attack complexity": "Low",
            "Privileges required": "None",
            "User interaction": "None",
            "Scope": "Unchanged",
            "Confidentiality": "High",
            "Integrity": "None",
            "Availability": "High"
        },
        "CVSS string": "CVSS:3.1/AV:N/AC:L/PR:N/UI:N/S:U/C:H/I:N/A:H"
    },
    "Weaknesses": [
        "[CWE-125](/advisories?query=cwe%3A125)"
    ],
    "CVE ID": "CVE-2022-46741",
    "GHSA ID": "GHSA-2hvc-hwg3-hpvw",
    "Source code": "[PaddlePaddle/Paddle](https://github.com/PaddlePaddle/Paddle)"
}