{
    "Title": "OpenStack Keystone Improper Authentication vulnerability",
    "Meta": {
        "Package": [
            "keystone([pip](/advisories?query=ecosystem%3Apip))"
        ],
        "Affected versions": [
            ">= 2012.2, < 2012.2.4"
        ],
        "Patched versions": [
            "2012.2.4"
        ]
    },
    "Description": "OpenStack Keystone Folsom (2012.2) does not properly perform revocation checks\nfor Keystone PKI tokens when done through a server, which allows remote\nattackers to bypass intended access restrictions via a revoked PKI token.\n\n### References\n\n  * <https://nvd.nist.gov/vuln/detail/CVE-2013-1865>\n  * <https://bugs.launchpad.net/keystone/+bug/1129713>\n  * <https://review.openstack.org/#/c/24906/>\n  * <http://lists.fedoraproject.org/pipermail/package-announce/2013-April/101719.html>\n  * <http://lists.opensuse.org/opensuse-updates/2013-04/msg00000.html>\n  * <http://rhn.redhat.com/errata/RHSA-2013-0708.html>\n  * <http://www.openwall.com/lists/oss-security/2013/03/20/13>\n  * <http://www.ubuntu.com/usn/USN-1772-1>\n  * <https://access.redhat.com/errata/RHSA-2013:0708>\n  * <https://access.redhat.com/security/cve/CVE-2013-1865>\n  * <https://bugzilla.redhat.com/show_bug.cgi?id=922230>\n  * <https://review.openstack.org/24906>\n  * <https://web.archive.org/web/20170715155558/http://www.securityfocus.com/bid/58616>\n  * [http://github.com/openstack/keystone/commit/255b1d43500f5d98ec73a0056525b492b14fec05](https://github.com/openstack/keystone/commit/255b1d43500f5d98ec73a0056525b492b14fec05)\n\n",
    "Severity": {
        "Score": "(Moderate)"
    },
    "Weaknesses": [
        "[CWE-287](/advisories?query=cwe%3A287)"
    ],
    "CVE ID": "CVE-2013-1865",
    "GHSA ID": "GHSA-22q6-wwq7-2jj9",
    "Source code": "[https://opendev.org/openstack/keystone](https://opendev.org/openstack/keystone)"
}