{
    "Title": "Creation of Temporary File in Directory with Insecure Permissions in the OpenAPI-Generator online generator",
    "Meta": {
        "Package": [
            "org.openapitools:openapi-generator-online([Maven](/advisories?query=ecosystem%3Amaven))"
        ],
        "Affected versions": [
            "< 5.1.0"
        ],
        "Patched versions": [
            "5.1.0"
        ]
    },
    "Description": "### Impact\n\nOn Unix like systems, the system's temporary directory is shared between all\nusers on that system. A collocated user can observe the process of creating a\ntemporary sub directory in the shared temporary directory and race to complete\nthe creation of the temporary subdirectory.\n\nThis vulnerability is local privilege escalation because the contents of the\noutputFolder can be appended to by an attacker. As such, code written to this\ndirectory, when executed can be attacker controlled.\n\nopenapi-generator-online creates insecure temporary folders with\n`File.createTempFile` during the code generation process. The insecure\ntemporary folders store the auto-generated files which can be read and\nappended to by any users on the system.\n\n### Vulnerable Code\n\n<https://github.com/OpenAPITools/openapi-\ngenerator/blob/c6530519975341d7784a252132b2f0854f488901/modules/openapi-\ngenerator-\nonline/src/main/java/org/openapitools/codegen/online/service/Generator.java#L184-L187>\n\nThis vulnerability exists due to a race condition between the deletion of the\nrandomly generated temporary file and the creation of the temporary directory.\n\n    \n    \n    File outputFolder = File.createTempFile(\"codegen-\", \"-tmp\"); // Attacker knows the full path of the file that will be generated\n    // delete the file that was created\n    outputFolder.delete(); // Attacker sees file is deleted and begins a race to create their own directory before the code generator\n    // and make a directory of the same name\n    // SECURITY VULNERABILITY: Race Condition! - Attacker beats the code generator and now owns this directory\n    outputFolder.mkdir();\n\n### Patches\n\nThe issue has been patched by changing the underlying logic to use\n`Files.createTempFile` and has been released in the v5.1.0 stable version.\n\nThis vulnerability has the same root cause as\n[CVE-2021-21363](https://github.com/advisories/GHSA-pc22-3g76-gm6j\n\"CVE-2021-21363\") from the `swagger-api/swagger-codegen` project as this\nproject and that one both share the same original source tree.  \nSee: [GHSA-pc22-3g76-gm6j](https://github.com/swagger-api/swagger-\ncodegen/security/advisories/GHSA-pc22-3g76-gm6j \"GHSA-pc22-3g76-gm6j\")\n\n### For more information\n\nIf you have any questions or comments about this advisory:\n\n  * Open an issue in [OpenAPI Generator Github repo](https://github.com/openAPITools/openapi-generator/)\n  * Email us at [security@openapitools.org](mailto:security@openapitools.org)\n\n### References\n\n  * [GHSA-23x4-m842-fmwf](https://github.com/OpenAPITools/openapi-generator/security/advisories/GHSA-23x4-m842-fmwf \"GHSA-23x4-m842-fmwf\")\n  * [GHSA-pc22-3g76-gm6j](https://github.com/swagger-api/swagger-codegen/security/advisories/GHSA-pc22-3g76-gm6j \"GHSA-pc22-3g76-gm6j\")\n  * [OpenAPITools/openapi-generator#8788](https://github.com/OpenAPITools/openapi-generator/pull/8788)\n  * <https://github.com/OpenAPITools/openapi-generator/blob/c6530519975341d7784a252132b2f0854f488901/modules/openapi-generator-online/src/main/java/org/openapitools/codegen/online/service/Generator.java#L184-L187>\n  * <https://nvd.nist.gov/vuln/detail/CVE-2021-21428>\n\n",
    "Severity": {
        "Score": "9.3/ 10 (Critical)",
        "CVSS base metrics": {
            "Attack vector": "Local",
            "Attack complexity": "Low",
            "Privileges required": "None",
            "User interaction": "None",
            "Scope": "Changed",
            "Confidentiality": "High",
            "Integrity": "High",
            "Availability": "High"
        },
        "CVSS string": "CVSS:3.1/AV:L/AC:L/PR:N/UI:N/S:C/C:H/I:H/A:H"
    },
    "Weaknesses": [
        "[CWE-269](/advisories?query=cwe%3A269)",
        "[CWE-377](/advisories?query=cwe%3A377)",
        "[CWE-378](/advisories?query=cwe%3A378)",
        "[CWE-379](/advisories?query=cwe%3A379)",
        "[CWE-668](/advisories?query=cwe%3A668)"
    ],
    "CVE ID": "CVE-2021-21428",
    "GHSA ID": "GHSA-23x4-m842-fmwf",
    "Source code": "[OpenAPITools/openapi-generator](https://github.com/OpenAPITools/openapi-generator)"
}