{
    "Title": "OpenCart SQL injection vulnerability",
    "Meta": {
        "Package": [
            "opencart/opencart([Composer](/advisories?query=ecosystem%3Acomposer))"
        ],
        "Affected versions": [
            "<= 3.0.3.7"
        ],
        "Patched versions": [
            "None"
        ]
    },
    "Description": "OpenCart 3.0.3.7 allows users to obtain database information or read server\nfiles through SQL injection in the background.\n\n### References\n\n  * <https://nvd.nist.gov/vuln/detail/CVE-2021-37823>\n  * <https://medium.com/@nowczj/sql-injection-exists-in-the-background-of-opencart-d41b5c58e99e>\n\n",
    "Severity": {
        "Score": "4.9/ 10 (Moderate)",
        "CVSS base metrics": {
            "Attack vector": "Network",
            "Attack complexity": "Low",
            "Privileges required": "High",
            "User interaction": "None",
            "Scope": "Unchanged",
            "Confidentiality": "High",
            "Integrity": "None",
            "Availability": "None"
        },
        "CVSS string": "CVSS:3.1/AV:N/AC:L/PR:H/UI:N/S:U/C:H/I:N/A:N"
    },
    "Weaknesses": [
        "[CWE-89](/advisories?query=cwe%3A89)"
    ],
    "CVE ID": "CVE-2021-37823",
    "GHSA ID": "GHSA-236j-rfx5-wq38",
    "Source code": "[opencart/opencart](https://github.com/opencart/opencart)"
}