{
    "Title": "Access control bypass in Beego",
    "Meta": {
        "Package": [
            "github.com/beego/beego([Go](/advisories?query=ecosystem%3Ago))"
        ],
        "Affected versions": [
            "<= 1.12.11"
        ],
        "Patched versions": [
            "None"
        ]
    },
    "Description": "An issue was discovered in the route lookup process in beego through 2.0.1,\nallows attackers to bypass access control.\n\n### References\n\n  * <https://nvd.nist.gov/vuln/detail/CVE-2021-30080>\n  * [beego/beego@`d5df5e4`](https://github.com/beego/beego/commit/d5df5e470d0a8ed291930ae802fd7e6b95226519)\n  * [beego/beego#4459](https://github.com/beego/beego/pull/4459)\n  * <https://pkg.go.dev/vuln/GO-2022-0572>\n\n",
    "Severity": {
        "Score": "(High)"
    },
    "Weaknesses": [],
    "CVE ID": "CVE-2021-30080",
    "GHSA ID": "GHSA-28r6-jm5h-mrgg",
    "Source code": "[beego/beego](https://github.com/beego/beego)"
}