{
    "Title": "CrafterCMS Crafter Studio Improperly Controls Dynamically-Managed Code Resources",
    "Meta": {
        "Package": [
            "org.craftercms:crafter-studio([Maven](/advisories?query=ecosystem%3Amaven))"
        ],
        "Affected versions": [
            ">= 3.1.0, < 3.1.23"
        ],
        "Patched versions": [
            "3.1.23"
        ]
    },
    "Description": "Improper Control of Dynamically-Managed Code Resources vulnerability in\nCrafter Studio of Crafter CMS allows authenticated developers to execute OS\ncommands via FreeMarker SSTI.\n\n### References\n\n  * <https://nvd.nist.gov/vuln/detail/CVE-2022-40634>\n  * <https://docs.craftercms.org/en/3.1/security/advisory.html#cv-2022051601>\n\n",
    "Severity": {
        "Score": "7.2/ 10 (High)",
        "CVSS base metrics": {
            "Attack vector": "Network",
            "Attack complexity": "Low",
            "Privileges required": "High",
            "User interaction": "None",
            "Scope": "Unchanged",
            "Confidentiality": "High",
            "Integrity": "High",
            "Availability": "High"
        },
        "CVSS string": "CVSS:3.1/AV:N/AC:L/PR:H/UI:N/S:U/C:H/I:H/A:H"
    },
    "Weaknesses": [
        "[CWE-78](/advisories?query=cwe%3A78)",
        "[CWE-913](/advisories?query=cwe%3A913)"
    ],
    "CVE ID": "CVE-2022-40634",
    "GHSA ID": "GHSA-2jv3-v37p-65w3",
    "Source code": "[craftercms/studio](https://github.com/craftercms/studio)"
}