{
    "Title": "Improper Privilege Management in devise_masquerade",
    "Meta": {
        "Package": [
            "devise_masquerade([RubyGems](/advisories?query=ecosystem%3Arubygems))"
        ],
        "Affected versions": [
            "< 1.3.1"
        ],
        "Patched versions": [
            "1.3.1"
        ]
    },
    "Description": "The devise_masquerade gem before 1.3 allows certain attacks when a password's\nsalt is unknown. An application that uses this gem to let administrators\nmasquerade/impersonate users loses one layer of security protection compared\nto a situation where Devise (without this extension) is used. If the server-\nside `secret_key_base` value became publicly known (for instance if it is\ncommitted to a public repository by mistake), there are still other\nprotections in place that prevent an attacker from impersonating any user on\nthe site. When masquerading is not used in a plain Devise application, one\nmust know the password salt of the target user if one wants to encrypt and\nsign a valid session cookie. When `devise_masquerade` is used, however, an\nattacker can decide which user the \"back\" action will go back to without\nknowing that user's password salt and simply knowing the user ID, by\nmanipulating the session cookie and pretending that a user is already\nmasqueraded by an administrator.\n\n### References\n\n  * <https://nvd.nist.gov/vuln/detail/CVE-2021-28680>\n  * [oivoodoo/devise_masquerade#83](https://github.com/oivoodoo/devise_masquerade/issues/83)\n  * <https://labanskoller.se/blog/2021/03/23/the-devise-extension-that-peeled-off-one-layer-of-the-security-onion-cve-2021-28680/>\n  * [oivoodoo/devise_masquerade#76](https://github.com/oivoodoo/devise_masquerade/pull/76)\n  * <https://github.com/oivoodoo/devise_masquerade/releases/tag/v1.3.1>\n\n",
    "Severity": {
        "Score": "8.1/ 10 (High)",
        "CVSS base metrics": {
            "Attack vector": "Network",
            "Attack complexity": "High",
            "Privileges required": "None",
            "User interaction": "None",
            "Scope": "Unchanged",
            "Confidentiality": "High",
            "Integrity": "High",
            "Availability": "High"
        },
        "CVSS string": "CVSS:3.1/AV:N/AC:H/PR:N/UI:N/S:U/C:H/I:H/A:H"
    },
    "Weaknesses": [
        "[CWE-269](/advisories?query=cwe%3A269)"
    ],
    "CVE ID": "CVE-2021-28680",
    "GHSA ID": "GHSA-25f5-gc4h-hc22",
    "Source code": "[oivoodoo/devise_masquerade](https://github.com/oivoodoo/devise_masquerade)"
}