{
    "Title": "Command injection in librenms",
    "Meta": {
        "Package": [
            "librenms/librenms([Composer](/advisories?query=ecosystem%3Acomposer))"
        ],
        "Affected versions": [
            "< 22.4.0"
        ],
        "Patched versions": [
            "22.4.0"
        ]
    },
    "Description": "LibreNMS v22.3.0 was discovered to contain multiple command injection\nvulnerabilities via the service_ip, hostname, and service_param parameters.\n\n### References\n\n  * <https://nvd.nist.gov/vuln/detail/CVE-2022-29712>\n  * [librenms/librenms#13932](https://github.com/librenms/librenms/pull/13932)\n  * [librenms/librenms@`8b82341`](https://github.com/librenms/librenms/commit/8b82341cb742e7bd4966964b399012f7ba017e0b)\n\n",
    "Severity": {
        "Score": "(High)"
    },
    "Weaknesses": [
        "[CWE-74](/advisories?query=cwe%3A74)"
    ],
    "CVE ID": "CVE-2022-29712",
    "GHSA ID": "GHSA-23f2-vgr6-fwv7",
    "Source code": "[librenms/librenms](https://github.com/librenms/librenms)"
}