{
    "Title": "Integer Overflow or Wraparound in OpenCV",
    "Meta": {
        "Package": [
            "opencv-contrib-python([pip](/advisories?query=ecosystem%3Apip))"
        ],
        "Affected versions": [
            "<= 3.3.0.9"
        ],
        "Patched versions": [
            "3.3.1.11"
        ]
    },
    "Description": "In opencv/modules/imgcodecs/src/grfmt_pxm.cpp, function ReadNumber did not\ncheckout the input length, which lead to integer overflow. If the image is\nfrom remote, may lead to remote code execution or denial of service. This\naffects OpenCV 3.3 (corresponding with OpenCV-Python version 3.3.0.9) and\nearlier.\n\n### References\n\n  * <https://nvd.nist.gov/vuln/detail/CVE-2017-12864>\n  * [opencv/opencv#9372](https://github.com/opencv/opencv/issues/9372)\n  * [opencv/opencv#9376](https://github.com/opencv/opencv/pull/9376)\n  * <https://lists.debian.org/debian-lts-announce/2018/07/msg00030.html>\n  * <https://security.gentoo.org/glsa/201712-02>\n  * <https://lists.debian.org/debian-lts-announce/2021/10/msg00028.html>\n\n",
    "Severity": {
        "Score": "8.8/ 10 (High)",
        "CVSS base metrics": {
            "Attack vector": "Network",
            "Attack complexity": "Low",
            "Privileges required": "None",
            "User interaction": "Required",
            "Scope": "Unchanged",
            "Confidentiality": "High",
            "Integrity": "High",
            "Availability": "High"
        },
        "CVSS string": "CVSS:3.0/AV:N/AC:L/PR:N/UI:R/S:U/C:H/I:H/A:H"
    },
    "Weaknesses": [
        "[CWE-190](/advisories?query=cwe%3A190)"
    ],
    "CVE ID": "CVE-2017-12864",
    "GHSA ID": "GHSA-267x-w5hx-8hjr",
    "Source code": "[opencv/opencv-python](https://github.com/opencv/opencv-python)"
}