{
    "Title": "Kubernetes Privilege Escalation",
    "Meta": {
        "Package": [
            "k8s.io/kubernetes([Go](/advisories?query=ecosystem%3Ago))"
        ],
        "Affected versions": [
            ">= 1.5.0, < 1.5.5"
        ],
        "Patched versions": [
            "1.5.5"
        ]
    },
    "Description": "Kubernetes version 1.5.0-1.5.4 is vulnerable to a privilege escalation in the\nPodSecurityPolicy admission plugin resulting in the ability to make use of any\nexisting PodSecurityPolicy object.\n\n### References\n\n  * <https://nvd.nist.gov/vuln/detail/CVE-2017-1000056>\n  * [kubernetes/kubernetes#43459](https://github.com/kubernetes/kubernetes/issues/43459)\n  * [kubernetes/kubernetes@`7fef0a4`](https://github.com/kubernetes/kubernetes/commit/7fef0a4f6a44ea36f166c39fdade5324eff2dd5e)\n\n",
    "Severity": {
        "Score": "9.8/ 10 (Critical)",
        "CVSS base metrics": {
            "Attack vector": "Network",
            "Attack complexity": "Low",
            "Privileges required": "None",
            "User interaction": "None",
            "Scope": "Unchanged",
            "Confidentiality": "High",
            "Integrity": "High",
            "Availability": "High"
        },
        "CVSS string": "CVSS:3.1/AV:N/AC:L/PR:N/UI:N/S:U/C:H/I:H/A:H"
    },
    "Weaknesses": [
        "[CWE-862](/advisories?query=cwe%3A862)"
    ],
    "CVE ID": "CVE-2017-1000056",
    "GHSA ID": "GHSA-2jx2-76rc-2v7v",
    "Source code": "[kubernetes/kubernetes](https://github.com/kubernetes/kubernetes)"
}