{
    "Title": "Cross-site Scripting in Jenkins Job Configuration History Plugin",
    "Meta": {
        "Package": [
            "org.jenkins-ci.plugins:jobConfigHistory([Maven](/advisories?query=ecosystem%3Amaven))"
        ],
        "Affected versions": [
            "<= 1165.v8cc9fd1f4597"
        ],
        "Patched versions": [
            "1166.vc9f255f45b"
        ]
    },
    "Description": "Jenkins Job Configuration History Plugin 1165.v8cc9fd1f4597 and earlier does\nnot escape the job name on the System Configuration History page, resulting in\na stored cross-site scripting (XSS) vulnerability exploitable by attackers\nable to configure job names.\n\n### References\n\n  * <https://nvd.nist.gov/vuln/detail/CVE-2022-38664>\n  * <https://www.jenkins.io/security/advisory/2022-08-23/#SECURITY-2765>\n  * <http://www.openwall.com/lists/oss-security/2022/08/23/2>\n\n",
    "Severity": {
        "Score": "5.4/ 10 (Moderate)",
        "CVSS base metrics": {
            "Attack vector": "Network",
            "Attack complexity": "Low",
            "Privileges required": "Low",
            "User interaction": "Required",
            "Scope": "Changed",
            "Confidentiality": "Low",
            "Integrity": "Low",
            "Availability": "None"
        },
        "CVSS string": "CVSS:3.1/AV:N/AC:L/PR:L/UI:R/S:C/C:L/I:L/A:N"
    },
    "Weaknesses": [
        "[CWE-79](/advisories?query=cwe%3A79)"
    ],
    "CVE ID": "CVE-2022-38664",
    "GHSA ID": "GHSA-28w4-h56g-grg7",
    "Source code": "[jenkinsci/job-config-history-plugin](https://github.com/jenkinsci/job-config-history-plugin)"
}