{
    "Title": "Cross-Site Request Forgery in Jenkins Convertigo Mobile Platform Plugin",
    "Meta": {
        "Package": [
            "com.convertigo.jenkins.plugins:convertigo-mobile-platform([Maven](/advisories?query=ecosystem%3Amaven))"
        ],
        "Affected versions": [
            "<= 1.1"
        ],
        "Patched versions": [
            "None"
        ]
    },
    "Description": "A cross-site request forgery (CSRF) vulnerability in Jenkins Convertigo Mobile\nPlatform Plugin 1.1 and earlier allows attackers to connect to an attacker-\nspecified URL.\n\n### References\n\n  * <https://nvd.nist.gov/vuln/detail/CVE-2022-34200>\n  * <https://www.jenkins.io/security/advisory/2022-06-22/#SECURITY-2276>\n\n",
    "Severity": {
        "Score": "4.3/ 10 (Moderate)",
        "CVSS base metrics": {
            "Attack vector": "Network",
            "Attack complexity": "Low",
            "Privileges required": "Low",
            "User interaction": "None",
            "Scope": "Unchanged",
            "Confidentiality": "None",
            "Integrity": "Low",
            "Availability": "None"
        },
        "CVSS string": "CVSS:3.1/AV:N/AC:L/PR:L/UI:N/S:U/C:N/I:L/A:N"
    },
    "Weaknesses": [
        "[CWE-352](/advisories?query=cwe%3A352)"
    ],
    "CVE ID": "CVE-2022-34200",
    "GHSA ID": "GHSA-24h8-cpqm-qmf3",
    "Source code": "[jenkinsci/convertigo-mobile-platform-plugin](https://github.com/jenkinsci/convertigo-mobile-platform-plugin)"
}