{
    "Title": "Cross-Site Request Forgery in Jenkins Cluster Statistics Plugin",
    "Meta": {
        "Package": [
            "org.zeroturnaround:cluster-stats([Maven](/advisories?query=ecosystem%3Amaven))"
        ],
        "Affected versions": [
            "<= 0.4.6"
        ],
        "Patched versions": [
            "None"
        ]
    },
    "Description": "A cross-site request forgery (CSRF) vulnerability in Jenkins Cluster\nStatistics Plugin 0.4.6 and earlier allows attackers to delete recorded\nJenkins Cluster Statistics.\n\n### References\n\n  * <https://nvd.nist.gov/vuln/detail/CVE-2022-45398>\n  * <https://www.jenkins.io/security/advisory/2022-11-15/#SECURITY-2938>\n\n",
    "Severity": {
        "Score": "4.3/ 10 (Moderate)",
        "CVSS base metrics": {
            "Attack vector": "Network",
            "Attack complexity": "Low",
            "Privileges required": "Low",
            "User interaction": "None",
            "Scope": "Unchanged",
            "Confidentiality": "None",
            "Integrity": "Low",
            "Availability": "None"
        },
        "CVSS string": "CVSS:3.1/AV:N/AC:L/PR:L/UI:N/S:U/C:N/I:L/A:N"
    },
    "Weaknesses": [
        "[CWE-352](/advisories?query=cwe%3A352)"
    ],
    "CVE ID": "CVE-2022-45398",
    "GHSA ID": "GHSA-24hp-84jp-8wgm",
    "Source code": "[jenkinsci/cluster-stats-plugin](https://github.com/jenkinsci/cluster-stats-plugin)"
}