{
    "Title": "Apache InLong vulnerable to Deserialization of Untrusted Data vulnerability",
    "Meta": {
        "Package": [
            "org.apache.inlong:inlong([Maven](/advisories?query=ecosystem%3Amaven))"
        ],
        "Affected versions": [
            ">= 1.1.0, <= 1.5.0"
        ],
        "Patched versions": [
            "None"
        ]
    },
    "Description": "Deserialization of Untrusted Data vulnerability in Apache Software Foundation\nApache InLong. This issue affects Apache InLong: from 1.1.0 through 1.5.0.\nUsers are advised to upgrade to Apache InLong's latest version or cherry-pick\n[apache/inlong#7223](https://github.com/apache/inlong/pull/7223) to solve it.\n\n### References\n\n  * <https://nvd.nist.gov/vuln/detail/CVE-2023-24997>\n  * <https://lists.apache.org/thread/nxvtxq7oxhwyzo9ty2hqz8rvh5r7ngd8>\n  * [apache/inlong#7223](https://github.com/apache/inlong/pull/7223)\n\n",
    "Severity": {
        "Score": "9.8/ 10 (Critical)",
        "CVSS base metrics": {
            "Attack vector": "Network",
            "Attack complexity": "Low",
            "Privileges required": "None",
            "User interaction": "None",
            "Scope": "Unchanged",
            "Confidentiality": "High",
            "Integrity": "High",
            "Availability": "High"
        },
        "CVSS string": "CVSS:3.1/AV:N/AC:L/PR:N/UI:N/S:U/C:H/I:H/A:H"
    },
    "Weaknesses": [
        "[CWE-502](/advisories?query=cwe%3A502)"
    ],
    "CVE ID": "CVE-2023-24997",
    "GHSA ID": "GHSA-22j4-qc48-j8f8",
    "Source code": "[apache/inlong](https://github.com/apache/inlong)"
}