{
    "Title": "Malicious password-reset in Akaunting",
    "Meta": {
        "Package": [
            "akaunting/akaunting([Composer](/advisories?query=ecosystem%3Acomposer))"
        ],
        "Affected versions": [
            "< 2.1.13"
        ],
        "Patched versions": [
            "2.1.13"
        ]
    },
    "Description": "Akaunting version 2.1.12 and earlier suffers from a password reset spoofing\nvulnerability, wherein an attacker can proxy password reset requests through a\nrunning Akaunting instance, if that attacker knows the target's e-mail\naddress. This issue was fixed in version 2.1.13 of the product. Please note\nthat this issue is ultimately caused by the defaults provided by the Laravel\nframework, specifically how proxy headers are handled with respect to multi-\ntenant implementations. In other words, while this is not technically a\nvulnerability in Laravel, this default configuration is very likely to lead to\npractically identical identical vulnerabilities in Laravel projects that\nimplement multi-tenant applications.\n\n### References\n\n  * <https://nvd.nist.gov/vuln/detail/CVE-2021-36804>\n  * [laravel/laravel#5477](https://github.com/laravel/laravel/pull/5477)\n  * <https://github.com/laravel/laravel/blob/75a7dba9c44ce3555cc57dd1826467839fd9774f/CHANGELOG.md#v844-2020-12-01>\n  * <https://www.laravel-enlightn.com/docs/security/host-injection-analyzer.html>\n  * <https://www.rapid7.com/blog/post/2021/07/27/multiple-open-source-web-app-vulnerabilities-fixed/>\n\n",
    "Severity": {
        "Score": "8.1/ 10 (High)",
        "CVSS base metrics": {
            "Attack vector": "Network",
            "Attack complexity": "Low",
            "Privileges required": "None",
            "User interaction": "Required",
            "Scope": "Unchanged",
            "Confidentiality": "High",
            "Integrity": "High",
            "Availability": "None"
        },
        "CVSS string": "CVSS:3.1/AV:N/AC:L/PR:N/UI:R/S:U/C:H/I:H/A:N"
    },
    "Weaknesses": [
        "[CWE-640](/advisories?query=cwe%3A640)"
    ],
    "CVE ID": "CVE-2021-36804",
    "GHSA ID": "GHSA-246r-r2wf-frhx",
    "Source code": "[laravel/laravel](https://github.com/laravel/laravel)"
}