{
    "Title": "Deserialization of Untrusted Data in Apache Batik",
    "Meta": {
        "Package": [
            "org.apache.xmlgraphics:batik([Maven](/advisories?query=ecosystem%3Amaven))"
        ],
        "Affected versions": [
            ">= 1.0, <= 1.9.1"
        ],
        "Patched versions": [
            "1.10"
        ]
    },
    "Description": "In Apache Batik 1.x before 1.10, when deserializing subclass of\n`AbstractDocument`, the class takes a string from the inputStream as the class\nname which then use it to call the no-arg constructor of the class. Fix was to\ncheck the class type before calling newInstance in deserialization.\n\n### References\n\n  * <https://nvd.nist.gov/vuln/detail/CVE-2018-8013>\n  * <https://lists.apache.org/thread.html/r9e90b4d1cf6ea87a79bb506541140dfbf4801f4463a7cee08126ee44@%3Ccommits.xmlgraphics.apache.org%3E>\n  * <https://lists.apache.org/thread.html/rc0a31867796043fbe59113fb654fe8b13309fe04f8935acb8d0fab19@%3Ccommits.xmlgraphics.apache.org%3E>\n  * <https://lists.debian.org/debian-lts-announce/2018/05/msg00016.html>\n  * <https://mail-archives.apache.org/mod_mbox/xmlgraphics-batik-dev/201805.mbox/%3c000701d3f28f$d01860a0$704921e0$@gmail.com%3e>\n  * <https://usn.ubuntu.com/3661-1/>\n  * <https://www.debian.org/security/2018/dsa-4215>\n  * <https://www.oracle.com/security-alerts/cpujul2020.html>\n  * <https://www.oracle.com/security-alerts/cpuoct2020.html>\n  * <https://www.oracle.com/technetwork/security-advisory/cpuapr2019-5072813.html>\n  * <https://www.oracle.com/technetwork/security-advisory/cpujan2019-5072801.html>\n  * <https://www.oracle.com/technetwork/security-advisory/cpujul2019-5072835.html>\n  * <https://xmlgraphics.apache.org/security.html>\n  * <http://www.oracle.com/technetwork/security-advisory/cpujul2018-4258247.html>\n  * <http://www.oracle.com/technetwork/security-advisory/cpuoct2018-4428296.html>\n  * <http://www.securityfocus.com/bid/104252>\n  * <http://www.securitytracker.com/id/1040995>\n\n",
    "Severity": {
        "Score": "9.8/ 10 (Critical)",
        "CVSS base metrics": {
            "Attack vector": "Network",
            "Attack complexity": "Low",
            "Privileges required": "None",
            "User interaction": "None",
            "Scope": "Unchanged",
            "Confidentiality": "High",
            "Integrity": "High",
            "Availability": "High"
        },
        "CVSS string": "CVSS:3.0/AV:N/AC:L/PR:N/UI:N/S:U/C:H/I:H/A:H"
    },
    "Weaknesses": [
        "[CWE-502](/advisories?query=cwe%3A502)"
    ],
    "CVE ID": "CVE-2018-8013",
    "GHSA ID": "GHSA-25gw-4pcc-45cf",
    "Source code": "No known source code"
}