{
    "Title": "Double free in insert_many",
    "Meta": {
        "Package": [
            "insert_many([Rust](/advisories?query=ecosystem%3Arust))"
        ],
        "Affected versions": [
            "<= 0.1.1"
        ],
        "Patched versions": [
            "None"
        ]
    },
    "Description": "An issue was discovered in the insert_many crate through 2021-01-26 for Rust.\nElements may be dropped twice if a .next() method panics.\n\n### References\n\n  * <https://nvd.nist.gov/vuln/detail/CVE-2021-29933>\n  * [rphmeier/insert_many#1](https://github.com/rphmeier/insert_many/issues/1)\n  * <https://rustsec.org/advisories/RUSTSEC-2021-0042.html>\n\n",
    "Severity": {
        "Score": "7.5/ 10 (High)",
        "CVSS base metrics": {
            "Attack vector": "Network",
            "Attack complexity": "Low",
            "Privileges required": "None",
            "User interaction": "None",
            "Scope": "Unchanged",
            "Confidentiality": "None",
            "Integrity": "None",
            "Availability": "High"
        },
        "CVSS string": "CVSS:3.1/AV:N/AC:L/PR:N/UI:N/S:U/C:N/I:N/A:H"
    },
    "Weaknesses": [
        "[CWE-415](/advisories?query=cwe%3A415)"
    ],
    "CVE ID": "CVE-2021-29933",
    "GHSA ID": "GHSA-29hg-r7c7-54fr",
    "Source code": "[rphmeier/insert_many](https://github.com/rphmeier/insert_many)"
}