{
    "Title": "Layout XML Arbitrary Code Fix",
    "Meta": {
        "Package": [
            "openmage/magento-lts([Composer](/advisories?query=ecosystem%3Acomposer))"
        ],
        "Affected versions": [
            "< 19.4.15",
            ">= 20.0.0, < 20.0.13"
        ],
        "Patched versions": [
            "19.4.15",
            "20.0.13"
        ]
    },
    "Description": "### Impact\n\nLayout XML enabled admin users to execute arbitrary commands via block\nmethods.\n\n### References\n\n  * [GHSA-26rr-v2j2-25fh](https://github.com/OpenMage/magento-lts/security/advisories/GHSA-26rr-v2j2-25fh \"GHSA-26rr-v2j2-25fh\")\n  * <https://nvd.nist.gov/vuln/detail/CVE-2021-32758>\n  * [OpenMage/magento-lts@`b99307d`](https://github.com/OpenMage/magento-lts/commit/b99307d00b59c4a226a1e3e4083f02cf2fc8fce7)\n  * <https://github.com/OpenMage/magento-lts/releases/tag/v19.4.15>\n  * <https://github.com/OpenMage/magento-lts/releases/tag/v20.0.13>\n\n",
    "Severity": {
        "Score": "(High)"
    },
    "Weaknesses": [
        "[CWE-91](/advisories?query=cwe%3A91)"
    ],
    "CVE ID": "CVE-2021-32758",
    "GHSA ID": "GHSA-26rr-v2j2-25fh",
    "Source code": "No known source code"
}