{
    "Title": "Division by zero in optimized pooling implementations in TFLite",
    "Meta": {
        "Package": [
            "tensorflow([pip](/advisories?query=ecosystem%3Apip))"
        ],
        "Affected versions": [
            "< 2.1.4",
            ">= 2.2.0, < 2.2.3",
            ">= 2.3.0, < 2.3.3",
            ">= 2.4.0, < 2.4.2"
        ],
        "Patched versions": [
            "2.1.4",
            "2.2.3",
            "2.3.3",
            "2.4.2"
        ]
    },
    "Description": "### Impact\n\nOptimized pooling implementations in TFLite fail to check that the stride\narguments are not 0 before calling\n[`ComputePaddingHeightWidth`](https://github.com/tensorflow/tensorflow/blob/3f24ccd932546416ec906a02ddd183b48a1d2c83/tensorflow/lite/kernels/pooling.cc#L90).\n\nSince users can craft special models which will have\n`params->stride_{height,width}` be zero, this will result in a division by\nzero.\n\n### Patches\n\nWe have patched the issue in GitHub commit\n[5f7975d09eac0f10ed8a17dbb6f5964977725adc](https://github.com/tensorflow/tensorflow/commit/5f7975d09eac0f10ed8a17dbb6f5964977725adc).\n\nThe fix will be included in TensorFlow 2.5.0. We will also cherrypick this\ncommit on TensorFlow 2.4.2, TensorFlow 2.3.3, TensorFlow 2.2.3 and TensorFlow\n2.1.4, as these are also affected and still in supported range.\n\n### For more information\n\nPlease consult [our security\nguide](https://github.com/tensorflow/tensorflow/blob/master/SECURITY.md) for\nmore information regarding the security model and how to contact us with\nissues and questions.\n\n### Attribution\n\nThis vulnerability has been reported by members of the Aivul Team from Qihoo\n360.\n\n### References\n\n  * [GHSA-26j7-6w8w-7922](https://github.com/tensorflow/tensorflow/security/advisories/GHSA-26j7-6w8w-7922 \"GHSA-26j7-6w8w-7922\")\n  * <https://nvd.nist.gov/vuln/detail/CVE-2021-29586>\n  * [tensorflow/tensorflow@`5f7975d`](https://github.com/tensorflow/tensorflow/commit/5f7975d09eac0f10ed8a17dbb6f5964977725adc)\n\n",
    "Severity": {
        "Score": "2.5/ 10 (Low)",
        "CVSS base metrics": {
            "Attack vector": "Local",
            "Attack complexity": "High",
            "Privileges required": "Low",
            "User interaction": "None",
            "Scope": "Unchanged",
            "Confidentiality": "None",
            "Integrity": "None",
            "Availability": "Low"
        },
        "CVSS string": "CVSS:3.1/AV:L/AC:H/PR:L/UI:N/S:U/C:N/I:N/A:L"
    },
    "Weaknesses": [
        "[CWE-369](/advisories?query=cwe%3A369)"
    ],
    "CVE ID": "CVE-2021-29586",
    "GHSA ID": "GHSA-26j7-6w8w-7922",
    "Source code": "No known source code"
}