{
    "Title": "Prototype pollution in min-dash < 3.8.1",
    "Meta": {
        "Package": [
            "min-dash([npm](/advisories?query=ecosystem%3Anpm))"
        ],
        "Affected versions": [
            "< 3.8.1"
        ],
        "Patched versions": [
            "3.8.1"
        ]
    },
    "Description": "### Impact\n\nThe `set` method is vulnerable to prototype pollution with specially crafted\ninputs.\n\n    \n    \n    // insert the following into poc.js and run node poc,js (after installing the package)\n     \n    let parser = require(\"min-dash\");\n    parser.set({}, [[\"__proto__\"], \"polluted\"], \"success\");\n    console.log(polluted);\n\n### Patches\n\n`min-dash>=3.8.1` fix the issue.\n\n### Workarounds\n\nNo workarounds exist for the issue.\n\n### References\n\nClosed via [bpmn-io/min-dash#21](https://github.com/bpmn-io/min-dash/pull/21).\n\n### Credits\n\nCredits to Cristian-Alexandru STAICU who found the vulnerability and to Idan\nDigmi from the Snyk Security Team who reported the vulnerability to us,\nresponsibly.\n\n### References\n\n  * [GHSA-2m53-83f3-562j](https://github.com/bpmn-io/min-dash/security/advisories/GHSA-2m53-83f3-562j \"GHSA-2m53-83f3-562j\")\n\n",
    "Severity": {
        "Score": "(High)"
    },
    "Weaknesses": [
        "[CWE-1321](/advisories?query=cwe%3A1321)"
    ],
    "CVE ID": "No known CVE",
    "GHSA ID": "GHSA-2m53-83f3-562j",
    "Source code": "[bpmn-io/min-dash](https://github.com/bpmn-io/min-dash)"
}