{
    "Title": "Server-Side Request Forgery in unoconv",
    "Meta": {
        "Package": [
            "unoconv([pip](/advisories?query=ecosystem%3Apip))"
        ],
        "Affected versions": [
            "< 0.9.0"
        ],
        "Patched versions": [
            "0.9.0"
        ]
    },
    "Description": "The unoconv package before 0.9 mishandles untrusted pathnames, leading to SSRF\nand local file inclusion.\n\n### References\n\n  * <https://nvd.nist.gov/vuln/detail/CVE-2019-17400>\n  * <https://buer.haus/2019/10/18/a-tale-of-exploitation-in-spreadsheet-file-conversions/>\n  * [unoconv/unoconv#510](https://github.com/unoconv/unoconv/pull/510)\n\n",
    "Severity": {
        "Score": "7.5/ 10 (High)",
        "CVSS base metrics": {
            "Attack vector": "Network",
            "Attack complexity": "Low",
            "Privileges required": "None",
            "User interaction": "None",
            "Scope": "Unchanged",
            "Confidentiality": "High",
            "Integrity": "None",
            "Availability": "None"
        },
        "CVSS string": "CVSS:3.1/AV:N/AC:L/PR:N/UI:N/S:U/C:H/I:N/A:N"
    },
    "Weaknesses": [
        "[CWE-918](/advisories?query=cwe%3A918)"
    ],
    "CVE ID": "CVE-2019-17400",
    "GHSA ID": "GHSA-27p5-7cw6-m45h",
    "Source code": "No known source code"
}