{
    "Title": "Magento 2 Community Edition RCE Vulnerability",
    "Meta": {
        "Package": [
            "magento/community-edition([Composer](/advisories?query=ecosystem%3Acomposer))"
        ],
        "Affected versions": [
            ">= 2.2.0, < 2.2.10",
            ">= 2.3.0, < 2.3.2-p1"
        ],
        "Patched versions": [
            "2.2.10",
            "2.3.2-p1"
        ]
    },
    "Description": "A remote code execution vulnerability exists in Magento 2.2 prior to 2.2.10,\nMagento 2.3 prior to 2.3.3 or 2.3.2-p1. An authenticated user can leverage\nplugin functionality related to email templates to manipulate the interceptor\nclass in a way that allows an attacker to execute arbitrary code.\n\n### References\n\n  * <https://nvd.nist.gov/vuln/detail/CVE-2019-8111>\n  * <https://web.archive.org/web/20220121051105/https://magento.com/security/patches/magento-2.3.3-and-2.2.10-security-update>\n\n",
    "Severity": {
        "Score": "8.8/ 10 (High)",
        "CVSS base metrics": {
            "Attack vector": "Network",
            "Attack complexity": "Low",
            "Privileges required": "Low",
            "User interaction": "None",
            "Scope": "Unchanged",
            "Confidentiality": "High",
            "Integrity": "High",
            "Availability": "High"
        },
        "CVSS string": "CVSS:3.1/AV:N/AC:L/PR:L/UI:N/S:U/C:H/I:H/A:H"
    },
    "Weaknesses": [],
    "CVE ID": "CVE-2019-8111",
    "GHSA ID": "GHSA-2crc-5vq6-386r",
    "Source code": "[magento/magento2](https://github.com/magento/magento2)"
}