{
    "Title": "Password exposure in H2 Database",
    "Meta": {
        "Package": [
            "com.h2database:h2([Maven](/advisories?query=ecosystem%3Amaven))"
        ],
        "Affected versions": [
            "< 2.2.220"
        ],
        "Patched versions": [
            "2.2.220"
        ]
    },
    "Description": "The web-based admin console in H2 Database Engine through 2.1.214 can be\nstarted via the CLI with the argument -webAdminPassword, which allows the user\nto specify the password in cleartext for the web admin console. Consequently,\na local user (or an attacker that has obtained local access through some\nmeans) would be able to discover the password by listing processes and their\narguments. NOTE: the vendor states \"This is not a vulnerability of H2 Console\n... Passwords should never be passed on the command line and every qualified\nDBA or system administrator is expected to know that.\"\n\n### References\n\n  * <https://nvd.nist.gov/vuln/detail/CVE-2022-45868>\n  * <https://github.com/h2database/h2database/blob/96832bf5a97cdc0adc1f2066ed61c54990d66ab5/h2/src/main/org/h2/server/web/WebServer.java#L346-L347>\n  * <https://sites.google.com/sonatype.com/vulnerabilities/sonatype-2022-6243>\n  * [h2database/h2database#3833](https://github.com/h2database/h2database/pull/3833)\n  * [h2database/h2database@`581ed18`](https://github.com/h2database/h2database/commit/581ed18ff9d6b3761d851620ed88a3994a351a0d)\n\n",
    "Severity": {
        "Score": "7.8/ 10 (High)",
        "CVSS base metrics": {
            "Attack vector": "Local",
            "Attack complexity": "Low",
            "Privileges required": "Low",
            "User interaction": "None",
            "Scope": "Unchanged",
            "Confidentiality": "High",
            "Integrity": "High",
            "Availability": "High"
        },
        "CVSS string": "CVSS:3.1/AV:L/AC:L/PR:L/UI:N/S:U/C:H/I:H/A:H"
    },
    "Weaknesses": [
        "[CWE-200](/advisories?query=cwe%3A200)",
        "[CWE-312](/advisories?query=cwe%3A312)"
    ],
    "CVE ID": "CVE-2022-45868",
    "GHSA ID": "GHSA-22wj-vf5f-wrvj",
    "Source code": "[h2database/h2database](https://github.com/h2database/h2database)"
}