{
    "Title": "Unexpected server crash in Next.js.",
    "Meta": {
        "Package": [
            "next([npm](/advisories?query=ecosystem%3Anpm))"
        ],
        "Affected versions": [
            ">= 12.0.0, < 12.0.5",
            ">= 0.9.9, < 11.1.3"
        ],
        "Patched versions": [
            "12.0.5",
            "11.1.3"
        ]
    },
    "Description": "Next.js is a React framework. In versions of Next.js prior to 12.0.5 or\n11.1.3, invalid or malformed URLs could lead to a server crash. In order to be\naffected by this issue, the deployment must use Next.js versions above 11.1.0\nand below 12.0.5, Node.js above 15.0.0, and next start or a custom server.\nDeployments on Vercel are not affected, along with similar environments where\ninvalid requests are filtered before reaching Next.js. Versions 12.0.5 and\n11.1.3 contain patches for this issue. Note that prior version 0.9.9 package\n`next` hosted a different utility (0.4.1 being the latest version of that\ncodebase), and this advisory does not apply to those versions.\n\n### References\n\n  * [GHSA-25mp-g6fv-mqxx](https://github.com/vercel/next.js/security/advisories/GHSA-25mp-g6fv-mqxx \"GHSA-25mp-g6fv-mqxx\")\n  * [vercel/next.js#32080](https://github.com/vercel/next.js/pull/32080)\n  * [vercel/next.js@`6d98b4f`](https://github.com/vercel/next.js/commit/6d98b4fb4315dec1badecf0e9bdc212a4272b264)\n  * <https://github.com/vercel/next.js/releases/v12.0.5>\n  * <https://nvd.nist.gov/vuln/detail/CVE-2021-43803>\n  * <https://github.com/vercel/next.js/releases/tag/v11.1.3>\n\n",
    "Severity": {
        "Score": "7.5/ 10 (High)",
        "CVSS base metrics": {
            "Attack vector": "Network",
            "Attack complexity": "Low",
            "Privileges required": "None",
            "User interaction": "None",
            "Scope": "Unchanged",
            "Confidentiality": "None",
            "Integrity": "None",
            "Availability": "High"
        },
        "CVSS string": "CVSS:3.1/AV:N/AC:L/PR:N/UI:N/S:U/C:N/I:N/A:H"
    },
    "Weaknesses": [
        "[CWE-20](/advisories?query=cwe%3A20)"
    ],
    "CVE ID": "CVE-2021-43803",
    "GHSA ID": "GHSA-25mp-g6fv-mqxx",
    "Source code": "[vercel/next.js](https://github.com/vercel/next.js)"
}