{
    "Title": "Information Disclosure in HashiCorp Vault",
    "Meta": {
        "Package": [
            "github.com/hashicorp/vault([Go](/advisories?query=ecosystem%3Ago))"
        ],
        "Affected versions": [
            ">= 1.3.0, < 1.3.6",
            ">= 1.4.0, < 1.4.2"
        ],
        "Patched versions": [
            "1.3.6",
            "1.4.2"
        ]
    },
    "Description": "HashiCorp Vault and Vault Enterprise before 1.3.6, and 1.4.2 before 1.4.2,\ninsert Sensitive Information into a Log File. The vulnerability is affecting\n`github.com/hashicorp/vault/command` Go package.\n\n### References\n\n  * <https://nvd.nist.gov/vuln/detail/CVE-2020-13223>\n  * [hashicorp/vault@`87f47c2`](https://github.com/hashicorp/vault/commit/87f47c216cf1a28f4054b80cff40de8c9e00e36c)\n  * [hashicorp/vault@`e52f347`](https://github.com/hashicorp/vault/commit/e52f34772affb69f3239b2cdf6523cb7cfd67a92)\n  * <https://github.com/hashicorp/vault/blob/master/CHANGELOG.md#142-may-21st-2020>\n  * <https://www.hashicorp.com/blog/category/vault/>\n\n",
    "Severity": {
        "Score": "7.5/ 10 (High)",
        "CVSS base metrics": {
            "Attack vector": "Network",
            "Attack complexity": "Low",
            "Privileges required": "None",
            "User interaction": "None",
            "Scope": "Unchanged",
            "Confidentiality": "High",
            "Integrity": "None",
            "Availability": "None"
        },
        "CVSS string": "CVSS:3.1/AV:N/AC:L/PR:N/UI:N/S:U/C:H/I:N/A:N"
    },
    "Weaknesses": [
        "[CWE-200](/advisories?query=cwe%3A200)",
        "[CWE-532](/advisories?query=cwe%3A532)"
    ],
    "CVE ID": "CVE-2020-13223",
    "GHSA ID": "GHSA-25xj-89g5-fm6h",
    "Source code": "[hashicorp/vault](https://github.com/hashicorp/vault)"
}