{
    "Title": "Apache OpenMeetings responds to insecure HTTP methods",
    "Meta": {
        "Package": [
            "org.apache.openmeetings:openmeetings-parent([Maven](/advisories?query=ecosystem%3Amaven))"
        ],
        "Affected versions": [
            ">= 1.0.0, < 3.3.0"
        ],
        "Patched versions": [
            "3.3.0"
        ]
    },
    "Description": "Apache OpenMeetings 1.0.0 responds to the following insecure HTTP methods:\nPUT, DELETE, HEAD, and PATCH.\n\n### References\n\n  * <https://nvd.nist.gov/vuln/detail/CVE-2017-7685>\n  * <http://markmail.org/message/uxk4bpq35svnyjhb>\n  * <http://www.securityfocus.com/bid/99592>\n\n",
    "Severity": {
        "Score": "5.3/ 10 (Moderate)",
        "CVSS base metrics": {
            "Attack vector": "Network",
            "Attack complexity": "Low",
            "Privileges required": "None",
            "User interaction": "None",
            "Scope": "Unchanged",
            "Confidentiality": "Low",
            "Integrity": "None",
            "Availability": "None"
        },
        "CVSS string": "CVSS:3.0/AV:N/AC:L/PR:N/UI:N/S:U/C:L/I:N/A:N"
    },
    "Weaknesses": [],
    "CVE ID": "CVE-2017-7685",
    "GHSA ID": "GHSA-2c3p-9j5f-33g3",
    "Source code": "[apache/openmeetings](https://github.com/apache/openmeetings)"
}