{
    "Title": "Path Traversal in statichttpserver",
    "Meta": {
        "Package": [
            "statichttpserver([npm](/advisories?query=ecosystem%3Anpm))"
        ],
        "Affected versions": [
            "<= 0.9.7"
        ],
        "Patched versions": [
            "None"
        ]
    },
    "Description": "All versions of `statichttpserver` are vulnerable to Path Traversal. The\npackage fails to sanitize URLs, allowing attackers to access server files\noutside of the served folder using relative paths.\n\n## Recommendation\n\nNo fix is currently available. Consider using an alternative package until a\nfix is made available.\n\n### References\n\n  * <https://nvd.nist.gov/vuln/detail/CVE-2019-5480>\n  * <https://hackerone.com/reports/570035>\n  * <https://www.npmjs.com/advisories/1143>\n\n",
    "Severity": {
        "Score": "5.3/ 10 (Moderate)",
        "CVSS base metrics": {
            "Attack vector": "Network",
            "Attack complexity": "Low",
            "Privileges required": "None",
            "User interaction": "None",
            "Scope": "Unchanged",
            "Confidentiality": "Low",
            "Integrity": "None",
            "Availability": "None"
        },
        "CVSS string": "CVSS:3.0/AV:N/AC:L/PR:N/UI:N/S:U/C:L/I:N/A:N"
    },
    "Weaknesses": [
        "[CWE-22](/advisories?query=cwe%3A22)"
    ],
    "CVE ID": "CVE-2019-5480",
    "GHSA ID": "GHSA-2j5x-56p6-hj6x",
    "Source code": "No known source code"
}