{
    "Title": "Arbitrary file read vulnerability in Copy data to workspace Jenkins Plugin",
    "Meta": {
        "Package": [
            "org.jvnet.hudson.plugins:copy-data-to-workspace-plugin([Maven](/advisories?query=ecosystem%3Amaven))"
        ],
        "Affected versions": [
            "<= 1.0"
        ],
        "Patched versions": [
            "None"
        ]
    },
    "Description": "Jenkins Copy data to workspace Plugin 1.0 and earlier does not limit which\ndirectories can be copied from the Jenkins controller to job workspaces,\nallowing attackers with Job/Configure permission to read arbitrary files on\nthe Jenkins controller.\n\n### References\n\n  * <https://nvd.nist.gov/vuln/detail/CVE-2020-2275>\n  * <https://www.jenkins.io/security/advisory/2020-09-16/#SECURITY-1966>\n  * <http://www.openwall.com/lists/oss-security/2020/09/16/3>\n\n",
    "Severity": {
        "Score": "6.5/ 10 (Moderate)",
        "CVSS base metrics": {
            "Attack vector": "Network",
            "Attack complexity": "Low",
            "Privileges required": "Low",
            "User interaction": "None",
            "Scope": "Unchanged",
            "Confidentiality": "High",
            "Integrity": "None",
            "Availability": "None"
        },
        "CVSS string": "CVSS:3.1/AV:N/AC:L/PR:L/UI:N/S:U/C:H/I:N/A:N"
    },
    "Weaknesses": [
        "[CWE-22](/advisories?query=cwe%3A22)"
    ],
    "CVE ID": "CVE-2020-2275",
    "GHSA ID": "GHSA-2f4c-8rp6-fh6q",
    "Source code": "[jenkinsci/copy-data-to-workspace-plugin](https://github.com/jenkinsci/copy-data-to-workspace-plugin)"
}