{
    "Title": "TODO",
    "Meta": {
        "Package": [
            "parso([pip](/advisories?query=ecosystem%3Apip))"
        ],
        "Affected versions": [
            "<= 0.4.0"
        ],
        "Patched versions": [
            "None"
        ]
    },
    "Description": "** DISPUTED ** A deserialization vulnerability exists in the way parso through\n0.4.0 handles grammar parsing from the cache. Cache loading relies on pickle\nand, provided that an evil pickle can be written to a cache grammar file and\nthat its parsing can be triggered, this flaw leads to Arbitrary Code\nExecution. NOTE: This is disputed because \"the cache directory is not under\ncontrol of the attacker in any common configuration.\"\n\n### References\n\n  * <https://nvd.nist.gov/vuln/detail/CVE-2019-12760>\n  * <https://gist.github.com/dhondta/f71ae7e5c4234f8edfd2f12503a5dcc7>\n\n",
    "Severity": {
        "Score": "(High)"
    },
    "Weaknesses": [],
    "CVE ID": "CVE-2019-12760",
    "GHSA ID": "GHSA-22mf-97vh-x8rw",
    "Source code": "No known source code"
}