{
    "Title": "Jenkins Global Post Script Plugin missing permission check",
    "Meta": {
        "Package": [
            "org.jenkins-ci.plugins:global-post-script([Maven](/advisories?query=ecosystem%3Amaven))"
        ],
        "Affected versions": [
            "<= 1.1.4"
        ],
        "Patched versions": [
            "None"
        ]
    },
    "Description": "Jenkins Global Post Script Plugin does not perform permission checks on a\nmethod implementing form validation. This allows users with Overall/Read\npermission to list the files contained in `$JENKINS_HOME/global-post-script`\nthat can be used by the plugin.\n\n### References\n\n  * <https://nvd.nist.gov/vuln/detail/CVE-2019-10474>\n  * <https://jenkins.io/security/advisory/2019-10-23/#SECURITY-1073>\n  * <http://www.openwall.com/lists/oss-security/2019/10/23/2>\n  * [jenkinsci/global-post-script-plugin@`6ef4d89`](https://github.com/jenkinsci/global-post-script-plugin/commit/6ef4d89279fe1b4c4f19f4622294893ba7f36040)\n\n",
    "Severity": {
        "Score": "4.3/ 10 (Moderate)",
        "CVSS base metrics": {
            "Attack vector": "Network",
            "Attack complexity": "Low",
            "Privileges required": "Low",
            "User interaction": "None",
            "Scope": "Unchanged",
            "Confidentiality": "Low",
            "Integrity": "None",
            "Availability": "None"
        },
        "CVSS string": "CVSS:3.1/AV:N/AC:L/PR:L/UI:N/S:U/C:L/I:N/A:N"
    },
    "Weaknesses": [
        "[CWE-276](/advisories?query=cwe%3A276)"
    ],
    "CVE ID": "CVE-2019-10474",
    "GHSA ID": "GHSA-24w5-w6fw-qqx7",
    "Source code": "[jenkinsci/global-post-script-plugin](https://github.com/jenkinsci/global-post-script-plugin)"
}