{
    "Title": "github.com/ulikunitz/xz fixes readUvarint denial of service",
    "Meta": {
        "Package": [
            "github.com/ulikunitz/xz([Go](/advisories?query=ecosystem%3Ago))"
        ],
        "Affected versions": [
            "< 0.5.8"
        ],
        "Patched versions": [
            "0.5.8"
        ]
    },
    "Description": "### Impact\n\nxz is a compression and decompression library focusing on the xz format\ncompletely written in Go. The function readUvarint used to read the xz\ncontainer format may not terminate a loop provide malicous input.\n\n### Patches\n\nThe problem has been fixed in release v0.5.8.\n\n### Workarounds\n\nLimit the size of the compressed file input to a reasonable size for your use\ncase.\n\n### References\n\nThe standard library had recently the same issue and got the\n[CVE-2020-16845](https://cve.mitre.org/cgi-\nbin/cvename.cgi?name=CVE-2020-16845) allocated.\n\n### For more information\n\nIf you have any questions or comments about this advisory:\n\n  * Open an issue in [xz](https://github.com/ulikunitz/xz/issues).\n\n### References\n\n  * [GHSA-25xm-hr59-7c27](https://github.com/ulikunitz/xz/security/advisories/GHSA-25xm-hr59-7c27 \"GHSA-25xm-hr59-7c27\")\n  * <https://nvd.nist.gov/vuln/detail/CVE-2021-29482>\n  * [ulikunitz/xz@`69c6093`](https://github.com/ulikunitz/xz/commit/69c6093c7b2397b923acf82cb378f55ab2652b9b)\n  * [ulikunitz/xz#35](https://github.com/ulikunitz/xz/issues/35)\n  * <https://pkg.go.dev/vuln/GO-2020-0016>\n\n",
    "Severity": {
        "Score": "7.5/ 10 (High)",
        "CVSS base metrics": {
            "Attack vector": "Network",
            "Attack complexity": "Low",
            "Privileges required": "None",
            "User interaction": "None",
            "Scope": "Unchanged",
            "Confidentiality": "None",
            "Integrity": "None",
            "Availability": "High"
        },
        "CVSS string": "CVSS:3.1/AV:N/AC:L/PR:N/UI:N/S:U/C:N/I:N/A:H"
    },
    "Weaknesses": [
        "[CWE-835](/advisories?query=cwe%3A835)"
    ],
    "CVE ID": "CVE-2021-29482",
    "GHSA ID": "GHSA-25xm-hr59-7c27",
    "Source code": "No known source code"
}