{
    "Title": "django-photologue vulnerable to Cross-site Scripting",
    "Meta": {
        "Package": [
            "django-photologue([pip](/advisories?query=ecosystem%3Apip))"
        ],
        "Affected versions": [
            "<= 3.15.1"
        ],
        "Patched versions": [
            "3.16"
        ]
    },
    "Description": "A vulnerability was found in django-photologue up to 3.15.1 and classified as\nproblematic. Affected by this issue is some unknown functionality of the file\nphotologue/templates/photologue/photo_detail.html of the component Default\nTemplate Handler. The manipulation of the argument object.caption leads to\ncross site scripting. The attack may be launched remotely. Upgrading to\nversion 3.16 is able to address this issue. The name of the patch is\n960cb060ce5e2964e6d716ff787c72fc18a371e7. It is recommended to apply a patch\nto fix this issue. VDB-215906 is the identifier assigned to this\nvulnerability.\n\n### References\n\n  * <https://nvd.nist.gov/vuln/detail/CVE-2022-4526>\n  * [richardbarran/django-photologue#223](https://github.com/richardbarran/django-photologue/issues/223)\n  * [richardbarran/django-photologue@`960cb06`](https://github.com/richardbarran/django-photologue/commit/960cb060ce5e2964e6d716ff787c72fc18a371e7)\n  * <https://vuldb.com/?id.215906>\n  * <https://github.com/pypa/advisory-database/tree/main/vulns/django-photologue/PYSEC-2022-43061.yaml>\n\n",
    "Severity": {
        "Score": "6.1/ 10 (Moderate)",
        "CVSS base metrics": {
            "Attack vector": "Network",
            "Attack complexity": "Low",
            "Privileges required": "None",
            "User interaction": "Required",
            "Scope": "Changed",
            "Confidentiality": "Low",
            "Integrity": "Low",
            "Availability": "None"
        },
        "CVSS string": "CVSS:3.1/AV:N/AC:L/PR:N/UI:R/S:C/C:L/I:L/A:N"
    },
    "Weaknesses": [
        "[CWE-79](/advisories?query=cwe%3A79)"
    ],
    "CVE ID": "CVE-2022-4526",
    "GHSA ID": "GHSA-287q-jfcp-9vhv",
    "Source code": "[richardbarran/django-photologue](https://github.com/richardbarran/django-photologue)"
}