{
    "Title": "Race condition in tokio",
    "Meta": {
        "Package": [
            "tokio([Rust](/advisories?query=ecosystem%3Arust))"
        ],
        "Affected versions": [
            ">= 1.8.0, < 1.8.1",
            ">= 1.7.0, < 1.7.2",
            ">= 1.6.0, < 1.6.3",
            ">= 0.3.0, < 1.5.1"
        ],
        "Patched versions": [
            "1.8.1",
            "1.7.2",
            "1.6.3",
            "1.5.1"
        ]
    },
    "Description": "When aborting a task with JoinHandle::abort, the future is dropped in the\nthread calling abort if the task is not currently being executed. This is\nincorrect for tasks spawned on a LocalSet. This can easily result in race\nconditions as many projects use Rc or RefCell in their Tokio tasks for better\nperformance.\n\n### References\n\n  * <https://nvd.nist.gov/vuln/detail/CVE-2021-38191>\n  * [tokio-rs/tokio#3929](https://github.com/tokio-rs/tokio/issues/3929)\n  * <https://raw.githubusercontent.com/rustsec/advisory-db/main/crates/tokio/RUSTSEC-2021-0072.md>\n  * <https://rustsec.org/advisories/RUSTSEC-2021-0072.html>\n\n",
    "Severity": {
        "Score": "5.9/ 10 (Moderate)",
        "CVSS base metrics": {
            "Attack vector": "Network",
            "Attack complexity": "High",
            "Privileges required": "None",
            "User interaction": "None",
            "Scope": "Unchanged",
            "Confidentiality": "None",
            "Integrity": "None",
            "Availability": "High"
        },
        "CVSS string": "CVSS:3.1/AV:N/AC:H/PR:N/UI:N/S:U/C:N/I:N/A:H"
    },
    "Weaknesses": [
        "[CWE-362](/advisories?query=cwe%3A362)",
        "[CWE-366](/advisories?query=cwe%3A366)"
    ],
    "CVE ID": "CVE-2021-38191",
    "GHSA ID": "GHSA-2grh-hm3w-w7hv",
    "Source code": "[tokio-rs/tokio](https://github.com/tokio-rs/tokio)"
}