{
    "Title": "Cross-Site Scripting in atlasboard-atlassian-package",
    "Meta": {
        "Package": [
            "atlasboard-atlassian-package([npm](/advisories?query=ecosystem%3Anpm))"
        ],
        "Affected versions": [
            ">= 0.0.0"
        ],
        "Patched versions": [
            "None"
        ]
    },
    "Description": "All versions of `atlasboard-atlassian-package` prior to 0.4.2 are vulnerable\nto Cross-Site Scripting (XSS). The package fails to properly sanitize user\ninput that is rendered as HTML, which may allow attackers to execute arbitrary\nJavaScript in a victim's browser. This requires attackers being able to change\nissue summaries in Jira tickets.\n\n## Recommendation\n\nNo fix is currently available. Consider using an alternative package until a\nfix is made available.\n\n### References\n\n  * <https://hackerone.com/reports/456702>\n  * <https://www.npmjs.com/advisories/1449>\n\n",
    "Severity": {
        "Score": "(High)"
    },
    "Weaknesses": [
        "[CWE-79](/advisories?query=cwe%3A79)"
    ],
    "CVE ID": "No known CVE",
    "GHSA ID": "GHSA-25v4-mcx4-hh35",
    "Source code": "No known source code"
}