{
    "Title": "phpMyAdmin DoS Vulnerability",
    "Meta": {
        "Package": [
            "phpmyadmin/phpmyadmin([Composer](/advisories?query=ecosystem%3Acomposer))"
        ],
        "Affected versions": [
            ">= 4.6.0, < 4.6.4",
            ">= 4.4.0, < 4.4.15.8",
            ">= 4.0.0, < 4.0.10.17"
        ],
        "Patched versions": [
            "4.6.4",
            "4.4.15.8",
            "4.0.10.17"
        ]
    },
    "Description": "An issue was discovered in phpMyAdmin. An authorized user can cause a denial-\nof-service (DoS) attack on a server by passing large values to a loop. All\n4.6.x versions (prior to 4.6.4), 4.4.x versions (prior to 4.4.15.8), and 4.0.x\nversions (prior to 4.0.10.17) are affected.\n\n### References\n\n  * <https://nvd.nist.gov/vuln/detail/CVE-2016-6623>\n  * <https://security.gentoo.org/glsa/201701-32>\n  * <https://www.phpmyadmin.net/security/PMASA-2016-46>\n  * <https://web.archive.org/web/20210123204343/http://www.securityfocus.com/bid/95052>\n\n",
    "Severity": {
        "Score": "6.5/ 10 (Moderate)",
        "CVSS base metrics": {
            "Attack vector": "Network",
            "Attack complexity": "Low",
            "Privileges required": "Low",
            "User interaction": "None",
            "Scope": "Unchanged",
            "Confidentiality": "None",
            "Integrity": "None",
            "Availability": "High"
        },
        "CVSS string": "CVSS:3.0/AV:N/AC:L/PR:L/UI:N/S:U/C:N/I:N/A:H"
    },
    "Weaknesses": [
        "[CWE-20](/advisories?query=cwe%3A20)"
    ],
    "CVE ID": "CVE-2016-6623",
    "GHSA ID": "GHSA-2mcj-3r3r-v5wm",
    "Source code": "[phpmyadmin/composer](https://github.com/phpmyadmin/composer)"
}