{
    "Title": "OroCommerce Cross-site Scripting vulnerability in add note dialog of Shopping List line item",
    "Meta": {
        "Package": [
            "oro/commerce([Composer](/advisories?query=ecosystem%3Acomposer))"
        ],
        "Affected versions": [
            ">= 4.1.0, <= 4.1.13",
            ">= 4.2.0, <= 4.2.10",
            ">= 5.0.0, < 5.0.11",
            ">= 5.1.0, < 5.1.1"
        ],
        "Patched versions": [
            "5.0.11",
            "5.1.1"
        ]
    },
    "Description": "### Impact\n\nThe JS payload added to the product name may be executed at the storefront\nwhen adding a note to the shopping list line item containing a vulnerable\nproduct.  \nAn attacker should be able to edit a product in the admin area and force a\nuser to add this product to Shopping List and click add a note for it.\n\n### References\n\n  * [GHSA-2jc6-3fhj-8q84](https://github.com/oroinc/orocommerce/security/advisories/GHSA-2jc6-3fhj-8q84 \"GHSA-2jc6-3fhj-8q84\")\n  * <https://nvd.nist.gov/vuln/detail/CVE-2022-35950>\n\n",
    "Severity": {
        "Score": "4.8/ 10 (Moderate)",
        "CVSS base metrics": {
            "Attack vector": "Network",
            "Attack complexity": "Low",
            "Privileges required": "High",
            "User interaction": "Required",
            "Scope": "Changed",
            "Confidentiality": "Low",
            "Integrity": "Low",
            "Availability": "None"
        },
        "CVSS string": "CVSS:3.1/AV:N/AC:L/PR:H/UI:R/S:C/C:L/I:L/A:N"
    },
    "Weaknesses": [
        "[CWE-79](/advisories?query=cwe%3A79)"
    ],
    "CVE ID": "CVE-2022-35950",
    "GHSA ID": "GHSA-2jc6-3fhj-8q84",
    "Source code": "[oroinc/orocommerce](https://github.com/oroinc/orocommerce)"
}