{
    "Title": "Path Traversal in DKPro Core",
    "Meta": {
        "Package": [
            "de.tudarmstadt.ukp.dkpro.core:de.tudarmstadt.ukp.dkpro.core.api.datasets-asl([Maven](/advisories?query=ecosystem%3Amaven))"
        ],
        "Affected versions": [
            "<= 1.10.0"
        ],
        "Patched versions": [
            "None"
        ]
    },
    "Description": "core/api/datasets/internal/actions/Explode.java in the Dataset API in DKPro\nCore through 1.10.0 allows Directory Traversal, resulting in the overwrite of\nlocal files with the contents of an archive.\n\n### References\n\n  * <https://nvd.nist.gov/vuln/detail/CVE-2019-11082>\n  * [dkpro/dkpro-core#1325](https://github.com/dkpro/dkpro-core/issues/1325)\n\n",
    "Severity": {
        "Score": "7.5/ 10 (High)",
        "CVSS base metrics": {
            "Attack vector": "Network",
            "Attack complexity": "Low",
            "Privileges required": "None",
            "User interaction": "None",
            "Scope": "Unchanged",
            "Confidentiality": "None",
            "Integrity": "High",
            "Availability": "None"
        },
        "CVSS string": "CVSS:3.0/AV:N/AC:L/PR:N/UI:N/S:U/C:N/I:H/A:N"
    },
    "Weaknesses": [
        "[CWE-22](/advisories?query=cwe%3A22)"
    ],
    "CVE ID": "CVE-2019-11082",
    "GHSA ID": "GHSA-23gj-368h-92pq",
    "Source code": "No known source code"
}