{
    "Title": "CHECK-fail in AddManySparseToTensorsMap",
    "Meta": {
        "Package": [
            "tensorflow([pip](/advisories?query=ecosystem%3Apip))"
        ],
        "Affected versions": [
            "< 2.1.4",
            ">= 2.2.0, < 2.2.3",
            ">= 2.3.0, < 2.3.3",
            ">= 2.4.0, < 2.4.2"
        ],
        "Patched versions": [
            "2.1.4",
            "2.2.3",
            "2.3.3",
            "2.4.2"
        ]
    },
    "Description": "### Impact\n\nAn attacker can trigger a denial of service via a `CHECK`-fail in\n`tf.raw_ops.AddManySparseToTensorsMap`:\n\n    \n    \n    import tensorflow as tf\n    import numpy as np\n    \n    sparse_indices = tf.constant(530, shape=[1, 1], dtype=tf.int64)\n    sparse_values = tf.ones([1], dtype=tf.int64)\n    \n    shape = tf.Variable(tf.ones([55], dtype=tf.int64))\n    shape[:8].assign(np.array([855, 901, 429, 892, 892, 852, 93, 96], dtype=np.int64))\n    \n    tf.raw_ops.AddManySparseToTensorsMap(sparse_indices=sparse_indices,\n                        sparse_values=sparse_values,\n                        sparse_shape=shape)\n\nThis is because the\n[implementation](https://github.com/tensorflow/tensorflow/blob/6f9896890c4c703ae0a0845394086e2e1e523299/tensorflow/core/kernels/sparse_tensors_map_ops.cc#L257)\ntakes the values specified in `sparse_shape` as dimensions for the output\nshape:\n\n    \n    \n        TensorShape tensor_input_shape(input_shape->vec<int64>());\n\nThe [`TensorShape`\nconstructor](https://github.com/tensorflow/tensorflow/blob/6f9896890c4c703ae0a0845394086e2e1e523299/tensorflow/core/framework/tensor_shape.cc#L183-L188)\nuses a `CHECK` operation which triggers when\n[`InitDims`](https://github.com/tensorflow/tensorflow/blob/6f9896890c4c703ae0a0845394086e2e1e523299/tensorflow/core/framework/tensor_shape.cc#L212-L296)\nreturns a non-OK status.\n\n    \n    \n    template <class Shape>\n    TensorShapeBase<Shape>::TensorShapeBase(gtl::ArraySlice<int64> dim_sizes) {\n      set_tag(REP16);\n      set_data_type(DT_INVALID);\n      TF_CHECK_OK(InitDims(dim_sizes));\n    }\n\nIn our scenario, this occurs when adding a dimension from the argument results\nin overflow:\n\n    \n    \n    template <class Shape>\n    Status TensorShapeBase<Shape>::InitDims(gtl::ArraySlice<int64> dim_sizes) {\n      ...\n      Status status = Status::OK();\n      for (int64 s : dim_sizes) {\n        status.Update(AddDimWithStatus(internal::SubtleMustCopy(s)));\n        if (!status.ok()) {\n          return status;\n        }\n      }\n    }\n    \n    template <class Shape>\n    Status TensorShapeBase<Shape>::AddDimWithStatus(int64 size) {\n      ...\n      int64 new_num_elements;\n      if (kIsPartial && (num_elements() < 0 || size < 0)) {\n        new_num_elements = -1;\n      } else {\n        new_num_elements = MultiplyWithoutOverflow(num_elements(), size);\n        if (TF_PREDICT_FALSE(new_num_elements < 0)) {\n            return errors::Internal(\"Encountered overflow when multiplying \",\n                                    num_elements(), \" with \", size,\n                                    \", result: \", new_num_elements);\n          }\n      }\n      ...\n    }\n\nThis is a legacy implementation of the constructor and operations should use\n`BuildTensorShapeBase` or `AddDimWithStatus` to prevent `CHECK`-failures in\nthe presence of overflows.\n\n### Patches\n\nWe have patched the issue in GitHub commit\n[69c68ecbb24dff3fa0e46da0d16c821a2dd22d7c](https://github.com/tensorflow/tensorflow/commit/69c68ecbb24dff3fa0e46da0d16c821a2dd22d7c).\n\nThe fix will be included in TensorFlow 2.5.0. We will also cherrypick this\ncommit on TensorFlow 2.4.2, TensorFlow 2.3.3, TensorFlow 2.2.3 and TensorFlow\n2.1.4, as these are also affected and still in supported range.\n\n### For more information\n\nPlease consult [our security\nguide](https://github.com/tensorflow/tensorflow/blob/master/SECURITY.md) for\nmore information regarding the security model and how to contact us with\nissues and questions.\n\n### Attribution\n\nThis vulnerability has been reported by Yakun Zhang and Ying Wang of Baidu\nX-Team.\n\n### References\n\n  * [GHSA-2cpx-427x-q2c6](https://github.com/tensorflow/tensorflow/security/advisories/GHSA-2cpx-427x-q2c6 \"GHSA-2cpx-427x-q2c6\")\n  * <https://nvd.nist.gov/vuln/detail/CVE-2021-29523>\n  * [tensorflow/tensorflow@`69c68ec`](https://github.com/tensorflow/tensorflow/commit/69c68ecbb24dff3fa0e46da0d16c821a2dd22d7c)\n\n",
    "Severity": {
        "Score": "2.5/ 10 (Low)",
        "CVSS base metrics": {
            "Attack vector": "Local",
            "Attack complexity": "High",
            "Privileges required": "Low",
            "User interaction": "None",
            "Scope": "Unchanged",
            "Confidentiality": "None",
            "Integrity": "None",
            "Availability": "Low"
        },
        "CVSS string": "CVSS:3.1/AV:L/AC:H/PR:L/UI:N/S:U/C:N/I:N/A:L"
    },
    "Weaknesses": [
        "[CWE-190](/advisories?query=cwe%3A190)"
    ],
    "CVE ID": "CVE-2021-29523",
    "GHSA ID": "GHSA-2cpx-427x-q2c6",
    "Source code": "No known source code"
}