{
    "Title": "ChakraCore Remote Code Execution Vulnerability",
    "Meta": {
        "Package": [
            "Microsoft.ChakraCore([NuGet](/advisories?query=ecosystem%3Anuget))"
        ],
        "Affected versions": [
            "< 1.11.18"
        ],
        "Patched versions": [
            "1.11.18"
        ]
    },
    "Description": "A remote code execution vulnerability exists in the way that the ChakraCore\nscripting engine handles objects in memory, aka 'Scripting Engine Memory\nCorruption Vulnerability'. This CVE ID is unique from\n[CVE-2020-0968](https://github.com/advisories/GHSA-m4v9-rc68-3qrf\n\"CVE-2020-0968\").\n\n### References\n\n  * <https://nvd.nist.gov/vuln/detail/CVE-2020-0970>\n  * <https://portal.msrc.microsoft.com/en-US/security-guidance/advisory/CVE-2020-0970>\n  * [chakra-core/ChakraCore#6420](https://github.com/chakra-core/ChakraCore/pull/6420)\n  * [chakra-core/ChakraCore@`892e45f`](https://github.com/chakra-core/ChakraCore/commit/892e45ff85ed4e3899371eca950a7fb4810bde37)\n\n",
    "Severity": {
        "Score": "7.5/ 10 (High)",
        "CVSS base metrics": {
            "Attack vector": "Network",
            "Attack complexity": "High",
            "Privileges required": "None",
            "User interaction": "Required",
            "Scope": "Unchanged",
            "Confidentiality": "High",
            "Integrity": "High",
            "Availability": "High"
        },
        "CVSS string": "CVSS:3.1/AV:N/AC:H/PR:N/UI:R/S:U/C:H/I:H/A:H"
    },
    "Weaknesses": [
        "[CWE-787](/advisories?query=cwe%3A787)"
    ],
    "CVE ID": "CVE-2020-0970",
    "GHSA ID": "GHSA-233h-59m2-qqf2",
    "Source code": "[chakra-core/ChakraCore](https://github.com/chakra-core/ChakraCore)"
}