{
    "Title": "Double free in sys-info",
    "Meta": {
        "Package": [
            "sys-info([Rust](/advisories?query=ecosystem%3Arust))"
        ],
        "Affected versions": [
            "< 0.8.0"
        ],
        "Patched versions": [
            "0.8.0"
        ]
    },
    "Description": "Affected versions of sys-info use a static, global, list to store temporary\ndisk information while running. The function that cleans up this list,\nDFCleanup, assumes a single threaded environment and will try to free the same\nmemory twice in a multithreaded environment. This results in consistent\ndouble-frees and segfaults when calling sys_info::disk_info from multiple\nthreads at once. The issue was fixed by moving the global variable into a\nlocal scope.\n\n### References\n\n  * <https://nvd.nist.gov/vuln/detail/CVE-2020-36434>\n  * [FillZpp/sys-info-rs#63](https://github.com/FillZpp/sys-info-rs/issues/63)\n  * <https://raw.githubusercontent.com/rustsec/advisory-db/main/crates/sys-info/RUSTSEC-2020-0100.md>\n  * <https://rustsec.org/advisories/RUSTSEC-2020-0100.html>\n\n",
    "Severity": {
        "Score": "9.8/ 10 (Critical)",
        "CVSS base metrics": {
            "Attack vector": "Network",
            "Attack complexity": "Low",
            "Privileges required": "None",
            "User interaction": "None",
            "Scope": "Unchanged",
            "Confidentiality": "High",
            "Integrity": "High",
            "Availability": "High"
        },
        "CVSS string": "CVSS:3.1/AV:N/AC:L/PR:N/UI:N/S:U/C:H/I:H/A:H"
    },
    "Weaknesses": [
        "[CWE-415](/advisories?query=cwe%3A415)"
    ],
    "CVE ID": "CVE-2020-36434",
    "GHSA ID": "GHSA-2f5j-3mhq-xv58",
    "Source code": "[FillZpp/sys-info-rs](https://github.com/FillZpp/sys-info-rs)"
}