{
    "Title": "Insufficient token expiration in Serenity",
    "Meta": {
        "Package": [
            "Serenity.Net.Core([NuGet](/advisories?query=ecosystem%3Anuget))"
        ],
        "Affected versions": [
            "< 6.7.0"
        ],
        "Patched versions": [
            "6.7.0"
        ]
    },
    "Description": "An issue was discovered in Serenity Serene (and StartSharp) before 6.7.0.\nPassword reset links are sent by email. A link contains a token that is used\nto reset the password. This token remains valid even after the password reset\nand can be used a second time to change the password of the corresponding\nuser. The token expires only 3 hours after issuance and is sent as a query\nparameter when resetting. An attacker with access to the browser history can\nthus use the token again to change the password in order to take over the\naccount.\n\n### References\n\n  * <https://nvd.nist.gov/vuln/detail/CVE-2023-31287>\n  * [serenity-is/Serenity@`11b9d26`](https://github.com/serenity-is/Serenity/commit/11b9d267f840513d04b4f4d4876de7823a6e48d2)\n  * <http://seclists.org/fulldisclosure/2023/May/14>\n  * <http://packetstormsecurity.com/files/172648/Serenity-StartSharp-Software-File-Upload-XSS-User-Enumeration-Reusable-Tokens.html>\n\n",
    "Severity": {
        "Score": "7.8/ 10 (High)",
        "CVSS base metrics": {
            "Attack vector": "Local",
            "Attack complexity": "Low",
            "Privileges required": "Low",
            "User interaction": "None",
            "Scope": "Unchanged",
            "Confidentiality": "High",
            "Integrity": "High",
            "Availability": "High"
        },
        "CVSS string": "CVSS:3.1/AV:L/AC:L/PR:L/UI:N/S:U/C:H/I:H/A:H"
    },
    "Weaknesses": [
        "[CWE-640](/advisories?query=cwe%3A640)"
    ],
    "CVE ID": "CVE-2023-31287",
    "GHSA ID": "GHSA-2hp9-3xfr-r9w2",
    "Source code": "[serenity-is/Serenity](https://github.com/serenity-is/Serenity)"
}