{
    "Title": "Docker Command Escaping in the GitHub Actions Runner",
    "Meta": {
        "Package": [
            "actions/runner([GitHub Actions](/advisories?query=ecosystem%3Aactions))"
        ],
        "Affected versions": [
            ">= 2.294.0, < 2.296.1",
            ">= 2.290.0, < 2.293.1",
            ">= 2.286.0, < 2.289.4",
            ">= 2.284.0, < 2.285.2",
            "< 2.283.4"
        ],
        "Patched versions": [
            "2.296.2",
            "2.293.1",
            "2.289.4",
            "2.285.2",
            "2.283.4"
        ]
    },
    "Description": "### Impact\n\nThe actions runner invokes the docker cli directly in order to run job\ncontainers, service containers, or container actions. A bug in the logic for\nhow the environment is encoded into these docker commands was discovered that\nallows an input to escape the environment variable and modify that docker\ncommand invocation directly. Jobs that use [container\nactions](https://docs.github.com/en/actions/creating-actions/creating-a-\ndocker-container-action), [job\ncontainers](https://docs.github.com/en/actions/using-jobs/running-jobs-in-a-\ncontainer), or [service containers](https://docs.github.com/en/actions/using-\ncontainerized-services/about-service-containers) alongside untrusted user\ninputs in environment variables may be vulnerable.\n\n### Patches\n\nThe Actions Runner has been patched, both on `github.com` and hotfixes for\nGHES and GHAE customers. Please update to one of the following versions of the\nrunner:\n\n  * 2.296.2\n  * 2.293.1\n  * 2.289.4\n  * 2.285.2\n  * 2.283.4\n\nGHES and GHAE customers may want to patch their instance in order to have\ntheir runners automatically upgrade to these new runner versions.\n\n### Workarounds\n\nYou may want to consider removing any container actions, job containers, or\nservice containers from your jobs until you are able to upgrade your runner\nversions.\n\n### For more information\n\nIf you have any questions or comments about this advisory:\n\n  * Open an issue in [the actions runner](https://github.com/actions/runner)\n\n### References\n\n  * [GHSA-2c6m-6gqh-6qg3](https://github.com/actions/runner/security/advisories/GHSA-2c6m-6gqh-6qg3 \"GHSA-2c6m-6gqh-6qg3\")\n  * <https://nvd.nist.gov/vuln/detail/CVE-2022-39321>\n  * [actions/runner#2107](https://github.com/actions/runner/pull/2107)\n  * [actions/runner#2108](https://github.com/actions/runner/pull/2108)\n\n",
    "Severity": {
        "Score": "8.8/ 10 (High)",
        "CVSS base metrics": {
            "Attack vector": "Network",
            "Attack complexity": "Low",
            "Privileges required": "Low",
            "User interaction": "None",
            "Scope": "Unchanged",
            "Confidentiality": "High",
            "Integrity": "High",
            "Availability": "High"
        },
        "CVSS string": "CVSS:3.1/AV:N/AC:L/PR:L/UI:N/S:U/C:H/I:H/A:H"
    },
    "Weaknesses": [
        "[CWE-78](/advisories?query=cwe%3A78)"
    ],
    "CVE ID": "CVE-2022-39321",
    "GHSA ID": "GHSA-2c6m-6gqh-6qg3",
    "Source code": "[actions/runner](https://github.com/actions/runner)"
}