{
    "Title": "Prototype Pollution in dset",
    "Meta": {
        "Package": [
            "dset([npm](/advisories?query=ecosystem%3Anpm))"
        ],
        "Affected versions": [
            "< 3.1.2"
        ],
        "Patched versions": [
            "3.1.2"
        ]
    },
    "Description": "All versions of `dset` prior to 3.1.2 are vulnerable to Prototype Pollution\nvia `dset/merge` mode, as the `dset` function checks for prototype pollution\nby validating if the top-level path contains `__proto__`, `constructor` or\n`prototype`. By crafting a malicious object, it is possible to bypass this\ncheck and achieve prototype pollution.\n\n### References\n\n  * <https://nvd.nist.gov/vuln/detail/CVE-2022-25645>\n  * <https://github.com/lukeed/dset/blob/master/src/merge.js%23L9>\n  * <https://snyk.io/vuln/SNYK-JAVA-ORGWEBJARSNPM-2431974>\n  * <https://snyk.io/vuln/SNYK-JS-DSET-2330881>\n\n",
    "Severity": {
        "Score": "6.5/ 10 (Moderate)",
        "CVSS base metrics": {
            "Attack vector": "Network",
            "Attack complexity": "High",
            "Privileges required": "None",
            "User interaction": "None",
            "Scope": "Unchanged",
            "Confidentiality": "None",
            "Integrity": "High",
            "Availability": "Low"
        },
        "CVSS string": "CVSS:3.1/AV:N/AC:H/PR:N/UI:N/S:U/C:N/I:H/A:L"
    },
    "Weaknesses": [
        "[CWE-1321](/advisories?query=cwe%3A1321)"
    ],
    "CVE ID": "CVE-2022-25645",
    "GHSA ID": "GHSA-23wx-cgxq-vpwx",
    "Source code": "[lukeed/dset](https://github.com/lukeed/dset)"
}