{
    "Title": "Jenkins Fogbugz Plugin has missing permissions check",
    "Meta": {
        "Package": [
            "org.jenkins-ci.plugins:fogbugz([Maven](/advisories?query=ecosystem%3Amaven))"
        ],
        "Affected versions": [
            "<= 2.2.17"
        ],
        "Patched versions": [
            "None"
        ]
    },
    "Description": "Jenkins Fogbugz Plugin provides a webhook endpoint at `/fbTrigger/` that can\nbe used to trigger builds of any jobs.\n\nIn Fogbugz Plugin 2.2.17 and earlier, this endpoint can be accessed by\nattackers with Item/Read permission, allowing them to trigger builds of jobs\nspecified in a `jobname` request parameter.\n\n### References\n\n  * <https://nvd.nist.gov/vuln/detail/CVE-2023-30522>\n  * <https://www.jenkins.io/security/advisory/2023-04-12/#SECURITY-2873>\n  * <http://www.openwall.com/lists/oss-security/2023/04/13/3>\n\n",
    "Severity": {
        "Score": "4.3/ 10 (Moderate)",
        "CVSS base metrics": {
            "Attack vector": "Network",
            "Attack complexity": "Low",
            "Privileges required": "Low",
            "User interaction": "None",
            "Scope": "Unchanged",
            "Confidentiality": "None",
            "Integrity": "Low",
            "Availability": "None"
        },
        "CVSS string": "CVSS:3.1/AV:N/AC:L/PR:L/UI:N/S:U/C:N/I:L/A:N"
    },
    "Weaknesses": [
        "[CWE-862](/advisories?query=cwe%3A862)"
    ],
    "CVE ID": "CVE-2023-30522",
    "GHSA ID": "GHSA-2482-gr3v-f3f3",
    "Source code": "No known source code"
}