{
    "Title": "Improper Restriction of XML External Entity Reference in Plone",
    "Meta": {
        "Package": [
            "Plone([pip](/advisories?query=ecosystem%3Apip))"
        ],
        "Affected versions": [
            "< 5.2.3"
        ],
        "Patched versions": [
            "5.2.3"
        ]
    },
    "Description": "Plone before 5.2.3 allows XXE attacks via a feature that is protected by an\nunapplied permission of plone.schemaeditor.ManageSchemata (therefore, only\navailable to the Manager role).\n\n### References\n\n  * <https://nvd.nist.gov/vuln/detail/CVE-2020-28736>\n  * [plone/Products.CMFPlone#3209](https://github.com/plone/Products.CMFPlone/issues/3209)\n  * <https://dist.plone.org/release/5.2.3/RELEASE-NOTES.txt>\n\n",
    "Severity": {
        "Score": "8.8/ 10 (High)",
        "CVSS base metrics": {
            "Attack vector": "Network",
            "Attack complexity": "Low",
            "Privileges required": "Low",
            "User interaction": "None",
            "Scope": "Unchanged",
            "Confidentiality": "High",
            "Integrity": "High",
            "Availability": "High"
        },
        "CVSS string": "CVSS:3.1/AV:N/AC:L/PR:L/UI:N/S:U/C:H/I:H/A:H"
    },
    "Weaknesses": [
        "[CWE-611](/advisories?query=cwe%3A611)"
    ],
    "CVE ID": "CVE-2020-28736",
    "GHSA ID": "GHSA-2c8c-84w2-j38j",
    "Source code": "No known source code"
}