{
    "Title": "Path traversal vulnerability in Jenkins Fortify Plugin",
    "Meta": {
        "Package": [
            "org.jenkins-ci.plugins:fortify([Maven](/advisories?query=ecosystem%3Amaven))"
        ],
        "Affected versions": [
            "< 20.2.35"
        ],
        "Patched versions": [
            "20.2.35"
        ]
    },
    "Description": "Jenkins Fortify Plugin 20.2.34 and earlier does not sanitize the `appName` and\n`appVersion` parameters of its Pipeline steps, which are used to write to\nfiles inside build directories.\n\nThis allows attackers with Item/Configure permission to write or overwrite\n`.xml` files on the Jenkins controller file system with content not\ncontrollable by the attacker.\n\nJenkins Fortify Plugin 20.2.35 sanitizes the `appName` and `appVersion`\nparameters of its Pipeline steps when determining the resulting filename.\n\n### References\n\n  * <https://nvd.nist.gov/vuln/detail/CVE-2022-25188>\n  * <https://www.jenkins.io/security/advisory/2022-02-15/#SECURITY-2214>\n  * <http://www.openwall.com/lists/oss-security/2022/02/15/2>\n  * [jenkinsci/fortify-plugin@`ba3030c`](https://github.com/jenkinsci/fortify-plugin/commit/ba3030cb63bb86b6bb13342664e0e319f2fee374)\n\n",
    "Severity": {
        "Score": "4.3/ 10 (Moderate)",
        "CVSS base metrics": {
            "Attack vector": "Network",
            "Attack complexity": "Low",
            "Privileges required": "Low",
            "User interaction": "None",
            "Scope": "Unchanged",
            "Confidentiality": "None",
            "Integrity": "Low",
            "Availability": "None"
        },
        "CVSS string": "CVSS:3.1/AV:N/AC:L/PR:L/UI:N/S:U/C:N/I:L/A:N"
    },
    "Weaknesses": [
        "[CWE-22](/advisories?query=cwe%3A22)"
    ],
    "CVE ID": "CVE-2022-25188",
    "GHSA ID": "GHSA-23h5-8ph6-7rfc",
    "Source code": "[jenkinsci/fortify-plugin](https://github.com/jenkinsci/fortify-plugin)"
}