{
    "Title": "Jenkins Matrix Reloaded Plugin vulnerable to Stored XSS",
    "Meta": {
        "Package": [
            "net.praqma:matrix-reloaded([Maven](/advisories?query=ecosystem%3Amaven))"
        ],
        "Affected versions": [
            "<= 1.1.3"
        ],
        "Patched versions": [
            "None"
        ]
    },
    "Description": "Jenkins Matrix Reloaded Plugin 1.1.3 and earlier does not escape the agent\nname in tooltips, resulting in a stored cross-site scripting (XSS)\nvulnerability exploitable by attackers with Agent/Configure permission.\n\n### References\n\n  * <https://nvd.nist.gov/vuln/detail/CVE-2022-34788>\n  * <https://www.jenkins.io/security/advisory/2022-06-30/#SECURITY-1926>\n\n",
    "Severity": {
        "Score": "7.1/ 10 (High)",
        "CVSS base metrics": {
            "Attack vector": "Network",
            "Attack complexity": "High",
            "Privileges required": "Low",
            "User interaction": "Required",
            "Scope": "Unchanged",
            "Confidentiality": "High",
            "Integrity": "High",
            "Availability": "High"
        },
        "CVSS string": "CVSS:3.1/AV:N/AC:H/PR:L/UI:R/S:U/C:H/I:H/A:H"
    },
    "Weaknesses": [
        "[CWE-79](/advisories?query=cwe%3A79)"
    ],
    "CVE ID": "CVE-2022-34788",
    "GHSA ID": "GHSA-2463-7265-h8r4",
    "Source code": "[jenkinsci/matrix-reloaded-plugin](https://github.com/jenkinsci/matrix-reloaded-plugin)"
}