{
    "Title": "Path Traversal in takeapeek",
    "Meta": {
        "Package": [
            "takeapeek([npm](/advisories?query=ecosystem%3Anpm))"
        ],
        "Affected versions": [
            "<= 0.2.2"
        ],
        "Patched versions": [
            "None"
        ]
    },
    "Description": "All versions of `takeapeek` are vulnerable to path traversal exposing files\nand directories.\n\n## Recommendation\n\nAs no fix is currently available for this vulnerability is it is our\nrecommendation to use another static file server.\n\n### References\n\n  * <https://nvd.nist.gov/vuln/detail/CVE-2018-16473>\n  * <https://hackerone.com/reports/403736>\n  * [GHSA-23xp-j737-282v](https://github.com/advisories/GHSA-23xp-j737-282v \"GHSA-23xp-j737-282v\")\n  * <https://github.com/nodejs/security-wg/blob/master/vuln/npm/478.json>\n  * <https://www.npmjs.com/advisories/740>\n\n",
    "Severity": {
        "Score": "5.3/ 10 (Moderate)",
        "CVSS base metrics": {
            "Attack vector": "Network",
            "Attack complexity": "Low",
            "Privileges required": "None",
            "User interaction": "None",
            "Scope": "Unchanged",
            "Confidentiality": "Low",
            "Integrity": "None",
            "Availability": "None"
        },
        "CVSS string": "CVSS:3.0/AV:N/AC:L/PR:N/UI:N/S:U/C:L/I:N/A:N"
    },
    "Weaknesses": [
        "[CWE-22](/advisories?query=cwe%3A22)"
    ],
    "CVE ID": "CVE-2018-16473",
    "GHSA ID": "GHSA-23xp-j737-282v",
    "Source code": "No known source code"
}