{
    "Title": "libheif vulnerable to segmentation fault via floating point exception",
    "Meta": {
        "Package": [
            "github.com/strukturag/libheif([Go](/advisories?query=ecosystem%3Ago))"
        ],
        "Affected versions": [
            "< 1.15.2"
        ],
        "Patched versions": [
            "1.15.2"
        ]
    },
    "Description": "A Segmentation fault caused by a floating point exception exists in libheif\n1.15.1 using crafted heif images via the heif::Fraction::round() function in\nbox.cc, which causes a denial of service.\n\n### References\n\n  * <https://nvd.nist.gov/vuln/detail/CVE-2023-29659>\n  * [strukturag/libheif#794](https://github.com/strukturag/libheif/issues/794)\n  * [strukturag/libheif@`e05e15b`](https://github.com/strukturag/libheif/commit/e05e15b57a38ec411cb9acb38512a1c36ff62991)\n  * <https://lists.fedoraproject.org/archives/list/package-announce@lists.fedoraproject.org/message/CKAE6NQBA3Q7GS6VTNDZRZZZVPPEFUEZ/>\n  * <https://lists.fedoraproject.org/archives/list/package-announce@lists.fedoraproject.org/message/LGKHDCS4HRZE3UGXYYDYPTIPNIBRLQ5L/>\n\n",
    "Severity": {
        "Score": "6.5/ 10 (Moderate)",
        "CVSS base metrics": {
            "Attack vector": "Network",
            "Attack complexity": "Low",
            "Privileges required": "None",
            "User interaction": "Required",
            "Scope": "Unchanged",
            "Confidentiality": "None",
            "Integrity": "None",
            "Availability": "High"
        },
        "CVSS string": "CVSS:3.1/AV:N/AC:L/PR:N/UI:R/S:U/C:N/I:N/A:H"
    },
    "Weaknesses": [
        "[CWE-369](/advisories?query=cwe%3A369)"
    ],
    "CVE ID": "CVE-2023-29659",
    "GHSA ID": "GHSA-22fx-6r9m-r8h9",
    "Source code": "github.com/strukturag/libheif"
}