{
    "Title": "Regular Expression Denial of Service in sshpk",
    "Meta": {
        "Package": [
            "sshpk([npm](/advisories?query=ecosystem%3Anpm))"
        ],
        "Affected versions": [
            "< 1.13.2"
        ],
        "Patched versions": [
            "1.13.2"
        ]
    },
    "Description": "Versions of `sshpk` before 1.13.2 or 1.14.1 are vulnerable to regular\nexpression denial of service when parsing crafted invalid public keys.\n\n## Recommendation\n\nUpdate to version 1.13.2, 1.14.1 or later.\n\n### References\n\n  * <https://nvd.nist.gov/vuln/detail/CVE-2018-3737>\n  * <https://hackerone.com/reports/319593>\n  * [GHSA-2m39-62fm-q8r3](https://github.com/advisories/GHSA-2m39-62fm-q8r3 \"GHSA-2m39-62fm-q8r3\")\n  * <https://www.npmjs.com/advisories/606>\n  * [TritonDataCenter/node-sshpk@`46065d3`](https://github.com/TritonDataCenter/node-sshpk/commit/46065d38a5e6d1bccf86d3efb2fb83c14e3f9957)\n  * <https://github.com/joyent/node-sshpk/blob/v1.13.1/lib/formats/ssh.js#L17>\n\n",
    "Severity": {
        "Score": "7.5/ 10 (High)",
        "CVSS base metrics": {
            "Attack vector": "Network",
            "Attack complexity": "Low",
            "Privileges required": "None",
            "User interaction": "None",
            "Scope": "Unchanged",
            "Confidentiality": "None",
            "Integrity": "None",
            "Availability": "High"
        },
        "CVSS string": "CVSS:3.1/AV:N/AC:L/PR:N/UI:N/S:U/C:N/I:N/A:H"
    },
    "Weaknesses": [
        "[CWE-185](/advisories?query=cwe%3A185)",
        "[CWE-770](/advisories?query=cwe%3A770)"
    ],
    "CVE ID": "CVE-2018-3737",
    "GHSA ID": "GHSA-2m39-62fm-q8r3",
    "Source code": "No known source code"
}