{
    "Title": "Path traversal in Gitblit",
    "Meta": {
        "Package": [
            "com.gitblit:gitblit([Maven](/advisories?query=ecosystem%3Amaven))"
        ],
        "Affected versions": [
            "<= 1.9.3"
        ],
        "Patched versions": [
            "None"
        ]
    },
    "Description": "A Path Traversal vulnerability in Gitblit 1.9.3 can lead to reading website\nfiles via /resources//../ (e.g., followed by a WEB-INF or META-INF pathname).\n\n### References\n\n  * <https://nvd.nist.gov/vuln/detail/CVE-2022-31268>\n  * <https://github.com/metaStor/Vuls/blob/main/gitblit/gitblit%20V1.9.3%20path%20traversal/gitblit%20V1.9.3%20path%20traversal.md>\n\n",
    "Severity": {
        "Score": "7.5/ 10 (High)",
        "CVSS base metrics": {
            "Attack vector": "Network",
            "Attack complexity": "Low",
            "Privileges required": "None",
            "User interaction": "None",
            "Scope": "Unchanged",
            "Confidentiality": "High",
            "Integrity": "None",
            "Availability": "None"
        },
        "CVSS string": "CVSS:3.1/AV:N/AC:L/PR:N/UI:N/S:U/C:H/I:N/A:N"
    },
    "Weaknesses": [
        "[CWE-22](/advisories?query=cwe%3A22)"
    ],
    "CVE ID": "CVE-2022-31268",
    "GHSA ID": "GHSA-2c65-rq62-fqhq",
    "Source code": "[gitblit/gitblit](https://github.com/gitblit/gitblit)"
}