{
    "Title": "Apache Airflow Execution with Unnecessary Privileges",
    "Meta": {
        "Package": [
            "apache-airflow([pip](/advisories?query=ecosystem%3Apip))"
        ],
        "Affected versions": [
            "< 2.6.0"
        ],
        "Patched versions": [
            "2.6.0"
        ]
    },
    "Description": "Execution with Unnecessary Privileges, : Exposure of Sensitive Information to\nan Unauthorized Actor vulnerability in Apache Software Foundation Apache\nAirflow.The \"Run Task\" feature enables authenticated user to bypass some of\nthe restrictions put in place. It allows to execute code in the webserver\ncontext as well as allows to bypas limitation of access the user has to\ncertain DAGs. The \"Run Task\" feature is considered dangerous and it has been\nremoved entirely in Airflow 2.6.0.\n\nThis issue affects Apache Airflow: before 2.6.0.\n\n### References\n\n  * <https://nvd.nist.gov/vuln/detail/CVE-2023-39508>\n  * [apache/airflow#29706](https://github.com/apache/airflow/pull/29706)\n  * <https://lists.apache.org/thread/j2nkjd0zqvtqk85s6ywpx3c35pvzyx15>\n  * <https://github.com/pypa/advisory-database/tree/main/vulns/apache-airflow/PYSEC-2023-134.yaml>\n  * <http://seclists.org/fulldisclosure/2023/Jul/43>\n\n",
    "Severity": {
        "Score": "8.8/ 10 (High)",
        "CVSS base metrics": {
            "Attack vector": "Network",
            "Attack complexity": "Low",
            "Privileges required": "Low",
            "User interaction": "None",
            "Scope": "Unchanged",
            "Confidentiality": "High",
            "Integrity": "High",
            "Availability": "High"
        },
        "CVSS string": "CVSS:3.1/AV:N/AC:L/PR:L/UI:N/S:U/C:H/I:H/A:H"
    },
    "Weaknesses": [
        "[CWE-200](/advisories?query=cwe%3A200)"
    ],
    "CVE ID": "CVE-2023-39508",
    "GHSA ID": "GHSA-269x-pg5c-5xgm",
    "Source code": "[apache/airflow](https://github.com/apache/airflow)"
}