{
    "Title": "Missing Authorization in User#setDisabledStatus in org.xwiki.platform:xwiki-platform-oldcore",
    "Meta": {
        "Package": [
            "org.xwiki.platform:xwiki-platform-oldcore([Maven](/advisories?query=ecosystem%3Amaven))"
        ],
        "Affected versions": [
            ">= 11.7RC1, < 13.10.7",
            ">= 14.0.0, < 14.4.2"
        ],
        "Patched versions": [
            "13.10.7",
            "14.4.2"
        ]
    },
    "Description": "### Impact\n\nIt's possible for a user with only Script rights to enable or disable a user:\nthis operation should be only doable for users with admin rights.\n\n### Patches\n\nThis problem has been patched in XWiki 13.10.7, 14.4.2 and 14.5RC1.\n\n### Workarounds\n\nThere is no workaround other than upgrading the wiki, but note that this only\nimpacts users with Script rights: administrator should take care which users\nhave such right.\n\n### References\n\n  * <https://jira.xwiki.org/browse/XWIKI-19804>\n  * [xwiki/xwiki-platform@`0b732f2`](https://github.com/xwiki/xwiki-platform/commit/0b732f2ef0224e2aaf10e2e1ef48dbd3fb6e10cd)\n\n### For more information\n\nIf you have any questions or comments about this advisory:\n\n  * Open an issue in [JIRA](https://jira.xwiki.org)\n  * Email us at [security ML](mailto:security@xwiki.org)\n\n### References\n\n  * [GHSA-2gj2-vj98-j2qq](https://github.com/xwiki/xwiki-platform/security/advisories/GHSA-2gj2-vj98-j2qq \"GHSA-2gj2-vj98-j2qq\")\n  * <https://nvd.nist.gov/vuln/detail/CVE-2022-41929>\n  * [xwiki/xwiki-platform@`0b732f2`](https://github.com/xwiki/xwiki-platform/commit/0b732f2ef0224e2aaf10e2e1ef48dbd3fb6e10cd)\n  * <https://jira.xwiki.org/browse/XWIKI-19804>\n\n",
    "Severity": {
        "Score": "4.9/ 10 (Moderate)",
        "CVSS base metrics": {
            "Attack vector": "Network",
            "Attack complexity": "Low",
            "Privileges required": "High",
            "User interaction": "None",
            "Scope": "Unchanged",
            "Confidentiality": "None",
            "Integrity": "High",
            "Availability": "None"
        },
        "CVSS string": "CVSS:3.1/AV:N/AC:L/PR:H/UI:N/S:U/C:N/I:H/A:N"
    },
    "Weaknesses": [
        "[CWE-862](/advisories?query=cwe%3A862)"
    ],
    "CVE ID": "CVE-2022-41929",
    "GHSA ID": "GHSA-2gj2-vj98-j2qq",
    "Source code": "[xwiki/xwiki-platform](https://github.com/xwiki/xwiki-platform)"
}