{
    "Title": "ASP.NET Core and Visual Studio Denial of Service Vulnerability",
    "Meta": {
        "Package": [
            "Microsoft.AspNetCore.App.Runtime.linux-arm([NuGet](/advisories?query=ecosystem%3Anuget))"
        ],
        "Affected versions": [
            ">= 3.1.0, < 3.1.11",
            ">= 5.0.0, < 5.0.2"
        ],
        "Patched versions": [
            "3.1.11",
            "5.0.2"
        ]
    },
    "Description": "A denial-of-service vulnerability exists in the way Kestrel parses HTTP/2\nrequests. The security update addresses the vulnerability by fixing the way\nthe Kestrel parses HTTP/2 requests. Users are advised to upgrade.\n\n### References\n\n  * <https://nvd.nist.gov/vuln/detail/CVE-2021-1723>\n  * <https://lists.fedoraproject.org/archives/list/package-announce@lists.fedoraproject.org/message/3L27CGRVEWUPELNJOGTCW6GLEDBECB4B/>\n  * <https://lists.fedoraproject.org/archives/list/package-announce@lists.fedoraproject.org/message/RRXHERXW4KR5WCP76UDW5PC7GX3YQLUW/>\n  * <https://portal.msrc.microsoft.com/en-US/security-guidance/advisory/CVE-2021-1723>\n  * [dotnet/announcements#170](https://github.com/dotnet/announcements/issues/170)\n\n",
    "Severity": {
        "Score": "7.5/ 10 (High)",
        "CVSS base metrics": {
            "Attack vector": "Network",
            "Attack complexity": "Low",
            "Privileges required": "None",
            "User interaction": "None",
            "Scope": "Unchanged",
            "Confidentiality": "None",
            "Integrity": "None",
            "Availability": "High"
        },
        "CVSS string": "CVSS:3.1/AV:N/AC:L/PR:N/UI:N/S:U/C:N/I:N/A:H"
    },
    "Weaknesses": [],
    "CVE ID": "CVE-2021-1723",
    "GHSA ID": "GHSA-242j-2gm6-5rwx",
    "Source code": "No known source code"
}