{
    "Title": "Jenkins RQM Plugin allows enumerating credentials IDs due to missing permission check",
    "Meta": {
        "Package": [
            "net.praqma:rqm-plugin([Maven](/advisories?query=ecosystem%3Amaven))"
        ],
        "Affected versions": [
            "<= 2.8"
        ],
        "Patched versions": [
            "None"
        ]
    },
    "Description": "Jenkins RQM Plugin 2.8 and earlier does not perform a permission check in an\nHTTP endpoint. This allows attackers with Overall/Read permission to enumerate\ncredentials IDs of credentials stored in Jenkins. Those can be used as part of\nan attack to capture the credentials using another vulnerability.\n\n### References\n\n  * <https://nvd.nist.gov/vuln/detail/CVE-2022-34810>\n  * <https://www.jenkins.io/security/advisory/2022-06-30/#SECURITY-2806>\n\n",
    "Severity": {
        "Score": "4.3/ 10 (Moderate)",
        "CVSS base metrics": {
            "Attack vector": "Network",
            "Attack complexity": "Low",
            "Privileges required": "Low",
            "User interaction": "None",
            "Scope": "Unchanged",
            "Confidentiality": "Low",
            "Integrity": "None",
            "Availability": "None"
        },
        "CVSS string": "CVSS:3.1/AV:N/AC:L/PR:L/UI:N/S:U/C:L/I:N/A:N"
    },
    "Weaknesses": [
        "[CWE-862](/advisories?query=cwe%3A862)"
    ],
    "CVE ID": "CVE-2022-34810",
    "GHSA ID": "GHSA-2348-ccqj-8p27",
    "Source code": "[jenkinsci/rqm-plugin](https://github.com/jenkinsci/rqm-plugin)"
}