{
    "Title": "Dolibarr CRM allows Privilege Escalation",
    "Meta": {
        "Package": [
            "dolibarr/dolibarr([Composer](/advisories?query=ecosystem%3Acomposer))"
        ],
        "Affected versions": [
            "< 11.0.5"
        ],
        "Patched versions": [
            "11.0.5"
        ]
    },
    "Description": "Dolibarr CRM before 11.0.5 allows privilege escalation. This could allow\nremote authenticated attackers to upload arbitrary files via\nsociete/document.php in which \"disabled\" is changed to \"enabled\" in the HTML\nsource code.\n\n### References\n\n  * <https://nvd.nist.gov/vuln/detail/CVE-2020-14201>\n  * <https://www.wizlynxgroup.com/security-research-advisories/vuln/WLX-2020-011>\n  * <https://github.com/Dolibarr/dolibarr/blob/e76641c491e4105e9cb1ded6149771c621d822b5/ChangeLog#L2933>\n\n",
    "Severity": {
        "Score": "6.5/ 10 (Moderate)",
        "CVSS base metrics": {
            "Attack vector": "Network",
            "Attack complexity": "Low",
            "Privileges required": "Low",
            "User interaction": "None",
            "Scope": "Unchanged",
            "Confidentiality": "None",
            "Integrity": "High",
            "Availability": "None"
        },
        "CVSS string": "CVSS:3.1/AV:N/AC:L/PR:L/UI:N/S:U/C:N/I:H/A:N"
    },
    "Weaknesses": [
        "[CWE-269](/advisories?query=cwe%3A269)"
    ],
    "CVE ID": "CVE-2020-14201",
    "GHSA ID": "GHSA-25h3-mw3p-w8r7",
    "Source code": "[Dolibarr/dolibarr](https://github.com/Dolibarr/dolibarr)"
}