{
    "Title": "Parse Server vulnerable to brute force guessing of user sensitive data via search patterns",
    "Meta": {
        "Package": [
            "parse-server([npm](/advisories?query=ecosystem%3Anpm))"
        ],
        "Affected versions": [
            "< 4.10.14",
            ">= 5.0.0, < 5.2.5"
        ],
        "Patched versions": [
            "4.10.14",
            "5.2.5"
        ]
    },
    "Description": "### Impact\n\nInternal fields (keys used internally by Parse Server, prefixed by `_`) and\nprotected fields (user defined) can be used as query constraints. Internal and\nprotected fields are removed by Parse Server from query results and are only\nreturned to the client using a valid master key. However, using query\nconstraints, these fields can be guessed by enumerating until Parse Server\nreturns a response object.\n\n### Patches\n\nThe patch requires the master key to use internal and protected fields as\nquery constraints.\n\n### Workarounds\n\nImplement a Parse Cloud Trigger `beforeFind` and manually remove the query\nconstraints, such as:\n\n    \n    \n    Parse.Cloud.beforeFind('TestObject', ({ query }) => {\n      for (const key in query._where || []) {\n        // Repeat logic for protected fields\n        if (key.charAt(0) === '_') {\n          delete query._where[key];\n        }\n      }\n    });\n\n### References\n\n  * [GHSA-2m6g-crv8-p3c6](https://github.com/parse-community/parse-server/security/advisories/GHSA-2m6g-crv8-p3c6 \"GHSA-2m6g-crv8-p3c6\")\n\n### References\n\n  * [GHSA-2m6g-crv8-p3c6](https://github.com/parse-community/parse-server/security/advisories/GHSA-2m6g-crv8-p3c6 \"GHSA-2m6g-crv8-p3c6\")\n  * <https://nvd.nist.gov/vuln/detail/CVE-2022-36079>\n  * [parse-community/parse-server#8143](https://github.com/parse-community/parse-server/pull/8143)\n  * [parse-community/parse-server#8144](https://github.com/parse-community/parse-server/pull/8144)\n  * [parse-community/parse-server@`634c44a`](https://github.com/parse-community/parse-server/commit/634c44acd18f6ee6ec60fac89a2b602d92799bec)\n  * [parse-community/parse-server@`e39d51b`](https://github.com/parse-community/parse-server/commit/e39d51bd329cd978589983bd659db46e1d45aad4)\n  * <https://github.com/parse-community/parse-server/releases/tag/4.10.14>\n  * <https://github.com/parse-community/parse-server/releases/tag/5.2.5>\n\n",
    "Severity": {
        "Score": "8.6/ 10 (High)",
        "CVSS base metrics": {
            "Attack vector": "Network",
            "Attack complexity": "Low",
            "Privileges required": "None",
            "User interaction": "None",
            "Scope": "Changed",
            "Confidentiality": "High",
            "Integrity": "None",
            "Availability": "None"
        },
        "CVSS string": "CVSS:3.1/AV:N/AC:L/PR:N/UI:N/S:C/C:H/I:N/A:N"
    },
    "Weaknesses": [
        "[CWE-200](/advisories?query=cwe%3A200)"
    ],
    "CVE ID": "CVE-2022-36079",
    "GHSA ID": "GHSA-2m6g-crv8-p3c6",
    "Source code": "[parse-community/parse-server](https://github.com/parse-community/parse-server)"
}