{
    "Title": "Stored cross site scripting on tags",
    "Meta": {
        "Package": [
            "concrete5/concrete5([Composer](/advisories?query=ecosystem%3Acomposer))"
        ],
        "Affected versions": [
            "< 9.2.0"
        ],
        "Patched versions": [
            "9.2.0"
        ]
    },
    "Description": "Concrete CMS (previously concrete5) before 9.2 is vulnerable to Stored XSS on\nTags on uploaded files.\n\n### References\n\n  * <https://nvd.nist.gov/vuln/detail/CVE-2023-28476>\n  * <https://concretecms.com>\n  * <https://www.concretecms.org/about/project-news/security/concrete-cms-security-advisory-2023-04-20>\n\n",
    "Severity": {
        "Score": "5.4/ 10 (Moderate)",
        "CVSS base metrics": {
            "Attack vector": "Network",
            "Attack complexity": "Low",
            "Privileges required": "Low",
            "User interaction": "Required",
            "Scope": "Changed",
            "Confidentiality": "Low",
            "Integrity": "Low",
            "Availability": "None"
        },
        "CVSS string": "CVSS:3.1/AV:N/AC:L/PR:L/UI:R/S:C/C:L/I:L/A:N"
    },
    "Weaknesses": [
        "[CWE-79](/advisories?query=cwe%3A79)"
    ],
    "CVE ID": "CVE-2023-28476",
    "GHSA ID": "GHSA-2ggc-552c-rmqr",
    "Source code": "No known source code"
}