{
    "Title": "Incomplete Internal State Distinction in GRPCWebToHTTP2ServerCodec",
    "Meta": {
        "Package": [
            "github.com/grpc/grpc-swift([Swift](/advisories?query=ecosystem%3Aswift))"
        ],
        "Affected versions": [
            "< 1.2.0"
        ],
        "Patched versions": [
            "1.2.0"
        ]
    },
    "Description": "### Impact\n\nAffected gRPC Swift servers are vulnerable to precondition failures when\nparsing certain gRPC Web requests. This may lead to a denial of service.\n\n### Patches\n\nThe problem has been fixed in 1.2.0.\n\n### Workarounds\n\nNo workaround is available. Users must upgrade.\n\n### References\n\n  * [GHSA-2jx2-qcm4-rf9h](https://github.com/grpc/grpc-swift/security/advisories/GHSA-2jx2-qcm4-rf9h \"GHSA-2jx2-qcm4-rf9h\")\n  * <https://nvd.nist.gov/vuln/detail/CVE-2021-36153>\n  * <https://bugs.chromium.org/p/oss-fuzz/issues/detail?id=35267>\n  * <https://github.com/grpc/grpc-swift/releases>\n\n",
    "Severity": {
        "Score": "(High)"
    },
    "Weaknesses": [],
    "CVE ID": "CVE-2021-36153",
    "GHSA ID": "GHSA-2jx2-qcm4-rf9h",
    "Source code": "[grpc/grpc-swift](https://github.com/grpc/grpc-swift)"
}