{
    "Title": "Out-of-bounds write",
    "Meta": {
        "Package": [
            "Microsoft.ChakraCore([NuGet](/advisories?query=ecosystem%3Anuget))"
        ],
        "Affected versions": [
            "< 1.11.13"
        ],
        "Patched versions": [
            "1.11.13"
        ]
    },
    "Description": "A remote code execution vulnerability exists in the way that the Chakra\nscripting engine handles objects in memory in Microsoft Edge, aka 'Chakra\nScripting Engine Memory Corruption Vulnerability'. This CVE ID is unique from\n[CVE-2019-1138](https://github.com/advisories/GHSA-pwpr-vp2v-99xw\n\"CVE-2019-1138\"), [CVE-2019-1217](https://github.com/advisories/GHSA-pcgf-\nqjx2-qv4q \"CVE-2019-1217\"),\n[CVE-2019-1237](https://github.com/advisories/GHSA-q99r-j969-6jwr\n\"CVE-2019-1237\"), [CVE-2019-1300](https://github.com/advisories/GHSA-\ngrvw-q343-58wh \"CVE-2019-1300\").\n\n### References\n\n  * <https://nvd.nist.gov/vuln/detail/CVE-2019-1298>\n  * [chakra-core/ChakraCore@`7e9a2ee`](https://github.com/chakra-core/ChakraCore/commit/7e9a2ee60baa95ceb4f48f522f823c812ca90c80)\n  * [chakra-core/ChakraCore@`fe8f981`](https://github.com/chakra-core/ChakraCore/commit/fe8f981f8e426ff61159e750a368e94ecbb87782)\n  * <https://portal.msrc.microsoft.com/en-US/security-guidance/advisory/CVE-2019-1298>\n\n",
    "Severity": {
        "Score": "7.5/ 10 (High)",
        "CVSS base metrics": {
            "Attack vector": "Network",
            "Attack complexity": "High",
            "Privileges required": "None",
            "User interaction": "Required",
            "Scope": "Unchanged",
            "Confidentiality": "High",
            "Integrity": "High",
            "Availability": "High"
        },
        "CVSS string": "CVSS:3.1/AV:N/AC:H/PR:N/UI:R/S:U/C:H/I:H/A:H"
    },
    "Weaknesses": [
        "[CWE-787](/advisories?query=cwe%3A787)"
    ],
    "CVE ID": "CVE-2019-1298",
    "GHSA ID": "GHSA-2452-3rwv-x89c",
    "Source code": "No known source code"
}