{
    "Title": "Pivotal Spring Framework Paths provided to the ResourceServlet were not properly sanitized",
    "Meta": {
        "Package": [
            "org.springframework:spring-webmvc([Maven](/advisories?query=ecosystem%3Amaven))"
        ],
        "Affected versions": [
            "< 3.2.18",
            ">= 4.2.0, < 4.2.9",
            ">= 4.3.0, < 4.3.5"
        ],
        "Patched versions": [
            "3.2.18",
            "4.2.9",
            "4.3.5"
        ]
    },
    "Description": "An issue was discovered in Pivotal Spring Framework before 3.2.18, 4.2.x\nbefore 4.2.9, and 4.3.x before 4.3.5. Paths provided to the ResourceServlet\nwere not properly sanitized and as a result exposed to directory traversal\nattacks.\n\n### References\n\n  * <https://nvd.nist.gov/vuln/detail/CVE-2016-9878>\n  * <https://access.redhat.com/errata/RHSA-2017:3115>\n  * [GHSA-2m8h-fgr8-2q9w](https://github.com/advisories/GHSA-2m8h-fgr8-2q9w \"GHSA-2m8h-fgr8-2q9w\")\n  * <https://lists.debian.org/debian-lts-announce/2019/07/msg00012.html>\n  * <https://pivotal.io/security/cve-2016-9878>\n  * <https://security.netapp.com/advisory/ntap-20180419-0002/>\n  * <https://www.oracle.com/technetwork/security-advisory/cpujul2019-5072835.html>\n  * <http://www.oracle.com/technetwork/security-advisory/cpuapr2018-3678067.html>\n  * <http://www.oracle.com/technetwork/security-advisory/cpujan2018-3236628.html>\n  * <http://www.oracle.com/technetwork/security-advisory/cpujul2018-4258247.html>\n  * <http://www.securityfocus.com/bid/95072>\n  * <http://www.securitytracker.com/id/1040698>\n  * [spring-projects/spring-framework#19513](https://github.com/spring-projects/spring-framework/issues/19513)\n  * [spring-projects/spring-framework@`43bf008`](https://github.com/spring-projects/spring-framework/commit/43bf008fbcd0d7945e2fcd5e30039bc4d74c7a98)\n  * [spring-projects/spring-framework@`a7dc485`](https://github.com/spring-projects/spring-framework/commit/a7dc48534ea501525f11369d369178a60c2f47d0)\n  * [spring-projects/spring-framework@`e2d6e70`](https://github.com/spring-projects/spring-framework/commit/e2d6e709c3c65a4951eb096843ee75d5200cfcad)\n\n",
    "Severity": {
        "Score": "7.5/ 10 (High)",
        "CVSS base metrics": {
            "Attack vector": "Network",
            "Attack complexity": "Low",
            "Privileges required": "None",
            "User interaction": "None",
            "Scope": "Unchanged",
            "Confidentiality": "High",
            "Integrity": "None",
            "Availability": "None"
        },
        "CVSS string": "CVSS:3.0/AV:N/AC:L/PR:N/UI:N/S:U/C:H/I:N/A:N"
    },
    "Weaknesses": [
        "[CWE-22](/advisories?query=cwe%3A22)"
    ],
    "CVE ID": "CVE-2016-9878",
    "GHSA ID": "GHSA-2m8h-fgr8-2q9w",
    "Source code": "No known source code"
}