{
    "Title": "Syncthing vulnerable to symlink traversal and arbitrary file overwrite",
    "Meta": {
        "Package": [
            "github.com/syncthing/syncthing([Go](/advisories?query=ecosystem%3Ago))"
        ],
        "Affected versions": [
            "<= 0.14.33"
        ],
        "Patched versions": [
            "None"
        ]
    },
    "Description": "Syncthing version 0.14.33 and older erronously versions symlinks when they are\ndeleted. If a directory is then created with the same name, a file created in\nthat directory, and the file deleted, it is moved into the symlink target.\nThis can lead to symlink traversal resulting in arbitrary file overwrite.\n\n### References\n\n  * <https://nvd.nist.gov/vuln/detail/CVE-2017-1000420>\n  * [syncthing/syncthing#4286](https://github.com/syncthing/syncthing/issues/4286)\n  * [syncthing/syncthing@`f1f21bf`](https://github.com/syncthing/syncthing/commit/f1f21bf22020d9b881478c2e942ba6943c8da2f3)\n\n",
    "Severity": {
        "Score": "7.5/ 10 (High)",
        "CVSS base metrics": {
            "Attack vector": "Network",
            "Attack complexity": "Low",
            "Privileges required": "None",
            "User interaction": "None",
            "Scope": "Unchanged",
            "Confidentiality": "None",
            "Integrity": "High",
            "Availability": "None"
        },
        "CVSS string": "CVSS:3.0/AV:N/AC:L/PR:N/UI:N/S:U/C:N/I:H/A:N"
    },
    "Weaknesses": [
        "[CWE-59](/advisories?query=cwe%3A59)"
    ],
    "CVE ID": "CVE-2017-1000420",
    "GHSA ID": "GHSA-28xp-g7f6-7mhf",
    "Source code": "[syncthing/syncthing](https://github.com/syncthing/syncthing)"
}