{
    "Title": "Apache Camel's XSLT component allows remote attackers to read arbitrary files",
    "Meta": {
        "Package": [
            "org.apache.camel:camel-core([Maven](/advisories?query=ecosystem%3Amaven))"
        ],
        "Affected versions": [
            "< 2.11.4",
            ">= 2.12.0, < 2.12.3"
        ],
        "Patched versions": [
            "2.11.4",
            "2.12.3"
        ]
    },
    "Description": "The XSLT component in Apache Camel before 2.11.4 and 2.12.x before 2.12.3\nallows remote attackers to read arbitrary files and possibly have other\nunspecified impact via an XML document containing an external entity\ndeclaration in conjunction with an entity reference, related to an XML\nExternal Entity (XXE) issue.\n\n### References\n\n  * <https://nvd.nist.gov/vuln/detail/CVE-2014-0002>\n  * <https://lists.apache.org/thread.html/2318d7f7d87724d8716cd650c21b31cb06e4d34f6d0f5ee42f28fdaf@%3Ccommits.camel.apache.org%3E>\n  * <https://lists.apache.org/thread.html/b4014ea7c5830ca1fc28edd5cafedfe93ad4af2d9e69c961c5def31d@%3Ccommits.camel.apache.org%3E>\n  * <http://camel.apache.org/security-advisories.data/CVE-2014-0002.txt.asc>\n  * <http://rhn.redhat.com/errata/RHSA-2014-0371.html>\n  * <http://rhn.redhat.com/errata/RHSA-2014-0372.html>\n  * <https://lists.apache.org/thread.html/2318d7f7d87724d8716cd650c21b31cb06e4d34f6d0f5ee42f28fdaf%40%3Ccommits.camel.apache.org%3E>\n  * <https://lists.apache.org/thread.html/b4014ea7c5830ca1fc28edd5cafedfe93ad4af2d9e69c961c5def31d%40%3Ccommits.camel.apache.org%3E>\n  * <https://web.archive.org/web/20200229061309/http://www.securityfocus.com/bid/65901>\n\n",
    "Severity": {
        "Score": "(High)"
    },
    "Weaknesses": [],
    "CVE ID": "CVE-2014-0002",
    "GHSA ID": "GHSA-2fw5-rvf2-jq56",
    "Source code": "[apache/camel](https://github.com/apache/camel)"
}