{
    "Title": "Jenkins SiteMonitor Plugin globally and unconditionally disables SSL/TLS certificate validation",
    "Meta": {
        "Package": [
            "org.jvnet.hudson.plugins:sitemonitor([Maven](/advisories?query=ecosystem%3Amaven))"
        ],
        "Affected versions": [
            "<= 0.5"
        ],
        "Patched versions": [
            "0.6"
        ]
    },
    "Description": "Jenkins SiteMonitor Plugin unconditionally disables SSL/TLS certificate\nvalidation for the entire Jenkins controller JVM.\n\nSiteMonitor Plugin no longer does that. Instead, it now has an opt-in option\nto ignore SSL/TLS errors for each site check individually.\n\n### References\n\n  * <https://nvd.nist.gov/vuln/detail/CVE-2019-10317>\n  * <https://jenkins.io/security/advisory/2019-04-30/#SECURITY-930>\n  * <http://www.openwall.com/lists/oss-security/2019/04/30/5>\n  * <https://web.archive.org/web/20200227073756/http://www.securityfocus.com/bid/108159>\n\n",
    "Severity": {
        "Score": "6.5/ 10 (Moderate)",
        "CVSS base metrics": {
            "Attack vector": "Network",
            "Attack complexity": "High",
            "Privileges required": "None",
            "User interaction": "None",
            "Scope": "Unchanged",
            "Confidentiality": "High",
            "Integrity": "Low",
            "Availability": "None"
        },
        "CVSS string": "CVSS:3.0/AV:N/AC:H/PR:N/UI:N/S:U/C:H/I:L/A:N"
    },
    "Weaknesses": [
        "[CWE-295](/advisories?query=cwe%3A295)"
    ],
    "CVE ID": "CVE-2019-10317",
    "GHSA ID": "GHSA-23c2-w636-5rhm",
    "Source code": "No known source code"
}