{
    "Title": "Sandbox Escape by math function in smarty",
    "Meta": {
        "Package": [
            "smarty/smarty([Composer](/advisories?query=ecosystem%3Acomposer))"
        ],
        "Affected versions": [
            "< 3.1.42",
            ">= 4.0.0, < 4.0.2"
        ],
        "Patched versions": [
            "3.1.42",
            "4.0.2"
        ]
    },
    "Description": "### Impact\n\nTemplate authors could run arbitrary PHP code by crafting a malicious math\nstring.  \nIf a math string is passed through as user provided data to the math function,\nexternal users could run arbitrary PHP code by crafting a malicious math\nstring.\n\n### Patches\n\nPlease upgrade to 4.0.2 or 3.1.42 or higher.\n\n### References\n\nSee [documentation on Math\nfunction](https://www.smarty.net/docs/en/language.function.math.tpl).\n\n### For more information\n\nIf you have any questions or comments about this advisory please open an issue\nin [the Smarty repo](https://github.com/smarty-php/smarty)\n\n### References\n\n  * [GHSA-29gp-2c3m-3j6m](https://github.com/smarty-php/smarty/security/advisories/GHSA-29gp-2c3m-3j6m \"GHSA-29gp-2c3m-3j6m\")\n  * <https://packagist.org/packages/smarty/smarty>\n  * <https://www.smarty.net/docs/en/language.function.math.tpl>\n  * <https://nvd.nist.gov/vuln/detail/CVE-2021-29454>\n  * [smarty-php/smarty@`215d81a`](https://github.com/smarty-php/smarty/commit/215d81a9fa3cd63d82fb3ab56ecaf97cf1e7db71)\n  * <https://github.com/smarty-php/smarty/releases/tag/v3.1.42>\n  * <https://github.com/smarty-php/smarty/releases/tag/v4.0.2>\n  * <https://lists.debian.org/debian-lts-announce/2022/05/msg00005.html>\n  * <https://www.debian.org/security/2022/dsa-5151>\n  * <https://security.gentoo.org/glsa/202209-09>\n  * <https://lists.fedoraproject.org/archives/list/package-announce@lists.fedoraproject.org/message/L777JIBIWJV34HS7LXPIDWASG7TT4LNI/>\n  * <https://lists.fedoraproject.org/archives/list/package-announce@lists.fedoraproject.org/message/BRAJVDRGCIY5UZ2PQHKDTT7RMKG6WJQQ/>\n\n",
    "Severity": {
        "Score": "8.1/ 10 (High)",
        "CVSS base metrics": {
            "Attack vector": "Network",
            "Attack complexity": "Low",
            "Privileges required": "None",
            "User interaction": "Required",
            "Scope": "Unchanged",
            "Confidentiality": "High",
            "Integrity": "High",
            "Availability": "None"
        },
        "CVSS string": "CVSS:3.1/AV:N/AC:L/PR:N/UI:R/S:U/C:H/I:H/A:N"
    },
    "Weaknesses": [
        "[CWE-74](/advisories?query=cwe%3A74)"
    ],
    "CVE ID": "CVE-2021-29454",
    "GHSA ID": "GHSA-29gp-2c3m-3j6m",
    "Source code": "[smarty-php/smarty](https://github.com/smarty-php/smarty)"
}