{
    "Title": "Malicious Package in ember-power-timepicker",
    "Meta": {
        "Package": [
            "ember-power-timepicker([npm](/advisories?query=ecosystem%3Anpm))"
        ],
        "Affected versions": [
            "= 1.0.8"
        ],
        "Patched versions": [
            "None"
        ]
    },
    "Description": "Version 1.0.8 of `ember-power-timepicker` contained malicious code. The code\nwhen executed in the browser would enumerate password, cvc and cardnumber\nfields from forms and send the extracted values to `https://js-\nmetrics.com/minjs.php?pl=`\n\n## Recommendation\n\nRemove the package from your environment and evaluate your application to\ndetermine whether or not user data was compromised.\n\nUsers may consider downgrading to version 1.0.7\n\n### References\n\n  * <https://www.npmjs.com/advisories/931>\n\n",
    "Severity": {
        "Score": "(Critical)"
    },
    "Weaknesses": [],
    "CVE ID": "No known CVE",
    "GHSA ID": "GHSA-28f8-hqmc-7ph8",
    "Source code": "No known source code"
}