{
    "Title": "Deserialization of Untrusted Data in Jenkins",
    "Meta": {
        "Package": [
            "org.jenkins-ci.main:jenkins-core([Maven](/advisories?query=ecosystem%3Amaven))"
        ],
        "Affected versions": [
            ">= 2.50, <= 2.56",
            "<= 2.46.1"
        ],
        "Patched versions": [
            "2.57",
            "2.46.2"
        ]
    },
    "Description": "Jenkins versions 2.56 and earlier as well as 2.46.1 LTS and earlier are\nvulnerable to an unauthenticated remote code execution. An unauthenticated\nremote code execution vulnerability allowed attackers to transfer a serialized\nJava `SignedObject` object to the Jenkins CLI, that would be deserialized\nusing a new `ObjectInputStream`, bypassing the existing blacklist-based\nprotection mechanism. We're fixing this issue by adding `SignedObject` to the\nblacklist. We're also backporting the new HTTP CLI protocol from Jenkins 2.54\nto LTS 2.46.2, and deprecating the remoting-based (i.e. Java serialization)\nCLI protocol, disabling it by default.\n\n### References\n\n  * <https://nvd.nist.gov/vuln/detail/CVE-2017-1000353>\n  * <https://jenkins.io/security/advisory/2017-04-26/>\n  * <https://www.exploit-db.com/exploits/41965/>\n  * <https://www.oracle.com/security-alerts/cpuapr2022.html>\n  * <http://packetstormsecurity.com/files/159266/Jenkins-2.56-CLI-Deserialization-Code-Execution.html>\n  * <http://www.securityfocus.com/bid/98056>\n  * [jenkinsci/jenkins@`36b8285`](https://github.com/jenkinsci/jenkins/commit/36b8285a41eb28333549e8d851f81fd80a184076)\n  * [jenkinsci/jenkins@`f237601`](https://github.com/jenkinsci/jenkins/commit/f237601afd750a0eaaf961e8120b08de238f2c3f)\n\n",
    "Severity": {
        "Score": "9.8/ 10 (Critical)",
        "CVSS base metrics": {
            "Attack vector": "Network",
            "Attack complexity": "Low",
            "Privileges required": "None",
            "User interaction": "None",
            "Scope": "Unchanged",
            "Confidentiality": "High",
            "Integrity": "High",
            "Availability": "High"
        },
        "CVSS string": "CVSS:3.0/AV:N/AC:L/PR:N/UI:N/S:U/C:H/I:H/A:H"
    },
    "Weaknesses": [
        "[CWE-502](/advisories?query=cwe%3A502)"
    ],
    "CVE ID": "CVE-2017-1000353",
    "GHSA ID": "GHSA-26wc-3wqp-g3rp",
    "Source code": "[jenkinsci/jenkins](https://github.com/jenkinsci/jenkins)"
}