{
    "Title": "Heap OOB read in TFLite's implementation of `Minimum` or `Maximum`",
    "Meta": {
        "Package": [
            "tensorflow([pip](/advisories?query=ecosystem%3Apip))"
        ],
        "Affected versions": [
            "< 2.1.4",
            ">= 2.2.0, < 2.2.3",
            ">= 2.3.0, < 2.3.3",
            ">= 2.4.0, < 2.4.2"
        ],
        "Patched versions": [
            "2.1.4",
            "2.2.3",
            "2.3.3",
            "2.4.2"
        ]
    },
    "Description": "### Impact\n\nThe implementations of the `Minimum` and `Maximum` TFLite operators can be\nused to read data outside of bounds of heap allocated objects, if any of the\ntwo input tensor arguments are empty.\n\nThis is because [the broadcasting\nimplementation](https://github.com/tensorflow/tensorflow/blob/0d45ea1ca641b21b73bcf9c00e0179cda284e7e7/tensorflow/lite/kernels/internal/reference/maximum_minimum.h#L52-L56)\nindexes in both tensors with the same index but does not validate that the\nindex is within bounds:\n\n    \n    \n    auto maxmin_func = [&](int indexes[N]) {\n      output_data[SubscriptToIndex(output_desc, indexes)] =\n        op(input1_data[SubscriptToIndex(desc1, indexes)],\n            input2_data[SubscriptToIndex(desc2, indexes)]);\n    };\n\n### Patches\n\nWe have patched the issue in GitHub commit\n[953f28dca13c92839ba389c055587cfe6c723578](https://github.com/tensorflow/tensorflow/commit/953f28dca13c92839ba389c055587cfe6c723578).\n\nThe fix will be included in TensorFlow 2.5.0. We will also cherrypick this\ncommit on TensorFlow 2.4.2, TensorFlow 2.3.3, TensorFlow 2.2.3 and TensorFlow\n2.1.4, as these are also affected and still in supported range.\n\n### For more information\n\nPlease consult [our security\nguide](https://github.com/tensorflow/tensorflow/blob/master/SECURITY.md) for\nmore information regarding the security model and how to contact us with\nissues and questions.\n\n### Attribution\n\nThis vulnerability has been reported by members of the Aivul Team from Qihoo\n360.\n\n### References\n\n  * [GHSA-24x6-8c7m-hv3f](https://github.com/tensorflow/tensorflow/security/advisories/GHSA-24x6-8c7m-hv3f \"GHSA-24x6-8c7m-hv3f\")\n  * <https://nvd.nist.gov/vuln/detail/CVE-2021-29590>\n  * [tensorflow/tensorflow@`953f28d`](https://github.com/tensorflow/tensorflow/commit/953f28dca13c92839ba389c055587cfe6c723578)\n\n",
    "Severity": {
        "Score": "2.5/ 10 (Low)",
        "CVSS base metrics": {
            "Attack vector": "Local",
            "Attack complexity": "High",
            "Privileges required": "Low",
            "User interaction": "None",
            "Scope": "Unchanged",
            "Confidentiality": "None",
            "Integrity": "None",
            "Availability": "Low"
        },
        "CVSS string": "CVSS:3.1/AV:L/AC:H/PR:L/UI:N/S:U/C:N/I:N/A:L"
    },
    "Weaknesses": [
        "[CWE-125](/advisories?query=cwe%3A125)"
    ],
    "CVE ID": "CVE-2021-29590",
    "GHSA ID": "GHSA-24x6-8c7m-hv3f",
    "Source code": "No known source code"
}