{
    "Title": "Apache Airflow Incorrect Authorization vulnerability",
    "Meta": {
        "Package": [
            "apache-airflow([pip](/advisories?query=ecosystem%3Apip))"
        ],
        "Affected versions": [
            "< 2.6.3"
        ],
        "Patched versions": [
            "2.6.3"
        ]
    },
    "Description": "Apache Airflow, versions before 2.6.3, is affected by a vulnerability that\nallows unauthorized read access to a DAG through the URL. It is recommended to\nupgrade to a version that is not affected\n\n### References\n\n  * <https://nvd.nist.gov/vuln/detail/CVE-2023-35908>\n  * [apache/airflow#32014](https://github.com/apache/airflow/pull/32014)\n  * <https://lists.apache.org/thread/vsflptk5dt30vrfggn96nx87d7zr6yvw>\n  * [apache/airflow@`ac65b82`](https://github.com/apache/airflow/commit/ac65b82eeeeaa670e09a83c7da65cbac7e89f8db)\n  * <https://github.com/pypa/advisory-database/tree/main/vulns/apache-airflow/PYSEC-2023-119.yaml>\n\n",
    "Severity": {
        "Score": "6.5/ 10 (Moderate)",
        "CVSS base metrics": {
            "Attack vector": "Network",
            "Attack complexity": "Low",
            "Privileges required": "Low",
            "User interaction": "None",
            "Scope": "Unchanged",
            "Confidentiality": "High",
            "Integrity": "None",
            "Availability": "None"
        },
        "CVSS string": "CVSS:3.1/AV:N/AC:L/PR:L/UI:N/S:U/C:H/I:N/A:N"
    },
    "Weaknesses": [
        "[CWE-863](/advisories?query=cwe%3A863)"
    ],
    "CVE ID": "CVE-2023-35908",
    "GHSA ID": "GHSA-2h84-3crq-vgfj",
    "Source code": "[apache/airflow](https://github.com/apache/airflow)"
}