{
    "Title": "Magento 2 Community Edition Arbitrary File Deletion",
    "Meta": {
        "Package": [
            "magento/community-edition([Composer](/advisories?query=ecosystem%3Acomposer))"
        ],
        "Affected versions": [
            ">= 2.2.0, < 2.2.10",
            ">= 2.3.0, < 2.3.2-p1"
        ],
        "Patched versions": [
            "2.2.10",
            "2.3.2-p1"
        ]
    },
    "Description": "An arbitrary file deletion vulnerability exists in Magento 2.2 prior to\n2.2.10, Magento 2.3 prior to 2.3.3 or 2.3.2-p1. An authenticated user with\nexport data transfer privileges can craft a request to perform arbitrary file\ndeletion.\n\n### References\n\n  * <https://nvd.nist.gov/vuln/detail/CVE-2019-8107>\n  * <https://web.archive.org/web/20220121051105/https://magento.com/security/patches/magento-2.3.3-and-2.2.10-security-update>\n\n",
    "Severity": {
        "Score": "6.5/ 10 (Moderate)",
        "CVSS base metrics": {
            "Attack vector": "Network",
            "Attack complexity": "Low",
            "Privileges required": "Low",
            "User interaction": "None",
            "Scope": "Unchanged",
            "Confidentiality": "None",
            "Integrity": "High",
            "Availability": "None"
        },
        "CVSS string": "CVSS:3.1/AV:N/AC:L/PR:L/UI:N/S:U/C:N/I:H/A:N"
    },
    "Weaknesses": [],
    "CVE ID": "CVE-2019-8107",
    "GHSA ID": "GHSA-2cg3-w597-rjfv",
    "Source code": "[magento/magento2](https://github.com/magento/magento2)"
}