{
    "Title": "Jenkins Quay.io trigger Plugin Cross-site Scripting vulnerability",
    "Meta": {
        "Package": [
            "org.jenkins-ci.plugins:quayio-trigger([Maven](/advisories?query=ecosystem%3Amaven))"
        ],
        "Affected versions": [
            "<= 0.1"
        ],
        "Patched versions": [
            "None"
        ]
    },
    "Description": "Jenkins Quay.io trigger Plugin 0.1 and earlier does not limit URL schemes for\nrepository homepage URLs submitted via Quay.io trigger webhooks. This results\nin a stored cross-site scripting (XSS) vulnerability exploitable by attackers\nable to submit crafted Quay.io trigger webhook payloads.\n\n### References\n\n  * <https://nvd.nist.gov/vuln/detail/CVE-2023-30520>\n  * <https://www.jenkins.io/security/advisory/2023-04-12/#SECURITY-2850>\n  * <http://www.openwall.com/lists/oss-security/2023/04/13/3>\n\n",
    "Severity": {
        "Score": "8.8/ 10 (High)",
        "CVSS base metrics": {
            "Attack vector": "Network",
            "Attack complexity": "Low",
            "Privileges required": "None",
            "User interaction": "Required",
            "Scope": "Unchanged",
            "Confidentiality": "High",
            "Integrity": "High",
            "Availability": "High"
        },
        "CVSS string": "CVSS:3.1/AV:N/AC:L/PR:N/UI:R/S:U/C:H/I:H/A:H"
    },
    "Weaknesses": [
        "[CWE-79](/advisories?query=cwe%3A79)"
    ],
    "CVE ID": "CVE-2023-30520",
    "GHSA ID": "GHSA-2jgw-28qh-6mg8",
    "Source code": "No known source code"
}