{
    "Title": "Stack overflow in rustc_serialize when parsing deeply nested JSON",
    "Meta": {
        "Package": [
            "rustc-serialize([Rust](/advisories?query=ecosystem%3Arust))"
        ],
        "Affected versions": [
            "<= 0.3.24"
        ],
        "Patched versions": [
            "None"
        ]
    },
    "Description": "When parsing JSON using `json::Json::from_str`, there is no limit to the depth\nof the stack, therefore deeply nested objects can cause a stack overflow,\nwhich aborts the process.\n\nExample code that triggers the vulnerability is\n\n    \n    \n    fn main() {\n        let _ = rustc_serialize::json::Json::from_str(&\"[0,[\".repeat(10000));\n    }\n\n[serde](https://crates.io/crates/serde) is recommended as a replacement to\nrustc_serialize.\n\n### References\n\n  * <https://github.com/rust-lang-deprecated/rustc-serialize>\n  * <https://rustsec.org/advisories/RUSTSEC-2022-0004.html>\n\n",
    "Severity": {
        "Score": "(Moderate)"
    },
    "Weaknesses": [],
    "CVE ID": "No known CVE",
    "GHSA ID": "GHSA-2226-4v3c-cff8",
    "Source code": "[rust-lang/rustc-serialize](https://github.com/rust-lang/rustc-serialize)"
}