{
    "Title": "Stored XSS in TimelineJS3",
    "Meta": {
        "Package": [
            "@knight-lab/timelinejs([npm](/advisories?query=ecosystem%3Anpm))"
        ],
        "Affected versions": [
            "< 3.7.0"
        ],
        "Patched versions": [
            "3.7.0"
        ]
    },
    "Description": "### Impact\n\nTimelineJS renders some user data as HTML. An attacker could implement an XSS\nexploit with maliciously crafted content in a number of data fields. This risk\nis present whether the source data for the timeline is stored on Google Sheets\nor in a JSON configuration file.\n\nMost TimelineJS users configure their timeline with a Google Sheets document.\nThose users are exposed to this vulnerability if they grant write access to\nthe document to a malicious inside attacker, if the access of a trusted user\nis compromised, or if they grant public write access to the document.\n\nSome TimelineJS users configure their timeline with a JSON document. Those\nusers are exposed to this vulnerability if they grant write access to the\ndocument to a malicious inside attacker, if the access of a trusted user is\ncompromised, or if write access to the system hosting that document is\notherwise compromised.\n\nAlthough the vulnerability has a [CVSS v3.1 base score of\n7.2](https://www.first.org/cvss/calculator/3.1#CVSS:3.1/AV:N/AC:L/PR:H/UI:N/S:U/C:H/I:H/A:H),\nthis vulnerability has a severity of Moderate due to the likeliness of\nexploitation.\n\n### Patches\n\nVersion 3.7.0 of TimelineJS addresses this in two ways.\n\n  1. For content which is intended to support limited HTML markup for styling and linking, that content is \"sanitized\" before being added to the DOM.\n  2. For content intended for simple text display, all markup is stripped.\n\nVery few users of TimelineJS actually install the TimelineJS code on their\nserver. Most users publish a timeline using a URL hosted on systems we\ncontrol. The fix for this issue is published to our system such that **those\nusers will automatically begin using the new code**. The only exception would\nbe users who have deliberately edited the embed URL to \"pin\" their timeline to\nan earlier version of the code.\n\nSome users of TimelineJS use it as a part of a [wordpress\nplugin](https://wordpress.org/plugins/knight-lab-timelinejs/). Version 3.7.0.0\nof that plugin and newer integrate the updated code. Users are encouraged to\nupdate the plugin rather than manually update the embedded version of\nTimelineJS.\n\n### Workarounds\n\nTo exploit this vulnerability, the attacker must have write access to the data\nsource for the Timeline or the server which embeds the timeline.\n\nThus, the only workaround is appropriate attention to securing write access to\nthe Google Sheet or JSON file which serves as the data source.\n\n### References\n\nFor more about the release of TimelineJS which addresses this vulnerability,\nsee the [Knight Lab\nwebsite](https://knightlab.northwestern.edu/2020/07/09/timelinejs-\nupdate/index.html).\n\nA technical write-up of this vulnerability is available\n[here](https://zanderwork.com/blog/cve-2020-15092/).\n\n### Acknowledgements\n\nThis vulnerability was discovered by Zander Work\n([@captainGeech42](https://twitter.com/captainGeech42)) of Oregon State\nUniversity.\n\n### For more information\n\nIf you have any questions or comments about this advisory:\n\n  * Open an issue in [GitHub](https://github.com/NUKnightLab/TimelineJS3/issues)\n  * File a support request in our [helpdesk system](https://knightlab.zendesk.com/hc/en-us/requests/new)\n\n### References\n\n  * [GHSA-2jpm-827p-j44g](https://github.com/NUKnightLab/TimelineJS3/security/advisories/GHSA-2jpm-827p-j44g \"GHSA-2jpm-827p-j44g\")\n  * <https://knightlab.northwestern.edu/2020/07/09/timelinejs-update/index.html>\n  * <https://nvd.nist.gov/vuln/detail/CVE-2020-15092>\n  * <https://knightlab.northwestern.edu/posts/>\n\n",
    "Severity": {
        "Score": "7.2/ 10 (High)",
        "CVSS base metrics": {
            "Attack vector": "Network",
            "Attack complexity": "Low",
            "Privileges required": "High",
            "User interaction": "None",
            "Scope": "Unchanged",
            "Confidentiality": "High",
            "Integrity": "High",
            "Availability": "High"
        },
        "CVSS string": "CVSS:3.1/AV:N/AC:L/PR:H/UI:N/S:U/C:H/I:H/A:H"
    },
    "Weaknesses": [
        "[CWE-79](/advisories?query=cwe%3A79)"
    ],
    "CVE ID": "CVE-2020-15092",
    "GHSA ID": "GHSA-2jpm-827p-j44g",
    "Source code": "No known source code"
}