{
    "Title": "GraphQL: Security breach on Viewer query",
    "Meta": {
        "Package": [
            "parse-server([npm](/advisories?query=ecosystem%3Anpm))"
        ],
        "Affected versions": [
            ">= 3.5.0, < 4.3.0"
        ],
        "Patched versions": [
            "4.3.0"
        ]
    },
    "Description": "### Impact\n\nAn authenticated user using the viewer GraphQL query can bypass all read\nsecurity on his User object and can also bypass all objects linked via\nrelation or Pointer on his User object.\n\n### Patches\n\nThis vulnerability has been patched in Parse Server 4.3.0.\n\n### Workarounds\n\nNo\n\n### References\n\nSee [commit 78239ac](https://github.com/parse-community/parse-\nserver/commit/78239ac9071167fdf243c55ae4bc9a2c0b0d89aa) for details.\n\n### References\n\n  * [GHSA-236h-rqv8-8q73](https://github.com/parse-community/parse-server/security/advisories/GHSA-236h-rqv8-8q73 \"GHSA-236h-rqv8-8q73\")\n  * [parse-community/parse-server@`78239ac`](https://github.com/parse-community/parse-server/commit/78239ac9071167fdf243c55ae4bc9a2c0b0d89aa)\n  * <https://github.com/parse-community/parse-server/blob/master/CHANGELOG.md#430>\n  * <https://nvd.nist.gov/vuln/detail/CVE-2020-15126>\n\n",
    "Severity": {
        "Score": "6.5/ 10 (Moderate)",
        "CVSS base metrics": {
            "Attack vector": "Network",
            "Attack complexity": "Low",
            "Privileges required": "Low",
            "User interaction": "None",
            "Scope": "Unchanged",
            "Confidentiality": "High",
            "Integrity": "None",
            "Availability": "None"
        },
        "CVSS string": "CVSS:3.1/AV:N/AC:L/PR:L/UI:N/S:U/C:H/I:N/A:N"
    },
    "Weaknesses": [
        "[CWE-863](/advisories?query=cwe%3A863)"
    ],
    "CVE ID": "CVE-2020-15126",
    "GHSA ID": "GHSA-236h-rqv8-8q73",
    "Source code": "No known source code"
}