{
    "Title": "lakeFS vulnerable to authenticated users deleting files they are not authorized to delete",
    "Meta": {
        "Package": [
            "github.com/treeverse/lakefs([Go](/advisories?query=ecosystem%3Ago))"
        ],
        "Affected versions": [
            "< 0.82.0"
        ],
        "Patched versions": [
            "0.82.0"
        ]
    },
    "Description": "### Impact\n\nAuthenticated users can send a request to delete-objects through the s3\ngateway and delete files they are not authorized to delete.\n\n### Patches\n\nlakeFS v0.82.0 and later\n\n### Workarounds\n\nDrop specific request to the lakeFS listen port. Any request with\n\"Authorization\" header and value that starts with \"AWS\".\n\n### References\n\n[advisories/GHSA-28q9-9c3g-v3f9](https://github.com/treeverse/lakeFS/security/advisories/GHSA-28q9-9c3g-v3f9)\n\n### For more information\n\nIf you have any questions or comments about this advisory:\n\nAsk on the [lakeFS\nSlack](https://github.com/treeverse/lakeFS/security/advisories/lakefs.io/slack)\n#help channel  \nEmail us at [security@treeverse.io](mailto:security@treeverse.io)\n\n### References\n\n  * [GHSA-28q9-9c3g-v3f9](https://github.com/treeverse/lakeFS/security/advisories/GHSA-28q9-9c3g-v3f9 \"GHSA-28q9-9c3g-v3f9\")\n  * [treeverse/lakeFS@`81182bf`](https://github.com/treeverse/lakeFS/commit/81182bf9c0cf57f3cec3c893cf739b2069305e37)\n\n",
    "Severity": {
        "Score": "(High)"
    },
    "Weaknesses": [
        "[CWE-281](/advisories?query=cwe%3A281)",
        "[CWE-284](/advisories?query=cwe%3A284)"
    ],
    "CVE ID": "No known CVE",
    "GHSA ID": "GHSA-28q9-9c3g-v3f9",
    "Source code": "[treeverse/lakeFS](https://github.com/treeverse/lakeFS)"
}