{
    "Title": "Moodle Arbitrary File Read via XML External Entity vulnerability",
    "Meta": {
        "Package": [
            "moodle/moodle([Composer](/advisories?query=ecosystem%3Acomposer))"
        ],
        "Affected versions": [
            "= 2.7.0",
            ">= 2.6.0, <= 2.6.3",
            ">= 2.5.0, <= 2.5.6",
            ">= 2.4.0, <= 2.4.10"
        ],
        "Patched versions": [
            "2.7.1",
            "2.6.4",
            "2.5.7",
            "2.4.11"
        ]
    },
    "Description": "`mod/imscp/locallib.php` in Moodle through 2.3.11, 2.4.x before 2.4.11, 2.5.x\nbefore 2.5.7, 2.6.x before 2.6.4, and 2.7.x before 2.7.1 allows remote\nattackers to read arbitrary files via a package with a manifest file\ncontaining an XML external entity declaration in conjunction with an entity\nreference, related to an XML External Entity (XXE) issue affecting IMSCP\nresources and the IMSCC format.\n\n### References\n\n  * <https://nvd.nist.gov/vuln/detail/CVE-2014-3543>\n  * <https://moodle.org/mod/forum/discuss.php?d=264264>\n  * <http://openwall.com/lists/oss-security/2014/07/21/1>\n  * [moodle/moodle@`595ef47`](https://github.com/moodle/moodle/commit/595ef4772d330a20c757635ab090acdcc9b2a2fa)\n  * <https://git.moodle.org/gw?p=moodle.git;a=commit;h=595ef4772d330a20c757635ab090acdcc9b2a2fa>\n\n",
    "Severity": {
        "Score": "(Moderate)"
    },
    "Weaknesses": [
        "[CWE-611](/advisories?query=cwe%3A611)"
    ],
    "CVE ID": "CVE-2014-3543",
    "GHSA ID": "GHSA-27j2-c838-c3qg",
    "Source code": "[moodle/moodle](https://github.com/moodle/moodle)"
}