{
    "Title": "Improper Certificate Validation in Jenkins Spira Importer Plugin",
    "Meta": {
        "Package": [
            "com.inflectra.spiratest.plugins:inflectra-spira-integration([Maven](/advisories?query=ecosystem%3Amaven))"
        ],
        "Affected versions": [
            "< 3.2.4"
        ],
        "Patched versions": [
            "3.2.4"
        ]
    },
    "Description": "Jenkins Spira Importer Plugin 3.2.3 and earlier disables SSL/TLS certificate\nvalidation for the Jenkins master JVM.\n\n### References\n\n  * <https://nvd.nist.gov/vuln/detail/CVE-2019-16558>\n  * <https://jenkins.io/security/advisory/2019-12-17/#SECURITY-1580>\n  * <http://www.openwall.com/lists/oss-security/2019/12/17/1>\n\n",
    "Severity": {
        "Score": "8.2/ 10 (High)",
        "CVSS base metrics": {
            "Attack vector": "Network",
            "Attack complexity": "Low",
            "Privileges required": "None",
            "User interaction": "None",
            "Scope": "Unchanged",
            "Confidentiality": "High",
            "Integrity": "Low",
            "Availability": "None"
        },
        "CVSS string": "CVSS:3.1/AV:N/AC:L/PR:N/UI:N/S:U/C:H/I:L/A:N"
    },
    "Weaknesses": [
        "[CWE-295](/advisories?query=cwe%3A295)"
    ],
    "CVE ID": "CVE-2019-16558",
    "GHSA ID": "GHSA-2j5w-cwc3-8hxw",
    "Source code": "No known source code"
}