{
    "Title": "SQL Injection in sequelize",
    "Meta": {
        "Package": [
            "sequelize([npm](/advisories?query=ecosystem%3Anpm))"
        ],
        "Affected versions": [
            ">= 5.0.0, < 5.3.0"
        ],
        "Patched versions": [
            "5.3.0"
        ]
    },
    "Description": "Versions of `sequelize` prior to 5.3.0 (excluding v3 and v4) are vulnerable to\nSQL Injection. PostgreSQL option`standard_conforming_strings` is not set to\n`on` by default, which may allow attackers to inject SQL statements due to\npoor handling of backslashes in string literals.\n\n## Recommendation\n\nUpgrade to version 5.3.0 or later.\n\n### References\n\n  * <https://nvd.nist.gov/vuln/detail/CVE-2019-11069>\n  * [sequelize/sequelize#10746](https://github.com/sequelize/sequelize/pull/10746)\n  * <https://snyk.io/vuln/SNYK-JS-SEQUELIZE-174167>\n  * <https://github.com/sequelize/sequelize/pull/10746/files>\n  * <https://github.com/sequelize/sequelize/blob/98cb17c17f73e2aa1792aa5a1d31216ba984b456/lib/dialects/postgres/connection-manager.js#L158-L160>\n  * <https://github.com/sequelize/sequelize/releases/tag/v5.3.0>\n  * [sequelize/sequelize@`850c7fd`](https://github.com/sequelize/sequelize/commit/850c7fd04669e0fef9238b6dc4f8d6ee93ed71e9)\n\n",
    "Severity": {
        "Score": "7.5/ 10 (High)",
        "CVSS base metrics": {
            "Attack vector": "Network",
            "Attack complexity": "Low",
            "Privileges required": "None",
            "User interaction": "None",
            "Scope": "Unchanged",
            "Confidentiality": "None",
            "Integrity": "High",
            "Availability": "None"
        },
        "CVSS string": "CVSS:3.0/AV:N/AC:L/PR:N/UI:N/S:U/C:N/I:H/A:N"
    },
    "Weaknesses": [
        "[CWE-20](/advisories?query=cwe%3A20)"
    ],
    "CVE ID": "CVE-2019-11069",
    "GHSA ID": "GHSA-2777-2vq8-c4v4",
    "Source code": "[sequelize/sequelize](https://github.com/sequelize/sequelize)"
}