{
    "Title": "Eugene Pankov Ajenti Cross-site scripting Vulnerabilities",
    "Meta": {
        "Package": [
            "ajenti([pip](/advisories?query=ecosystem%3Apip))"
        ],
        "Affected versions": [
            "< 1.2.21.7"
        ],
        "Patched versions": [
            "1.2.21.7"
        ]
    },
    "Description": "Multiple cross-site scripting (XSS) vulnerabilities in the `respond_error`\nfunction in `routing.py` in Eugene Pankov Ajenti before 1.2.21.7 allow remote\nattackers to inject arbitrary web script or HTML via the `PATH_INFO` to (1)\n`resources.js` or (2) resources.css in `ajenti:static/`, related to the\ntraceback page.\n\n### References\n\n  * <https://nvd.nist.gov/vuln/detail/CVE-2014-4301>\n  * [Eugeny/ajenti@`d3fc5eb`](https://github.com/Eugeny/ajenti/commit/d3fc5eb142ff16d55d158afb050af18d5ff09120)\n  * <https://www.netsparker.com/critical-xss-vulnerabilities-in-ajenti>\n  * <https://web.archive.org/web/20171119051123/http://www.securityfocus.com/bid/68047>\n\n",
    "Severity": {
        "Score": "(Moderate)"
    },
    "Weaknesses": [
        "[CWE-79](/advisories?query=cwe%3A79)"
    ],
    "CVE ID": "CVE-2014-4301",
    "GHSA ID": "GHSA-2ch8-f849-pjg3",
    "Source code": "[Eugeny/ajenti](https://github.com/Eugeny/ajenti)"
}