{
    "Title": "Microweber Cross-site Scripting can result in redirection to a malicious site",
    "Meta": {
        "Package": [
            "microweber/microweber([Composer](/advisories?query=ecosystem%3Acomposer))"
        ],
        "Affected versions": [
            "<= 1.3.1"
        ],
        "Patched versions": [
            "1.3.2"
        ]
    },
    "Description": "Microweber versions 1.3.1 and prior are vulnerable to HTML injection that an\nattacker can use to redirect someone to a malicious site. A patch is available\nat commit 68f0721571653db865a5fa01c7986642c82e919c and expected to be part of\nversion 1.3.2.\n\n### References\n\n  * <https://nvd.nist.gov/vuln/detail/CVE-2022-3242>\n  * [microweber/microweber@`68f0721`](https://github.com/microweber/microweber/commit/68f0721571653db865a5fa01c7986642c82e919c)\n  * <https://huntr.dev/bounties/3e6b218a-a5a6-40d9-9f7e-5ab0c6214faf>\n\n",
    "Severity": {
        "Score": "6.1/ 10 (Moderate)",
        "CVSS base metrics": {
            "Attack vector": "Network",
            "Attack complexity": "Low",
            "Privileges required": "None",
            "User interaction": "Required",
            "Scope": "Changed",
            "Confidentiality": "Low",
            "Integrity": "Low",
            "Availability": "None"
        },
        "CVSS string": "CVSS:3.1/AV:N/AC:L/PR:N/UI:R/S:C/C:L/I:L/A:N"
    },
    "Weaknesses": [
        "[CWE-79](/advisories?query=cwe%3A79)"
    ],
    "CVE ID": "CVE-2022-3242",
    "GHSA ID": "GHSA-232p-59mg-f98p",
    "Source code": "[microweber/microweber](https://github.com/microweber/microweber)"
}