{
    "Title": "Insecure Entropy Source - Math.random() in node-uuid",
    "Meta": {
        "Package": [
            "node-uuid([npm](/advisories?query=ecosystem%3Anpm))"
        ],
        "Affected versions": [
            "< 1.4.4"
        ],
        "Patched versions": [
            "1.4.4"
        ]
    },
    "Description": "Affected versions of `node-uuid` consistently fall back to using `Math.random`\nas an entropy source instead of `crypto`, which may result in guessable\nUUID's.\n\n## Recommendation\n\nUpdate to version 1.4.4 or later.\n\n### References\n\n  * <https://nvd.nist.gov/vuln/detail/CVE-2015-8851>\n  * [broofa/node-uuid@`672f383`](https://github.com/broofa/node-uuid/commit/672f3834ed02c798aa021c618d0a5666c8da000d)\n  * <https://bugzilla.redhat.com/show_bug.cgi?id=1327056>\n  * <http://www.openwall.com/lists/oss-security/2016/04/13/8>\n  * <https://github.com/broofa/node-uuid/issues/108>\n  * <https://github.com/broofa/node-uuid/issues/122>\n  * <https://www.npmjs.com/advisories/93>\n\n",
    "Severity": {
        "Score": "7.5/ 10 (High)",
        "CVSS base metrics": {
            "Attack vector": "Network",
            "Attack complexity": "Low",
            "Privileges required": "None",
            "User interaction": "None",
            "Scope": "Unchanged",
            "Confidentiality": "High",
            "Integrity": "None",
            "Availability": "None"
        },
        "CVSS string": "CVSS:3.1/AV:N/AC:L/PR:N/UI:N/S:U/C:H/I:N/A:N"
    },
    "Weaknesses": [
        "[CWE-331](/advisories?query=cwe%3A331)"
    ],
    "CVE ID": "CVE-2015-8851",
    "GHSA ID": "GHSA-265q-28rp-chq5",
    "Source code": "No known source code"
}