{
    "Title": "Improper Certificate Validation in vt-ldap",
    "Meta": {
        "Package": [
            "edu.internet2.middleware:shibboleth-identityprovider([Maven](/advisories?query=ecosystem%3Amaven))"
        ],
        "Affected versions": [
            "< 2.4.2"
        ],
        "Patched versions": [
            "2.4.2"
        ]
    },
    "Description": "DefaultHostnameVerifier in Ldaptive (formerly vt-ldap) does not properly\nverify that the server hostname matches a domain name in the subject's Common\nName (CN) field of the X.509 certificate, which allows man-in-the-middle\nattackers to spoof SSL servers via an arbitrary valid certificate.\n\n### References\n\n  * <https://nvd.nist.gov/vuln/detail/CVE-2014-3607>\n  * <https://bugzilla.redhat.com/show_bug.cgi?id=1140438>\n  * <https://code.google.com/archive/p/vt-middleware/issues/226>\n  * <https://code.google.com/archive/p/vt-middleware/issues/227>\n  * <https://code.google.com/archive/p/vt-middleware/issues/228>\n  * <http://shibboleth.net/community/advisories/secadv_20140919.txt>\n  * <https://code.google.com/archive/p/vt-middleware/source/default/commits>\n  * <https://code.google.com/p/vt-middleware/source/detail?r=3046>\n\n",
    "Severity": {
        "Score": "5.9/ 10 (Moderate)",
        "CVSS base metrics": {
            "Attack vector": "Network",
            "Attack complexity": "High",
            "Privileges required": "None",
            "User interaction": "None",
            "Scope": "Unchanged",
            "Confidentiality": "High",
            "Integrity": "None",
            "Availability": "None"
        },
        "CVSS string": "CVSS:3.0/AV:N/AC:H/PR:N/UI:N/S:U/C:H/I:N/A:N"
    },
    "Weaknesses": [
        "[CWE-295](/advisories?query=cwe%3A295)"
    ],
    "CVE ID": "CVE-2014-3607",
    "GHSA ID": "GHSA-273v-g3x4-r3rc",
    "Source code": "No known source code"
}