{
    "Title": "Cross-site Scripting via missing Binding syntax validation",
    "Meta": {
        "Package": [
            "github.com/crewjam/saml([Go](/advisories?query=ecosystem%3Ago))"
        ],
        "Affected versions": [
            "< 0.4.14"
        ],
        "Patched versions": [
            "0.4.14"
        ]
    },
    "Description": "### Impact\n\nThe package does not validate the ACS Location URI according to the SAML\nbinding being parsed.\n\nIf abused, this flaw allows attackers to register malicious Service Providers\nat the IdP and inject Javascript in the ACS endpoint definition, achieving\nCross-Site-Scripting (XSS) in the IdP context during the redirection at the\nend of a SAML SSO Flow.\n\nConsequently, an attacker may perform any authenticated action as the victim\nonce the victim\u2019s browser loaded the SAML IdP initiated SSO link for the\nmalicious service provider.\n\nNote: The severity is considered \u201cHigh\u201d because the SP registration is\ncommonly an unrestricted operation in IdPs, hence not requiring particular\npermissions or publicly accessible to ease the IdP interoperability.\n\n### Patches\n\nThis issue is fixed in 0.4.14\n\n### Workarounds\n\nUsers of the package can perform external validation of URLs provided in SAML\nmetadata, or restrict the ability for end-users to upload arbitrary metadata.\n\n### References\n\nThis issue was reported by Francesco Lacerenza from Doyensec.\n\n### References\n\n  * [GHSA-267v-3v32-g6q5](https://github.com/crewjam/saml/security/advisories/GHSA-267v-3v32-g6q5 \"GHSA-267v-3v32-g6q5\")\n  * <https://nvd.nist.gov/vuln/detail/CVE-2023-45683>\n  * [crewjam/saml@`b07b16c`](https://github.com/crewjam/saml/commit/b07b16cf83c4171d16da4d85608cb827f183cd79)\n\n",
    "Severity": {
        "Score": "7.1/ 10 (High)",
        "CVSS base metrics": {
            "Attack vector": "Network",
            "Attack complexity": "Low",
            "Privileges required": "None",
            "User interaction": "Required",
            "Scope": "Changed",
            "Confidentiality": "Low",
            "Integrity": "Low",
            "Availability": "Low"
        },
        "CVSS string": "CVSS:3.1/AV:N/AC:L/PR:N/UI:R/S:C/C:L/I:L/A:L"
    },
    "Weaknesses": [
        "[CWE-79](/advisories?query=cwe%3A79)"
    ],
    "CVE ID": "CVE-2023-45683",
    "GHSA ID": "GHSA-267v-3v32-g6q5",
    "Source code": "[crewjam/saml](https://github.com/crewjam/saml)"
}