{
    "Title": "Specific Cilium configurations vulnerable to DoS via Kubernetes annotations",
    "Meta": {
        "Package": [
            "github.com/cilium/cilium([Go](/advisories?query=ecosystem%3Ago))"
        ],
        "Affected versions": [
            ">= 1.14.0, < 1.14.2",
            "< 1.12.14",
            ">= 1.13.0, < 1.13.7"
        ],
        "Patched versions": [
            "1.14.2",
            "1.12.14",
            "1.13.7"
        ]
    },
    "Description": "### Impact\n\nIn Cilium clusters where Cilium's Layer 7 proxy has been disabled, creating\nworkloads with\n\n  * `policy.cilium.io/proxy-visibility` annotations (in Cilium >= v1.13)\n  * `io.cilium.proxy-visibility` annotations (in Cilium <= v1.12)\n\ncauses the Cilium agent to segfault on the node to which the workload is\nassigned.\n\nExisting traffic on the affected node will continue to flow, but the Cilium\nagent on the node will not able to process changes to workloads running on the\nnode. This will also prevent workloads from being able to start on the\naffected node. The denial of service will be limited to the node on which the\nworkload is scheduled, however an attacker may be able to schedule workloads\non the node of their choosing, which could lead to targeted attacks.\n\n### Patches\n\n[Pull request with fix](https://github.com/cilium/cilium/pull/27597)\n\nThis issue affects:\n\nCilium <= v1.14.1  \nCilium <= v1.13.6  \nCilium <= v1.12.13\n\nThis issue has been resolved in:\n\nCilium v1.14.2  \nCilium v1.13.7  \nCilium v1.12.14\n\n### Workarounds\n\nUsers can avoid this denial of service attack by enabling the Layer 7 proxy.\n\n### For more information\n\nIf you have any questions or comments about this advisory, please reach out on\n[Slack](https://docs.cilium.io/en/latest/community/community/#slack).\n\nAs usual, if you think you found a related vulnerability, we strongly\nencourage you to report security vulnerabilities to our private security\nmailing list: [security@cilium.io](mailto:security@cilium.io) \\- first, before\ndisclosing them in any public forums. This is a private mailing list where\nonly members of the Cilium internal security team are subscribed to, and is\ntreated as top priority.\n\n### References\n\n  * [GHSA-24m5-r6hv-ccgp](https://github.com/cilium/cilium/security/advisories/GHSA-24m5-r6hv-ccgp \"GHSA-24m5-r6hv-ccgp\")\n  * [cilium/cilium#27597](https://github.com/cilium/cilium/pull/27597)\n  * <https://nvd.nist.gov/vuln/detail/CVE-2023-41332>\n\n",
    "Severity": {
        "Score": "3.5/ 10 (Low)",
        "CVSS base metrics": {
            "Attack vector": "Adjacent",
            "Attack complexity": "Low",
            "Privileges required": "Low",
            "User interaction": "None",
            "Scope": "Unchanged",
            "Confidentiality": "None",
            "Integrity": "None",
            "Availability": "Low"
        },
        "CVSS string": "CVSS:3.1/AV:A/AC:L/PR:L/UI:N/S:U/C:N/I:N/A:L"
    },
    "Weaknesses": [
        "[CWE-755](/advisories?query=cwe%3A755)"
    ],
    "CVE ID": "CVE-2023-41332",
    "GHSA ID": "GHSA-24m5-r6hv-ccgp",
    "Source code": "[cilium/cilium](https://github.com/cilium/cilium)"
}