{
    "Title": "Prototype Pollution in node-jsonpointer",
    "Meta": {
        "Package": [
            "jsonpointer([npm](/advisories?query=ecosystem%3Anpm))"
        ],
        "Affected versions": [
            "< 5.0.0"
        ],
        "Patched versions": [
            "5.0.0"
        ]
    },
    "Description": "This affects the package `jsonpointer` before `5.0.0`. A type confusion\nvulnerability can lead to a bypass of a previous Prototype Pollution fix when\nthe pointer components are arrays.\n\n### References\n\n  * <https://nvd.nist.gov/vuln/detail/CVE-2021-23807>\n  * [janl/node-jsonpointer#51](https://github.com/janl/node-jsonpointer/pull/51)\n  * [janl/node-jsonpointer@`a0345f3`](https://github.com/janl/node-jsonpointer/commit/a0345f3550cd9c4d89f33b126390202b89510ad4)\n  * <https://snyk.io/vuln/SNYK-JS-JSONPOINTER-1577288>\n\n",
    "Severity": {
        "Score": "5.6/ 10 (Moderate)",
        "CVSS base metrics": {
            "Attack vector": "Network",
            "Attack complexity": "High",
            "Privileges required": "None",
            "User interaction": "None",
            "Scope": "Unchanged",
            "Confidentiality": "Low",
            "Integrity": "Low",
            "Availability": "Low"
        },
        "CVSS string": "CVSS:3.1/AV:N/AC:H/PR:N/UI:N/S:U/C:L/I:L/A:L"
    },
    "Weaknesses": [
        "[CWE-843](/advisories?query=cwe%3A843)",
        "[CWE-1321](/advisories?query=cwe%3A1321)"
    ],
    "CVE ID": "CVE-2021-23807",
    "GHSA ID": "GHSA-282f-qqgm-c34q",
    "Source code": "[janl/node-jsonpointer](https://github.com/janl/node-jsonpointer)"
}