{
    "Title": "Potential buffer overflow in psd-tools",
    "Meta": {
        "Package": [
            "psd-tools([pip](/advisories?query=ecosystem%3Apip))"
        ],
        "Affected versions": [
            ">= 1.8.37, < 1.9.3"
        ],
        "Patched versions": [
            "1.9.4"
        ]
    },
    "Description": "### Impact\n\nAn issue was discovered in psd-tools before 1.9.4. The Cython implementation\nof RLE decoding did not check for malformed PSD input data during decoding to\nthe PIL.Image or NumPy format, leading to a Buffer Overflow.\n\n### Patches\n\nUsers of psd-tools version v1.8.37 to v1.9.3 should upgrade to v1.9.4.\n\n### Workarounds\n\nWithout Cython present on installation, buffer overflow does not occur but\nIndexError will be thrown. However, already installed psd-tools with Cython\nextention should be upgraded.\n\n### References\n\n[psd-tools/psd-tools#198](https://github.com/psd-tools/psd-tools/pull/198)\n\n### For more information\n\nIf you have any questions or comments about this advisory:\n\n  * Open an issue in [psd-tools](https://github.com/psd-tools/psd-tools/issues)\n\n### References\n\n  * [GHSA-22jr-vc7j-g762](https://github.com/psd-tools/psd-tools/security/advisories/GHSA-22jr-vc7j-g762 \"GHSA-22jr-vc7j-g762\")\n  * <https://nvd.nist.gov/vuln/detail/CVE-2020-10571>\n  * [psd-tools/psd-tools#198](https://github.com/psd-tools/psd-tools/pull/198)\n  * <https://github.com/psd-tools/psd-tools/releases/tag/v1.9.4>\n  * [psd-tools/psd-tools@`fd51f8b`](https://github.com/psd-tools/psd-tools/commit/fd51f8b4a52bc9c1c06d1035dfdf2cd920e87074)\n\n",
    "Severity": {
        "Score": "9.8/ 10 (Critical)",
        "CVSS base metrics": {
            "Attack vector": "Network",
            "Attack complexity": "Low",
            "Privileges required": "None",
            "User interaction": "None",
            "Scope": "Unchanged",
            "Confidentiality": "High",
            "Integrity": "High",
            "Availability": "High"
        },
        "CVSS string": "CVSS:3.1/AV:N/AC:L/PR:N/UI:N/S:U/C:H/I:H/A:H"
    },
    "Weaknesses": [
        "[CWE-754](/advisories?query=cwe%3A754)"
    ],
    "CVE ID": "CVE-2020-10571",
    "GHSA ID": "GHSA-22jr-vc7j-g762",
    "Source code": "No known source code"
}