{
    "Title": "Path traversal in github.com/ipfs/go-ipfs",
    "Meta": {
        "Package": [
            "github.com/ipfs/go-ipfs([Go](/advisories?query=ecosystem%3Ago))"
        ],
        "Affected versions": [
            "< 0.8.0"
        ],
        "Patched versions": [
            "0.8.0"
        ]
    },
    "Description": "### Impact\n\nIt is currently possible for path traversal to occur with DAGs containing\nrelative paths during retrieval. This can cause files to be overwritten, or\nwritten to incorrect output directories. The issue can only occur when `ipfs\nget` is done on an affected DAG.\n\n  1. The only affected command is `ipfs get`.\n  2. The gateway is not affected.\n\n### Patches\n\nTraversal fix patched in [whyrusleeping/tar-\nutils@`20a6137`](https://github.com/whyrusleeping/tar-\nutils/commit/20a61371de5b51380bbdb0c7935b30b0625ac227)  \n`tar-utils` patch applied to go-ipfs via\n[ipfs/kubo@`b7ddba7`](https://github.com/ipfs/kubo/commit/b7ddba7fe47dee5b1760b8ffe897908417e577b2)\n\n### Workarounds\n\nUpgrade to go-ipfs 0.8 or later.\n\n### References\n\nBinaries for the patched versions of go-ipfs are available on the IPFS\ndistributions site, <https://dist.ipfs.io/go-ipfs>\n\n### For more information\n\nIf you have any questions or comments about this advisory:\n\n  * Open an issue in [go-ipfs](https://github.com/ipfs/go-ipfs)\n  * Email us at [security@ipfs.io](mailto:security@ipfs.io)\n\n### References\n\n  * [GHSA-27pv-q55r-222g](https://github.com/ipfs/kubo/security/advisories/GHSA-27pv-q55r-222g \"GHSA-27pv-q55r-222g\")\n  * <https://nvd.nist.gov/vuln/detail/CVE-2020-26279>\n  * [ipfs/kubo@`b7ddba7`](https://github.com/ipfs/kubo/commit/b7ddba7fe47dee5b1760b8ffe897908417e577b2)\n  * [whyrusleeping/tar-utils@`20a6137`](https://github.com/whyrusleeping/tar-utils/commit/20a61371de5b51380bbdb0c7935b30b0625ac227)\n\n",
    "Severity": {
        "Score": "7.7/ 10 (High)",
        "CVSS base metrics": {
            "Attack vector": "Network",
            "Attack complexity": "High",
            "Privileges required": "Low",
            "User interaction": "Required",
            "Scope": "Changed",
            "Confidentiality": "High",
            "Integrity": "High",
            "Availability": "None"
        },
        "CVSS string": "CVSS:3.1/AV:N/AC:H/PR:L/UI:R/S:C/C:H/I:H/A:N"
    },
    "Weaknesses": [
        "[CWE-22](/advisories?query=cwe%3A22)"
    ],
    "CVE ID": "CVE-2020-26279",
    "GHSA ID": "GHSA-27pv-q55r-222g",
    "Source code": "No known source code"
}