{
    "Title": "Liferay portal unauthorized access to objects via OAuth 2 scope",
    "Meta": {
        "Package": [
            "com.liferay.portal:release.portal.bom([Maven](/advisories?query=ecosystem%3Amaven))"
        ],
        "Affected versions": [
            ">= 7.4.3.4, < 7.4.3.49"
        ],
        "Patched versions": [
            "7.4.3.49"
        ]
    },
    "Description": "The Object module in Liferay Portal 7.4.3.4 through 7.4.3.48, and Liferay DXP\n7.4 before update 49 does properly isolate objects in difference virtual\ninstances, which allows remote authenticated users in one virtual instance to\nview objects in a different virtual instance via OAuth 2 scope administration\npage.\n\n### References\n\n  * <https://nvd.nist.gov/vuln/detail/CVE-2023-33946>\n  * <https://liferay.dev/portal/security/known-vulnerabilities/-/asset_publisher/jekt/content/cve-2023-33946>\n\n",
    "Severity": {
        "Score": "4.3/ 10 (Moderate)",
        "CVSS base metrics": {
            "Attack vector": "Network",
            "Attack complexity": "Low",
            "Privileges required": "Low",
            "User interaction": "None",
            "Scope": "Unchanged",
            "Confidentiality": "Low",
            "Integrity": "None",
            "Availability": "None"
        },
        "CVSS string": "CVSS:3.1/AV:N/AC:L/PR:L/UI:N/S:U/C:L/I:N/A:N"
    },
    "Weaknesses": [
        "[CWE-284](/advisories?query=cwe%3A284)"
    ],
    "CVE ID": "CVE-2023-33946",
    "GHSA ID": "GHSA-2868-ff44-43qv",
    "Source code": "[liferay/liferay-portal](https://github.com/liferay/liferay-portal)"
}