{
    "Title": "Sandbox bypass vulnerabilities in Jenkins Script Security Plugin and in Pipeline: Groovy Plugin",
    "Meta": {
        "Package": [
            "org.jenkins-ci.plugins.workflow:workflow-cps([Maven](/advisories?query=ecosystem%3Amaven))"
        ],
        "Affected versions": [
            "<= 2802.v5ea"
        ],
        "Patched versions": [
            "2803.v1a_f77ffcc773"
        ]
    },
    "Description": "Script Security Plugin provides a sandbox feature that allows low privileged\nusers to define scripts, including Pipelines, that are generally safe to\nexecute. Calls to code defined inside a sandboxed script are intercepted, and\nvarious allowlists are checked to determine whether the call is to be allowed.\n\nMultiple sandbox bypass vulnerabilities exist in Script Security Plugin and\nPipeline: Groovy Plugin:\n\n  * In Script Security Plugin 1183.v774b_0b_0a_a_451 and earlier and in Pipeline: Groovy Plugin 2802.v5ea_628154b_c2 and earlier, various casts performed implicitly by the Groovy language runtime were not intercepted by the sandbox. This includes casts performed when returning values from methods, when assigning local variables, fields, properties, and when defining default arguments for closure, constructor, and method parameters ([CVE-2022-43401](https://github.com/advisories/GHSA-7vr5-72w7-q6jc \"CVE-2022-43401\") in Script Security Plugin and [CVE-2022-43402](https://github.com/advisories/GHSA-mqc2-w9r8-mmxm \"CVE-2022-43402\") in Pipeline: Groovy Plugin).\n  * In Script Security Plugin 1183.v774b_0b_0a_a_451 and earlier, when casting an array-like value to an array type, per-element casts to the component type of the array are not intercepted by the sandbox ([CVE-2022-43403](https://github.com/advisories/GHSA-f6mq-6fx5-w2ch \"CVE-2022-43403\")).\n  * In Script Security Plugin 1183.v774b_0b_0a_a_451 and earlier, crafted constructor bodies and calls to sandbox-generated synthetic constructors can be used to construct any subclassable type (due to an incomplete fix for SECURITY-1754 in the [2020-03-09 security advisory](https://www.jenkins.io/security/advisory/2020-03-09/#SECURITY-1754)) ([CVE-2022-43404](https://github.com/advisories/GHSA-27rf-8mjp-r363 \"CVE-2022-43404\")).\n\nThese vulnerabilities allow attackers with permission to define and run\nsandboxed scripts, including Pipelines, to bypass the sandbox protection and\nexecute arbitrary code in the context of the Jenkins controller JVM.\n\nThese vulnerabilities have been fixed:\n\n  * Script Security Plugin 1184.v85d16b_d851b_3 and Pipeline: Groovy Plugin 2803.v1a_f77ffcc773 intercept Groovy casts performed implicitly by the Groovy language runtime ([CVE-2022-43401](https://github.com/advisories/GHSA-7vr5-72w7-q6jc \"CVE-2022-43401\") in Script Security Plugin and [CVE-2022-43402](https://github.com/advisories/GHSA-mqc2-w9r8-mmxm \"CVE-2022-43402\") in Pipeline: Groovy Plugin).\n  * Script Security Plugin 1184.v85d16b_d851b_3 intercepts per-element casts when casting array-like values to array types ([CVE-2022-43403](https://github.com/advisories/GHSA-f6mq-6fx5-w2ch \"CVE-2022-43403\")).\n  * Script Security Plugin 1184.v85d16b_d851b_3 rejects improper calls to sandbox-generated synthetic constructors ([CVE-2022-43404](https://github.com/advisories/GHSA-27rf-8mjp-r363 \"CVE-2022-43404\")).\n\nBoth plugins, Script Security Plugin and Pipeline: Groovy Plugin must be\nupdated simultaneously. While Script Security Plugin could be updated\nindependently, doing so would cause errors in Pipeline: Groovy Plugin due to\nan incompatible API change.\n\n### References\n\n  * <https://nvd.nist.gov/vuln/detail/CVE-2022-43404>\n  * <https://www.jenkins.io/security/advisory/2022-10-19/#SECURITY-2824%20(1)>\n  * <http://www.openwall.com/lists/oss-security/2022/10/19/3>\n\n",
    "Severity": {
        "Score": "8.8/ 10 (High)",
        "CVSS base metrics": {
            "Attack vector": "Network",
            "Attack complexity": "Low",
            "Privileges required": "Low",
            "User interaction": "None",
            "Scope": "Unchanged",
            "Confidentiality": "High",
            "Integrity": "High",
            "Availability": "High"
        },
        "CVSS string": "CVSS:3.1/AV:N/AC:L/PR:L/UI:N/S:U/C:H/I:H/A:H"
    },
    "Weaknesses": [
        "[CWE-693](/advisories?query=cwe%3A693)"
    ],
    "CVE ID": "CVE-2022-43404",
    "GHSA ID": "GHSA-27rf-8mjp-r363",
    "Source code": "No known source code"
}