{
    "Title": "Allocation of Resources Without Limits or Throttling in ckb",
    "Meta": {
        "Package": [
            "ckb([Rust](/advisories?query=ecosystem%3Arust))"
        ],
        "Affected versions": [
            "< 0.40.0"
        ],
        "Patched versions": [
            "0.40.0"
        ]
    },
    "Description": "An issue was discovered in the ckb crate before 0.40.0 for Rust. Remote\nattackers may be able to conduct a 51% attack against the Nervos CKB\nblockchain by triggering an inability to allocate memory for the misbehavior\nHashMap.\n\n### References\n\n  * <https://nvd.nist.gov/vuln/detail/CVE-2021-45699>\n  * <https://raw.githubusercontent.com/rustsec/advisory-db/main/crates/ckb/RUSTSEC-2021-0108.md>\n  * <https://rustsec.org/advisories/RUSTSEC-2021-0108.html>\n  * [GHSA-48vq-8jqv-gm6f](https://github.com/nervosnetwork/ckb/security/advisories/GHSA-48vq-8jqv-gm6f \"GHSA-48vq-8jqv-gm6f\")\n\n",
    "Severity": {
        "Score": "7.5/ 10 (High)",
        "CVSS base metrics": {
            "Attack vector": "Network",
            "Attack complexity": "Low",
            "Privileges required": "None",
            "User interaction": "None",
            "Scope": "Unchanged",
            "Confidentiality": "None",
            "Integrity": "None",
            "Availability": "High"
        },
        "CVSS string": "CVSS:3.1/AV:N/AC:L/PR:N/UI:N/S:U/C:N/I:N/A:H"
    },
    "Weaknesses": [
        "[CWE-770](/advisories?query=cwe%3A770)"
    ],
    "CVE ID": "CVE-2021-45699",
    "GHSA ID": "GHSA-2969-8hh9-57jc",
    "Source code": "[nervosnetwork/ckb](https://github.com/nervosnetwork/ckb)"
}