{
    "Title": "RCE vulnerability affecting v1beta3 templates in @backstage/plugin-scaffolder-backend",
    "Meta": {
        "Package": [
            "@backstage/plugin-scaffolder-backend([npm](/advisories?query=ecosystem%3Anpm))"
        ],
        "Affected versions": [
            "< 0.15.14"
        ],
        "Patched versions": [
            "0.15.14"
        ]
    },
    "Description": "The templating library used by the scaffolder backend assumes that templates\nare trusted which is an undesired property of the scaffolder-backend. This has\nnow been mitigated by sandboxing the template code execution.\n\n### Impact\n\nA malicious actor with write access to a registered scaffolder template could\nmanipulate the template in a way that allows for remote code execution on the\nscaffolder-backend instance. This was only exploitable in the template yaml\ndefinition itself and not by user input data.\n\n### Patches\n\nThis is vulnerability is patched in version `0.15.14` of `@backstage/plugin-\nscaffolder-backend`.\n\n### For more information\n\nIf you have any questions or comments about this advisory:\n\n  * Open an issue in the [Backstage repository](https://github.com/backstage/backstage)\n  * Visit our chat, linked to in [Backstage README](https://github.com/backstage/backstage)\n\n### References\n\n  * [GHSA-2g8g-63j4-9w3r](https://github.com/backstage/backstage/security/advisories/GHSA-2g8g-63j4-9w3r \"GHSA-2g8g-63j4-9w3r\")\n\n",
    "Severity": {
        "Score": "(High)"
    },
    "Weaknesses": [],
    "CVE ID": "No known CVE",
    "GHSA ID": "GHSA-2g8g-63j4-9w3r",
    "Source code": "[backstage/backstage](https://github.com/backstage/backstage)"
}