{
    "Title": "HTML Injection in shout",
    "Meta": {
        "Package": [
            "shout([npm](/advisories?query=ecosystem%3Anpm))"
        ],
        "Affected versions": [
            ">= 0.44.0, <= 0.49.3"
        ],
        "Patched versions": [
            "0.50.0"
        ]
    },
    "Description": "Affected versions of `shout` do not escape the `/topic` command in messages,\nand are therefore vulnerable to cross-site scripting.\n\n## Recommendation\n\nUpdate to version 0.50.0 or later.\n\n### References\n\n  * <https://nvd.nist.gov/vuln/detail/CVE-2017-16043>\n  * [erming/shout#344](https://github.com/erming/shout/pull/344)\n  * [GHSA-26q7-g57v-mxcp](https://github.com/advisories/GHSA-26q7-g57v-mxcp \"GHSA-26q7-g57v-mxcp\")\n  * <https://www.npmjs.com/advisories/322>\n\n",
    "Severity": {
        "Score": "(Moderate)"
    },
    "Weaknesses": [
        "[CWE-80](/advisories?query=cwe%3A80)"
    ],
    "CVE ID": "CVE-2017-16043",
    "GHSA ID": "GHSA-26q7-g57v-mxcp",
    "Source code": "No known source code"
}