{
    "Title": "HashiCorp Vault underlying database had excessively broad filesystem permissions from v1.4.0 until v1.8.0",
    "Meta": {
        "Package": [
            "github.com/hashicorp/vault([Go](/advisories?query=ecosystem%3Ago))"
        ],
        "Affected versions": [
            ">= 1.4.0, < 1.8.0"
        ],
        "Patched versions": [
            "1.8.0"
        ]
    },
    "Description": "HashiCorp Vault and Vault Enterprise 1.4.0 through 1.7.3 initialized an\nunderlying database file associated with the Integrated Storage feature with\nexcessively broad filesystem permissions. Fixed in Vault and Vault Enterprise\n1.8.0.\n\n### References\n\n  * <https://nvd.nist.gov/vuln/detail/CVE-2021-38553>\n  * <https://discuss.hashicorp.com/t/hcsec-2021-20-vault-s-integrated-storage-backend-database-file-may-have-excessively-broad-permissions/28168>\n  * <https://security.gentoo.org/glsa/202207-01>\n\n",
    "Severity": {
        "Score": "9.8/ 10 (Critical)",
        "CVSS base metrics": {
            "Attack vector": "Network",
            "Attack complexity": "Low",
            "Privileges required": "None",
            "User interaction": "None",
            "Scope": "Unchanged",
            "Confidentiality": "High",
            "Integrity": "High",
            "Availability": "High"
        },
        "CVSS string": "CVSS:3.1/AV:N/AC:L/PR:N/UI:N/S:U/C:H/I:H/A:H"
    },
    "Weaknesses": [
        "[CWE-281](/advisories?query=cwe%3A281)"
    ],
    "CVE ID": "CVE-2021-38553",
    "GHSA ID": "GHSA-23fq-q7hc-993r",
    "Source code": "[hashicorp/vault/](https://github.com/hashicorp/vault/)"
}