{
    "Title": "XML Signature/Encryption Not Validated in Apache CXF",
    "Meta": {
        "Package": [
            "org.apache.cxf:cxf([Maven](/advisories?query=ecosystem%3Amaven))"
        ],
        "Affected versions": [
            ">= 2.4.0, < 2.4.8",
            ">= 2.5.0, < 2.5.4",
            ">= 2.6.0, < 2.6.1"
        ],
        "Patched versions": [
            "2.4.8",
            "2.5.4",
            "2.6.1"
        ]
    },
    "Description": "Apache CXF 2.4.x before 2.4.8, 2.5.x before 2.5.4, and 2.6.x before 2.6.1,\nwhen a Supporting Token specifies a child WS-SecurityPolicy 1.1 or 1.2 policy,\ndoes not properly ensure that an XML element is signed or encrypted, which has\nunspecified impact and attack vectors.\n\n### References\n\n  * <https://nvd.nist.gov/vuln/detail/CVE-2012-2379>\n  * <https://lists.apache.org/thread.html/r36e44ffc1a9b365327df62cdfaabe85b9a5637de102cea07d79b2dbf@%3Ccommits.cxf.apache.org%3E>\n  * <https://lists.apache.org/thread.html/rc774278135816e7afc943dc9fc78eb0764f2c84a2b96470a0187315c@%3Ccommits.cxf.apache.org%3E>\n  * <https://lists.apache.org/thread.html/rd49aabd984ed540c8ff7916d4d79405f3fa311d2fdbcf9ed307839a6@%3Ccommits.cxf.apache.org%3E>\n  * <https://lists.apache.org/thread.html/rec7160382badd3ef4ad017a22f64a266c7188b9ba71394f0d321e2d4@%3Ccommits.cxf.apache.org%3E>\n  * <https://lists.apache.org/thread.html/rfb87e0bf3995e7d560afeed750fac9329ff5f1ad49da365129b7f89e@%3Ccommits.cxf.apache.org%3E>\n  * <https://lists.apache.org/thread.html/rff42cfa5e7d75b7c1af0e37589140a8f1999e578a75738740b244bd4@%3Ccommits.cxf.apache.org%3E>\n  * <https://cxf.apache.org/cve-2012-2379.html>\n  * <https://lists.apache.org/thread.html/r36e44ffc1a9b365327df62cdfaabe85b9a5637de102cea07d79b2dbf%40%3Ccommits.cxf.apache.org%3E>\n  * <https://lists.apache.org/thread.html/rc774278135816e7afc943dc9fc78eb0764f2c84a2b96470a0187315c%40%3Ccommits.cxf.apache.org%3E>\n  * <https://lists.apache.org/thread.html/rd49aabd984ed540c8ff7916d4d79405f3fa311d2fdbcf9ed307839a6%40%3Ccommits.cxf.apache.org%3E>\n  * <https://lists.apache.org/thread.html/rec7160382badd3ef4ad017a22f64a266c7188b9ba71394f0d321e2d4%40%3Ccommits.cxf.apache.org%3E>\n  * <https://lists.apache.org/thread.html/rfb87e0bf3995e7d560afeed750fac9329ff5f1ad49da365129b7f89e%40%3Ccommits.cxf.apache.org%3E>\n  * <https://lists.apache.org/thread.html/rff42cfa5e7d75b7c1af0e37589140a8f1999e578a75738740b244bd4%40%3Ccommits.cxf.apache.org%3E>\n  * [https://svn.apache.org/viewvc?view=revision&revision=1338219](https://svn.apache.org/viewvc?view=revision&revision=1338219)\n\n",
    "Severity": {
        "Score": "(High)"
    },
    "Weaknesses": [],
    "CVE ID": "CVE-2012-2379",
    "GHSA ID": "GHSA-2g99-c67p-56hm",
    "Source code": "[apache/cxf](https://github.com/apache/cxf)"
}