{
    "Title": "Open Redirect in Flask-AppBuilder",
    "Meta": {
        "Package": [
            "Flask-AppBuilder([pip](/advisories?query=ecosystem%3Apip))"
        ],
        "Affected versions": [
            "< 3.4.5"
        ],
        "Patched versions": [
            "3.4.5"
        ]
    },
    "Description": "Flask-AppBuilder is an application development framework built on top of\nFlask. Versions prior to 3.4.5 contain an open redirect vulnerability when\nusing the database authentication login page. There are no known workarounds.\nUsers are recommended to upgrade to version 3.4.5 or later.\n\n### For more information\n\nIf you have any questions or comments about this advisory:\n\n  * Open an issue in [Flask-AppBuilder](https://github.com/dpgaspar/Flask-AppBuilder)\n\n### References\n\n  * [GHSA-2ccw-7px8-vmpf](https://github.com/dpgaspar/Flask-AppBuilder/security/advisories/GHSA-2ccw-7px8-vmpf \"GHSA-2ccw-7px8-vmpf\")\n  * <https://nvd.nist.gov/vuln/detail/CVE-2022-24776>\n  * [dpgaspar/Flask-AppBuilder#1804](https://github.com/dpgaspar/Flask-AppBuilder/pull/1804)\n  * <https://github.com/dpgaspar/Flask-AppBuilder/releases/tag/v3.4.5>\n  * [dpgaspar/Flask-AppBuilder@`5214d97`](https://github.com/dpgaspar/Flask-AppBuilder/commit/5214d975ebad2ff32057443d2cc20fef1c04d0ea)\n\n",
    "Severity": {
        "Score": "6.1/ 10 (Moderate)",
        "CVSS base metrics": {
            "Attack vector": "Network",
            "Attack complexity": "Low",
            "Privileges required": "None",
            "User interaction": "Required",
            "Scope": "Changed",
            "Confidentiality": "Low",
            "Integrity": "Low",
            "Availability": "None"
        },
        "CVSS string": "CVSS:3.1/AV:N/AC:L/PR:N/UI:R/S:C/C:L/I:L/A:N"
    },
    "Weaknesses": [
        "[CWE-601](/advisories?query=cwe%3A601)"
    ],
    "CVE ID": "CVE-2022-24776",
    "GHSA ID": "GHSA-2ccw-7px8-vmpf",
    "Source code": "[dpgaspar/Flask-AppBuilder](https://github.com/dpgaspar/Flask-AppBuilder)"
}