{
    "Title": "Smashing Cross-site Scripting vulnerability",
    "Meta": {
        "Package": [
            "smashing([RubyGems](/advisories?query=ecosystem%3Arubygems))"
        ],
        "Affected versions": [
            "< 1.3.5"
        ],
        "Patched versions": [
            "1.3.5"
        ]
    },
    "Description": "Smashing 1.3.4 is vulnerable to Cross Site Scripting (XSS). A URL for a widget\ncan be crafted and used to execute JavaScript on the victim's computer. The\nJavaScript code can then steal data available in the session/cookies depending\non the user environment (e.g. if re-using internal URL's for deploying, or\ncookies that are very permissive) private information may be retrieved by the\nattacker.\n\n### References\n\n  * <https://nvd.nist.gov/vuln/detail/CVE-2021-35440>\n  * [Smashing/smashing#186](https://github.com/Smashing/smashing/pull/186)\n  * <https://github.com/Smashing/smashing/blob/ad7325f159f89854ca4e7d94e7be9bee507b6d46/CHANGELOG.md>\n  * <https://github.com/rubysec/ruby-advisory-db/blob/master/gems/smashing/CVE-2021-35440.yml>\n  * [Smashing/smashing@`f464813`](https://github.com/Smashing/smashing/commit/f4648137ae77aa2a9ccd14b2e6eeaed2cfb32da3)\n\n",
    "Severity": {
        "Score": "6.1/ 10 (Moderate)",
        "CVSS base metrics": {
            "Attack vector": "Network",
            "Attack complexity": "Low",
            "Privileges required": "None",
            "User interaction": "Required",
            "Scope": "Changed",
            "Confidentiality": "Low",
            "Integrity": "Low",
            "Availability": "None"
        },
        "CVSS string": "CVSS:3.1/AV:N/AC:L/PR:N/UI:R/S:C/C:L/I:L/A:N"
    },
    "Weaknesses": [
        "[CWE-79](/advisories?query=cwe%3A79)"
    ],
    "CVE ID": "CVE-2021-35440",
    "GHSA ID": "GHSA-254j-mmc5-qhpx",
    "Source code": "[Smashing/smashing](https://github.com/Smashing/smashing)"
}