{
    "Title": "Denial of service in ASP.NET Core",
    "Meta": {
        "Package": [
            "Microsoft.AspNetCore.All([NuGet](/advisories?query=ecosystem%3Anuget))"
        ],
        "Affected versions": [
            ">= 2.1.0, < 2.1.15"
        ],
        "Patched versions": [
            "2.1.15"
        ]
    },
    "Description": "A denial of service vulnerability exists when ASP.NET Core improperly handles\nweb requests, aka 'ASP.NET Core Denial of Service Vulnerability'.\n\n### References\n\n  * <https://nvd.nist.gov/vuln/detail/CVE-2020-0602>\n  * <https://access.redhat.com/errata/RHSA-2020:0130>\n  * <https://access.redhat.com/errata/RHSA-2020:0134>\n  * <https://portal.msrc.microsoft.com/en-US/security-guidance/advisory/CVE-2020-0602>\n  * [aspnet/Announcements#402](https://github.com/aspnet/Announcements/issues/402)\n  * [github/advisory-database#302](https://github.com/github/advisory-database/issues/302)\n\n",
    "Severity": {
        "Score": "(Moderate)"
    },
    "Weaknesses": [
        "[CWE-400](/advisories?query=cwe%3A400)"
    ],
    "CVE ID": "CVE-2020-0602",
    "GHSA ID": "GHSA-23cv-jh4v-vffm",
    "Source code": "No known source code"
}