{
    "Title": "Puppet Bolt privilege escalation vulnerability",
    "Meta": {
        "Package": [
            "bolt([RubyGems](/advisories?query=ecosystem%3Arubygems))"
        ],
        "Affected versions": [
            "< 3.27.4"
        ],
        "Patched versions": [
            "3.27.4"
        ]
    },
    "Description": "In Puppet Bolt versions prior to 3.27.4, a path to escalate privileges was\nidentified.\n\n### References\n\n  * <https://nvd.nist.gov/vuln/detail/CVE-2023-5214>\n  * <https://www.puppet.com/security/cve/cve-2023-5255-denial-service-revocation-auto-renewed-certificates>\n  * <https://github.com/rubysec/ruby-advisory-db/blob/master/gems/bolt/CVE-2023-5214.yml>\n  * <https://www.puppet.com/security/cve/cve-2023-5214-privilege-escalation-puppet-bolt>\n\n",
    "Severity": {
        "Score": "9.8/ 10 (Critical)",
        "CVSS base metrics": {
            "Attack vector": "Network",
            "Attack complexity": "Low",
            "Privileges required": "None",
            "User interaction": "None",
            "Scope": "Unchanged",
            "Confidentiality": "High",
            "Integrity": "High",
            "Availability": "High"
        },
        "CVSS string": "CVSS:3.1/AV:N/AC:L/PR:N/UI:N/S:U/C:H/I:H/A:H"
    },
    "Weaknesses": [
        "[CWE-269](/advisories?query=cwe%3A269)"
    ],
    "CVE ID": "CVE-2023-5214",
    "GHSA ID": "GHSA-289m-2964-f8q5",
    "Source code": "[puppetlabs/bolt](https://github.com/puppetlabs/bolt)"
}