{
    "Title": "Improperly Controlled Modification of Dynamically-Determined Object Attributes in querymen",
    "Meta": {
        "Package": [
            "querymen([npm](/advisories?query=ecosystem%3Anpm))"
        ],
        "Affected versions": [
            "< 2.1.4"
        ],
        "Patched versions": [
            "2.1.4"
        ]
    },
    "Description": "querymen prior to 2.1.4 allows modification of object properties. The\nparameters of exported function handler(type, name, fn) can be controlled by\nusers without any sanitization. This could be abused for Prototype Pollution\nattacks.\n\n### References\n\n  * <https://nvd.nist.gov/vuln/detail/CVE-2020-7600>\n  * [diegohaz/querymen@`1987fef`](https://github.com/diegohaz/querymen/commit/1987fefcb3b7508253a29502a008d5063a873cef)\n  * <https://snyk.io/vuln/SNYK-JS-QUERYMEN-559867>\n\n",
    "Severity": {
        "Score": "5.3/ 10 (Moderate)",
        "CVSS base metrics": {
            "Attack vector": "Network",
            "Attack complexity": "Low",
            "Privileges required": "None",
            "User interaction": "None",
            "Scope": "Unchanged",
            "Confidentiality": "None",
            "Integrity": "Low",
            "Availability": "None"
        },
        "CVSS string": "CVSS:3.1/AV:N/AC:L/PR:N/UI:N/S:U/C:N/I:L/A:N"
    },
    "Weaknesses": [
        "[CWE-915](/advisories?query=cwe%3A915)",
        "[CWE-1321](/advisories?query=cwe%3A1321)"
    ],
    "CVE ID": "CVE-2020-7600",
    "GHSA ID": "GHSA-2cf2-2383-h4jv",
    "Source code": "No known source code"
}