{
    "Title": "Centreon SQL Injection vulnerability via esc_name parameter",
    "Meta": {
        "Package": [
            "centreon/centreon([Composer](/advisories?query=ecosystem%3Acomposer))"
        ],
        "Affected versions": [
            "< 21.04.16",
            ">= 21.10.0, < 21.10.8",
            ">= 22.0.0, < 22.04.1"
        ],
        "Patched versions": [
            "21.04.16",
            "21.10.8",
            "22.04.2"
        ]
    },
    "Description": "Centreon v20.10.18 was discovered to contain a SQL injection vulnerability via\nthe `esc_name` (Escalation Name) parameter at\n`Configuration/Notifications/Escalations`. Versions 21.04.16, 21.10.8, and\n22.04.2 contain patches.\n\n### References\n\n  * <https://nvd.nist.gov/vuln/detail/CVE-2022-40043>\n  * <https://github.com/centreon/centreon/releases>\n  * <https://www.hakaioffensivesecurity.com/centreon-sqli-and-xss-vulnerability/>\n  * [centreon/centreon@`1a6ee0e`](https://github.com/centreon/centreon/commit/1a6ee0e9a003ac4f07dc8c370aec6e8911279358)\n  * [centreon/centreon@`76fdfba`](https://github.com/centreon/centreon/commit/76fdfba312515656419a1311a83adfb11a73199f)\n  * [centreon/centreon@`cee5d3b`](https://github.com/centreon/centreon/commit/cee5d3b0b0077182dfced5fb1d216a4ac168c05f)\n\n",
    "Severity": {
        "Score": "8.8/ 10 (High)",
        "CVSS base metrics": {
            "Attack vector": "Network",
            "Attack complexity": "Low",
            "Privileges required": "Low",
            "User interaction": "None",
            "Scope": "Unchanged",
            "Confidentiality": "High",
            "Integrity": "High",
            "Availability": "High"
        },
        "CVSS string": "CVSS:3.1/AV:N/AC:L/PR:L/UI:N/S:U/C:H/I:H/A:H"
    },
    "Weaknesses": [
        "[CWE-89](/advisories?query=cwe%3A89)"
    ],
    "CVE ID": "CVE-2022-40043",
    "GHSA ID": "GHSA-25gv-wg6f-6frp",
    "Source code": "[centreon/centreon](https://github.com/centreon/centreon)"
}