{
    "Title": "XXE vulnerability on Launch import with externally-defined DTD file",
    "Meta": {
        "Package": [
            "com.epam.reportportal:service-api([Maven](/advisories?query=ecosystem%3Amaven))"
        ],
        "Affected versions": [
            ">= 3.1.0, < 5.4.0"
        ],
        "Patched versions": [
            "5.4.0"
        ]
    },
    "Description": "### Impact\n\nStarting from version 3.1.0 we introduced a new feature of JUnit XML launch\nimport. Unfortunately XML parser was not configured properly to prevent XML\nexternal entity (XXE) attacks. This allows a user to import a specifically-\ncrafted XML file which imports external Document Type Definition (DTD) file\nwith external entities for extraction of secrets from Report Portal service-\napi module or server-side request forgery.\n\n### Patches\n\nFixed with: [reportportal/service-\napi#1392](https://github.com/reportportal/service-api/pull/1392)\n\n### Binaries\n\n`docker pull reportportal/service-api:5.4.0`  \n<https://github.com/reportportal/service-api/packages/846871?version=5.4.0>\n\n### For more information\n\nIf you have any questions or comments about this advisory email us:\n[support@reportportal.io](mailto:support@reportportal.io)\n\n### References\n\n  * [GHSA-24wf-7vf2-pv59](https://github.com/reportportal/reportportal/security/advisories/GHSA-24wf-7vf2-pv59 \"GHSA-24wf-7vf2-pv59\")\n  * <https://nvd.nist.gov/vuln/detail/CVE-2021-29620>\n  * [reportportal/service-api#1392](https://github.com/reportportal/service-api/pull/1392)\n  * <https://mvnrepository.com/artifact/com.epam.reportportal/service-api>\n  * [reportportal/service-api@`a73e0df`](https://github.com/reportportal/service-api/commit/a73e0dfb4eda844c37139df1f9847013d55f084e)\n\n",
    "Severity": {
        "Score": "7.5/ 10 (High)",
        "CVSS base metrics": {
            "Attack vector": "Network",
            "Attack complexity": "Low",
            "Privileges required": "None",
            "User interaction": "None",
            "Scope": "Unchanged",
            "Confidentiality": "High",
            "Integrity": "None",
            "Availability": "None"
        },
        "CVSS string": "CVSS:3.1/AV:N/AC:L/PR:N/UI:N/S:U/C:H/I:N/A:N"
    },
    "Weaknesses": [
        "[CWE-611](/advisories?query=cwe%3A611)"
    ],
    "CVE ID": "CVE-2021-29620",
    "GHSA ID": "GHSA-24wf-7vf2-pv59",
    "Source code": "No known source code"
}