{
    "Title": "Snowflake Connector .Net Command Injection",
    "Meta": {
        "Package": [
            "Snowflake.Data([NuGet](/advisories?query=ecosystem%3Anuget))"
        ],
        "Affected versions": [
            "< 2.0.18"
        ],
        "Patched versions": [
            "2.0.18"
        ]
    },
    "Description": "### Issue\n\nSnowflake was informed via our bug bounty program of a command injection\nvulnerability in the Snowflake .NET driver via SSO URL authentication.\n\n### Impacted driver package:\n\nsnowflake-connector-net\n\n### Impacted version range:\n\nbefore [Version 2.0.18](https://community.snowflake.com/s/article/Dot-NET-\nDriver-Release-Notes)\n\n### Attack Scenario\n\nIn order to exploit the potential for command injection, an attacker would\nneed to be successful in (1) establishing a malicious resource and (2)\nredirecting users to utilize the resource. The attacker could set up a\nmalicious, publicly accessible server which responds to the SSO URL with an\nattack payload. If the attacker then tricked a user into visiting the\nmaliciously crafted connection URL, the user\u2019s local machine would render the\nmalicious payload, leading to a remote code execution.\n\nThis attack scenario can be mitigated through URL whitelisting as well as\ncommon anti-phishing resources.\n\n### Solution\n\nOn December 2nd, 2022, Snowflake merged a patch that fixed a command injection\nvulnerability in the Snowflake .NET driver via SSO URL authentication. The\nvulnerability affected the Snowflake .NET driver before Version 2.0.18. We\nstrongly recommend upgrading to the latest driver version as soon as possible\nvia the following resources: [Snowflake .NET\nDriver](https://docs.snowflake.com/en/developer-guide/dotnet/dotnet-driver).\n\n### Additional Information\n\nIf you discover a security vulnerability in one of our products or websites,\nplease report the issue to HackerOne. For more information, please see our\n[Vulnerability Disclosure Policy](https://hackerone.com/snowflake?type=team).\n\n### References\n\n  * [GHSA-223g-8w3x-98wr](https://github.com/snowflakedb/snowflake-connector-net/security/advisories/GHSA-223g-8w3x-98wr \"GHSA-223g-8w3x-98wr\")\n  * <https://nvd.nist.gov/vuln/detail/CVE-2023-34230>\n\n",
    "Severity": {
        "Score": "7.3/ 10 (High)",
        "CVSS base metrics": {
            "Attack vector": "Network",
            "Attack complexity": "Low",
            "Privileges required": "Low",
            "User interaction": "Required",
            "Scope": "Unchanged",
            "Confidentiality": "High",
            "Integrity": "High",
            "Availability": "None"
        },
        "CVSS string": "CVSS:3.1/AV:N/AC:L/PR:L/UI:R/S:U/C:H/I:H/A:N"
    },
    "Weaknesses": [
        "[CWE-77](/advisories?query=cwe%3A77)"
    ],
    "CVE ID": "CVE-2023-34230",
    "GHSA ID": "GHSA-223g-8w3x-98wr",
    "Source code": "[snowflakedb/snowflake-connector-net](https://github.com/snowflakedb/snowflake-connector-net)"
}