{
    "Title": "Jenkins Slack Notification Plugin missing permission check",
    "Meta": {
        "Package": [
            "org.jenkins-ci.plugins:slack([Maven](/advisories?query=ecosystem%3Amaven))"
        ],
        "Affected versions": [
            "<= 2.19"
        ],
        "Patched versions": [
            "2.20"
        ]
    },
    "Description": "Jenkins Slack Notification Plugin did not perform permission checks on a\nmethod implementing form validation. This allowed users with Overall/Read\naccess to Jenkins to connect to an attacker-specified URL using attacker-\nspecified credentials IDs obtained through another method, capturing\ncredentials stored in Jenkins.\n\nAdditionally, this form validation method did not require POST requests,\nresulting in a cross-site request forgery vulnerability.\n\nThis form validation method now requires POST requests and Overall/Administer\n(for global configuration) or Item/Configure permissions (for job\nconfiguration).\n\n### References\n\n  * <https://nvd.nist.gov/vuln/detail/CVE-2019-1003043>\n  * <https://jenkins.io/security/advisory/2019-03-25/#SECURITY-976>\n  * <http://www.openwall.com/lists/oss-security/2019/03/28/2>\n  * [jenkinsci/slack-plugin@`0268bbe`](https://github.com/jenkinsci/slack-plugin/commit/0268bbefdcc283effd27be5318770f7e75c6f102)\n  * <https://web.archive.org/web/20200227082607/http://www.securityfocus.com/bid/107628>\n\n",
    "Severity": {
        "Score": "4.2/ 10 (Moderate)",
        "CVSS base metrics": {
            "Attack vector": "Network",
            "Attack complexity": "High",
            "Privileges required": "Low",
            "User interaction": "None",
            "Scope": "Unchanged",
            "Confidentiality": "Low",
            "Integrity": "Low",
            "Availability": "None"
        },
        "CVSS string": "CVSS:3.0/AV:N/AC:H/PR:L/UI:N/S:U/C:L/I:L/A:N"
    },
    "Weaknesses": [
        "[CWE-862](/advisories?query=cwe%3A862)"
    ],
    "CVE ID": "CVE-2019-1003043",
    "GHSA ID": "GHSA-22xp-7rcx-xp34",
    "Source code": "[jenkinsci/slack-plugin](https://github.com/jenkinsci/slack-plugin)"
}