{
    "Title": "JFinal file validation vulnerability",
    "Meta": {
        "Package": [
            "com.jfinal:jfinal([Maven](/advisories?query=ecosystem%3Amaven))"
        ],
        "Affected versions": [
            "< 4.5"
        ],
        "Patched versions": [
            "4.5"
        ]
    },
    "Description": "In JFinal cos before 2019-08-13, as used in JFinal 4.4, there is a\nvulnerability that can bypass the isSafeFile() function: one can upload any\ntype of file. For example, a .jsp file may be stored and almost immediately\ndeleted, but this deletion step does not occur for certain exceptions.\n\n### References\n\n  * <https://nvd.nist.gov/vuln/detail/CVE-2019-17352>\n  * [jfinal/jfinal#171](https://github.com/jfinal/jfinal/issues/171)\n  * <https://gitee.com/jfinal/cos/commit/5eb23d6e384abaad19faa7600d14c9a2f525946a>\n  * <https://gitee.com/jfinal/cos/commit/8d26eec61f0d072a68bf7393cf3a8544a1112130>\n\n",
    "Severity": {
        "Score": "7.5/ 10 (High)",
        "CVSS base metrics": {
            "Attack vector": "Network",
            "Attack complexity": "Low",
            "Privileges required": "None",
            "User interaction": "None",
            "Scope": "Unchanged",
            "Confidentiality": "None",
            "Integrity": "High",
            "Availability": "None"
        },
        "CVSS string": "CVSS:3.1/AV:N/AC:L/PR:N/UI:N/S:U/C:N/I:H/A:N"
    },
    "Weaknesses": [
        "[CWE-434](/advisories?query=cwe%3A434)"
    ],
    "CVE ID": "CVE-2019-17352",
    "GHSA ID": "GHSA-279p-pc38-xx4p",
    "Source code": "[https://gitee.com/jfinal/cos](https://gitee.com/jfinal/cos)"
}