{
    "Title": "Excessive memory usage in tokio-rustls",
    "Meta": {
        "Package": [
            "tokio-rustls([Rust](/advisories?query=ecosystem%3Arust))"
        ],
        "Affected versions": [
            ">= 0.12.0, < 0.12.3",
            ">= 0.13.0, < 0.13.1"
        ],
        "Patched versions": [
            "0.12.3",
            "0.13.1"
        ]
    },
    "Description": "tokio-rustls does not call process_new_packets immediately after read, so the\nexpected termination condition wants_read always returns true. As long as new\nincoming data arrives faster than it is processed and the reader does not\nreturn pending, data will be buffered. This may cause DoS.\n\n### References\n\n  * <https://nvd.nist.gov/vuln/detail/CVE-2020-35875>\n  * [tokio-rs/tls#14](https://github.com/tokio-rs/tls/pull/14)\n  * <https://rustsec.org/advisories/RUSTSEC-2020-0019.html>\n\n",
    "Severity": {
        "Score": "7.5/ 10 (High)",
        "CVSS base metrics": {
            "Attack vector": "Network",
            "Attack complexity": "Low",
            "Privileges required": "None",
            "User interaction": "None",
            "Scope": "Unchanged",
            "Confidentiality": "None",
            "Integrity": "None",
            "Availability": "High"
        },
        "CVSS string": "CVSS:3.1/AV:N/AC:L/PR:N/UI:N/S:U/C:N/I:N/A:H"
    },
    "Weaknesses": [
        "[CWE-400](/advisories?query=cwe%3A400)"
    ],
    "CVE ID": "CVE-2020-35875",
    "GHSA ID": "GHSA-2jfv-g3fh-xq3v",
    "Source code": "[tokio-rs/tls](https://github.com/tokio-rs/tls)"
}