{
    "Title": "PHPExcel vulnerable to XXE attacks through libxml",
    "Meta": {
        "Package": [
            "phpoffice/phpexcel([Composer](/advisories?query=ecosystem%3Acomposer))"
        ],
        "Affected versions": [
            "< 1.8.0"
        ],
        "Patched versions": [
            "1.8.0"
        ]
    },
    "Description": "PHPExcel before 1.8.0, as used in ownCloud Server before 5.0.15 and 6.0.x\nbefore 6.0.2, does not disable external entity loading in libxml, which allows\nremote attackers to read arbitrary files, cause a denial of service, or\npossibly have other impact via an XML External Entity (XXE) attack.\n\n### References\n\n  * <https://nvd.nist.gov/vuln/detail/CVE-2014-2054>\n  * <http://owncloud.org/about/security/advisories/oC-SA-2014-006/>\n  * [PHPOffice/PHPExcel@`e04bf7e`](https://github.com/PHPOffice/PHPExcel/commit/e04bf7ed091b0a72d028eacf26d770b485d4e897)\n  * <https://github.com/PHPOffice/PHPExcel/blob/2b601574975acfb9d4378a788ed5f2b747958095/changelog.txt#L120>\n\n",
    "Severity": {
        "Score": "(Moderate)"
    },
    "Weaknesses": [
        "[CWE-611](/advisories?query=cwe%3A611)"
    ],
    "CVE ID": "CVE-2014-2054",
    "GHSA ID": "GHSA-28rm-rj57-qjpv",
    "Source code": "[PHPOffice/PHPExcel](https://github.com/PHPOffice/PHPExcel)"
}