{
    "Title": "is-http2 vulnerable to Improper Input Validation",
    "Meta": {
        "Package": [
            "is-http2([npm](/advisories?query=ecosystem%3Anpm))"
        ],
        "Affected versions": [
            "<= 1.2.0"
        ],
        "Patched versions": [
            "None"
        ]
    },
    "Description": "All versions of the package is-http2 are vulnerable to Command Injection due\nto missing input sanitization or other checks, and sandboxes being employed to\nthe isH2 function.\n\n### References\n\n  * <https://nvd.nist.gov/vuln/detail/CVE-2022-25906>\n  * <https://security.snyk.io/vuln/SNYK-JS-ISHTTP2-3153878>\n  * <https://github.com/stefanjudis/is-http2/blob/master/index.js#L23>\n  * <https://github.com/stefanjudis/is-http2/blob/master/index.js%23L23>\n\n",
    "Severity": {
        "Score": "7.8/ 10 (High)",
        "CVSS base metrics": {
            "Attack vector": "Local",
            "Attack complexity": "Low",
            "Privileges required": "Low",
            "User interaction": "None",
            "Scope": "Unchanged",
            "Confidentiality": "High",
            "Integrity": "High",
            "Availability": "High"
        },
        "CVSS string": "CVSS:3.1/AV:L/AC:L/PR:L/UI:N/S:U/C:H/I:H/A:H"
    },
    "Weaknesses": [
        "[CWE-20](/advisories?query=cwe%3A20)"
    ],
    "CVE ID": "CVE-2022-25906",
    "GHSA ID": "GHSA-2275-rpf5-xv8h",
    "Source code": "[stefanjudis/is-http2](https://github.com/stefanjudis/is-http2)"
}