{
    "Title": "Improper Authentication in HashiCorp Nomad",
    "Meta": {
        "Package": [
            "github.com/hashicorp/nomad([Go](/advisories?query=ecosystem%3Ago))"
        ],
        "Affected versions": [
            "< 1.0.14",
            ">= 1.1.0, < 1.1.8",
            ">= 1.2.0, < 1.2.1"
        ],
        "Patched versions": [
            "1.0.14",
            "1.1.8",
            "1.2.1"
        ]
    },
    "Description": "HashiCorp Nomad and Nomad Enterprise up to 1.0.13, 1.1.7, and 1.2.0, with the\nQEMU task driver enabled, allowed authenticated users with job submission\ncapabilities to bypass the configured allowed image paths. Fixed in 1.0.14,\n1.1.8, and 1.2.1.\n\n### References\n\n  * <https://nvd.nist.gov/vuln/detail/CVE-2021-43415>\n  * <https://discuss.hashicorp.com/t/hcsec-2021-31-nomad-qemu-task-driver-allowed-paths-bypass-with-job-args/32288>\n  * <https://www.hashicorp.com/blog/category/nomad>\n\n",
    "Severity": {
        "Score": "8.8/ 10 (High)",
        "CVSS base metrics": {
            "Attack vector": "Network",
            "Attack complexity": "Low",
            "Privileges required": "Low",
            "User interaction": "None",
            "Scope": "Unchanged",
            "Confidentiality": "High",
            "Integrity": "High",
            "Availability": "High"
        },
        "CVSS string": "CVSS:3.1/AV:N/AC:L/PR:L/UI:N/S:U/C:H/I:H/A:H"
    },
    "Weaknesses": [
        "[CWE-287](/advisories?query=cwe%3A287)"
    ],
    "CVE ID": "CVE-2021-43415",
    "GHSA ID": "GHSA-2jhh-5xm2-j4gf",
    "Source code": "[hashicorp/nomad](https://github.com/hashicorp/nomad)"
}