{
    "Title": "Improper Input Validation python-gnupg",
    "Meta": {
        "Package": [
            "python-gnupg([pip](/advisories?query=ecosystem%3Apip))"
        ],
        "Affected versions": [
            "< 0.4.4"
        ],
        "Patched versions": [
            "0.4.4"
        ]
    },
    "Description": "python-gnupg 0.4.3 allows context-dependent attackers to trick gnupg to\ndecrypt other ciphertext than intended. To perform the attack, the passphrase\nto gnupg must be controlled by the adversary and the ciphertext should be\ntrusted. Related to a \"CWE-20: Improper Input Validation\" issue affecting the\naffect functionality component.\n\n### References\n\n  * <https://nvd.nist.gov/vuln/detail/CVE-2019-6690>\n  * <https://blog.hackeriet.no/cve-2019-6690-python-gnupg-vulnerability/>\n  * [GHSA-2fch-jvg5-crf6](https://github.com/advisories/GHSA-2fch-jvg5-crf6 \"GHSA-2fch-jvg5-crf6\")\n  * <https://lists.debian.org/debian-lts-announce/2019/02/msg00021.html>\n  * <https://lists.fedoraproject.org/archives/list/package-announce@lists.fedoraproject.org/message/3WMV6XNPPL3VB3RQRFFOBCJ3AGWC4K47/>\n  * <https://lists.fedoraproject.org/archives/list/package-announce@lists.fedoraproject.org/message/W6KYZMN2PWXY4ENZVJUVTGFBVYEVY7II/>\n  * <https://lists.fedoraproject.org/archives/list/package-announce@lists.fedoraproject.org/message/X4VFRUG56542LTYK4444TPJBGR57MT25/>\n  * <https://pypi.org/project/python-gnupg/#history>\n  * <https://seclists.org/bugtraq/2019/Jan/41>\n  * <https://usn.ubuntu.com/3964-1/>\n  * <http://lists.opensuse.org/opensuse-security-announce/2019-02/msg00008.html>\n  * <http://lists.opensuse.org/opensuse-security-announce/2019-02/msg00058.html>\n  * <http://packetstormsecurity.com/files/151341/Python-GnuPG-0.4.3-Improper-Input-Validation.html>\n  * <https://lists.debian.org/debian-lts-announce/2021/12/msg00027.html>\n  * <https://web.archive.org/web/20200227091727/http://www.securityfocus.com/bid/106756>\n\n",
    "Severity": {
        "Score": "7.5/ 10 (High)",
        "CVSS base metrics": {
            "Attack vector": "Network",
            "Attack complexity": "Low",
            "Privileges required": "None",
            "User interaction": "None",
            "Scope": "Unchanged",
            "Confidentiality": "None",
            "Integrity": "High",
            "Availability": "None"
        },
        "CVSS string": "CVSS:3.0/AV:N/AC:L/PR:N/UI:N/S:U/C:N/I:H/A:N"
    },
    "Weaknesses": [
        "[CWE-20](/advisories?query=cwe%3A20)"
    ],
    "CVE ID": "CVE-2019-6690",
    "GHSA ID": "GHSA-2fch-jvg5-crf6",
    "Source code": "No known source code"
}