{
    "Title": "Subrion CMS XSS",
    "Meta": {
        "Package": [
            "intelliants/subrion([Composer](/advisories?query=ecosystem%3Acomposer))"
        ],
        "Affected versions": [
            "< 4.1.4"
        ],
        "Patched versions": [
            "4.1.4"
        ]
    },
    "Description": "Subrion CMS before 4.1.4 has XSS.\n\n### References\n\n  * <https://nvd.nist.gov/vuln/detail/CVE-2018-11317>\n  * <https://github.com/intelliants/subrion/blob/610b21d3ff185bd287d55fe016d4266abf04a3bf/includes/classes/ia.admin.sitemap.php#L79-L83>\n  * <https://github.com/intelliants/subrion/releases/tag/v4.1.4>\n\n",
    "Severity": {
        "Score": "6.1/ 10 (Moderate)",
        "CVSS base metrics": {
            "Attack vector": "Network",
            "Attack complexity": "Low",
            "Privileges required": "None",
            "User interaction": "Required",
            "Scope": "Changed",
            "Confidentiality": "Low",
            "Integrity": "Low",
            "Availability": "None"
        },
        "CVSS string": "CVSS:3.0/AV:N/AC:L/PR:N/UI:R/S:C/C:L/I:L/A:N"
    },
    "Weaknesses": [
        "[CWE-79](/advisories?query=cwe%3A79)"
    ],
    "CVE ID": "CVE-2018-11317",
    "GHSA ID": "GHSA-2cmg-vxvh-8h7h",
    "Source code": "[intelliants/subrion](https://github.com/intelliants/subrion)"
}