{
    "Title": "Ignite Realtime Openfire allows Cross-site Scripting",
    "Meta": {
        "Package": [
            "org.igniterealtime.openfire:parent([Maven](/advisories?query=ecosystem%3Amaven))"
        ],
        "Affected versions": [
            "< 4.4.2"
        ],
        "Patched versions": [
            "4.4.2"
        ]
    },
    "Description": "Ignite Realtime Openfire 4.4.1 allows XSS via the setup/setup-datasource-\nstandard.jsp serverURL parameter. This issue was fixed in version 4.4.2.\n\n### References\n\n  * <https://nvd.nist.gov/vuln/detail/CVE-2019-20527>\n  * <https://www.netsparker.com/web-applications-advisories/ns-19-015-reflected-cross-site-scripting-in-openfire/>\n\n",
    "Severity": {
        "Score": "6.1/ 10 (Moderate)",
        "CVSS base metrics": {
            "Attack vector": "Network",
            "Attack complexity": "Low",
            "Privileges required": "None",
            "User interaction": "Required",
            "Scope": "Changed",
            "Confidentiality": "Low",
            "Integrity": "Low",
            "Availability": "None"
        },
        "CVSS string": "CVSS:3.1/AV:N/AC:L/PR:N/UI:R/S:C/C:L/I:L/A:N"
    },
    "Weaknesses": [
        "[CWE-79](/advisories?query=cwe%3A79)"
    ],
    "CVE ID": "CVE-2019-20527",
    "GHSA ID": "GHSA-22c6-3h88-26m3",
    "Source code": "No known source code"
}