{
    "Title": "Pimcore XSS Vulnerability",
    "Meta": {
        "Package": [
            "pimcore/pimcore([Composer](/advisories?query=ecosystem%3Acomposer))"
        ],
        "Affected versions": [
            "<= 5.2.3"
        ],
        "Patched versions": [
            "5.3.0"
        ]
    },
    "Description": "Pimcore allows XSS via Users, Assets, Data Objects, Video Thumbnails, Image\nThumbnails, Field-Collections, Objectbrick, Classification Store, Document\nTypes, Predefined Properties, Predefined Asset Metadata, Quantity Value, and\nStatic Routes functions.\n\n### References\n\n  * <https://nvd.nist.gov/vuln/detail/CVE-2018-14059>\n  * <https://www.exploit-db.com/exploits/45208/>\n  * <https://www.sec-consult.com/en/blog/advisories/sql-injection-xss-csrf-vulnerabilities-in-pimcore-software/>\n  * <http://packetstormsecurity.com/files/148954/Pimcore-5.2.3-CSRF-Cross-Site-Scripting-SQL-Injection.html>\n  * <http://seclists.org/fulldisclosure/2018/Aug/13>\n\n",
    "Severity": {
        "Score": "5.4/ 10 (Moderate)",
        "CVSS base metrics": {
            "Attack vector": "Network",
            "Attack complexity": "Low",
            "Privileges required": "Low",
            "User interaction": "Required",
            "Scope": "Changed",
            "Confidentiality": "Low",
            "Integrity": "Low",
            "Availability": "None"
        },
        "CVSS string": "CVSS:3.0/AV:N/AC:L/PR:L/UI:R/S:C/C:L/I:L/A:N"
    },
    "Weaknesses": [
        "[CWE-79](/advisories?query=cwe%3A79)"
    ],
    "CVE ID": "CVE-2018-14059",
    "GHSA ID": "GHSA-276r-24xq-hwg8",
    "Source code": "No known source code"
}