{
    "Title": "Apache Qpid Broker vulnerable to authentication port spoofing",
    "Meta": {
        "Package": [
            "org.apache.qpid:qpid-broker([Maven](/advisories?query=ecosystem%3Amaven))"
        ],
        "Affected versions": [
            ">= 0.18, <= 0.32"
        ],
        "Patched versions": [
            "6.0.0"
        ]
    },
    "Description": "Apache Qpid Broker-J versions 0.18 through 0.32 are vulnerable to\nauthentication port spoofing. When the broker is configured with different\nauthentication providers on different ports, one of which is an HTTP port,\nthen the broker can be tricked by a remote unauthenticated attacker connecting\nto the HTTP port into using an authentication provider that was configured on\na different port. The attacker still needs valid credentials with the\nauthentication provider on the spoofed port. This becomes an issue when the\nspoofed port has weaker authentication protection (e.g., anonymous access,\ndefault accounts) and is normally protected by firewall rules or similar which\ncan be circumvented by this vulnerability. AMQP ports are not affected.\n\n### References\n\n  * <https://nvd.nist.gov/vuln/detail/CVE-2017-15702>\n  * [GHSA-269m-695x-j34p](https://github.com/advisories/GHSA-269m-695x-j34p \"GHSA-269m-695x-j34p\")\n  * <https://issues.apache.org/jira/browse/QPID-8039>\n  * <https://lists.apache.org/thread.html/59d241e30db23b8b0af26bb273f789aa1f08515d3dc1a3868d3ba090@%3Cdev.qpid.apache.org%3E>\n  * <https://qpid.apache.org/cves/CVE-2017-15702.html>\n  * <http://www.securityfocus.com/bid/102040>\n\n",
    "Severity": {
        "Score": "9.8/ 10 (Critical)",
        "CVSS base metrics": {
            "Attack vector": "Network",
            "Attack complexity": "Low",
            "Privileges required": "None",
            "User interaction": "None",
            "Scope": "Unchanged",
            "Confidentiality": "High",
            "Integrity": "High",
            "Availability": "High"
        },
        "CVSS string": "CVSS:3.1/AV:N/AC:L/PR:N/UI:N/S:U/C:H/I:H/A:H"
    },
    "Weaknesses": [],
    "CVE ID": "CVE-2017-15702",
    "GHSA ID": "GHSA-269m-695x-j34p",
    "Source code": "[apache/qpid-broker-j](https://github.com/apache/qpid-broker-j)"
}