{
    "Title": "Code injection in port-killer",
    "Meta": {
        "Package": [
            "port-killer([npm](/advisories?query=ecosystem%3Anpm))"
        ],
        "Affected versions": [
            "<= 1.0.1"
        ],
        "Patched versions": [
            "None"
        ]
    },
    "Description": "This affects all versions of package port-killer. If (attacker-controlled)\nuser input is given, it is possible for an attacker to execute arbitrary\ncommands. This is due to use of the child_process exec function without input\nsanitization. Running this PoC will cause the command touch success to be\nexecuted, leading to the creation of a file called success.\n\n### References\n\n  * <https://nvd.nist.gov/vuln/detail/CVE-2021-23359>\n  * <https://github.com/tylerjpeterson/port-killer/blob/1ca3a99ad80cc9ed5498d12b185189c10329025b/index.js%23L19>\n  * <https://snyk.io/vuln/SNYK-JS-PORTKILLER-1078533>\n\n",
    "Severity": {
        "Score": "7.5/ 10 (High)",
        "CVSS base metrics": {
            "Attack vector": "Network",
            "Attack complexity": "High",
            "Privileges required": "Low",
            "User interaction": "None",
            "Scope": "Unchanged",
            "Confidentiality": "High",
            "Integrity": "High",
            "Availability": "High"
        },
        "CVSS string": "CVSS:3.1/AV:N/AC:H/PR:L/UI:N/S:U/C:H/I:H/A:H"
    },
    "Weaknesses": [
        "[CWE-20](/advisories?query=cwe%3A20)",
        "[CWE-77](/advisories?query=cwe%3A77)"
    ],
    "CVE ID": "CVE-2021-23359",
    "GHSA ID": "GHSA-2548-q746-x5x6",
    "Source code": "No known source code"
}