{
    "Title": "class.upload.php in verot.net omits .pht from the set of dangerous file extensions",
    "Meta": {
        "Package": [
            "verot/class.upload.php([Composer](/advisories?query=ecosystem%3Acomposer))"
        ],
        "Affected versions": [
            "<= 1.0.3",
            ">= 2.0.0, <= 2.0.4"
        ],
        "Patched versions": [
            "None"
        ]
    },
    "Description": "class.upload.php in verot.net class.upload through 1.0.3 and 2.x through\n2.0.4, as used in the K2 extension for Joomla! and other products, omits .pht\nfrom the set of dangerous file extensions, a similar issue to\n[CVE-2019-19576](https://github.com/advisories/GHSA-r5gm-4p5w-pq2p\n\"CVE-2019-19576\").\n\n### References\n\n  * <https://nvd.nist.gov/vuln/detail/CVE-2019-19634>\n  * <https://github.com/jra89/CVE-2019-19634>\n  * <https://github.com/verot/class.upload.php/blob/2.0.4/src/class.upload.php#L3068>\n  * <https://medium.com/@jra8908/cve-2019-19634-arbitrary-file-upload-in-class-upload-php-ccaf9e13875e>\n\n",
    "Severity": {
        "Score": "9.8/ 10 (Critical)",
        "CVSS base metrics": {
            "Attack vector": "Network",
            "Attack complexity": "Low",
            "Privileges required": "None",
            "User interaction": "None",
            "Scope": "Unchanged",
            "Confidentiality": "High",
            "Integrity": "High",
            "Availability": "High"
        },
        "CVSS string": "CVSS:3.1/AV:N/AC:L/PR:N/UI:N/S:U/C:H/I:H/A:H"
    },
    "Weaknesses": [
        "[CWE-434](/advisories?query=cwe%3A434)"
    ],
    "CVE ID": "CVE-2019-19634",
    "GHSA ID": "GHSA-2gc7-w4hw-rr2m",
    "Source code": "No known source code"
}