{
    "Title": "Unauthenticated Remote Command Injection in ep_imageconvert",
    "Meta": {
        "Package": [
            "ep_imageconvert([npm](/advisories?query=ecosystem%3Anpm))"
        ],
        "Affected versions": [
            "<= 0.0.2"
        ],
        "Patched versions": [
            "0.0.3"
        ]
    },
    "Description": "ep_imageconvert is a plugin for [Etherpad\nLite](https://github.com/ether/etherpad-lite). ep_imageconvert <= 0.0.2 is\nvulnerable to remote command injection.\n\nAuthentication is not required for remote exploitation.\n\n## Recommendation\n\nUpdate to version 0.0.3 or greater.\n\n### References\n\n  * [redhog/ep_imageconvert#5](https://github.com/redhog/ep_imageconvert/pull/5)\n  * <https://www.npmjs.com/advisories/7>\n  * <https://nvd.nist.gov/vuln/detail/CVE-2013-3364>\n  * <https://snyk.io/vuln/npm:ep_imageconvert:20130506>\n\n",
    "Severity": {
        "Score": "8.2/ 10 (High)",
        "CVSS base metrics": {
            "Attack vector": "Network",
            "Attack complexity": "Low",
            "Privileges required": "None",
            "User interaction": "None",
            "Scope": "Unchanged",
            "Confidentiality": "High",
            "Integrity": "Low",
            "Availability": "None"
        },
        "CVSS string": "CVSS:3.1/AV:N/AC:L/PR:N/UI:N/S:U/C:H/I:L/A:N"
    },
    "Weaknesses": [
        "[CWE-77](/advisories?query=cwe%3A77)"
    ],
    "CVE ID": "CVE-2013-3364",
    "GHSA ID": "GHSA-28gr-86hg-r48w",
    "Source code": "[redhog/ep_imageconvert](https://github.com/redhog/ep_imageconvert)"
}