{
    "Title": "body-parser-xml vulnerable to Prototype Pollution",
    "Meta": {
        "Package": [
            "body-parser-xml([npm](/advisories?query=ecosystem%3Anpm))"
        ],
        "Affected versions": [
            "< 2.0.3"
        ],
        "Patched versions": [
            "2.0.3"
        ]
    },
    "Description": "body-parser-xml is vulnerable to Improperly Controlled Modification of Object\nPrototype Attributes ('Prototype Pollution').\n\n### References\n\n  * <https://nvd.nist.gov/vuln/detail/CVE-2021-3666>\n  * [fiznool/body-parser-xml@`d46ca62`](https://github.com/fiznool/body-parser-xml/commit/d46ca622560f7c9a033cd9321c61e92558150d63)\n  * <https://huntr.dev/bounties/1-other-fiznool/body-parser-xml>\n\n",
    "Severity": {
        "Score": "7.6/ 10 (High)",
        "CVSS base metrics": {
            "Attack vector": "Network",
            "Attack complexity": "Low",
            "Privileges required": "Low",
            "User interaction": "None",
            "Scope": "Unchanged",
            "Confidentiality": "Low",
            "Integrity": "Low",
            "Availability": "High"
        },
        "CVSS string": "CVSS:3.0/AV:N/AC:L/PR:L/UI:N/S:U/C:L/I:L/A:H"
    },
    "Weaknesses": [
        "[CWE-915](/advisories?query=cwe%3A915)",
        "[CWE-1321](/advisories?query=cwe%3A1321)"
    ],
    "CVE ID": "CVE-2021-3666",
    "GHSA ID": "GHSA-2ghc-6v89-pw9j",
    "Source code": "[fiznool/body-parser-xml](https://github.com/fiznool/body-parser-xml)"
}