{
    "Title": "Apache NiFi XSS issue in context path handling",
    "Meta": {
        "Package": [
            "org.apache.nifi:nifi([Maven](/advisories?query=ecosystem%3Amaven))"
        ],
        "Affected versions": [
            ">= 1.0.0, < 1.5.0"
        ],
        "Patched versions": [
            "1.5.0"
        ]
    },
    "Description": "A malicious `X-ProxyContextPath` or `X-Forwarded-Context` header containing\nexternal resources or embedded code could cause remote code execution. The fix\nto properly handle these headers was applied on the Apache NiFi 1.5.0 release.\nUsers running a prior 1.x release should upgrade to the appropriate release.\n\n### References\n\n  * <https://nvd.nist.gov/vuln/detail/CVE-2017-15697>\n  * <https://nifi.apache.org/security.html#CVE-2017-15697>\n\n",
    "Severity": {
        "Score": "9.8/ 10 (Critical)",
        "CVSS base metrics": {
            "Attack vector": "Network",
            "Attack complexity": "Low",
            "Privileges required": "None",
            "User interaction": "None",
            "Scope": "Unchanged",
            "Confidentiality": "High",
            "Integrity": "High",
            "Availability": "High"
        },
        "CVSS string": "CVSS:3.0/AV:N/AC:L/PR:N/UI:N/S:U/C:H/I:H/A:H"
    },
    "Weaknesses": [
        "[CWE-20](/advisories?query=cwe%3A20)"
    ],
    "CVE ID": "CVE-2017-15697",
    "GHSA ID": "GHSA-29ph-fjf3-c5cm",
    "Source code": "No known source code"
}