{
    "Title": "Numpy arbitrary file write via symlink attack",
    "Meta": {
        "Package": [
            "numpy([pip](/advisories?query=ecosystem%3Apip))"
        ],
        "Affected versions": [
            "< 1.8.1"
        ],
        "Patched versions": [
            "1.8.1"
        ]
    },
    "Description": "(1) core/tests/test_memmap.py, (2) core/tests/test_multiarray.py, (3)\nf2py/f2py2e.py, and (4) lib/tests/test_io.py in NumPy before 1.8.1 allow local\nusers to write to arbitrary files via a symlink attack on a temporary file.\n\n### References\n\n  * <https://nvd.nist.gov/vuln/detail/CVE-2014-1859>\n  * [numpy/numpy#4262](https://github.com/numpy/numpy/pull/4262)\n  * [numpy/numpy@`0bb46c1`](https://github.com/numpy/numpy/commit/0bb46c1448b0d3f5453d5182a17ea7ac5854ee15)\n  * <https://bugs.debian.org/cgi-bin/bugreport.cgi?bug=737778>\n  * <https://bugzilla.redhat.com/show_bug.cgi?id=1062009>\n  * <https://exchange.xforce.ibmcloud.com/vulnerabilities/91317>\n  * <https://github.com/numpy/numpy/blob/maintenance/1.8.x/doc/release/1.8.1-notes.rst>\n  * <http://lists.fedoraproject.org/pipermail/package-announce/2014-February/128358.html>\n  * <http://lists.fedoraproject.org/pipermail/package-announce/2014-February/128781.html>\n  * <http://www.openwall.com/lists/oss-security/2014/02/08/3>\n  * [GHSA-2fc2-6r4j-p65h](https://github.com/advisories/GHSA-2fc2-6r4j-p65h \"GHSA-2fc2-6r4j-p65h\")\n  * <https://github.com/pypa/advisory-database/tree/main/vulns/numpy/PYSEC-2018-34.yaml>\n  * <http://www.securityfocus.com/bid/65440>\n\n",
    "Severity": {
        "Score": "5.5/ 10 (Moderate)",
        "CVSS base metrics": {
            "Attack vector": "Local",
            "Attack complexity": "Low",
            "Privileges required": "Low",
            "User interaction": "None",
            "Scope": "Unchanged",
            "Confidentiality": "None",
            "Integrity": "High",
            "Availability": "None"
        },
        "CVSS string": "CVSS:3.0/AV:L/AC:L/PR:L/UI:N/S:U/C:N/I:H/A:N"
    },
    "Weaknesses": [
        "[CWE-59](/advisories?query=cwe%3A59)"
    ],
    "CVE ID": "CVE-2014-1859",
    "GHSA ID": "GHSA-2fc2-6r4j-p65h",
    "Source code": "[numpy/numpy](https://github.com/numpy/numpy)"
}