{
    "Title": "Malicious Package in rrgod",
    "Meta": {
        "Package": [
            "rrgod([npm](/advisories?query=ecosystem%3Anpm))"
        ],
        "Affected versions": [
            ">= 0.0.0"
        ],
        "Patched versions": [
            "None"
        ]
    },
    "Description": "All versions of `rrgod` are considered malicious. The package is malware\ndesigned to run arbitrary scripts. When installed, the package downloads an\narbitrary file and executes its contents as a pre, post and install scripts.\n\n## Recommendation\n\nThis package is not available on the npm Registry anymore. If you happen to\nfind this package in your environment you should consider the system it was\ninstalled on compromised and assess if further response (such as rotating all\ncredentials found on the compromised machine) is necessary.\n\n### References\n\n  * <https://www.npmjs.com/advisories/764>\n\n",
    "Severity": {
        "Score": "9.8/ 10 (Critical)",
        "CVSS base metrics": {
            "Attack vector": "Network",
            "Attack complexity": "Low",
            "Privileges required": "None",
            "User interaction": "None",
            "Scope": "Unchanged",
            "Confidentiality": "High",
            "Integrity": "High",
            "Availability": "High"
        },
        "CVSS string": "CVSS:3.1/AV:N/AC:L/PR:N/UI:N/S:U/C:H/I:H/A:H"
    },
    "Weaknesses": [
        "[CWE-506](/advisories?query=cwe%3A506)"
    ],
    "CVE ID": "No known CVE",
    "GHSA ID": "GHSA-277p-xwpp-3jf7",
    "Source code": "No known source code"
}