{
    "Title": "Out-of-Memory Error in Bouncy Castle Crypto",
    "Meta": {
        "Package": [
            "org.bouncycastle:bcprov-jdk14([Maven](/advisories?query=ecosystem%3Amaven))"
        ],
        "Affected versions": [
            "= 1.63"
        ],
        "Patched versions": [
            "1.64"
        ]
    },
    "Description": "The ASN.1 parser in Bouncy Castle Crypto (aka BC Java) 1.63 can trigger a\nlarge attempted memory allocation, and resultant OutOfMemoryError error, via\ncrafted ASN.1 data. This is fixed in 1.64.\n\n### References\n\n  * <https://nvd.nist.gov/vuln/detail/CVE-2019-17359>\n  * <https://www.bouncycastle.org/latest_releases.html>\n  * <https://www.bouncycastle.org/releasenotes.html>\n  * <https://lists.apache.org/thread.html/r02f887807a49cfd1f1ad53f7a61f3f8e12f60ba2c930bec163031209@%3Ccommits.tomee.apache.org%3E>\n  * <https://lists.apache.org/thread.html/r16c3a90cb35ae8a9c74fd5c813c16d6ac255709c9f9d71cd409e007d@%3Ccommits.tomee.apache.org%3E>\n  * <https://lists.apache.org/thread.html/r467ade3fef3493f1fff1a68a256d087874e1f858ad1de7a49fe05d27@%3Ccommits.tomee.apache.org%3E>\n  * <https://lists.apache.org/thread.html/r4d475dcaf4f57115fa57d8e06c3823ca398b35468429e7946ebaefdc@%3Ccommits.tomee.apache.org%3E>\n  * <https://lists.apache.org/thread.html/r79b6a6aa0dd1aeb57bd253d94794bc96f1ec005953c4bd5414cc0db0@%3Ccommits.tomee.apache.org%3E>\n  * <https://lists.apache.org/thread.html/r8ecb5b76347f84b6e3c693f980dbbead88c25f77b815053c4e6f2c30@%3Ccommits.tomee.apache.org%3E>\n  * <https://lists.apache.org/thread.html/r91b07985b1307390a58c5b9707f0b28ef8e9c9e1c86670459f20d601@%3Ccommits.tomee.apache.org%3E>\n  * <https://lists.apache.org/thread.html/re60f980c092ada4bfe236dcfef8b6ca3e8f3b150fc0f51b8cc13d59d@%3Ccommits.tomee.apache.org%3E>\n  * <https://security.netapp.com/advisory/ntap-20191024-0006/>\n  * <https://www.oracle.com/security-alerts/cpuapr2020.html>\n  * <https://www.oracle.com/security-alerts/cpujan2020.html>\n  * <https://www.oracle.com/security-alerts/cpujul2020.html>\n  * <https://www.oracle.com/security-alerts/cpuoct2020.html>\n  * <https://www.oracle.com/security-alerts/cpujan2021.html>\n\n",
    "Severity": {
        "Score": "7.5/ 10 (High)",
        "CVSS base metrics": {
            "Attack vector": "Network",
            "Attack complexity": "Low",
            "Privileges required": "None",
            "User interaction": "None",
            "Scope": "Unchanged",
            "Confidentiality": "None",
            "Integrity": "None",
            "Availability": "High"
        },
        "CVSS string": "CVSS:3.1/AV:N/AC:L/PR:N/UI:N/S:U/C:N/I:N/A:H"
    },
    "Weaknesses": [
        "[CWE-770](/advisories?query=cwe%3A770)"
    ],
    "CVE ID": "CVE-2019-17359",
    "GHSA ID": "GHSA-2mh8-gx2m-mr75",
    "Source code": "No known source code"
}