{
    "Title": "Rambox RCE Vulnerability",
    "Meta": {
        "Package": [
            "Rambox([npm](/advisories?query=ecosystem%3Anpm))"
        ],
        "Affected versions": [
            "<= 0.6.9"
        ],
        "Patched versions": [
            "None"
        ]
    },
    "Description": "There is a stored XSS in Rambox 0.6.9 that can lead to code execution. The XSS\nis in the name field while adding/editing a service. The problem occurs due to\nincorrect sanitization of the name field when being processed and stored. This\nallows a user to craft a payload for Node.js and Electron, such as an exec of\nOS commands within the onerror attribute of an IMG element.\n\n### References\n\n  * <https://nvd.nist.gov/vuln/detail/CVE-2019-17625>\n  * <https://github.com/Ekultek/CVE-2019-17625/>\n  * <https://web.archive.org/web/20211209122051/https://github.com/ramboxapp/community-edition/issues/2418>\n\n",
    "Severity": {
        "Score": "9.0/ 10 (Critical)",
        "CVSS base metrics": {
            "Attack vector": "Network",
            "Attack complexity": "Low",
            "Privileges required": "Low",
            "User interaction": "Required",
            "Scope": "Changed",
            "Confidentiality": "High",
            "Integrity": "High",
            "Availability": "High"
        },
        "CVSS string": "CVSS:3.1/AV:N/AC:L/PR:L/UI:R/S:C/C:H/I:H/A:H"
    },
    "Weaknesses": [
        "[CWE-78](/advisories?query=cwe%3A78)",
        "[CWE-79](/advisories?query=cwe%3A79)"
    ],
    "CVE ID": "CVE-2019-17625",
    "GHSA ID": "GHSA-2gc6-2h2g-ph48",
    "Source code": "[ramboxapp/community-edition/](https://github.com/ramboxapp/community-edition/)"
}