{
    "Title": "Moodle vulnerable to Uncontrolled Resource Consumption",
    "Meta": {
        "Package": [
            "moodle/moodle([Composer](/advisories?query=ecosystem%3Acomposer))"
        ],
        "Affected versions": [
            ">= 3.11.0-beta, < 3.11.1",
            ">= 3.10.0-beta, < 3.10.5",
            "< 3.9.8"
        ],
        "Patched versions": [
            "3.11.1",
            "3.10.5",
            "3.9.8"
        ]
    },
    "Description": "In Moodle, the file repository's URL parsing required additional recursion\nhandling to mitigate the risk of recursion denial of service.\n\n### References\n\n  * <https://nvd.nist.gov/vuln/detail/CVE-2021-36395>\n  * <https://moodle.org/mod/forum/discuss.php?d=424801>\n\n",
    "Severity": {
        "Score": "7.5/ 10 (High)",
        "CVSS base metrics": {
            "Attack vector": "Network",
            "Attack complexity": "Low",
            "Privileges required": "None",
            "User interaction": "None",
            "Scope": "Unchanged",
            "Confidentiality": "None",
            "Integrity": "None",
            "Availability": "High"
        },
        "CVSS string": "CVSS:3.1/AV:N/AC:L/PR:N/UI:N/S:U/C:N/I:N/A:H"
    },
    "Weaknesses": [
        "[CWE-400](/advisories?query=cwe%3A400)",
        "[CWE-674](/advisories?query=cwe%3A674)"
    ],
    "CVE ID": "CVE-2021-36395",
    "GHSA ID": "GHSA-273w-7fxj-pcp6",
    "Source code": "[moodle/moodle](https://github.com/moodle/moodle)"
}