{
    "Title": "sqliter is malware",
    "Meta": {
        "Package": [
            "sqliter([npm](/advisories?query=ecosystem%3Anpm))"
        ],
        "Affected versions": [
            "<= 1.0.2"
        ],
        "Patched versions": [
            "None"
        ]
    },
    "Description": "The `sqliter` package is a piece of malware that steals environment variables\nand sends them to attacker controlled locations.\n\nAll versions have been unpublished from the npm registry.\n\n## Recommendation\n\nAs this package is malware, if you find it installed in your environment, the\nreal security concern is determining how it got there.\n\nIf you have found this installed in your environment, you should:\n\n  1. Delete the package\n  2. Clear your npm cache\n  3. Ensure it is not present in any other package.json files on your system\n  4. Regenerate your registry credentials, tokens, and any other sensitive credentials that may have been present in your environment variables.\n\nAdditionally, any service which may have been exposed via credentials in your\nenvironment variables, such as a database, should be reviewed for indicators\nof compromise as well.\n\n### References\n\n  * <https://nvd.nist.gov/vuln/detail/CVE-2017-16051>\n  * [GHSA-22j5-38qv-pxx7](https://github.com/advisories/GHSA-22j5-38qv-pxx7 \"GHSA-22j5-38qv-pxx7\")\n  * <https://www.npmjs.com/advisories/490>\n\n",
    "Severity": {
        "Score": "7.5/ 10 (High)",
        "CVSS base metrics": {
            "Attack vector": "Network",
            "Attack complexity": "Low",
            "Privileges required": "None",
            "User interaction": "None",
            "Scope": "Unchanged",
            "Confidentiality": "High",
            "Integrity": "None",
            "Availability": "None"
        },
        "CVSS string": "CVSS:3.0/AV:N/AC:L/PR:N/UI:N/S:U/C:H/I:N/A:N"
    },
    "Weaknesses": [
        "[CWE-506](/advisories?query=cwe%3A506)"
    ],
    "CVE ID": "CVE-2017-16051",
    "GHSA ID": "GHSA-22j5-38qv-pxx7",
    "Source code": "No known source code"
}