{
    "Title": "Unhandled crash in npm posix",
    "Meta": {
        "Package": [
            "posix([npm](/advisories?query=ecosystem%3Anpm))"
        ],
        "Affected versions": [
            "<= 4.2.0"
        ],
        "Patched versions": [
            "None"
        ]
    },
    "Description": "This affects all versions of package posix. When invoking the toString method,\nit will fallback to 0x0 value, as the value of toString is not invokable (not\na function), and then it will crash with type-check.\n\n### References\n\n  * <https://nvd.nist.gov/vuln/detail/CVE-2022-21211>\n  * <https://snyk.io/vuln/SNYK-JS-POSIX-2400719>\n\n",
    "Severity": {
        "Score": "7.5/ 10 (High)",
        "CVSS base metrics": {
            "Attack vector": "Network",
            "Attack complexity": "Low",
            "Privileges required": "None",
            "User interaction": "None",
            "Scope": "Unchanged",
            "Confidentiality": "None",
            "Integrity": "None",
            "Availability": "High"
        },
        "CVSS string": "CVSS:3.1/AV:N/AC:L/PR:N/UI:N/S:U/C:N/I:N/A:H"
    },
    "Weaknesses": [
        "[CWE-252](/advisories?query=cwe%3A252)"
    ],
    "CVE ID": "CVE-2022-21211",
    "GHSA ID": "GHSA-27mx-gchc-6xjp",
    "Source code": "[ohmu/node-posix](https://github.com/ohmu/node-posix)"
}