{
    "Title": "Uncaught Exception in mercurius",
    "Meta": {
        "Package": [
            "mercurius([npm](/advisories?query=ecosystem%3Anpm))"
        ],
        "Affected versions": [
            ">= 8.10.0, < 8.11.2"
        ],
        "Patched versions": [
            "8.11.2"
        ]
    },
    "Description": "### Impact\n\nAny users from Mercurius@8.10.0 to 8.11.1 are subjected to a denial of service\nattack by sending a malformed JSON to `/graphql` unless they are using a\ncustom error handler.\n\n### Patches\n\nThe vulnerability has been fixed in [mercurius-\njs/mercurius#678](https://github.com/mercurius-js/mercurius/pull/678) and\nshipped as v8.11.2.\n\n### Workarounds\n\nUse a custom error handler.\n\n### References\n\nSee [mercurius-js/mercurius#677](https://github.com/mercurius-\njs/mercurius/issues/677)\n\n### For more information\n\nIf you have any questions or comments about this advisory:\n\n  * Open an issue in <https://github.com/mercurius-js/mercurius>\n  * Email us at [hello@matteocollina.com](mailto:hello@matteocollina.com)\n\n### References\n\n  * [GHSA-273r-rm8g-7f3x](https://github.com/mercurius-js/mercurius/security/advisories/GHSA-273r-rm8g-7f3x \"GHSA-273r-rm8g-7f3x\")\n  * [mercurius-js/mercurius#677](https://github.com/mercurius-js/mercurius/issues/677)\n  * [mercurius-js/mercurius@`732b2f8`](https://github.com/mercurius-js/mercurius/commit/732b2f895312da8deadd7b173dcd2d141d54b223)\n  * <https://nvd.nist.gov/vuln/detail/CVE-2021-43801>\n\n",
    "Severity": {
        "Score": "7.5/ 10 (High)",
        "CVSS base metrics": {
            "Attack vector": "Network",
            "Attack complexity": "Low",
            "Privileges required": "None",
            "User interaction": "None",
            "Scope": "Unchanged",
            "Confidentiality": "None",
            "Integrity": "None",
            "Availability": "High"
        },
        "CVSS string": "CVSS:3.1/AV:N/AC:L/PR:N/UI:N/S:U/C:N/I:N/A:H"
    },
    "Weaknesses": [
        "[CWE-754](/advisories?query=cwe%3A754)"
    ],
    "CVE ID": "CVE-2021-43801",
    "GHSA ID": "GHSA-273r-rm8g-7f3x",
    "Source code": "[mercurius-js/mercurius](https://github.com/mercurius-js/mercurius)"
}