{
    "Title": "Local Information Disclosure Vulnerability in io.netty:netty-codec-http",
    "Meta": {
        "Package": [
            "io.netty:netty-codec-http([Maven](/advisories?query=ecosystem%3Amaven))"
        ],
        "Affected versions": [
            "<= 4.1.76.Final"
        ],
        "Patched versions": [
            "4.1.77.Final"
        ]
    },
    "Description": "### Description\n\n[GHSA-5mcr-\ngq6c-3hq2](https://github.com/netty/netty/security/advisories/GHSA-5mcr-\ngq6c-3hq2) ([CVE-2021-21290](https://github.com/advisories/GHSA-5mcr-gq6c-3hq2\n\"CVE-2021-21290\")) contains an insufficient fix for the vulnerability\nidentified.\n\n### Impact\n\nWhen netty's multipart decoders are used local information disclosure can\noccur via the local system temporary directory if temporary storing uploads on\nthe disk is enabled.\n\nThis only impacts applications running on Java version 6 and lower.\nAdditionally, this vulnerability impacts code running on Unix-like systems,\nand very old versions of Mac OSX and Windows as they all share the system\ntemporary directory between all users.\n\n### Vulnerability Details\n\nTo fix the vulnerability the code was changed to the following:\n\n    \n    \n        @SuppressJava6Requirement(reason = \"Guarded by version check\")\n        public static File createTempFile(String prefix, String suffix, File directory) throws IOException {\n            if (javaVersion() >= 7) {\n                if (directory == null) {\n                    return Files.createTempFile(prefix, suffix).toFile();\n                }\n                return Files.createTempFile(directory.toPath(), prefix, suffix).toFile();\n            }\n            if (directory == null) {\n                return File.createTempFile(prefix, suffix);\n            }\n            File file = File.createTempFile(prefix, suffix, directory);\n            // Try to adjust the perms, if this fails there is not much else we can do...\n            file.setReadable(false, false);\n            file.setReadable(true, true);\n            return file;\n        }\n\nUnfortunately, this logic path was left vulnerable:\n\n    \n    \n            if (directory == null) {\n                return File.createTempFile(prefix, suffix);\n            }\n\nThis file is still readable by all local users.\n\n### Patches\n\nUpdate to 4.1.77.Final\n\n### Workarounds\n\nSpecify your own `java.io.tmpdir` when you start the JVM or use\n`DefaultHttpDataFactory.setBaseDir(...)` to set the directory to something\nthat is only readable by the current user or update to Java 7 or above.\n\n### References\n\n  * [CWE-378: Creation of Temporary File With Insecure Permissions](https://cwe.mitre.org/data/definitions/378.html)\n  * [CWE-379: Creation of Temporary File in Directory with Insecure Permissions](https://cwe.mitre.org/data/definitions/379.html)\n\n### For more information\n\nIf you have any questions or comments about this advisory:\n\nOpen an issue in [netty](https://github.com/netty/netty)\n\n### References\n\n  * [GHSA-269q-hmxg-m83q](https://github.com/netty/netty/security/advisories/GHSA-269q-hmxg-m83q \"GHSA-269q-hmxg-m83q\")\n  * [GHSA-5mcr-gq6c-3hq2](https://github.com/netty/netty/security/advisories/GHSA-5mcr-gq6c-3hq2 \"GHSA-5mcr-gq6c-3hq2\")\n  * <https://nvd.nist.gov/vuln/detail/CVE-2022-24823>\n  * [netty/netty@`185f8b2`](https://github.com/netty/netty/commit/185f8b2756a36aaa4f973f1a2a025e7d981823f1)\n  * <https://security.netapp.com/advisory/ntap-20220616-0004/>\n  * <https://www.oracle.com/security-alerts/cpujul2022.html>\n\n",
    "Severity": {
        "Score": "5.5/ 10 (Moderate)",
        "CVSS base metrics": {
            "Attack vector": "Local",
            "Attack complexity": "Low",
            "Privileges required": "Low",
            "User interaction": "None",
            "Scope": "Unchanged",
            "Confidentiality": "High",
            "Integrity": "None",
            "Availability": "None"
        },
        "CVSS string": "CVSS:3.1/AV:L/AC:L/PR:L/UI:N/S:U/C:H/I:N/A:N"
    },
    "Weaknesses": [
        "[CWE-378](/advisories?query=cwe%3A378)",
        "[CWE-379](/advisories?query=cwe%3A379)",
        "[CWE-668](/advisories?query=cwe%3A668)"
    ],
    "CVE ID": "CVE-2022-24823",
    "GHSA ID": "GHSA-269q-hmxg-m83q",
    "Source code": "[netty/netty](https://github.com/netty/netty)"
}