{
    "Title": "Jenkins JUnit Plugin subject to Cross-site Scripting via URL conversion",
    "Meta": {
        "Package": [
            "org.jenkins-ci.plugins:junit([Maven](/advisories?query=ecosystem%3Amaven))"
        ],
        "Affected versions": [
            "<= 1159.v0b"
        ],
        "Patched versions": [
            "1160.vf1f01a_a_ea_b_7f"
        ]
    },
    "Description": "JUnit Plugin 1159.v0b_396e1e07dd and earlier converts HTTP(S) URLs in test\nreport output to clickable links.\n\nThis is done in an unsafe manner, resulting in a stored cross-site scripting\n(XSS) vulnerability exploitable by attackers with Item/Configure permission.\n\nJUnit Plugin 1160.vf1f01a_a_ea_b_7f no longer converts URLs to clickable\nlinks.\n\n### References\n\n  * <https://nvd.nist.gov/vuln/detail/CVE-2022-45380>\n  * <https://www.jenkins.io/security/advisory/2022-11-15/#SECURITY-2888>\n  * <http://www.openwall.com/lists/oss-security/2022/11/15/4>\n\n",
    "Severity": {
        "Score": "8.0/ 10 (High)",
        "CVSS base metrics": {
            "Attack vector": "Network",
            "Attack complexity": "Low",
            "Privileges required": "Low",
            "User interaction": "Required",
            "Scope": "Unchanged",
            "Confidentiality": "High",
            "Integrity": "High",
            "Availability": "High"
        },
        "CVSS string": "CVSS:3.1/AV:N/AC:L/PR:L/UI:R/S:U/C:H/I:H/A:H"
    },
    "Weaknesses": [
        "[CWE-79](/advisories?query=cwe%3A79)"
    ],
    "CVE ID": "CVE-2022-45380",
    "GHSA ID": "GHSA-298r-5c48-7q2r",
    "Source code": "[jenkinsci/junit-plugin](https://github.com/jenkinsci/junit-plugin)"
}