{
    "Title": "Logic error in Apache Pinot",
    "Meta": {
        "Package": [
            "org.apache.pinot:pinot([Maven](/advisories?query=ecosystem%3Amaven))"
        ],
        "Affected versions": [
            "< 0.10.0"
        ],
        "Patched versions": [
            "0.10.0"
        ]
    },
    "Description": "In 0.9.3 or older versions of Apache Pinot segment upload path allowed segment\ndirectories to be imported into pinot tables. In pinot installations that\nallow open access to the controller a specially crafted request can\npotentially be exploited to cause disruption in pinot service. Pinot release\n0.10.0 fixes this. See <https://docs.pinot.apache.org/basics/releases/0.10.0>\n\n### References\n\n  * <https://nvd.nist.gov/vuln/detail/CVE-2022-23974>\n  * <https://lists.apache.org/thread/3dk8pf1n02p8oj2j3czbtchyjsf8khwr>\n  * [apache/pinot#7969](https://github.com/apache/pinot/pull/7969)\n  * <https://docs.pinot.apache.org/basics/releases/0.10.0>\n\n",
    "Severity": {
        "Score": "7.5/ 10 (High)",
        "CVSS base metrics": {
            "Attack vector": "Network",
            "Attack complexity": "Low",
            "Privileges required": "None",
            "User interaction": "None",
            "Scope": "Unchanged",
            "Confidentiality": "None",
            "Integrity": "None",
            "Availability": "High"
        },
        "CVSS string": "CVSS:3.1/AV:N/AC:L/PR:N/UI:N/S:U/C:N/I:N/A:H"
    },
    "Weaknesses": [
        "[CWE-674](/advisories?query=cwe%3A674)"
    ],
    "CVE ID": "CVE-2022-23974",
    "GHSA ID": "GHSA-29f8-q7mf-7cqj",
    "Source code": "[apache/pinot](https://github.com/apache/pinot)"
}