{
    "Title": "Missing permission checks in Mac Plugin",
    "Meta": {
        "Package": [
            "fr.edf.jenkins.plugins:mac([Maven](/advisories?query=ecosystem%3Amaven))"
        ],
        "Affected versions": [
            "< 1.2.0"
        ],
        "Patched versions": [
            "1.2.0"
        ]
    },
    "Description": "A missing permission check in Jenkins Mac Plugin 1.1.0 and earlier allows\nattackers with Overall/Read permission to connect to an attacker-specified SSH\nserver using attacker-specified credentials.\n\n### References\n\n  * <https://nvd.nist.gov/vuln/detail/CVE-2020-2148>\n  * <https://jenkins.io/security/advisory/2020-03-09/#SECURITY-1761>\n  * <http://www.openwall.com/lists/oss-security/2020/03/09/1>\n\n",
    "Severity": {
        "Score": "4.3/ 10 (Moderate)",
        "CVSS base metrics": {
            "Attack vector": "Network",
            "Attack complexity": "Low",
            "Privileges required": "Low",
            "User interaction": "None",
            "Scope": "Unchanged",
            "Confidentiality": "None",
            "Integrity": "Low",
            "Availability": "None"
        },
        "CVSS string": "CVSS:3.1/AV:N/AC:L/PR:L/UI:N/S:U/C:N/I:L/A:N"
    },
    "Weaknesses": [
        "[CWE-285](/advisories?query=cwe%3A285)",
        "[CWE-863](/advisories?query=cwe%3A863)"
    ],
    "CVE ID": "CVE-2020-2148",
    "GHSA ID": "GHSA-2m74-x26c-g7xc",
    "Source code": "[jenkinsci/mac-plugin](https://github.com/jenkinsci/mac-plugin)"
}