{
    "Title": "Use of Hard-coded Credentials in Nacos",
    "Meta": {
        "Package": [
            "com.alibaba.nacos:nacos-client([Maven](/advisories?query=ecosystem%3Amaven))"
        ],
        "Affected versions": [
            "<= 2.0.3"
        ],
        "Patched versions": [
            "None"
        ]
    },
    "Description": "An Access Control vulnerability exists in Nacos 2.0.3 in the access prompt\npage; enter username and password, click on login to capture packets and then\nchange the returned package, which lets a malicious user login.\n\n### References\n\n  * <https://nvd.nist.gov/vuln/detail/CVE-2021-43116>\n  * [alibaba/nacos#7127](https://github.com/alibaba/nacos/issues/7127)\n  * [alibaba/nacos#7182](https://github.com/alibaba/nacos/issues/7182)\n  * <http://packetstormsecurity.com/files/171638/Nacos-2.0.3-Access-Control.html>\n\n",
    "Severity": {
        "Score": "8.8/ 10 (High)",
        "CVSS base metrics": {
            "Attack vector": "Network",
            "Attack complexity": "Low",
            "Privileges required": "Low",
            "User interaction": "None",
            "Scope": "Unchanged",
            "Confidentiality": "High",
            "Integrity": "High",
            "Availability": "High"
        },
        "CVSS string": "CVSS:3.1/AV:N/AC:L/PR:L/UI:N/S:U/C:H/I:H/A:H"
    },
    "Weaknesses": [
        "[CWE-287](/advisories?query=cwe%3A287)",
        "[CWE-798](/advisories?query=cwe%3A798)"
    ],
    "CVE ID": "CVE-2021-43116",
    "GHSA ID": "GHSA-2g86-r6w2-wqqr",
    "Source code": "[alibaba/nacos](https://github.com/alibaba/nacos)"
}