{
    "Title": "TeamPass vulnerable to Improper Encoding or Escaping of Output",
    "Meta": {
        "Package": [
            "nilsteampassnet/teampass([Composer](/advisories?query=ecosystem%3Acomposer))"
        ],
        "Affected versions": [
            "< 3.0.10"
        ],
        "Patched versions": [
            "3.0.10"
        ]
    },
    "Description": "TeamPass prior to 3.0.10 is vulnerable to cross-site scripting filter bypass\nin folder names. This can lead to information disclosure.\n\n### References\n\n  * <https://nvd.nist.gov/vuln/detail/CVE-2023-3552>\n  * [nilsteampassnet/TeamPass@`8acb4da`](https://github.com/nilsteampassnet/TeamPass/commit/8acb4dacc2d008a4186a4e13cc143e978f113955)\n  * <https://huntr.dev/bounties/aeb2f43f-0602-4ac6-9685-273e87ff4ded>\n\n",
    "Severity": {
        "Score": "7.6/ 10 (High)",
        "CVSS base metrics": {
            "Attack vector": "Network",
            "Attack complexity": "Low",
            "Privileges required": "Low",
            "User interaction": "Required",
            "Scope": "Changed",
            "Confidentiality": "High",
            "Integrity": "Low",
            "Availability": "None"
        },
        "CVSS string": "CVSS:3.0/AV:N/AC:L/PR:L/UI:R/S:C/C:H/I:L/A:N"
    },
    "Weaknesses": [
        "[CWE-116](/advisories?query=cwe%3A116)"
    ],
    "CVE ID": "CVE-2023-3552",
    "GHSA ID": "GHSA-2cv5-qvq3-6276",
    "Source code": "[nilsteampassnet/teampass](https://github.com/nilsteampassnet/teampass)"
}