{
    "Title": "buffered-reader vulnerable to out-of-bounds array access leading to panic",
    "Meta": {
        "Package": [
            "buffered-reader([Rust](/advisories?query=ecosystem%3Arust))"
        ],
        "Affected versions": [
            "< 1.0.2",
            ">= 1.1.0, < 1.1.5"
        ],
        "Patched versions": [
            "1.0.2",
            "1.1.5"
        ]
    },
    "Description": "Affected versions of the crate have a bug where attacker-controlled input can\nresult in the use of an out-of-bound array index. Rust  \ndetects the use of the out-of-bound index and causes the application to panic.\nAn attacker may be able to use this to cause a denial-of-service. However, it\nis not possible for an attacker to read from or write to the application's\naddress space.\n\n### References\n\n  * [GHSA-25mx-8f3v-8wh7](https://github.com/advisories/GHSA-25mx-8f3v-8wh7 \"GHSA-25mx-8f3v-8wh7\")\n  * <https://gitlab.com/sequoia-pgp/sequoia/-/blob/main/buffered-reader/NEWS>\n  * <https://lists.sequoia-pgp.org/hyperkitty/list/announce@lists.sequoia-pgp.org/thread/SN2E3QRT4DMQ5JNEK6VIN6DJ5SH766DI/>\n  * <https://rustsec.org/advisories/RUSTSEC-2023-0039.html>\n\n",
    "Severity": {
        "Score": "(Low)"
    },
    "Weaknesses": [],
    "CVE ID": "No known CVE",
    "GHSA ID": "GHSA-29mf-62xx-28jq",
    "Source code": "[https://gitlab.com/sequoia-pgp/sequoia](https://gitlab.com/sequoia-pgp/sequoia)"
}