{
    "Title": "Apache Tapestry 5.8.1 vulnerable to ReDoS via Content Types causing catastrophic backtracking",
    "Meta": {
        "Package": [
            "org.apache.tapestry:tapestry-core([Maven](/advisories?query=ecosystem%3Amaven))"
        ],
        "Affected versions": [
            "< 5.8.2"
        ],
        "Patched versions": [
            "5.8.2"
        ]
    },
    "Description": "Apache Tapestry up to version 5.8.1 is vulnerable to Regular Expression Denial\nof Service (ReDoS) in the way it handles Content Types. Specially crafted\nContent Types may cause catastrophic backtracking, taking exponential time to\ncomplete. Specifically, this is about the regular expression used on the\nparameter of the org.apache.tapestry5.http.ContentType class. Apache Tapestry\n5.8.2 has a fix for this vulnerability. Notice the vulnerability cannot be\ntriggered by web requests in Tapestry code alone. It would only happen if\nthere's some non-Tapestry codepath passing some outside input to the\nContentType class constructor.\n\n### References\n\n  * <https://nvd.nist.gov/vuln/detail/CVE-2022-31781>\n  * <https://www.openwall.com/lists/oss-security/2022/07/12/3>\n  * [apache/tapestry-5@`3c8d610`](https://github.com/apache/tapestry-5/commit/3c8d6103832eec3bc06029dd2532f06df717431f)\n\n",
    "Severity": {
        "Score": "7.5/ 10 (High)",
        "CVSS base metrics": {
            "Attack vector": "Network",
            "Attack complexity": "Low",
            "Privileges required": "None",
            "User interaction": "None",
            "Scope": "Unchanged",
            "Confidentiality": "None",
            "Integrity": "None",
            "Availability": "High"
        },
        "CVSS string": "CVSS:3.1/AV:N/AC:L/PR:N/UI:N/S:U/C:N/I:N/A:H"
    },
    "Weaknesses": [
        "[CWE-400](/advisories?query=cwe%3A400)",
        "[CWE-1333](/advisories?query=cwe%3A1333)"
    ],
    "CVE ID": "CVE-2022-31781",
    "GHSA ID": "GHSA-227g-7cvv-6ff3",
    "Source code": "No known source code"
}