{
    "Title": "Missing Authentication for Critical Function in LibreNMS",
    "Meta": {
        "Package": [
            "librenms/librenms([Composer](/advisories?query=ecosystem%3Acomposer))"
        ],
        "Affected versions": [
            "< 1.50.1"
        ],
        "Patched versions": [
            "1.50.1"
        ]
    },
    "Description": "An issue was discovered in LibreNMS through 1.47. A number of scripts import\nthe Authentication libraries, but do not enforce an actual authentication\ncheck. Several of these scripts disclose information or expose functions that\nare of a sensitive nature and are not expected to be publicly accessible.\n\n### References\n\n  * <https://nvd.nist.gov/vuln/detail/CVE-2019-10668>\n  * <https://www.darkmatter.ae/xen1thlabs/librenms-authentication-bypass-vulnerability-xl-19-016/>\n\n",
    "Severity": {
        "Score": "(Moderate)"
    },
    "Weaknesses": [
        "[CWE-306](/advisories?query=cwe%3A306)"
    ],
    "CVE ID": "CVE-2019-10668",
    "GHSA ID": "GHSA-277v-gwfr-hmpj",
    "Source code": "No known source code"
}