{
    "Title": "Missing permission checks in Jenkins Config File Provider Plugin allow enumerating configuration file IDs",
    "Meta": {
        "Package": [
            "org.jenkins-ci.plugins:config-file-provider([Maven](/advisories?query=ecosystem%3Amaven))"
        ],
        "Affected versions": [
            "<= 3.7.0"
        ],
        "Patched versions": [
            "3.7.1"
        ]
    },
    "Description": "Jenkins Config File Provider Plugin 3.7.0 and earlier does not perform\npermission checks in several HTTP endpoints.\n\nThis allows attackers with Overall/Read permission to enumerate configuration\nfile IDs.\n\nAn enumeration of configuration file IDs in Jenkins Config File Provider\nPlugin 3.7.1 requires the appropriate permissions.\n\n### References\n\n  * <https://nvd.nist.gov/vuln/detail/CVE-2021-21645>\n  * <https://www.jenkins.io/security/advisory/2021-04-21/#SECURITY-2203>\n  * <http://www.openwall.com/lists/oss-security/2021/04/21/2>\n\n",
    "Severity": {
        "Score": "4.3/ 10 (Moderate)",
        "CVSS base metrics": {
            "Attack vector": "Network",
            "Attack complexity": "Low",
            "Privileges required": "Low",
            "User interaction": "None",
            "Scope": "Unchanged",
            "Confidentiality": "Low",
            "Integrity": "None",
            "Availability": "None"
        },
        "CVSS string": "CVSS:3.1/AV:N/AC:L/PR:L/UI:N/S:U/C:L/I:N/A:N"
    },
    "Weaknesses": [
        "[CWE-862](/advisories?query=cwe%3A862)"
    ],
    "CVE ID": "CVE-2021-21645",
    "GHSA ID": "GHSA-2959-fj73-hm8p",
    "Source code": "[jenkinsci/config-file-provider-plugin](https://github.com/jenkinsci/config-file-provider-plugin)"
}