{
    "Title": "ChakraCore RCE Vulnerability",
    "Meta": {
        "Package": [
            "Microsoft.ChakraCore([NuGet](/advisories?query=ecosystem%3Anuget))"
        ],
        "Affected versions": [
            "< 1.2.1"
        ],
        "Patched versions": [
            "1.2.1"
        ]
    },
    "Description": "The Chakra JavaScript engine in Microsoft Edge allows remote attackers to\nexecute arbitrary code or cause a denial of service (memory corruption) via a\ncrafted web site, aka \"Scripting Engine Memory Corruption Vulnerability,\" a\ndifferent vulnerability than\n[CVE-2016-3386](https://github.com/advisories/GHSA-v9jg-m6g5-h3hh\n\"CVE-2016-3386\"), [CVE-2016-7190](https://github.com/advisories/GHSA-w4mj-\nxwvw-382f \"CVE-2016-7190\"), and\n[CVE-2016-7194](https://github.com/advisories/GHSA-36c3-jcm2-rm3j\n\"CVE-2016-7194\").\n\n### References\n\n  * <https://nvd.nist.gov/vuln/detail/CVE-2016-3389>\n  * <https://docs.microsoft.com/en-us/security-updates/securitybulletins/2016/ms16-119>\n  * [chakra-core/ChakraCore#1737](https://github.com/chakra-core/ChakraCore/pull/1737)\n  * [chakra-core/ChakraCore@`f05c42e`](https://github.com/chakra-core/ChakraCore/commit/f05c42e64c3b2d057ae1a52fe1917af26c9f2737)\n  * <https://web.archive.org/web/20210123174706/http://www.securityfocus.com/bid/93398>\n  * <https://web.archive.org/web/20211208062350/http://www.securitytracker.com/id/1036993>\n\n",
    "Severity": {
        "Score": "7.5/ 10 (High)",
        "CVSS base metrics": {
            "Attack vector": "Network",
            "Attack complexity": "High",
            "Privileges required": "None",
            "User interaction": "Required",
            "Scope": "Unchanged",
            "Confidentiality": "High",
            "Integrity": "High",
            "Availability": "High"
        },
        "CVSS string": "CVSS:3.0/AV:N/AC:H/PR:N/UI:R/S:U/C:H/I:H/A:H"
    },
    "Weaknesses": [
        "[CWE-119](/advisories?query=cwe%3A119)"
    ],
    "CVE ID": "CVE-2016-3389",
    "GHSA ID": "GHSA-294j-r53x-w786",
    "Source code": "[chakra-core/ChakraCore](https://github.com/chakra-core/ChakraCore)"
}