{
    "Title": "Rekor's compressed archives can result in OOM conditions",
    "Meta": {
        "Package": [
            "github.com/sigstore/rekor([Go](/advisories?query=ecosystem%3Ago))"
        ],
        "Affected versions": [
            "< 1.1.1"
        ],
        "Patched versions": [
            "1.1.1"
        ]
    },
    "Description": "## Summary\n\nTwo vulnerabilities have been found in Rekor types for archive files JARs and\nAPKs, where Rekor would crash due to out of memory conditions caused by\nreading archive metadata files into memory without checking their sizes first\ncausing a Denial of Service of Rekor.\n\nThese vulnerabilities were found through fuzzing with [OSS-\nFuzz](https://google.github.io/oss-fuzz/).\n\n## Vulnerability 1: OOM due to large files in META-INF directory of JAR files.\n\n### Summary\n\nVerification of a JAR file submitted to Rekor can cause an out of memory crash\nif files within the META-INF directory of the JAR are sufficiently large.\n\n### Details\n\nAs part of verifying a JAR file, Rekor uses the [relic\nlibrary](https://github.com/sassoftware/relic) to check that the JAR is\nsigned, the signature verifies, and that the hashes in the signed manifest are\nall valid. This library function reads files within META-INF/ into memory\nwithout checking their sizes, resulting in an OOM if the uncompressed file is\nsufficiently large. Rekor is also not performing any such checks prior to\npassing the JAR to this library function.\n\n### Patches\n\nUsers should update to the latest version of Rekor, 1.1.1.\n\n### Workaround\n\nThere are no workarounds, users should update.\n\n## Vulnerability 2: OOM due to large .SIGN and .PKGINFO files in APK files.\n\n### Summary\n\nParsing of an APK file submitted to Rekor can cause an out of memory crash if\nthe .SIGN or .PKGINFO files within the APK are sufficiently large.\n\n### Details\n\nWhen parsing an APK file, Rekor allocates byte slices to read both the .SIGN\nand .PKGINFO files into memory in order to verify the signature and hashes in\nthe APK. These byte slices are allocated based on the size included in the tar\nheader for each file, with no checks performed on that size. If the size in\nthe header is sufficiently large, either because the uncompressed file is\nlarge or the size in the header has been artificially set to a large value,\nRekor will crash due to an out of memory panic.\n\n### Patches\n\nUsers should update to the latest version of Rekor, 1.1.1.\n\n### Workaround\n\nThere are no workarounds, users should update.\n\n### References\n\n  * [GHSA-2h5h-59f5-c5x9](https://github.com/sigstore/rekor/security/advisories/GHSA-2h5h-59f5-c5x9 \"GHSA-2h5h-59f5-c5x9\")\n  * [sigstore/rekor@`cf42ace`](https://github.com/sigstore/rekor/commit/cf42ace82667025fe128f7a50cf6b4cdff51cc48)\n  * <https://github.com/sigstore/rekor/releases/tag/v1.1.1>\n  * <https://nvd.nist.gov/vuln/detail/CVE-2023-30551>\n\n",
    "Severity": {
        "Score": "7.5/ 10 (High)",
        "CVSS base metrics": {
            "Attack vector": "Network",
            "Attack complexity": "Low",
            "Privileges required": "None",
            "User interaction": "None",
            "Scope": "Unchanged",
            "Confidentiality": "None",
            "Integrity": "None",
            "Availability": "High"
        },
        "CVSS string": "CVSS:3.1/AV:N/AC:L/PR:N/UI:N/S:U/C:N/I:N/A:H"
    },
    "Weaknesses": [
        "[CWE-770](/advisories?query=cwe%3A770)"
    ],
    "CVE ID": "CVE-2023-30551",
    "GHSA ID": "GHSA-2h5h-59f5-c5x9",
    "Source code": "[sigstore/rekor](https://github.com/sigstore/rekor)"
}