{
    "Title": "Non-constant time webhook token comparison in Jenkins Generic Webhook Trigger Plugin",
    "Meta": {
        "Package": [
            "org.jenkins-ci.plugins:generic-webhook-trigger([Maven](/advisories?query=ecosystem%3Amaven))"
        ],
        "Affected versions": [
            "< 1.84.2"
        ],
        "Patched versions": [
            "1.84.2"
        ]
    },
    "Description": "Generic Webhook Trigger Plugin 1.84.1 and earlier does not use a constant-time\ncomparison when checking whether the provided and expected webhook token are\nequal.\n\nThis could potentially allow attackers to use statistical methods to obtain a\nvalid webhook token.\n\nGeneric Webhook Trigger Plugin 1.84.2 uses a constant-time comparison when\nvalidating the webhook token.\n\n### References\n\n  * <https://nvd.nist.gov/vuln/detail/CVE-2022-43412>\n  * <https://www.jenkins.io/security/advisory/2022-10-19/#SECURITY-2874>\n  * <http://www.openwall.com/lists/oss-security/2022/10/19/3>\n\n",
    "Severity": {
        "Score": "3.7/ 10 (Low)",
        "CVSS base metrics": {
            "Attack vector": "Network",
            "Attack complexity": "High",
            "Privileges required": "None",
            "User interaction": "None",
            "Scope": "Unchanged",
            "Confidentiality": "Low",
            "Integrity": "None",
            "Availability": "None"
        },
        "CVSS string": "CVSS:3.1/AV:N/AC:H/PR:N/UI:N/S:U/C:L/I:N/A:N"
    },
    "Weaknesses": [
        "[CWE-203](/advisories?query=cwe%3A203)",
        "[CWE-208](/advisories?query=cwe%3A208)"
    ],
    "CVE ID": "CVE-2022-43412",
    "GHSA ID": "GHSA-2jxx-2x93-2q2f",
    "Source code": "[jenkinsci/generic-webhook-trigger-plugin](https://github.com/jenkinsci/generic-webhook-trigger-plugin)"
}