{
    "Title": "Cross-site Scripting (XSS) in baserCMS",
    "Meta": {
        "Package": [
            "baserproject/basercms([Composer](/advisories?query=ecosystem%3Acomposer))"
        ],
        "Affected versions": [
            "< 4.4.5"
        ],
        "Patched versions": [
            "4.4.5"
        ]
    },
    "Description": "Improper neutralization of JavaScript input in the page editing function of\nbaserCMS versions prior to 4.4.5 allows remote authenticated attackers to\ninject an arbitrary script via unspecified vectors.\n\n### References\n\n  * <https://nvd.nist.gov/vuln/detail/CVE-2021-20681>\n  * <https://basercms.net/security/JVN64869876>\n  * <https://jvn.jp/en/jp/JVN64869876/index.html>\n\n",
    "Severity": {
        "Score": "5.4/ 10 (Moderate)",
        "CVSS base metrics": {
            "Attack vector": "Network",
            "Attack complexity": "Low",
            "Privileges required": "Low",
            "User interaction": "Required",
            "Scope": "Changed",
            "Confidentiality": "Low",
            "Integrity": "Low",
            "Availability": "None"
        },
        "CVSS string": "CVSS:3.1/AV:N/AC:L/PR:L/UI:R/S:C/C:L/I:L/A:N"
    },
    "Weaknesses": [
        "[CWE-79](/advisories?query=cwe%3A79)"
    ],
    "CVE ID": "CVE-2021-20681",
    "GHSA ID": "GHSA-24p5-x9f9-vvpx",
    "Source code": "No known source code"
}