{
    "Title": "Withdrawn Advisory: October Cross-site Scripting vulnerability",
    "Meta": {
        "Package": [
            "october/cms([Composer](/advisories?query=ecosystem%3Acomposer))"
        ],
        "Affected versions": [
            "<= 3.4.16"
        ],
        "Patched versions": [
            "None"
        ]
    },
    "Description": "## Withdrawn Advisory\n\nThis advisory has been withdrawn because the vulnerability affects October\nCMS's installer, not October CMS. The installer deletes all folders and files\nupon completion of installation. The vulnerability is valid, but because\nOctober's installer is not part of one of the GitHub Advisory Database's\n[supported ecosystems](https://github.com/github/advisory-\ndatabase/blob/main/README.md#supported-ecosystems), alerts cannot be sent out\nfor the correct package.\n\n## Corrected Description\n\nA Cross-Site Scripting (XSS) vulnerability in the installer of October CMS\nallows an attacker to execute arbitrary web scripts via a crafted payload\ninjected into the dbhost field.\n\n### References\n\n  * <https://nvd.nist.gov/vuln/detail/CVE-2023-43876>\n  * <https://github.com/sromanhu/October-CMS-Reflected-XSS---Installation/blob/main/README.md>\n  * [sromanhu/CVE-2023-43876-October-CMS-Reflected-XSS---Installation#1](https://github.com/sromanhu/CVE-2023-43876-October-CMS-Reflected-XSS---Installation/issues/1)\n  * [octobercms/install@`ef1225b`](https://github.com/octobercms/install/commit/ef1225b5596b7c2eb5ca3aa700a23e9f8acf387b)\n\n",
    "Severity": {
        "Score": "5.4/ 10 (Moderate)",
        "CVSS base metrics": {
            "Attack vector": "Network",
            "Attack complexity": "Low",
            "Privileges required": "Low",
            "User interaction": "Required",
            "Scope": "Changed",
            "Confidentiality": "Low",
            "Integrity": "Low",
            "Availability": "None"
        },
        "CVSS string": "CVSS:3.1/AV:N/AC:L/PR:L/UI:R/S:C/C:L/I:L/A:N"
    },
    "Weaknesses": [
        "[CWE-79](/advisories?query=cwe%3A79)"
    ],
    "CVE ID": "CVE-2023-43876",
    "GHSA ID": "GHSA-2g8p-j2r6-vqpj",
    "Source code": "[octobercms/install](https://github.com/octobercms/install)"
}