{
    "Title": "Jenkins Token Macro Plugin's recursive token expansion results in information disclosure and DoS",
    "Meta": {
        "Package": [
            "org.jenkins-ci.plugins:token-macro([Maven](/advisories?query=ecosystem%3Amaven))"
        ],
        "Affected versions": [
            "<= 2.5"
        ],
        "Patched versions": [
            "2.6"
        ]
    },
    "Description": "Jenkins Token Macro Plugin recursively applied token expansion.\n\nThis could be used by users able to affect input to token expansion (such as\nchange log messages), to inject additional tokens into the input, which would\nthen be expanded, resulting in information disclosure (for example values of\nenvironment variables), or denial of service.\n\nMost tokens have been changed to no longer recursively apply token expansion.\n\n### References\n\n  * <https://nvd.nist.gov/vuln/detail/CVE-2019-1003011>\n  * <https://access.redhat.com/errata/RHBA-2019:0326>\n  * <https://access.redhat.com/errata/RHBA-2019:0327>\n  * <https://jenkins.io/security/advisory/2019-01-28/#SECURITY-1102>\n\n",
    "Severity": {
        "Score": "6.5/ 10 (Moderate)",
        "CVSS base metrics": {
            "Attack vector": "Network",
            "Attack complexity": "Low",
            "Privileges required": "Low",
            "User interaction": "None",
            "Scope": "Unchanged",
            "Confidentiality": "None",
            "Integrity": "None",
            "Availability": "High"
        },
        "CVSS string": "CVSS:3.0/AV:N/AC:L/PR:L/UI:N/S:U/C:N/I:N/A:H"
    },
    "Weaknesses": [
        "[CWE-674](/advisories?query=cwe%3A674)"
    ],
    "CVE ID": "CVE-2019-1003011",
    "GHSA ID": "GHSA-23h9-m55m-c5jp",
    "Source code": "No known source code"
}