{
    "Title": "Apache Camel can allow remote attackers to execute arbitrary commands",
    "Meta": {
        "Package": [
            "org.apache.camel:camel-jetty([Maven](/advisories?query=ecosystem%3Amaven))"
        ],
        "Affected versions": [
            "< 2.15.5",
            "= 2.16.0"
        ],
        "Patched versions": [
            "2.15.5",
            "2.16.1"
        ]
    },
    "Description": "Apache Camel 2.6.x through 2.14.x, 2.15.x before 2.15.5, and 2.16.x before\n2.16.1, when using (1) camel-jetty or (2) camel-servlet as a consumer in Camel\nroutes, allow remote attackers to execute arbitrary commands via a crafted\nserialized Java object in an HTTP request.\n\n### References\n\n  * <https://nvd.nist.gov/vuln/detail/CVE-2015-5348>\n  * [GHSA-26v6-w6fw-rh94](https://github.com/advisories/GHSA-26v6-w6fw-rh94 \"GHSA-26v6-w6fw-rh94\")\n  * <https://issues.apache.org/jira/browse/CAMEL-9309>\n  * <https://lists.apache.org/thread.html/2318d7f7d87724d8716cd650c21b31cb06e4d34f6d0f5ee42f28fdaf@%3Ccommits.camel.apache.org%3E>\n  * <https://lists.apache.org/thread.html/b4014ea7c5830ca1fc28edd5cafedfe93ad4af2d9e69c961c5def31d@%3Ccommits.camel.apache.org%3E>\n  * <http://camel.apache.org/security-advisories.data/CVE-2015-5348.txt.asc>\n  * <http://packetstormsecurity.com/files/134946/Apache-Camel-Java-Object-Deserialization.html>\n  * <http://rhn.redhat.com/errata/RHSA-2016-2035.html>\n  * <http://www.securityfocus.com/archive/1/537147/100/0/threaded>\n  * <http://www.securityfocus.com/bid/80696>\n\n",
    "Severity": {
        "Score": "8.1/ 10 (High)",
        "CVSS base metrics": {
            "Attack vector": "Network",
            "Attack complexity": "High",
            "Privileges required": "None",
            "User interaction": "None",
            "Scope": "Unchanged",
            "Confidentiality": "High",
            "Integrity": "High",
            "Availability": "High"
        },
        "CVSS string": "CVSS:3.0/AV:N/AC:H/PR:N/UI:N/S:U/C:H/I:H/A:H"
    },
    "Weaknesses": [],
    "CVE ID": "CVE-2015-5348",
    "GHSA ID": "GHSA-26v6-w6fw-rh94",
    "Source code": "No known source code"
}