{
    "Title": "An issue in Atomix v3.1.5 allows attackers to cause a denial of service (DoS) via false link event messages sent to a master ONOS node.",
    "Meta": {
        "Package": [
            "io.atomix:atomix([Maven](/advisories?query=ecosystem%3Amaven))"
        ],
        "Affected versions": [
            "<= 3.1.5"
        ],
        "Patched versions": [
            "None"
        ]
    },
    "Description": "An issue in Atomix v3.1.5 allows attackers to cause a denial of service (DoS)\nvia false link event messages sent to a master ONOS node.\n\n### References\n\n  * <https://nvd.nist.gov/vuln/detail/CVE-2020-35213>\n  * <https://docs.google.com/presentation/d/1i8tVVGE8z9Rtl9UTwktOJpkZwT4kBVLgIk307qMiw_8/edit?usp=sharing>\n\n",
    "Severity": {
        "Score": "8.1/ 10 (High)",
        "CVSS base metrics": {
            "Attack vector": "Network",
            "Attack complexity": "Low",
            "Privileges required": "Low",
            "User interaction": "None",
            "Scope": "Unchanged",
            "Confidentiality": "None",
            "Integrity": "High",
            "Availability": "High"
        },
        "CVSS string": "CVSS:3.1/AV:N/AC:L/PR:L/UI:N/S:U/C:N/I:H/A:H"
    },
    "Weaknesses": [
        "[CWE-74](/advisories?query=cwe%3A74)"
    ],
    "CVE ID": "CVE-2020-35213",
    "GHSA ID": "GHSA-2fqw-684c-pvp7",
    "Source code": "[atomix/atomix](https://github.com/atomix/atomix)"
}