{
    "Title": "Arbitrary File Read in Snyk Broker",
    "Meta": {
        "Package": [
            "snyk-broker([npm](/advisories?query=ecosystem%3Anpm))"
        ],
        "Affected versions": [
            "< 4.73.1"
        ],
        "Patched versions": [
            "4.73.1"
        ]
    },
    "Description": "All versions of snyk-broker after 4.72.0 including and before 4.73.1 are\nvulnerable to Arbitrary File Read. It allows arbitrary file reads to users\nwith access to Snyk's internal network of any files ending in the following\nextensions: yaml, yml or json.\n\n### References\n\n  * <https://nvd.nist.gov/vuln/detail/CVE-2020-7650>\n  * <https://snyk.io/vuln/SNYK-JS-SNYKBROKER-570609>\n  * <https://updates.snyk.io/snyk-broker-security-fixes-152338>\n\n",
    "Severity": {
        "Score": "6.5/ 10 (Moderate)",
        "CVSS base metrics": {
            "Attack vector": "Network",
            "Attack complexity": "Low",
            "Privileges required": "Low",
            "User interaction": "None",
            "Scope": "Unchanged",
            "Confidentiality": "High",
            "Integrity": "None",
            "Availability": "None"
        },
        "CVSS string": "CVSS:3.1/AV:N/AC:L/PR:L/UI:N/S:U/C:H/I:N/A:N"
    },
    "Weaknesses": [
        "[CWE-22](/advisories?query=cwe%3A22)"
    ],
    "CVE ID": "CVE-2020-7650",
    "GHSA ID": "GHSA-2fmp-7xwf-wvwr",
    "Source code": "No known source code"
}