{
    "Title": "Alluxio Cross Site Scripting vulnerability",
    "Meta": {
        "Package": [
            "org.alluxio:alluxio-parent([Maven](/advisories?query=ecosystem%3Amaven))"
        ],
        "Affected versions": [
            "<= 1.8.1"
        ],
        "Patched versions": [
            "None"
        ]
    },
    "Description": "Cross Site Scripting vulnerability in Alluxio v.1.8.1 allows a remote attacker\nto executea arbitrary code via the path parameter in the browse board\ncomponent.\n\n### References\n\n  * <https://nvd.nist.gov/vuln/detail/CVE-2020-21485>\n  * [Alluxio/alluxio#10552](https://github.com/Alluxio/alluxio/issues/10552)\n\n",
    "Severity": {
        "Score": "6.1/ 10 (Moderate)",
        "CVSS base metrics": {
            "Attack vector": "Network",
            "Attack complexity": "Low",
            "Privileges required": "None",
            "User interaction": "Required",
            "Scope": "Changed",
            "Confidentiality": "Low",
            "Integrity": "Low",
            "Availability": "None"
        },
        "CVSS string": "CVSS:3.1/AV:N/AC:L/PR:N/UI:R/S:C/C:L/I:L/A:N"
    },
    "Weaknesses": [
        "[CWE-79](/advisories?query=cwe%3A79)"
    ],
    "CVE ID": "CVE-2020-21485",
    "GHSA ID": "GHSA-298m-hvgh-x9cw",
    "Source code": "[Alluxio/alluxio](https://github.com/Alluxio/alluxio)"
}