{
    "Title": "Cross-site scripting in jfinal",
    "Meta": {
        "Package": [
            "com.jfinal:jfinal([Maven](/advisories?query=ecosystem%3Amaven))"
        ],
        "Affected versions": [
            "<= 4.9.10"
        ],
        "Patched versions": [
            "4.9.11"
        ]
    },
    "Description": "An issue was discovered in JFinal framework v4.9.10 and below. The \"set\"\nmethod of the \"Controller\" class of jfinal framework is not strictly filtered,\nwhich will lead to XSS vulnerabilities in some cases.\n\n### References\n\n  * <https://nvd.nist.gov/vuln/detail/CVE-2021-33348>\n  * [jfinal/jfinal#188](https://github.com/jfinal/jfinal/issues/188)\n\n",
    "Severity": {
        "Score": "6.1/ 10 (Moderate)",
        "CVSS base metrics": {
            "Attack vector": "Network",
            "Attack complexity": "Low",
            "Privileges required": "None",
            "User interaction": "Required",
            "Scope": "Changed",
            "Confidentiality": "Low",
            "Integrity": "Low",
            "Availability": "None"
        },
        "CVSS string": "CVSS:3.1/AV:N/AC:L/PR:N/UI:R/S:C/C:L/I:L/A:N"
    },
    "Weaknesses": [
        "[CWE-79](/advisories?query=cwe%3A79)"
    ],
    "CVE ID": "CVE-2021-33348",
    "GHSA ID": "GHSA-2c25-xfpq-8w9r",
    "Source code": "No known source code"
}