{
    "Title": "Heap buffer overflow in `QuantizedReshape`",
    "Meta": {
        "Package": [
            "tensorflow([pip](/advisories?query=ecosystem%3Apip))"
        ],
        "Affected versions": [
            "< 2.1.4",
            ">= 2.2.0, < 2.2.3",
            ">= 2.3.0, < 2.3.3",
            ">= 2.4.0, < 2.4.2"
        ],
        "Patched versions": [
            "2.1.4",
            "2.2.3",
            "2.3.3",
            "2.4.2"
        ]
    },
    "Description": "### Impact\n\nAn attacker can cause a heap buffer overflow in `QuantizedReshape` by passing\nin invalid thresholds for the quantization:\n\n    \n    \n    import tensorflow as tf\n    \n    tensor = tf.constant([], dtype=tf.qint32)\n    shape = tf.constant([], dtype=tf.int32)\n    input_min = tf.constant([], dtype=tf.float32)\n    input_max = tf.constant([], dtype=tf.float32)\n    \n    tf.raw_ops.QuantizedReshape(tensor=tensor, shape=shape, input_min=input_min, input_max=input_max)\n\nThis is because the\n[implementation](https://github.com/tensorflow/tensorflow/blob/a324ac84e573fba362a5e53d4e74d5de6729933e/tensorflow/core/kernels/quantized_reshape_op.cc#L38-L55)\nassumes that the 2 arguments are always valid scalars and tries to access the\nnumeric value directly:\n\n    \n    \n    const auto& input_min_float_tensor = ctx->input(2);\n    ...\n    const float input_min_float = input_min_float_tensor.flat<float>()(0);\n    const auto& input_max_float_tensor = ctx->input(3);\n    ...\n    const float input_max_float = input_max_float_tensor.flat<float>()(0);\n\nHowever, if any of these tensors is empty, then `.flat<T>()` is an empty\nbuffer and accessing the element at position 0 results in overflow.\n\n### Patches\n\nWe have patched the issue in GitHub commit\n[a324ac84e573fba362a5e53d4e74d5de6729933e](https://github.com/tensorflow/tensorflow/commit/a324ac84e573fba362a5e53d4e74d5de6729933e).\n\nThe fix will be included in TensorFlow 2.5.0. We will also cherrypick this\ncommit on TensorFlow 2.4.2, TensorFlow 2.3.3, TensorFlow 2.2.3 and TensorFlow\n2.1.4, as these are also affected and still in supported range.\n\n### For more information\n\nPlease consult [our security\nguide](https://github.com/tensorflow/tensorflow/blob/master/SECURITY.md) for\nmore information regarding the security model and how to contact us with\nissues and questions.\n\n### Attribution\n\nThis vulnerability has been reported by Ying Wang and Yakun Zhang of Baidu\nX-Team.\n\n### References\n\n  * [GHSA-2gfx-95x2-5v3x](https://github.com/tensorflow/tensorflow/security/advisories/GHSA-2gfx-95x2-5v3x \"GHSA-2gfx-95x2-5v3x\")\n  * <https://nvd.nist.gov/vuln/detail/CVE-2021-29536>\n  * [tensorflow/tensorflow@`a324ac8`](https://github.com/tensorflow/tensorflow/commit/a324ac84e573fba362a5e53d4e74d5de6729933e)\n\n",
    "Severity": {
        "Score": "2.5/ 10 (Low)",
        "CVSS base metrics": {
            "Attack vector": "Local",
            "Attack complexity": "High",
            "Privileges required": "Low",
            "User interaction": "None",
            "Scope": "Unchanged",
            "Confidentiality": "None",
            "Integrity": "None",
            "Availability": "Low"
        },
        "CVSS string": "CVSS:3.1/AV:L/AC:H/PR:L/UI:N/S:U/C:N/I:N/A:L"
    },
    "Weaknesses": [
        "[CWE-787](/advisories?query=cwe%3A787)"
    ],
    "CVE ID": "CVE-2021-29536",
    "GHSA ID": "GHSA-2gfx-95x2-5v3x",
    "Source code": "No known source code"
}