{
    "Title": "Open redirect in caddy",
    "Meta": {
        "Package": [
            "github.com/caddyserver/caddy([Go](/advisories?query=ecosystem%3Ago))"
        ],
        "Affected versions": [
            "< 2.5.0"
        ],
        "Patched versions": [
            "2.5.0"
        ]
    },
    "Description": "Caddy v2.4 was discovered to contain an open redirect vulnerability. A remote\nunauthenticated attacker may exploit this vulnerability to redirect users to\narbitrary web URLs by tricking the victim users to click on crafted links.\n\n### References\n\n  * <https://nvd.nist.gov/vuln/detail/CVE-2022-29718>\n  * [caddyserver/caddy#4499](https://github.com/caddyserver/caddy/pull/4499)\n  * [caddyserver/caddy@`b23bdcf`](https://github.com/caddyserver/caddy/commit/b23bdcf99cfbd09d50555a999a16468404789230)\n  * <https://github.com/caddyserver/caddy/releases/tag/v2.5.0>\n  * <https://lists.fedoraproject.org/archives/list/package-announce@lists.fedoraproject.org/message/CP2VIUT5IKA3OKM6YWA5LTLJ2GTEIH7C/>\n\n",
    "Severity": {
        "Score": "6.1/ 10 (Moderate)",
        "CVSS base metrics": {
            "Attack vector": "Network",
            "Attack complexity": "Low",
            "Privileges required": "None",
            "User interaction": "Required",
            "Scope": "Changed",
            "Confidentiality": "Low",
            "Integrity": "Low",
            "Availability": "None"
        },
        "CVSS string": "CVSS:3.1/AV:N/AC:L/PR:N/UI:R/S:C/C:L/I:L/A:N"
    },
    "Weaknesses": [
        "[CWE-601](/advisories?query=cwe%3A601)"
    ],
    "CVE ID": "CVE-2022-29718",
    "GHSA ID": "GHSA-2927-hv3p-f3vp",
    "Source code": "[caddyserver/caddy](https://github.com/caddyserver/caddy)"
}