{
    "Title": "Improper Neutralization of Special Elements used in an LDAP Query in stevenweathers/thunderdome-planning-poker",
    "Meta": {
        "Package": [
            "github.com/stevenweathers/thunderdome-planning-poker([Go](/advisories?query=ecosystem%3Ago))"
        ],
        "Affected versions": [
            "< 1.16.3"
        ],
        "Patched versions": [
            "1.16.3"
        ]
    },
    "Description": "### Impact\n\nLDAP injection vulnerability, only affects instances with LDAP authentication\nenabled.\n\n### Patches\n\nPatch for vulnerability released with v1.16.3.\n\n### Workarounds\n\nDisable LDAP feature if in use\n\n### References\n\n[OWASP LDAP Injection Prevention Cheat\nSheet](https://cheatsheetseries.owasp.org/cheatsheets/LDAP_Injection_Prevention_Cheat_Sheet.html)\n\n### For more information\n\nIf you have any questions or comments about this advisory:\n\n  * Open an issue in [Thunderdome Github Repository](https://github.com/StevenWeathers/thunderdome-planning-poker)\n  * Email us at [steven@weathers.me](mailto:steven@weathers.me)\n\n### References\n\n  * [GHSA-26cm-qrc6-mfgj](https://github.com/StevenWeathers/thunderdome-planning-poker/security/advisories/GHSA-26cm-qrc6-mfgj \"GHSA-26cm-qrc6-mfgj\")\n  * <https://nvd.nist.gov/vuln/detail/CVE-2021-41232>\n  * [github/securitylab#464 (comment)](https://github.com/github/securitylab/issues/464#issuecomment-957094994)\n  * [StevenWeathers/thunderdome-planning-poker@`f1524d0`](https://github.com/StevenWeathers/thunderdome-planning-poker/commit/f1524d01e8a0f2d6c3db5461c742456c692dd8c1)\n\n",
    "Severity": {
        "Score": "8.1/ 10 (High)",
        "CVSS base metrics": {
            "Attack vector": "Network",
            "Attack complexity": "High",
            "Privileges required": "None",
            "User interaction": "None",
            "Scope": "Changed",
            "Confidentiality": "High",
            "Integrity": "Low",
            "Availability": "Low"
        },
        "CVSS string": "CVSS:3.1/AV:N/AC:H/PR:N/UI:N/S:C/C:H/I:L/A:L"
    },
    "Weaknesses": [
        "[CWE-74](/advisories?query=cwe%3A74)",
        "[CWE-90](/advisories?query=cwe%3A90)"
    ],
    "CVE ID": "CVE-2021-41232",
    "GHSA ID": "GHSA-26cm-qrc6-mfgj",
    "Source code": "[StevenWeathers/thunderdome-planning-poker](https://github.com/StevenWeathers/thunderdome-planning-poker)"
}