{
    "Title": "MCMS vulnerable to arbitrary code execution via crafted thumbnail",
    "Meta": {
        "Package": [
            "net.mingsoft:ms-mcms([Maven](/advisories?query=ecosystem%3Amaven))"
        ],
        "Affected versions": [
            "<= 5.0.0"
        ],
        "Patched versions": [
            "None"
        ]
    },
    "Description": "File upload vulnerability in MCMS 5.0 allows attackers to execute arbitrary\ncode via a crafted thumbnail. A different vulnerability than\n[CVE-2022-31943](https://github.com/advisories/GHSA-4828-473v-37gh\n\"CVE-2022-31943\").\n\n### References\n\n  * <https://nvd.nist.gov/vuln/detail/CVE-2020-22755>\n  * [ming-soft/MCMS#42](https://github.com/ming-soft/MCMS/issues/42)\n\n",
    "Severity": {
        "Score": "8.8/ 10 (High)",
        "CVSS base metrics": {
            "Attack vector": "Network",
            "Attack complexity": "Low",
            "Privileges required": "Low",
            "User interaction": "None",
            "Scope": "Unchanged",
            "Confidentiality": "High",
            "Integrity": "High",
            "Availability": "High"
        },
        "CVSS string": "CVSS:3.1/AV:N/AC:L/PR:L/UI:N/S:U/C:H/I:H/A:H"
    },
    "Weaknesses": [
        "[CWE-434](/advisories?query=cwe%3A434)"
    ],
    "CVE ID": "CVE-2020-22755",
    "GHSA ID": "GHSA-293v-5329-36wp",
    "Source code": "[ming-soft/MCMS](https://github.com/ming-soft/MCMS)"
}