{
    "Title": "Cross-Site Request Forgery in sqlite-web",
    "Meta": {
        "Package": [
            "sqlite-web([pip](/advisories?query=ecosystem%3Apip))"
        ],
        "Affected versions": [
            "<= 0.3.8"
        ],
        "Patched versions": [
            "None"
        ]
    },
    "Description": "This affects all versions of package sqlite-web. The SQL dashboard area allows\nsensitive actions to be performed without validating that the request\noriginated from the application. This could enable an attacker to trick a user\ninto performing these actions unknowingly through a Cross Site Request Forgery\n(CSRF) attack.\n\n### References\n\n  * <https://nvd.nist.gov/vuln/detail/CVE-2021-23404>\n  * <https://snyk.io/vuln/SNYK-PYTHON-SQLITEWEB-1316324>\n  * <https://github.com/coleifer/sqlite-web/blob/2e7c85da3d37f80074ed3ae39b5851069b4f301c/sqlite_web/__main__.py>\n\n",
    "Severity": {
        "Score": "7.6/ 10 (High)",
        "CVSS base metrics": {
            "Attack vector": "Network",
            "Attack complexity": "Low",
            "Privileges required": "None",
            "User interaction": "Required",
            "Scope": "Unchanged",
            "Confidentiality": "High",
            "Integrity": "Low",
            "Availability": "Low"
        },
        "CVSS string": "CVSS:3.1/AV:N/AC:L/PR:N/UI:R/S:U/C:H/I:L/A:L"
    },
    "Weaknesses": [
        "[CWE-352](/advisories?query=cwe%3A352)"
    ],
    "CVE ID": "CVE-2021-23404",
    "GHSA ID": "GHSA-2j58-pwwv-x666",
    "Source code": "[coleifer/sqlite-web](https://github.com/coleifer/sqlite-web)"
}