{
    "Title": "Missing XML Validation in Apache CXF",
    "Meta": {
        "Package": [
            "org.apache.cxf:cxf-rt-frontend-jaxrs([Maven](/advisories?query=ecosystem%3Amaven))"
        ],
        "Affected versions": [
            ">= 2.5.0, < 2.5.10",
            ">= 2.6.0, < 2.6.7",
            ">= 2.7.0, < 2.7.4"
        ],
        "Patched versions": [
            "2.5.10",
            "2.6.7",
            "2.7.4"
        ]
    },
    "Description": "The streaming XML parser in Apache CXF 2.5.x before 2.5.10, 2.6.x before\n2.6.7, and 2.7.x before 2.7.4 allows remote attackers to cause a denial of\nservice (CPU and memory consumption) via crafted XML with a large number of\n(1) elements, (2) attributes, (3) nested constructs, and possibly other\nvectors.\n\n### References\n\n  * <https://nvd.nist.gov/vuln/detail/CVE-2013-2160>\n  * <https://bugzilla.redhat.com/show_bug.cgi?id=929197>\n  * <https://cxf.apache.org/security-advisories.data/CVE-2013-2160.txt.asc>\n  * <https://lists.apache.org/thread.html/r36e44ffc1a9b365327df62cdfaabe85b9a5637de102cea07d79b2dbf@%3Ccommits.cxf.apache.org%3E>\n  * <https://lists.apache.org/thread.html/rc774278135816e7afc943dc9fc78eb0764f2c84a2b96470a0187315c@%3Ccommits.cxf.apache.org%3E>\n  * <https://lists.apache.org/thread.html/rd49aabd984ed540c8ff7916d4d79405f3fa311d2fdbcf9ed307839a6@%3Ccommits.cxf.apache.org%3E>\n  * <https://lists.apache.org/thread.html/rec7160382badd3ef4ad017a22f64a266c7188b9ba71394f0d321e2d4@%3Ccommits.cxf.apache.org%3E>\n  * <https://lists.apache.org/thread.html/rfb87e0bf3995e7d560afeed750fac9329ff5f1ad49da365129b7f89e@%3Ccommits.cxf.apache.org%3E>\n  * <https://lists.apache.org/thread.html/rff42cfa5e7d75b7c1af0e37589140a8f1999e578a75738740b244bd4@%3Ccommits.cxf.apache.org%3E>\n  * <http://jira.codehaus.org/browse/WSTX-285>\n  * <http://jira.codehaus.org/browse/WSTX-287>\n  * <http://rhn.redhat.com/errata/RHSA-2013-1028.html>\n  * <http://rhn.redhat.com/errata/RHSA-2013-1437.html>\n\n",
    "Severity": {
        "Score": "(Moderate)"
    },
    "Weaknesses": [
        "[CWE-112](/advisories?query=cwe%3A112)"
    ],
    "CVE ID": "CVE-2013-2160",
    "GHSA ID": "GHSA-254q-rp36-v2m8",
    "Source code": "No known source code"
}