{
    "Title": "Authentication bypass in Apache Kylin",
    "Meta": {
        "Package": [
            "org.apache.kylin:kylin([Maven](/advisories?query=ecosystem%3Amaven))"
        ],
        "Affected versions": [
            "< 3.1.1",
            "= 4.0.0-alpha"
        ],
        "Patched versions": [
            "3.1.1",
            "4.0.0-beta"
        ]
    },
    "Description": "Apache Kylin 2.0.0, 2.1.0, 2.2.0, 2.3.0, 2.3.1, 2.3.2, 2.4.0, 2.4.1, 2.5.0,\n2.5.1, 2.5.2, 2.6.0, 2.6.1, 2.6.2, 2.6.3, 2.6.4, 2.6.5, 2.6.6, 3.0.0-alpha,\n3.0.0-alpha2, 3.0.0-beta, 3.0.0, 3.0.1, 3.0.2, 3.1.0, 4.0.0-alpha has one\nrestful api which exposed Kylin's configuration information without any\nauthentication, so it is dangerous because some confidential information\nentries will be disclosed to everyone.\n\n### References\n\n  * <https://nvd.nist.gov/vuln/detail/CVE-2020-13937>\n  * <https://lists.apache.org/thread.html/rc592e0dcee5a2615f1d9522af30ef1822c1f863d5e05e7da9d1e57f4%40%3Cuser.kylin.apache.org%3E>\n\n",
    "Severity": {
        "Score": "5.3/ 10 (Moderate)",
        "CVSS base metrics": {
            "Attack vector": "Network",
            "Attack complexity": "Low",
            "Privileges required": "None",
            "User interaction": "None",
            "Scope": "Unchanged",
            "Confidentiality": "Low",
            "Integrity": "None",
            "Availability": "None"
        },
        "CVSS string": "CVSS:3.1/AV:N/AC:L/PR:N/UI:N/S:U/C:L/I:N/A:N"
    },
    "Weaknesses": [
        "[CWE-922](/advisories?query=cwe%3A922)"
    ],
    "CVE ID": "CVE-2020-13937",
    "GHSA ID": "GHSA-2hpg-vwqj-6h6w",
    "Source code": "No known source code"
}