{
    "Title": "Zenario CMS vulnerable to CSRF",
    "Meta": {
        "Package": [
            "tribalsystems/zenario([Composer](/advisories?query=ecosystem%3Acomposer))"
        ],
        "Affected versions": [
            "< 8.3"
        ],
        "Patched versions": [
            "None"
        ]
    },
    "Description": "Cross-Site Request Forgery (CSRF) vulnerability was discovered in the 8.3\nversion of Zenario Content Management System via the\n`admin/organizer.ajax.php?path=zenario__content%2Fpanels%2Fcontent` URI.\n\n### References\n\n  * <https://nvd.nist.gov/vuln/detail/CVE-2018-18420>\n  * <http://packetstormsecurity.com/files/149851/Zenar-Content-Management-System-8.3-Cross-Site-Request-Forgery.html>\n\n",
    "Severity": {
        "Score": "8.8/ 10 (High)",
        "CVSS base metrics": {
            "Attack vector": "Network",
            "Attack complexity": "Low",
            "Privileges required": "None",
            "User interaction": "Required",
            "Scope": "Unchanged",
            "Confidentiality": "High",
            "Integrity": "High",
            "Availability": "High"
        },
        "CVSS string": "CVSS:3.0/AV:N/AC:L/PR:N/UI:R/S:U/C:H/I:H/A:H"
    },
    "Weaknesses": [
        "[CWE-352](/advisories?query=cwe%3A352)"
    ],
    "CVE ID": "CVE-2018-18420",
    "GHSA ID": "GHSA-22cq-xxr9-jrrv",
    "Source code": "No known source code"
}