{
    "Title": "Spring Security vulnerable to Authorization Bypass",
    "Meta": {
        "Package": [
            "org.springframework.security:spring-security-core([Maven](/advisories?query=ecosystem%3Amaven))"
        ],
        "Affected versions": [
            ">= 5.1.0, < 5.1.2"
        ],
        "Patched versions": [
            "5.1.2"
        ]
    },
    "Description": "Spring Security versions 5.1.x prior to 5.1.2 contain an authorization bypass\nvulnerability during JWT issuer validation. In order to be impacted, the same\nprivate key for an honest issuer and a malicious user must be used when\nsigning JWTs. In that case, a malicious user could fashion signed JWTs with\nthe malicious issuer URL that may be granted for the honest issuer.\n\n### References\n\n  * <https://nvd.nist.gov/vuln/detail/CVE-2018-15801>\n  * [GHSA-27xw-p8v6-9jjr](https://github.com/advisories/GHSA-27xw-p8v6-9jjr \"GHSA-27xw-p8v6-9jjr\")\n  * <https://pivotal.io/security/cve-2018-15801>\n\n",
    "Severity": {
        "Score": "7.4/ 10 (High)",
        "CVSS base metrics": {
            "Attack vector": "Network",
            "Attack complexity": "High",
            "Privileges required": "None",
            "User interaction": "None",
            "Scope": "Unchanged",
            "Confidentiality": "High",
            "Integrity": "High",
            "Availability": "None"
        },
        "CVSS string": "CVSS:3.0/AV:N/AC:H/PR:N/UI:N/S:U/C:H/I:H/A:N"
    },
    "Weaknesses": [
        "[CWE-345](/advisories?query=cwe%3A345)"
    ],
    "CVE ID": "CVE-2018-15801",
    "GHSA ID": "GHSA-27xw-p8v6-9jjr",
    "Source code": "[spring-projects/spring-security](https://github.com/spring-projects/spring-security)"
}