{
    "Title": "Magento 2 Community Edition XSS Vulnerability",
    "Meta": {
        "Package": [
            "magento/community-edition([Composer](/advisories?query=ecosystem%3Acomposer))"
        ],
        "Affected versions": [
            ">= 2.2.0, < 2.2.10",
            ">= 2.3.0, < 2.3.2-p1"
        ],
        "Patched versions": [
            "2.2.10",
            "2.3.2-p1"
        ]
    },
    "Description": "A reflected cross-site scripting (XSS) vulnerability exists in Magento 2.2\nprior to 2.2.10, Magento 2.3 prior to 2.3.3 or 2.3.2-p1. An authenticated\nadmin user can inject arbitrary JavaScript code when adding an image for\nduring simple product creation.\n\n### References\n\n  * <https://nvd.nist.gov/vuln/detail/CVE-2019-8115>\n  * <https://web.archive.org/web/20220121051105/https://magento.com/security/patches/magento-2.3.3-and-2.2.10-security-update>\n\n",
    "Severity": {
        "Score": "4.8/ 10 (Moderate)",
        "CVSS base metrics": {
            "Attack vector": "Network",
            "Attack complexity": "Low",
            "Privileges required": "High",
            "User interaction": "Required",
            "Scope": "Changed",
            "Confidentiality": "Low",
            "Integrity": "Low",
            "Availability": "None"
        },
        "CVSS string": "CVSS:3.1/AV:N/AC:L/PR:H/UI:R/S:C/C:L/I:L/A:N"
    },
    "Weaknesses": [
        "[CWE-79](/advisories?query=cwe%3A79)"
    ],
    "CVE ID": "CVE-2019-8115",
    "GHSA ID": "GHSA-29mr-gr4c-vf9c",
    "Source code": "[magento/magento2](https://github.com/magento/magento2)"
}