{
    "Title": "Path traversal in atlasboard",
    "Meta": {
        "Package": [
            "atlasboard([npm](/advisories?query=ecosystem%3Anpm))"
        ],
        "Affected versions": [
            "< 1.1.9"
        ],
        "Patched versions": [
            "1.1.9"
        ]
    },
    "Description": "The renderWidgetResource resource in Atlasian Atlasboard before version 1.1.9\nallows remote attackers to read arbitrary files via a path traversal\nvulnerability.\n\n### References\n\n  * <https://nvd.nist.gov/vuln/detail/CVE-2021-39109>\n  * <https://bitbucket.org/atlassian/atlasboard/commits/9c03df09f09399e2601010466e8ba3a28236eb9c>\n  * <https://bitbucket.org/atlassian/atlasboard/pull-requests/91/buildeng-19379-apply-only-the-path>\n\n",
    "Severity": {
        "Score": "(High)"
    },
    "Weaknesses": [
        "[CWE-22](/advisories?query=cwe%3A22)"
    ],
    "CVE ID": "CVE-2021-39109",
    "GHSA ID": "GHSA-25pr-6pr6-68v7",
    "Source code": "[https://bitbucket.org/atlassian/atlasboard/src/master/](https://bitbucket.org/atlassian/atlasboard/src/master/)"
}