{
    "Title": "Cross-site Scripting (XSS) in Website Settings name field",
    "Meta": {
        "Package": [
            "pimcore/pimcore([Composer](/advisories?query=ecosystem%3Acomposer))"
        ],
        "Affected versions": [
            "< 10.5.21"
        ],
        "Patched versions": [
            "10.5.21"
        ]
    },
    "Description": "### Impact\n\nThis vulnerability has the potential to steal a user's cookie and gain\nunauthorized access to that user's account through the stolen cookie or\nredirect users to other malicious sites.\n\n### Patches\n\nUpdate to version 10.5.21 or apply this patches manually  \n<https://github.com/pimcore/pimcore/commit/07a2c95be524c7e20105cef58c5767d4ebb06091.patch>  \n<https://github.com/pimcore/pimcore/commit/42a5bbe5f16b97371fdbfdcf2bb3ee759dea8564.patch>\n\n### Workarounds\n\nApply patches manually:  \n<https://github.com/pimcore/pimcore/commit/07a2c95be524c7e20105cef58c5767d4ebb06091.patch>  \n<https://github.com/pimcore/pimcore/commit/42a5bbe5f16b97371fdbfdcf2bb3ee759dea8564.patch>\n\n### References\n\n<https://huntr.dev/bounties/01cd3ed5-dce8-4021-9de0-81cb14bf1829/>\n\n### References\n\n  * [GHSA-2c67-p4xh-m34w](https://github.com/pimcore/pimcore/security/advisories/GHSA-2c67-p4xh-m34w \"GHSA-2c67-p4xh-m34w\")\n  * <https://nvd.nist.gov/vuln/detail/CVE-2023-2342>\n  * [pimcore/pimcore@`42a5bbe`](https://github.com/pimcore/pimcore/commit/42a5bbe5f16b97371fdbfdcf2bb3ee759dea8564)\n  * <https://huntr.dev/bounties/01cd3ed5-dce8-4021-9de0-81cb14bf1829>\n\n",
    "Severity": {
        "Score": "5.4/ 10 (Moderate)",
        "CVSS base metrics": {
            "Attack vector": "Network",
            "Attack complexity": "Low",
            "Privileges required": "Low",
            "User interaction": "Required",
            "Scope": "Changed",
            "Confidentiality": "Low",
            "Integrity": "Low",
            "Availability": "None"
        },
        "CVSS string": "CVSS:3.1/AV:N/AC:L/PR:L/UI:R/S:C/C:L/I:L/A:N"
    },
    "Weaknesses": [
        "[CWE-79](/advisories?query=cwe%3A79)"
    ],
    "CVE ID": "CVE-2023-2342",
    "GHSA ID": "GHSA-2c67-p4xh-m34w",
    "Source code": "[pimcore/pimcore](https://github.com/pimcore/pimcore)"
}