{
    "Title": "KubeView vulnerable to full cluster takeover due to improper authentication",
    "Meta": {
        "Package": [
            "github.com/benc-uk/kubeview([Go](/advisories?query=ecosystem%3Ago))"
        ],
        "Affected versions": [
            "<= 0.1.31"
        ],
        "Patched versions": [
            "None"
        ]
    },
    "Description": "KubeView through 0.1.31 allows attackers to obtain control of a Kubernetes\ncluster because api/scrape/kube-system does not require authentication, and\nretrieves certificate files that can be used for authentication as kube-admin.\nNOTE: the vendor's position is that KubeView was a \"fun side project and a\nlearning exercise,\" and not \"very secure.\"\n\n### References\n\n  * <https://nvd.nist.gov/vuln/detail/CVE-2022-45933>\n  * [benc-uk/kubeview#95](https://github.com/benc-uk/kubeview/issues/95)\n\n",
    "Severity": {
        "Score": "9.8/ 10 (Critical)",
        "CVSS base metrics": {
            "Attack vector": "Network",
            "Attack complexity": "Low",
            "Privileges required": "None",
            "User interaction": "None",
            "Scope": "Unchanged",
            "Confidentiality": "High",
            "Integrity": "High",
            "Availability": "High"
        },
        "CVSS string": "CVSS:3.1/AV:N/AC:L/PR:N/UI:N/S:U/C:H/I:H/A:H"
    },
    "Weaknesses": [
        "[CWE-287](/advisories?query=cwe%3A287)",
        "[CWE-306](/advisories?query=cwe%3A306)"
    ],
    "CVE ID": "CVE-2022-45933",
    "GHSA ID": "GHSA-22vc-5pgw-644q",
    "Source code": "[benc-uk/kubeview](https://github.com/benc-uk/kubeview)"
}