{
    "Title": "Apache NiFi process group information disclosure",
    "Meta": {
        "Package": [
            "org.apache.nifi:nifi([Maven](/advisories?query=ecosystem%3Amaven))"
        ],
        "Affected versions": [
            ">= 1.3.0, < 1.10.0"
        ],
        "Patched versions": [
            "1.10.0"
        ]
    },
    "Description": "When updating a Process Group via the API in NiFi versions 1.3.0 to 1.9.2, the\nresponse to the request includes all of its contents (at the top most level,\nnot recursively). The response included details about processors and\ncontroller services which the user may not have had read access to.\n\n### References\n\n  * <https://nvd.nist.gov/vuln/detail/CVE-2019-10083>\n  * <https://nifi.apache.org/security.html#CVE-2019-10083>\n  * <https://lists.apache.org/thread.html/rca37935d661f4689cb4119f1b3b224413b22be161b678e6e6ce0c69b@%3Ccommits.nifi.apache.org%3E>\n\n",
    "Severity": {
        "Score": "5.3/ 10 (Moderate)",
        "CVSS base metrics": {
            "Attack vector": "Network",
            "Attack complexity": "Low",
            "Privileges required": "None",
            "User interaction": "None",
            "Scope": "Unchanged",
            "Confidentiality": "Low",
            "Integrity": "None",
            "Availability": "None"
        },
        "CVSS string": "CVSS:3.1/AV:N/AC:L/PR:N/UI:N/S:U/C:L/I:N/A:N"
    },
    "Weaknesses": [
        "[CWE-200](/advisories?query=cwe%3A200)"
    ],
    "CVE ID": "CVE-2019-10083",
    "GHSA ID": "GHSA-26p8-xrj2-mv53",
    "Source code": "No known source code"
}