{
    "Title": "RubyGems HTTPS to HTTP redirect",
    "Meta": {
        "Package": [
            "rubygems-update([RubyGems](/advisories?query=ecosystem%3Arubygems))"
        ],
        "Affected versions": [
            "< 1.8.23"
        ],
        "Patched versions": [
            "1.8.23"
        ]
    },
    "Description": "RubyGems before 1.8.23 can redirect HTTPS connections to HTTP, which makes it\neasier for remote attackers to observe or modify a gem during installation via\na man-in-the-middle attack.\n\n### References\n\n  * <https://nvd.nist.gov/vuln/detail/CVE-2012-2125>\n  * <https://bugzilla.redhat.com/show_bug.cgi?id=814718>\n  * <https://github.com/rubygems/rubygems/blob/1.8/History.txt>\n  * <http://rhn.redhat.com/errata/RHSA-2013-1203.html>\n  * <http://rhn.redhat.com/errata/RHSA-2013-1441.html>\n  * <http://rhn.redhat.com/errata/RHSA-2013-1852.html>\n  * <http://www.openwall.com/lists/oss-security/2012/04/20/24>\n  * <http://www.ubuntu.com/usn/USN-1582-1/>\n  * <https://github.com/rubysec/ruby-advisory-db/blob/master/gems/rubygems-update/CVE-2012-2125.yml>\n\n",
    "Severity": {
        "Score": "(Moderate)"
    },
    "Weaknesses": [],
    "CVE ID": "CVE-2012-2125",
    "GHSA ID": "GHSA-228f-g3h7-3fj3",
    "Source code": "[rubygems/rubygems](https://github.com/rubygems/rubygems)"
}