{
    "Title": "Parse Server before v3.4.1 vulnerable to Denial of Service",
    "Meta": {
        "Package": [
            "parse-server([npm](/advisories?query=ecosystem%3Anpm))"
        ],
        "Affected versions": [
            "< 3.4.1"
        ],
        "Patched versions": [
            "3.4.1"
        ]
    },
    "Description": "### Impact\n\nIf a POST request is made to /parse/classes/_Audience (or other volatile\nclass), any subsuquent POST requests result in an internal server error (500).\n\n### Patches\n\nAfflicted installations will also have to remove the offending collection from\ntheir database.\n\nYes, patched in 3.4.1\n\n### Workarounds\n\nYes, user can apply: [parse-community/parse-\nserver@`8709daf`](https://github.com/parse-community/parse-\nserver/commit/8709daf698ea69b59268cb66f0f7cee75b52daa5)\n\n### References\n\nNothing other than this advisory at this time\n\n### For more information\n\nIf you have any questions or comments about this advisory:\n\n  * Open an issue in [parse-server](https://github.com/parse-community/parse-server)\n  * Email us at [security@parseplatform.org](mailto:security@parseplatform.org)\n\n### References\n\n  * [GHSA-2479-qvv7-47qq](https://github.com/parse-community/parse-server/security/advisories/GHSA-2479-qvv7-47qq \"GHSA-2479-qvv7-47qq\")\n  * <https://nvd.nist.gov/vuln/detail/CVE-2019-1020012>\n  * [GHSA-2479-qvv7-47qq](https://github.com/advisories/GHSA-2479-qvv7-47qq \"GHSA-2479-qvv7-47qq\")\n  * <https://snyk.io/vuln/SNYK-JS-PARSESERVER-455635>\n  * <https://www.npmjs.com/advisories/1113>\n\n",
    "Severity": {
        "Score": "7.5/ 10 (High)",
        "CVSS base metrics": {
            "Attack vector": "Network",
            "Attack complexity": "Low",
            "Privileges required": "None",
            "User interaction": "None",
            "Scope": "Unchanged",
            "Confidentiality": "None",
            "Integrity": "None",
            "Availability": "High"
        },
        "CVSS string": "CVSS:3.0/AV:N/AC:L/PR:N/UI:N/S:U/C:N/I:N/A:H"
    },
    "Weaknesses": [
        "[CWE-444](/advisories?query=cwe%3A444)"
    ],
    "CVE ID": "CVE-2019-1020012",
    "GHSA ID": "GHSA-2479-qvv7-47qq",
    "Source code": "[parse-community/parse-server](https://github.com/parse-community/parse-server)"
}