{
    "Title": "Plone XSS",
    "Meta": {
        "Package": [
            "plone([pip](/advisories?query=ecosystem%3Apip))"
        ],
        "Affected versions": [
            ">= 5.0.0, <= 5.0.6",
            ">= 4.0.0, <= 4.3.11"
        ],
        "Patched versions": [
            "None"
        ]
    },
    "Description": "z3c.form in Plone CMS 5.x through 5.0.6 and 4.x through 4.3.11 allows remote\nattackers to conduct cross-site scripting (XSS) attacks via a crafted GET\nrequest.\n\n### References\n\n  * <https://nvd.nist.gov/vuln/detail/CVE-2016-7136>\n  * <https://plone.org/security/hotfix/20160830/non-persistent-xss-in-plone-forms>\n  * <http://packetstormsecurity.com/files/139110/Plone-CMS-4.3.11-5.0.6-XSS-Traversal-Open-Redirection.html>\n  * <http://seclists.org/fulldisclosure/2016/Oct/80>\n  * <http://www.openwall.com/lists/oss-security/2016/09/05/4>\n  * <http://www.openwall.com/lists/oss-security/2016/09/05/5>\n  * <https://web.archive.org/web/20210625091607/http://www.securityfocus.com/bid/92752>\n  * <https://web.archive.org/web/20210625092107/http://www.securityfocus.com/archive/1/539572/100/0/threaded>\n\n",
    "Severity": {
        "Score": "6.1/ 10 (Moderate)",
        "CVSS base metrics": {
            "Attack vector": "Network",
            "Attack complexity": "Low",
            "Privileges required": "None",
            "User interaction": "Required",
            "Scope": "Changed",
            "Confidentiality": "Low",
            "Integrity": "Low",
            "Availability": "None"
        },
        "CVSS string": "CVSS:3.0/AV:N/AC:L/PR:N/UI:R/S:C/C:L/I:L/A:N"
    },
    "Weaknesses": [
        "[CWE-79](/advisories?query=cwe%3A79)"
    ],
    "CVE ID": "CVE-2016-7136",
    "GHSA ID": "GHSA-22jm-p2vv-j2hc",
    "Source code": "[plone/Plone](https://github.com/plone/Plone)"
}