{
    "Title": "`rmp-serde` `Raw` and `RawRef` may crash when receiving invalid UTF-8",
    "Meta": {
        "Package": [
            "rmp-serde([Rust](/advisories?query=ecosystem%3Arust))"
        ],
        "Affected versions": [
            "< 1.1.1"
        ],
        "Patched versions": [
            "1.1.1"
        ]
    },
    "Description": "It was found that `Raw::from_utf8` expects valid UTF-8. If invalid UTF-8 is\nreceived it can cause the process to crash.\n\n### References\n\n  * [3Hren/msgpack-rust#305](https://github.com/3Hren/msgpack-rust/issues/305)\n  * <https://rustsec.org/advisories/RUSTSEC-2022-0092.html>\n\n",
    "Severity": {
        "Score": "(Moderate)"
    },
    "Weaknesses": [],
    "CVE ID": "No known CVE",
    "GHSA ID": "GHSA-255r-3prx-mf99",
    "Source code": "[3Hren/msgpack-rust](https://github.com/3Hren/msgpack-rust)"
}