{
    "Title": "Jenkins Support Core Plugin allowed users with Overall/Read permission to delete arbitrary files",
    "Meta": {
        "Package": [
            "org.jenkins-ci.plugins:support-core([Maven](/advisories?query=ecosystem%3Amaven))"
        ],
        "Affected versions": [
            "<= 2.63"
        ],
        "Patched versions": [
            "2.64"
        ]
    },
    "Description": "Jenkins Support Core Plugin did not validate the paths submitted for the\n\"Delete Support Bundles\" feature. This allowed users to delete arbitrary files\non the Jenkins controller file system accessible to the OS user account\nrunning Jenkins.\n\nAdditionally, this endpoint did not perform a permission check, allowing users\nwith Overall/Read permission to delete support bundles, and any arbitrary\nother file, with a known name/path.\n\nSupport Core Plugin now only allows the deletion of support bundles and\nrelated files listed on the UI through this feature. It also ensures that only\nusers with \"Download Bundle\" permission are able to delete support bundles.\n\n### References\n\n  * <https://nvd.nist.gov/vuln/detail/CVE-2019-16540>\n  * <https://jenkins.io/security/advisory/2019-11-21/#SECURITY-1634>\n  * <http://www.openwall.com/lists/oss-security/2019/11/21/1>\n  * [jenkinsci/support-core-plugin@`6b177ea`](https://github.com/jenkinsci/support-core-plugin/commit/6b177ea7cc7347e13fa87174472400bbbe78d422)\n\n",
    "Severity": {
        "Score": "7.1/ 10 (High)",
        "CVSS base metrics": {
            "Attack vector": "Network",
            "Attack complexity": "Low",
            "Privileges required": "Low",
            "User interaction": "None",
            "Scope": "Unchanged",
            "Confidentiality": "None",
            "Integrity": "High",
            "Availability": "Low"
        },
        "CVSS string": "CVSS:3.0/AV:N/AC:L/PR:L/UI:N/S:U/C:N/I:H/A:L"
    },
    "Weaknesses": [
        "[CWE-22](/advisories?query=cwe%3A22)"
    ],
    "CVE ID": "CVE-2019-16540",
    "GHSA ID": "GHSA-2cxg-448h-4wxj",
    "Source code": "[jenkinsci/support-core-plugin](https://github.com/jenkinsci/support-core-plugin)"
}