{
    "Title": "Incorrect handling of credential expiry by /nats-io/nats-server",
    "Meta": {
        "Package": [
            "github.com/nats-io/jwt([Go](/advisories?query=ecosystem%3Ago))"
        ],
        "Affected versions": [
            "< 1.1.0"
        ],
        "Patched versions": [
            "1.1.0"
        ]
    },
    "Description": "(This advisory is canonically\n<https://advisories.nats.io/CVE/CVE-2020-26892.txt> )\n\n## Problem Description\n\nNATS nats-server through 2020-10-07 has Incorrect Access Control because of\nhow expired credentials are handled.\n\nThe NATS accounts system has expiration timestamps on credentials; the\n<https://github.com/nats-io/jwt> library had an API which encouraged misuse\nand an `IsRevoked()` method which misused its own API.\n\nA new `IsClaimRevoked()` method has correct handling and the nats-server has\nbeen updated to use this. The old `IsRevoked()` method now always returns true\nand other client code will have to be updated to avoid calling it.\n\nThe CVE identifier should cover any application using the old JWT API, where\nthe nats-server is one of those applications.\n\n## Affected versions\n\n#### JWT library\n\n  * all versions prior to 1.1.0\n  * fixed after nats-io/jwt PR 103 landed (2020-10-06)\n\n#### NATS Server\n\n  * Version 2 prior to 2.1.9 \n    * 2.0.0 through and including 2.1.8 are vulnerable.\n  * fixed with nats-io/nats-server PRs 1632, 1635, 1645\n\n## Impact\n\nTime-based credential expiry did not work.\n\n## Workaround\n\nHave credentials which only expire after fixes can be deployed.\n\n## Solution\n\nUpgrade the JWT dependency in any application using it.\n\nUpgrade the NATS server if using NATS Accounts.\n\n### References\n\n  * [GHSA-2c64-vj8g-vwrq](https://github.com/nats-io/nats-server/security/advisories/GHSA-2c64-vj8g-vwrq \"GHSA-2c64-vj8g-vwrq\")\n  * [nats-io/jwt@`e11ce31`](https://github.com/nats-io/jwt/commit/e11ce317263cef69619fc1ca743b195d02aa1d8a)\n  * <https://advisories.nats.io/CVE/CVE-2020-26892.txt>\n\n",
    "Severity": {
        "Score": "(High)"
    },
    "Weaknesses": [
        "[CWE-284](/advisories?query=cwe%3A284)"
    ],
    "CVE ID": "No known CVE",
    "GHSA ID": "GHSA-2c64-vj8g-vwrq",
    "Source code": "No known source code"
}