{
    "Title": "Cross Site Scripting in nilsteampassnet/teampass",
    "Meta": {
        "Package": [
            "nilsteampassnet/teampass([Composer](/advisories?query=ecosystem%3Acomposer))"
        ],
        "Affected versions": [
            "< 3.0.7"
        ],
        "Patched versions": [
            "3.0.7"
        ]
    },
    "Description": "nilsteampassnet/teampass prior to version 3.0.7 is vulnerable to cross site\nscripting (XSS) from item names within a folder.\n\n### References\n\n  * <https://nvd.nist.gov/vuln/detail/CVE-2023-2516>\n  * [nilsteampassnet/TeamPass@`39b774c`](https://github.com/nilsteampassnet/TeamPass/commit/39b774cba118ca5383b0a51a71b1e7dea2761927)\n  * <https://huntr.dev/bounties/19470f0b-7094-4339-8d4a-4b5570b54716>\n\n",
    "Severity": {
        "Score": "5.4/ 10 (Moderate)",
        "CVSS base metrics": {
            "Attack vector": "Network",
            "Attack complexity": "Low",
            "Privileges required": "None",
            "User interaction": "Required",
            "Scope": "Unchanged",
            "Confidentiality": "Low",
            "Integrity": "Low",
            "Availability": "None"
        },
        "CVSS string": "CVSS:3.0/AV:N/AC:L/PR:N/UI:R/S:U/C:L/I:L/A:N"
    },
    "Weaknesses": [
        "[CWE-79](/advisories?query=cwe%3A79)"
    ],
    "CVE ID": "CVE-2023-2516",
    "GHSA ID": "GHSA-2ffp-w665-9mgx",
    "Source code": "[nilsteampassnet/teampass](https://github.com/nilsteampassnet/teampass)"
}