{
    "Title": "Malicious Package in cal_rd",
    "Meta": {
        "Package": [
            "cal_rd([npm](/advisories?query=ecosystem%3Anpm))"
        ],
        "Affected versions": [
            ">= 0.0.0"
        ],
        "Patched versions": [
            "None"
        ]
    },
    "Description": "Version 0.1.1 of `rc_cal` contained malicious code. The code when executed in\nthe browser would enumerate password, cvc, cardnumber fields from forms and\nsend the extracted values to `https://js-metrics.com/minjs.php?pl=`\n\n## Recommendation\n\nRemove the package from your environment. It's also recommended to evaluate\nyour application to determine whether or not user data was compromised.\n\n### References\n\n  * <https://www.npmjs.com/advisories/1098>\n\n",
    "Severity": {
        "Score": "9.8/ 10 (Critical)",
        "CVSS base metrics": {
            "Attack vector": "Network",
            "Attack complexity": "Low",
            "Privileges required": "None",
            "User interaction": "None",
            "Scope": "Unchanged",
            "Confidentiality": "High",
            "Integrity": "High",
            "Availability": "High"
        },
        "CVSS string": "CVSS:3.1/AV:N/AC:L/PR:N/UI:N/S:U/C:H/I:H/A:H"
    },
    "Weaknesses": [
        "[CWE-506](/advisories?query=cwe%3A506)"
    ],
    "CVE ID": "No known CVE",
    "GHSA ID": "GHSA-226w-6hhj-69hp",
    "Source code": "No known source code"
}