{
    "Title": "Moodle Session Fixation vulnerability",
    "Meta": {
        "Package": [
            "moodle/moodle([Composer](/advisories?query=ecosystem%3Acomposer))"
        ],
        "Affected versions": [
            ">= 3.11.0-beta, < 3.11.1",
            ">= 3.10.0-beta, < 3.10.5",
            "< 3.9.8"
        ],
        "Patched versions": [
            "3.11.1",
            "3.10.5",
            "3.9.8"
        ]
    },
    "Description": "In Moodle, a remote code execution risk was identified in the Shibboleth\nauthentication plugin.\n\n### References\n\n  * <https://nvd.nist.gov/vuln/detail/CVE-2021-36394>\n  * <https://moodle.org/mod/forum/discuss.php?d=424799>\n\n",
    "Severity": {
        "Score": "(High)"
    },
    "Weaknesses": [
        "[CWE-384](/advisories?query=cwe%3A384)"
    ],
    "CVE ID": "CVE-2021-36394",
    "GHSA ID": "GHSA-2563-fp9c-mgm8",
    "Source code": "[moodle/moodle](https://github.com/moodle/moodle)"
}