{
    "Title": "non-admin users can create integration role with administrator role",
    "Meta": {
        "Package": [
            "shopware/core([Composer](/advisories?query=ecosystem%3Acomposer))"
        ],
        "Affected versions": [
            "<= 6.4.1.0"
        ],
        "Patched versions": [
            "6.4.1.1"
        ]
    },
    "Description": "### Impact\n\nnon-admin users can create integration role with administrator role\n\n### Patches\n\nWe recommend updating to the current version 6.4.1.1. You can get the update\nto 6.4.1.1 regularly via the Auto-Updater or directly via the download\noverview.\n\n<https://www.shopware.com/en/download/#shopware-6>\n\n### Workarounds\n\nFor older versions of 6.1, 6.2, and 6.3 corresponding security measures are\nalso available via a plugin. For the full range of functions, we recommend\nupdating to the latest Shopware version.\n\n<https://store.shopware.com/en/detail/index/sArticle/518463/number/Swag136939272659>\n\n### References\n\n  * [GHSA-243q-g9j3-qf6r](https://github.com/shopware/shopware/security/advisories/GHSA-243q-g9j3-qf6r \"GHSA-243q-g9j3-qf6r\")\n\n",
    "Severity": {
        "Score": "(Moderate)"
    },
    "Weaknesses": [],
    "CVE ID": "No known CVE",
    "GHSA ID": "GHSA-243q-g9j3-qf6r",
    "Source code": "No known source code"
}