{
    "Title": "FPE in LSH in TFLite",
    "Meta": {
        "Package": [
            "tensorflow([pip](/advisories?query=ecosystem%3Apip))"
        ],
        "Affected versions": [
            "< 2.3.4",
            ">= 2.4.0, < 2.4.3",
            "= 2.5.0"
        ],
        "Patched versions": [
            "2.3.4",
            "2.4.3",
            "2.5.1"
        ]
    },
    "Description": "### Impact\n\nAn attacker can craft a TFLite model that would trigger a division by zero\nerror in LSH\n[implementation](https://github.com/tensorflow/tensorflow/blob/149562d49faa709ea80df1d99fc41d005b81082a/tensorflow/lite/kernels/lsh_projection.cc#L118).\n\n    \n    \n    int RunningSignBit(const TfLiteTensor* input, const TfLiteTensor* weight,\n                       float seed) {\n      int input_item_bytes = input->bytes / SizeOfDimension(input, 0);\n      // ...\n    }\n\nThere is no check that the first dimension of the input is non zero.\n\n### Patches\n\nWe have patched the issue in GitHub commit\n[0575b640091680cfb70f4dd93e70658de43b94f9](https://github.com/tensorflow/tensorflow/commit/0575b640091680cfb70f4dd93e70658de43b94f9).\n\nThe fix will be included in TensorFlow 2.6.0. We will also cherrypick\nthiscommit on TensorFlow 2.5.1, TensorFlow 2.4.3, and TensorFlow 2.3.4, as\nthese are also affected and still in supported range.\n\n### For more information\n\nPlease consult [our security\nguide](https://github.com/tensorflow/tensorflow/blob/master/SECURITY.md) for\nmore information regarding the security model and how to contact us with\nissues and questions.\n\n### Attribution\n\nThis vulnerability has been reported by Yakun Zhang of Baidu Security.\n\n### References\n\n  * [GHSA-27qf-jwm8-g7f3](https://github.com/tensorflow/tensorflow/security/advisories/GHSA-27qf-jwm8-g7f3 \"GHSA-27qf-jwm8-g7f3\")\n  * <https://nvd.nist.gov/vuln/detail/CVE-2021-37691>\n  * [tensorflow/tensorflow@`0575b64`](https://github.com/tensorflow/tensorflow/commit/0575b640091680cfb70f4dd93e70658de43b94f9)\n\n",
    "Severity": {
        "Score": "5.5/ 10 (Moderate)",
        "CVSS base metrics": {
            "Attack vector": "Local",
            "Attack complexity": "Low",
            "Privileges required": "Low",
            "User interaction": "None",
            "Scope": "Unchanged",
            "Confidentiality": "None",
            "Integrity": "None",
            "Availability": "High"
        },
        "CVSS string": "CVSS:3.1/AV:L/AC:L/PR:L/UI:N/S:U/C:N/I:N/A:H"
    },
    "Weaknesses": [
        "[CWE-369](/advisories?query=cwe%3A369)"
    ],
    "CVE ID": "CVE-2021-37691",
    "GHSA ID": "GHSA-27qf-jwm8-g7f3",
    "Source code": "[tensorflow/tensorflow](https://github.com/tensorflow/tensorflow)"
}