{
    "Title": "Jenkins Build Failure Analyzer Plugin Cross-site Scripting vulnerability",
    "Meta": {
        "Package": [
            "com.sonyericsson.jenkins.plugins.bfa:build-failure-analyzer([Maven](/advisories?query=ecosystem%3Amaven))"
        ],
        "Affected versions": [
            "< 2.4.2"
        ],
        "Patched versions": [
            "2.4.2"
        ]
    },
    "Description": "Jenkins Build Failure Analyzer Plugin 2.4.1 and earlier does not escape\nFailure Cause names in build logs.\n\nThis results in a stored cross-site scripting (XSS) vulnerability exploitable\nby attackers able to create or update Failure Causes.\n\nBuild Failure Analyzer Plugin 2.4.2 escapes Failure Cause names in build logs.\n\n### References\n\n  * <https://nvd.nist.gov/vuln/detail/CVE-2023-43499>\n  * <https://www.jenkins.io/security/advisory/2023-09-20/#SECURITY-3244>\n  * <http://www.openwall.com/lists/oss-security/2023/09/20/5>\n\n",
    "Severity": {
        "Score": "8.0/ 10 (High)",
        "CVSS base metrics": {
            "Attack vector": "Network",
            "Attack complexity": "Low",
            "Privileges required": "Low",
            "User interaction": "Required",
            "Scope": "Unchanged",
            "Confidentiality": "High",
            "Integrity": "High",
            "Availability": "High"
        },
        "CVSS string": "CVSS:3.1/AV:N/AC:L/PR:L/UI:R/S:U/C:H/I:H/A:H"
    },
    "Weaknesses": [
        "[CWE-79](/advisories?query=cwe%3A79)"
    ],
    "CVE ID": "CVE-2023-43499",
    "GHSA ID": "GHSA-262f-77q5-rqv6",
    "Source code": "No known source code"
}