{
    "Title": "Malicious Package in nginxbeautifier",
    "Meta": {
        "Package": [
            "nginxbeautifier([npm](/advisories?query=ecosystem%3Anpm))"
        ],
        "Affected versions": [
            "= 1.0.14"
        ],
        "Patched versions": [
            "1.0.15"
        ]
    },
    "Description": "Version 1.0.14 of `nginxbeautifier` contained malicious code. The code when\nexecuted in the browser would enumerate password, cvc, cardnumber fields from\nforms and send the extracted values to `https://js-metrics.com/minjs.php?pl=`\n\n## Recommendation\n\nIf version 1.0.14 of this module is found installed you will want to replace\nit with a version before or after 1.0.14. In addition to replacing the\ninstalled module, you will also want to evaluate your application to determine\nwhether or not user data was compromised.\n\n### References\n\n  * <https://www.npmjs.com/advisories/639>\n\n",
    "Severity": {
        "Score": "9.8/ 10 (Critical)",
        "CVSS base metrics": {
            "Attack vector": "Network",
            "Attack complexity": "Low",
            "Privileges required": "None",
            "User interaction": "None",
            "Scope": "Unchanged",
            "Confidentiality": "High",
            "Integrity": "High",
            "Availability": "High"
        },
        "CVSS string": "CVSS:3.1/AV:N/AC:L/PR:N/UI:N/S:U/C:H/I:H/A:H"
    },
    "Weaknesses": [
        "[CWE-506](/advisories?query=cwe%3A506)"
    ],
    "CVE ID": "No known CVE",
    "GHSA ID": "GHSA-28xx-8j99-m32j",
    "Source code": "No known source code"
}