{
    "Title": "XSS in Django",
    "Meta": {
        "Package": [
            "django([pip](/advisories?query=ecosystem%3Apip))"
        ],
        "Affected versions": [
            ">= 2.0.0, < 2.2.13",
            ">= 3.0.0, < 3.0.7"
        ],
        "Patched versions": [
            "2.2.13",
            "3.0.7"
        ]
    },
    "Description": "An issue was discovered in Django version 2.2 before 2.2.13 and 3.0 before\n3.0.7. Query parameters generated by the Django admin ForeignKeyRawIdWidget\nwere not properly URL encoded, leading to a possibility of an XSS attack.\n\n### References\n\n  * <https://nvd.nist.gov/vuln/detail/CVE-2020-13596>\n  * <https://docs.djangoproject.com/en/3.0/releases/security/>\n  * <https://groups.google.com/forum/#!msg/django-announce/pPEmb2ot4Fo/X-SMalYSBAAJ>\n  * <https://www.djangoproject.com/weblog/2020/jun/03/security-releases/>\n  * <https://lists.fedoraproject.org/archives/list/package-announce@lists.fedoraproject.org/message/4A2AP4T7RKPBCLTI2NNQG3T6MINDUUMZ/>\n  * <https://security.netapp.com/advisory/ntap-20200611-0002/>\n  * <https://usn.ubuntu.com/4381-1/>\n  * <https://usn.ubuntu.com/4381-2/>\n  * <https://www.debian.org/security/2020/dsa-4705>\n  * <https://www.oracle.com/security-alerts/cpujan2021.html>\n  * [django/django@`1f2dd37`](https://github.com/django/django/commit/1f2dd37f6fcefdd10ed44cb233b2e62b520afb38)\n  * [django/django@`6d61860`](https://github.com/django/django/commit/6d61860b22875f358fac83d903dc629897934815)\n\n",
    "Severity": {
        "Score": "6.1/ 10 (Moderate)",
        "CVSS base metrics": {
            "Attack vector": "Network",
            "Attack complexity": "Low",
            "Privileges required": "None",
            "User interaction": "Required",
            "Scope": "Changed",
            "Confidentiality": "Low",
            "Integrity": "Low",
            "Availability": "None"
        },
        "CVSS string": "CVSS:3.1/AV:N/AC:L/PR:N/UI:R/S:C/C:L/I:L/A:N"
    },
    "Weaknesses": [
        "[CWE-79](/advisories?query=cwe%3A79)"
    ],
    "CVE ID": "CVE-2020-13596",
    "GHSA ID": "GHSA-2m34-jcjv-45xf",
    "Source code": "[django/django](https://github.com/django/django)"
}