{
    "Title": "Missing Regex anchor in Rack-Cors allows malicious third party site to perform CORS request",
    "Meta": {
        "Package": [
            "rack-cors([RubyGems](/advisories?query=ecosystem%3Arubygems))"
        ],
        "Affected versions": [
            "< 0.4.1"
        ],
        "Patched versions": [
            "0.4.1"
        ]
    },
    "Description": "Missing anchor in generated regex for rack-cors before 0.4.1 allows a\nmalicious third-party site to perform CORS requests. If the configuration were\nintended to allow only the trusted `example.com` domain name and not the\nmalicious `example.net` domain name, then `example.com.example.net` (as well\nas `example.com-example.net`) would be inadvertently allowed.\n\n### References\n\n  * <https://nvd.nist.gov/vuln/detail/CVE-2017-11173>\n  * [cyu/rack-cors@`42ebe6c`](https://github.com/cyu/rack-cors/commit/42ebe6caa8e85ffa9c8a171bda668ba1acc7a5e6)\n  * <https://packetstormsecurity.com/files/143345/rack-cors-Missing-Anchor.html>\n  * <http://seclists.org/fulldisclosure/2017/Jul/22>\n  * <http://www.debian.org/security/2017/dsa-3931>\n\n",
    "Severity": {
        "Score": "8.8/ 10 (High)",
        "CVSS base metrics": {
            "Attack vector": "Network",
            "Attack complexity": "Low",
            "Privileges required": "None",
            "User interaction": "Required",
            "Scope": "Unchanged",
            "Confidentiality": "High",
            "Integrity": "High",
            "Availability": "High"
        },
        "CVSS string": "CVSS:3.1/AV:N/AC:L/PR:N/UI:R/S:U/C:H/I:H/A:H"
    },
    "Weaknesses": [],
    "CVE ID": "CVE-2017-11173",
    "GHSA ID": "GHSA-2j9c-9vmv-7m39",
    "Source code": "[cyu/rack-cors](https://github.com/cyu/rack-cors)"
}