{
    "Title": "Private Field data leak",
    "Meta": {
        "Package": [
            "@keystonejs/keystone([npm](/advisories?query=ecosystem%3Anpm))"
        ],
        "Affected versions": [
            "<= 19.3.2"
        ],
        "Patched versions": [
            "None"
        ]
    },
    "Description": "This security advisory relates to a newly discovered capability in our query\ninfrastructure to directly or indirectly expose the values of private fields,\nbypassing the configured access control.\n\nThis is an access control related oracle attack in that the attack method\nguides an attacker during their attempt to reveal information they do not have\naccess to. The complexity of completing the attack is limited by some length-\ndependent behaviors and the fidelity of the exposed information.\n\n### Impact\n\nUnder some circumstances, field values or field value meta data can be\ndetermined, despite the field or list having `read` access control configured.\nIf you use private fields or lists, you may be impacted.\n\n### Patches\n\nNone, at this time\n\n### Workarounds\n\nNone, at this time\n\n### References\n\nNone\n\n### For more information\n\nFor the protection of the community and private deployments, we think that the\nbest course of action will be to not disclose further details on any open\nGitHub issues related to this advisory until a hot-fix or work-around has been\ndeployed or published.\n\nIf needed, you can email us at\n[keystone@thinkmill.com.au](mailto:keystone@thinkmill.com.au)\n\n### References\n\n  * [GHSA-27g8-r9vw-765x](https://github.com/keystonejs/keystone-5/security/advisories/GHSA-27g8-r9vw-765x \"GHSA-27g8-r9vw-765x\")\n  * <https://nvd.nist.gov/vuln/detail/CVE-2021-32624>\n\n",
    "Severity": {
        "Score": "7.5/ 10 (High)",
        "CVSS base metrics": {
            "Attack vector": "Network",
            "Attack complexity": "High",
            "Privileges required": "Low",
            "User interaction": "None",
            "Scope": "Unchanged",
            "Confidentiality": "High",
            "Integrity": "High",
            "Availability": "High"
        },
        "CVSS string": "CVSS:3.1/AV:N/AC:H/PR:L/UI:N/S:U/C:H/I:H/A:H"
    },
    "Weaknesses": [
        "[CWE-200](/advisories?query=cwe%3A200)"
    ],
    "CVE ID": "CVE-2021-32624",
    "GHSA ID": "GHSA-27g8-r9vw-765x",
    "Source code": "No known source code"
}