{
    "Title": "mc-kill-port vulnerable to Arbitrary Command Execution via kill function",
    "Meta": {
        "Package": [
            "mc-kill-port([npm](/advisories?query=ecosystem%3Anpm))"
        ],
        "Affected versions": [
            "<= 1.0.1"
        ],
        "Patched versions": [
            "None"
        ]
    },
    "Description": "All versions of package mc-kill-port are vulnerable to Arbitrary Command\nExecution via the `kill` function, due to missing sanitization of the `port`\nargument.\n\n### References\n\n  * <https://nvd.nist.gov/vuln/detail/CVE-2022-25973>\n  * <https://security.snyk.io/vuln/SNYK-JS-MCKILLPORT-2419070>\n  * <https://www.npmjs.com/package/mc-kill-port>\n\n",
    "Severity": {
        "Score": "7.8/ 10 (High)",
        "CVSS base metrics": {
            "Attack vector": "Local",
            "Attack complexity": "Low",
            "Privileges required": "Low",
            "User interaction": "None",
            "Scope": "Unchanged",
            "Confidentiality": "High",
            "Integrity": "High",
            "Availability": "High"
        },
        "CVSS string": "CVSS:3.1/AV:L/AC:L/PR:L/UI:N/S:U/C:H/I:H/A:H"
    },
    "Weaknesses": [
        "[CWE-88](/advisories?query=cwe%3A88)"
    ],
    "CVE ID": "CVE-2022-25973",
    "GHSA ID": "GHSA-2cg4-7q4x-7rr2",
    "Source code": "No known source code"
}