{
    "Title": "IPFS go-bitfield vulnerable to DoS via malformed size arguments",
    "Meta": {
        "Package": [
            "github.com/ipfs/go-bitfield([Go](/advisories?query=ecosystem%3Ago))"
        ],
        "Affected versions": [
            "< 1.1.0"
        ],
        "Patched versions": [
            "1.1.0"
        ]
    },
    "Description": "### Impact\n\nWhen feeding untrusted user input into the size parameter of `NewBitfield` and\n`FromBytes` functions, an attacker can trigger `panic`s.\n\nThis happen when the `size` is a not a multiple of `8` or is negative.  \nThere were already a note in the `NewBitfield` documentation:\n\n>\n>     Panics if size is not a multiple of 8.\n>  \n\nBut it incomplete and missing from `FromBytes`'s documentation.\n\nThis has been replaced by returning an `(Bitfield, error)` and returning a non\nnil error if the size is wrong.\n\n### Patches\n\n  * [ipfs/go-bitfield@`5e1d256`](https://github.com/ipfs/go-bitfield/commit/5e1d256fe043fc4163343ccca83862c69c52e579)\n\n### Workarounds\n\n  * Ensure `size%8 == 0 && size >= 0` yourself before calling `NewBitfield` or `FromBytes`\n\n### References\n\n  * [GHSA-q264-w97q-q778](https://github.com/ipfs/go-unixfs/security/advisories/GHSA-q264-w97q-q778 \"GHSA-q264-w97q-q778\")\n\n### References\n\n  * [GHSA-2h6c-j3gf-xp9r](https://github.com/ipfs/go-bitfield/security/advisories/GHSA-2h6c-j3gf-xp9r \"GHSA-2h6c-j3gf-xp9r\")\n  * <https://nvd.nist.gov/vuln/detail/CVE-2023-23626>\n  * [ipfs/go-bitfield@`5e1d256`](https://github.com/ipfs/go-bitfield/commit/5e1d256fe043fc4163343ccca83862c69c52e579)\n  * <https://pkg.go.dev/vuln/GO-2023-1558>\n\n",
    "Severity": {
        "Score": "5.9/ 10 (Moderate)",
        "CVSS base metrics": {
            "Attack vector": "Network",
            "Attack complexity": "High",
            "Privileges required": "None",
            "User interaction": "None",
            "Scope": "Unchanged",
            "Confidentiality": "None",
            "Integrity": "None",
            "Availability": "High"
        },
        "CVSS string": "CVSS:3.1/AV:N/AC:H/PR:N/UI:N/S:U/C:N/I:N/A:H"
    },
    "Weaknesses": [
        "[CWE-754](/advisories?query=cwe%3A754)",
        "[CWE-1284](/advisories?query=cwe%3A1284)"
    ],
    "CVE ID": "CVE-2023-23626",
    "GHSA ID": "GHSA-2h6c-j3gf-xp9r",
    "Source code": "[ipfs/go-bitfield](https://github.com/ipfs/go-bitfield)"
}