{
    "Title": "Deserialization of Untrusted Data in Jenkins",
    "Meta": {
        "Package": [
            "org.jenkins-ci.main:jenkins-core([Maven](/advisories?query=ecosystem%3Amaven))"
        ],
        "Affected versions": [
            "< 2.121.3",
            ">= 2.122, < 2.138"
        ],
        "Patched versions": [
            "2.121.3",
            "2.138"
        ]
    },
    "Description": "A vulnerability exists in Jenkins 2.137 and earlier, 2.121.2 and earlier in\nXStream2.java that allows attackers to have Jenkins resolve a domain name when\ndeserializing an instance of java.net.URL.\n\n### References\n\n  * <https://nvd.nist.gov/vuln/detail/CVE-2018-1999042>\n  * <https://jenkins.io/security/advisory/2018-08-15/#SECURITY-637>\n\n",
    "Severity": {
        "Score": "5.3/ 10 (Moderate)",
        "CVSS base metrics": {
            "Attack vector": "Network",
            "Attack complexity": "Low",
            "Privileges required": "None",
            "User interaction": "None",
            "Scope": "Unchanged",
            "Confidentiality": "Low",
            "Integrity": "None",
            "Availability": "None"
        },
        "CVSS string": "CVSS:3.0/AV:N/AC:L/PR:N/UI:N/S:U/C:L/I:N/A:N"
    },
    "Weaknesses": [
        "[CWE-502](/advisories?query=cwe%3A502)"
    ],
    "CVE ID": "CVE-2018-1999042",
    "GHSA ID": "GHSA-28p3-mchr-9frj",
    "Source code": "[jenkinsci/jenkins](https://github.com/jenkinsci/jenkins)"
}