{
    "Title": "Traefik Missing Authentication",
    "Meta": {
        "Package": [
            "github.com/traefik/traefik([Go](/advisories?query=ecosystem%3Ago))"
        ],
        "Affected versions": [
            ">= 1.6.0, < 1.6.6"
        ],
        "Patched versions": [
            "1.6.6"
        ]
    },
    "Description": "Containous Traefik 1.6.x before 1.6.6, when `--api` is used, exposes the\nconfiguration and secret if authentication is missing and the API's port is\npublicly reachable.\n\n### References\n\n  * <https://nvd.nist.gov/vuln/detail/CVE-2018-15598>\n  * [traefik/traefik#3790](https://github.com/traefik/traefik/pull/3790)\n  * <https://github.com/containous/traefik/releases/tag/v1.6.6>\n  * [traefik/traefik@`113250c`](https://github.com/traefik/traefik/commit/113250ce5735d554c502ca16fb03bb9119ca79f1)\n  * [traefik/traefik@`368bd17`](https://github.com/traefik/traefik/commit/368bd170913078732bde58160f92f202f370278b)\n\n",
    "Severity": {
        "Score": "7.5/ 10 (High)",
        "CVSS base metrics": {
            "Attack vector": "Network",
            "Attack complexity": "Low",
            "Privileges required": "None",
            "User interaction": "None",
            "Scope": "Unchanged",
            "Confidentiality": "High",
            "Integrity": "None",
            "Availability": "None"
        },
        "CVSS string": "CVSS:3.0/AV:N/AC:L/PR:N/UI:N/S:U/C:H/I:N/A:N"
    },
    "Weaknesses": [
        "[CWE-287](/advisories?query=cwe%3A287)"
    ],
    "CVE ID": "CVE-2018-15598",
    "GHSA ID": "GHSA-2cjc-rgmp-x649",
    "Source code": "[containous/traefik](https://github.com/containous/traefik)"
}