{
    "Title": "XXE vulnerability in Launch import",
    "Meta": {
        "Package": [
            "com.epam.reportportal:service-api([Maven](/advisories?query=ecosystem%3Amaven))"
        ],
        "Affected versions": [
            ">= 3.1.0, < 4.3.12",
            ">= 5.0.0, < 5.1.1"
        ],
        "Patched versions": [
            "4.3.12",
            "5.1.1"
        ]
    },
    "Description": "Release Date | Affected Projects | Affected Versions | Access Vector |\nSecurity Risk  \n---|---|---|---|---  \nMonday, May 4, 2020 | [service-api](https://github.com/reportportal/service-\napi) | Every version, starting from 3.1.0 | Remote | Medium  \n  \n### Impact\n\nStarting from version 3.1.0 we introduced a new feature of JUnit XML launch\nimport. Unfortunately XML parser was not configured properly to prevent XML\nexternal entity (XXE) attacks. This allows a user to import a specifically-\ncrafted XML file that uses external entities for extraction of secrets from\nReport Portal service-api module or server-side request forgery.\n\nReport Portal versions 4.3.12+ and 5.1.1+ disables external entity resolution\nfor theirs XML parser.\n\nWe advise our users install the latest releases we built specifically to\naddress this issue.\n\n### Patches\n\nFixed with [reportportal/service-\napi#1201](https://github.com/reportportal/service-api/pull/1201)\n\n### Binary Download\n\n<https://bintray.com/epam/reportportal/service-api/5.1.1>  \n<https://bintray.com/epam/reportportal/service-api/4.3.12>\n\n### Docker Container Download\n\n  * RP v4: `docker pull reportportal/service-api:4.3.12`\n  * RP v5: `docker pull reportportal/service-api:5.1.1`\n\n### Acknowledgement\n\nThe issue was reported to Report Portal Team by an external security\nresearcher.  \nOur Team thanks Julien M. for reporting the issue.\n\n### For more information\n\nIf you have any questions or comments about this advisory email us:\n[support@reportportal.io](mailto:support@reportportal.io)\n\n### References\n\n  * [GHSA-2jx8-v4hv-gx3h](https://github.com/reportportal/reportportal/security/advisories/GHSA-2jx8-v4hv-gx3h \"GHSA-2jx8-v4hv-gx3h\")\n  * <https://nvd.nist.gov/vuln/detail/CVE-2020-12642>\n  * [reportportal/service-api#1201](https://github.com/reportportal/service-api/pull/1201)\n  * [reportportal/service-api@`da4a012`](https://github.com/reportportal/service-api/commit/da4a012abdcc69f02f4255d81466f1f473b7f418)\n\n",
    "Severity": {
        "Score": "7.5/ 10 (High)",
        "CVSS base metrics": {
            "Attack vector": "Network",
            "Attack complexity": "Low",
            "Privileges required": "None",
            "User interaction": "None",
            "Scope": "Unchanged",
            "Confidentiality": "High",
            "Integrity": "None",
            "Availability": "None"
        },
        "CVSS string": "CVSS:3.1/AV:N/AC:L/PR:N/UI:N/S:U/C:H/I:N/A:N"
    },
    "Weaknesses": [
        "[CWE-611](/advisories?query=cwe%3A611)"
    ],
    "CVE ID": "CVE-2020-12642",
    "GHSA ID": "GHSA-2jx8-v4hv-gx3h",
    "Source code": "[reportportal/reportportal](https://github.com/reportportal/reportportal)"
}