{
    "Title": "Kubernetes Unsafe Cacheing",
    "Meta": {
        "Package": [
            "k8s.io/client-go([Go](/advisories?query=ecosystem%3Ago))"
        ],
        "Affected versions": [
            ">= 1.8.0, < 1.12.9"
        ],
        "Patched versions": [
            "1.12.9"
        ]
    },
    "Description": "In Kubernetes v1.8.x-v1.14.x, schema info is cached by kubectl in the location\nspecified by `--cache-dir` (defaulting to `$HOME/.kube/http-cache`), written\nwith world-writeable permissions (`rw-rw-rw-`). If `--cache-dir` is specified\nand pointed at a different location accessible to other users/groups, the\nwritten files may be modified by other users/groups and disrupt the kubectl\ninvocation.\n\n### References\n\n  * <https://nvd.nist.gov/vuln/detail/CVE-2019-11244>\n  * [kubernetes/kubernetes#76676](https://github.com/kubernetes/kubernetes/issues/76676)\n  * [kubernetes/kubernetes#77874](https://github.com/kubernetes/kubernetes/pull/77874)\n  * [kubernetes/kubernetes@`f228ae3`](https://github.com/kubernetes/kubernetes/commit/f228ae3364729caed59087e23c42868454bc3ff4)\n  * [kubernetes/client-go@`790a4f6`](https://github.com/kubernetes/client-go/commit/790a4f63632139cf6731014d00a9a8338f1fbd7d)\n  * <https://access.redhat.com/errata/RHSA-2019:3942>\n  * <https://access.redhat.com/errata/RHSA-2020:0020>\n  * <https://access.redhat.com/errata/RHSA-2020:0074>\n  * <https://security.netapp.com/advisory/ntap-20190509-0002/>\n  * <http://www.securityfocus.com/bid/108064>\n\n",
    "Severity": {
        "Score": "5.0/ 10 (Moderate)",
        "CVSS base metrics": {
            "Attack vector": "Local",
            "Attack complexity": "Low",
            "Privileges required": "Low",
            "User interaction": "Required",
            "Scope": "Unchanged",
            "Confidentiality": "None",
            "Integrity": "High",
            "Availability": "None"
        },
        "CVSS string": "CVSS:3.1/AV:L/AC:L/PR:L/UI:R/S:U/C:N/I:H/A:N"
    },
    "Weaknesses": [
        "[CWE-524](/advisories?query=cwe%3A524)",
        "[CWE-732](/advisories?query=cwe%3A732)"
    ],
    "CVE ID": "CVE-2019-11244",
    "GHSA ID": "GHSA-2575-pghm-6qqx",
    "Source code": "No known source code"
}