{
    "Title": "Lacking Protection against HTTP Request Smuggling in mitmproxy",
    "Meta": {
        "Package": [
            "mitmproxy([pip](/advisories?query=ecosystem%3Apip))"
        ],
        "Affected versions": [
            "< 7.0.3"
        ],
        "Patched versions": [
            "7.0.3"
        ]
    },
    "Description": "### Impact\n\nIn mitmproxy 7.0.2 and below, a malicious client or server is able to perform\n[HTTP request smuggling](https://en.wikipedia.org/wiki/HTTP_request_smuggling)\nattacks through mitmproxy. This means that a malicious client/server could\nsmuggle a request/response through mitmproxy as part of another\nrequest/response's HTTP message body. While mitmproxy would only see one\nrequest, the target server would see multiple requests. A smuggled request is\nstill captured as part of another request's body, but it does not appear in\nthe request list and does not go through the usual mitmproxy event hooks,\nwhere users may have implemented custom access control checks or input\nsanitization.\n\nUnless you use mitmproxy to protect an HTTP/1 service, no action is required.\n\n### Patches\n\nThe vulnerability has been fixed in mitmproxy 7.0.3 and above.\n\n### Acknowledgements\n\nWe thank Jo\u00e3o Sobral ([@chinchila](https://github.com/chinchila)) for\nresponsibly disclosing this vulnerability to the mitmproxy team.\n\n### Timeline\n\n  * **2021-09-08** : Received initial report for mitmproxy <= 6.0.2.\n  * **2021-09-08** : Requested clarification if 7.x is affected.\n  * **2021-09-10** : Received additional details, 7.x situation still unclear.\n  * **2021-09-13** : Internally determined that 7.x is also affected.\n  * **2021-09-13** : Shared initial fix with researcher.\n  * **2021-09-14** : Received confirmation that fix is working, but H2.TE/H2.CL should also be looked at.\n  * **2021-09-14** : Shared revised fix that includes additional H2.TE mitigations.\n  * **2021-09-14** : Received confirmation that revised fix is working.\n  * **2021-09-16** : Completed internal patch review.\n  * **2021-09-16** : Published patch release and advisory.\n\n### References\n\n  * [GHSA-22gh-3r9q-xf38](https://github.com/mitmproxy/mitmproxy/security/advisories/GHSA-22gh-3r9q-xf38 \"GHSA-22gh-3r9q-xf38\")\n  * <https://nvd.nist.gov/vuln/detail/CVE-2021-39214>\n\n",
    "Severity": {
        "Score": "8.1/ 10 (High)",
        "CVSS base metrics": {
            "Attack vector": "Network",
            "Attack complexity": "High",
            "Privileges required": "None",
            "User interaction": "None",
            "Scope": "Unchanged",
            "Confidentiality": "High",
            "Integrity": "High",
            "Availability": "High"
        },
        "CVSS string": "CVSS:3.1/AV:N/AC:H/PR:N/UI:N/S:U/C:H/I:H/A:H"
    },
    "Weaknesses": [
        "[CWE-444](/advisories?query=cwe%3A444)"
    ],
    "CVE ID": "CVE-2021-39214",
    "GHSA ID": "GHSA-22gh-3r9q-xf38",
    "Source code": "[mitmproxy/mitmproxy](https://github.com/mitmproxy/mitmproxy)"
}