{
    "Title": "Remote Code Execution in SCIMono",
    "Meta": {
        "Package": [
            "com.sap.scimono:scimono-server([Maven](/advisories?query=ecosystem%3Amaven))"
        ],
        "Affected versions": [
            "< 0.0.19"
        ],
        "Patched versions": [
            "0.0.19"
        ]
    },
    "Description": "### Impact\n\nIt is possible for attacker to inject and execute java expression and\ncompromising the availability and integrity of the system.\n\n### Patches\n\nThe issue was fixed on [0.0.19\nversion](https://mvnrepository.com/artifact/com.sap.scimono/scimono-\nserver/0.0.19)\n\n### References\n\n  * [GHSA-29q4-gxjq-rx5c](https://github.com/SAP/scimono/security/advisories/GHSA-29q4-gxjq-rx5c \"GHSA-29q4-gxjq-rx5c\")\n  * <https://nvd.nist.gov/vuln/detail/CVE-2021-21479>\n  * [SAP/scimono@`413b5d7`](https://github.com/SAP/scimono/commit/413b5d75fa94e77876af0e47be76475a23745b80)\n  * <https://mvnrepository.com/artifact/com.sap.scimono/scimono-server/0.0.19>\n\n",
    "Severity": {
        "Score": "(High)"
    },
    "Weaknesses": [
        "[CWE-59](/advisories?query=cwe%3A59)",
        "[CWE-62](/advisories?query=cwe%3A62)",
        "[CWE-74](/advisories?query=cwe%3A74)",
        "[CWE-77](/advisories?query=cwe%3A77)",
        "[CWE-690](/advisories?query=cwe%3A690)",
        "[CWE-917](/advisories?query=cwe%3A917)"
    ],
    "CVE ID": "CVE-2021-21479",
    "GHSA ID": "GHSA-29q4-gxjq-rx5c",
    "Source code": "No known source code"
}