{
    "Title": "`temporary` makes use of uninitialized memory",
    "Meta": {
        "Package": [
            "temporary([Rust](/advisories?query=ecosystem%3Arust))"
        ],
        "Affected versions": [
            ">= 0.3.0, < 0.6.4"
        ],
        "Patched versions": [
            "0.6.4"
        ]
    },
    "Description": "Uninitialized memory is used as a RNG seed in temporary. This has been\nresolved in the 0.6.4 release. The crate is not intended to be used outside of\na testing environment. For a general purpose crate to create temporary\ndirectories, [`tempfile`](https://crates.io/crates/tempfile) is an alternative\nfor this crate.\n\n### References\n\n  * [stainless-steel/temporary#2](https://github.com/stainless-steel/temporary/issues/2)\n  * <https://rustsec.org/advisories/RUSTSEC-2018-0022.html>\n\n",
    "Severity": {
        "Score": "(Moderate)"
    },
    "Weaknesses": [],
    "CVE ID": "No known CVE",
    "GHSA ID": "GHSA-2jq9-6xx7-3h29",
    "Source code": "[stainless-steel/temporary](https://github.com/stainless-steel/temporary)"
}