{
    "Title": "sprout Arbitrary Code Execution vulnerability",
    "Meta": {
        "Package": [
            "sprout([RubyGems](/advisories?query=ecosystem%3Arubygems))"
        ],
        "Affected versions": [
            "= 0.7.246"
        ],
        "Patched versions": [
            "None"
        ]
    },
    "Description": "The `unpack_zip` function in `archive_unpacker.rb` in the sprout gem 0.7.246\nfor Ruby allows context-dependent attackers to execute arbitrary commands via\nshell metacharacters in a (1) filename or (2) path.\n\n### References\n\n  * <https://nvd.nist.gov/vuln/detail/CVE-2013-6421>\n  * <http://vapid.dhs.org/advisories/sprout-0.7.246-command-inj.html>\n  * <http://www.openwall.com/lists/oss-security/2013/12/03/1>\n  * <http://www.openwall.com/lists/oss-security/2013/12/03/6>\n  * <https://github.com/rubysec/ruby-advisory-db/blob/master/gems/sprout/CVE-2013-6421.yml>\n  * <http://archives.neohapsis.com/archives/bugtraq/2013-12/0077.html>\n\n",
    "Severity": {
        "Score": "(High)"
    },
    "Weaknesses": [
        "[CWE-94](/advisories?query=cwe%3A94)"
    ],
    "CVE ID": "CVE-2013-6421",
    "GHSA ID": "GHSA-229r-pqp6-8w6g",
    "Source code": "[lukebayes/project-sprouts](https://github.com/lukebayes/project-sprouts)"
}