{
    "Title": "Cross-Site Scripting via JSONP",
    "Meta": {
        "Package": [
            "angular([npm](/advisories?query=ecosystem%3Anpm))"
        ],
        "Affected versions": [
            "< 1.6.0"
        ],
        "Patched versions": [
            "1.6.0"
        ]
    },
    "Description": "JSONP allows untrusted resource URLs, which provides a vector for attack by\nmalicious actors.\n\n### References\n\n  * [angular/angular.js@`6476af8`](https://github.com/angular/angular.js/commit/6476af83cd0418c84e034a955b12a842794385c4)\n  * <https://www.npmjs.com/advisories/1630>\n\n",
    "Severity": {
        "Score": "(Moderate)"
    },
    "Weaknesses": [
        "[CWE-79](/advisories?query=cwe%3A79)"
    ],
    "CVE ID": "No known CVE",
    "GHSA ID": "GHSA-28hp-fgcr-2r4h",
    "Source code": "No known source code"
}