{
    "Title": "Apache JSPWiki XSS due to crafted request on XHRHtml2Markup.jsp",
    "Meta": {
        "Package": [
            "org.apache.jspwiki:jspwiki-main([Maven](/advisories?query=ecosystem%3Amaven))"
        ],
        "Affected versions": [
            "<= 2.11.2"
        ],
        "Patched versions": [
            "2.11.3"
        ]
    },
    "Description": "A carefully crafted request on XHRHtml2Markup.jsp could trigger an XSS\nvulnerability on Apache JSPWiki up to and including 2.11.2, which could allow\nthe attacker to execute javascript in the victim's browser and get some\nsensitive information about the victim. Version 2.11.3 contains a fix for the\nproblem\n\n### References\n\n  * <https://nvd.nist.gov/vuln/detail/CVE-2022-27166>\n  * <https://jspwiki-wiki.apache.org/Wiki.jsp?page=CVE-2022-28732>\n\n",
    "Severity": {
        "Score": "6.1/ 10 (Moderate)",
        "CVSS base metrics": {
            "Attack vector": "Network",
            "Attack complexity": "Low",
            "Privileges required": "None",
            "User interaction": "Required",
            "Scope": "Changed",
            "Confidentiality": "Low",
            "Integrity": "Low",
            "Availability": "None"
        },
        "CVSS string": "CVSS:3.1/AV:N/AC:L/PR:N/UI:R/S:C/C:L/I:L/A:N"
    },
    "Weaknesses": [
        "[CWE-79](/advisories?query=cwe%3A79)"
    ],
    "CVE ID": "CVE-2022-27166",
    "GHSA ID": "GHSA-2fxf-qj94-3f83",
    "Source code": "[apache/jspwiki](https://github.com/apache/jspwiki)"
}