{
    "Title": "Showdoc XSS Vulnerability",
    "Meta": {
        "Package": [
            "showdoc/showdoc([Composer](/advisories?query=ecosystem%3Acomposer))"
        ],
        "Affected versions": [
            "<= 1.8.0"
        ],
        "Patched versions": [
            "None"
        ]
    },
    "Description": "ShowDoc v1.8.0 has XSS via a new page.\n\n### References\n\n  * <https://nvd.nist.gov/vuln/detail/CVE-2018-16342>\n  * [star7th/showdoc#325](https://github.com/star7th/showdoc/issues/325)\n\n",
    "Severity": {
        "Score": "5.4/ 10 (Moderate)",
        "CVSS base metrics": {
            "Attack vector": "Network",
            "Attack complexity": "Low",
            "Privileges required": "Low",
            "User interaction": "Required",
            "Scope": "Changed",
            "Confidentiality": "Low",
            "Integrity": "Low",
            "Availability": "None"
        },
        "CVSS string": "CVSS:3.0/AV:N/AC:L/PR:L/UI:R/S:C/C:L/I:L/A:N"
    },
    "Weaknesses": [
        "[CWE-79](/advisories?query=cwe%3A79)"
    ],
    "CVE ID": "CVE-2018-16342",
    "GHSA ID": "GHSA-2263-jwgm-wv97",
    "Source code": "[star7th/showdoc](https://github.com/star7th/showdoc)"
}