{
    "Title": "Ruby-ffi has a DLL loading issue",
    "Meta": {
        "Package": [
            "ffi([RubyGems](/advisories?query=ecosystem%3Arubygems))"
        ],
        "Affected versions": [
            "< 1.9.24"
        ],
        "Patched versions": [
            "1.9.24"
        ]
    },
    "Description": "ruby-ffi version 1.9.23 and earlier has a DLL loading issue which can be\nhijacked on Windows OS, when a Symbol is used as DLL name instead of a String\nThis vulnerability appears to have been fixed in v1.9.24 and later.\n\n### References\n\n  * <https://nvd.nist.gov/vuln/detail/CVE-2018-1000201>\n  * [ffi/ffi@`09e0c60`](https://github.com/ffi/ffi/commit/09e0c6076466b4383da7fa4e13f714311109945a)\n  * [ffi/ffi@`e0fe486`](https://github.com/ffi/ffi/commit/e0fe486df0e117ed67b0282b6ada04b7214ca05c)\n  * <https://github.com/ffi/ffi/releases/tag/1.9.24>\n  * <https://github.com/rubysec/ruby-advisory-db/blob/master/gems/ffi/CVE-2018-1000201.yml>\n\n",
    "Severity": {
        "Score": "7.8/ 10 (High)",
        "CVSS base metrics": {
            "Attack vector": "Local",
            "Attack complexity": "Low",
            "Privileges required": "None",
            "User interaction": "Required",
            "Scope": "Unchanged",
            "Confidentiality": "High",
            "Integrity": "High",
            "Availability": "High"
        },
        "CVSS string": "CVSS:3.0/AV:L/AC:L/PR:N/UI:R/S:U/C:H/I:H/A:H"
    },
    "Weaknesses": [
        "[CWE-426](/advisories?query=cwe%3A426)"
    ],
    "CVE ID": "CVE-2018-1000201",
    "GHSA ID": "GHSA-2gw2-8q9w-cw8p",
    "Source code": "[ffi/ffi](https://github.com/ffi/ffi)"
}