{
    "Title": "snipe-it is vulnerable to Cross-site Scripting",
    "Meta": {
        "Package": [
            "snipe/snipe-it([Composer](/advisories?query=ecosystem%3Acomposer))"
        ],
        "Affected versions": [
            "<= 5.3.1"
        ],
        "Patched versions": [
            "5.4.0"
        ]
    },
    "Description": "snipe-it is vulnerable to Improper Neutralization of Input During Web Page\nGeneration ('Cross-site Scripting').\n\n### References\n\n  * <https://nvd.nist.gov/vuln/detail/CVE-2021-3938>\n  * [snipe/snipe-it@`9ed1442`](https://github.com/snipe/snipe-it/commit/9ed1442bd124710f4178992cc4eca5236c7396b9)\n  * <https://huntr.dev/bounties/198a0d67-9189-4170-809b-0f8aea43b063>\n\n",
    "Severity": {
        "Score": "3.9/ 10 (Low)",
        "CVSS base metrics": {
            "Attack vector": "Local",
            "Attack complexity": "High",
            "Privileges required": "Low",
            "User interaction": "Required",
            "Scope": "Changed",
            "Confidentiality": "Low",
            "Integrity": "Low",
            "Availability": "None"
        },
        "CVSS string": "CVSS:3.0/AV:L/AC:H/PR:L/UI:R/S:C/C:L/I:L/A:N"
    },
    "Weaknesses": [
        "[CWE-79](/advisories?query=cwe%3A79)"
    ],
    "CVE ID": "CVE-2021-3938",
    "GHSA ID": "GHSA-2cqg-q7jm-j35c",
    "Source code": "[snipe/snipe-it](https://github.com/snipe/snipe-it)"
}