{
    "Title": "Mailman Core vulnerable to timing attacks",
    "Meta": {
        "Package": [
            "mailman([pip](/advisories?query=ecosystem%3Apip))"
        ],
        "Affected versions": [
            "< 3.3.5"
        ],
        "Patched versions": [
            "3.3.5"
        ]
    },
    "Description": "An issue was discovered in Mailman Core before 3.3.5. An attacker with access\nto the REST API could use timing attacks to determine the value of the\nconfigured REST API password and then make arbitrary REST API calls. The REST\nAPI is bound to localhost by default, limiting the ability for attackers to\nexploit this, but can optionally be made to listen on other interfaces.\n\n### References\n\n  * <https://nvd.nist.gov/vuln/detail/CVE-2021-34337>\n  * <https://gitlab.com/mailman/mailman/-/commit/e4a39488c4510fcad8851217f10e7337a196bb51>\n  * <https://gitlab.com/mailman/mailman/-/tags>\n  * <https://gitlab.com/mailman/mailman/-/issues/911>\n\n",
    "Severity": {
        "Score": "6.3/ 10 (Moderate)",
        "CVSS base metrics": {
            "Attack vector": "Local",
            "Attack complexity": "High",
            "Privileges required": "Low",
            "User interaction": "None",
            "Scope": "Unchanged",
            "Confidentiality": "High",
            "Integrity": "High",
            "Availability": "None"
        },
        "CVSS string": "CVSS:3.1/AV:L/AC:H/PR:L/UI:N/S:U/C:H/I:H/A:N"
    },
    "Weaknesses": [
        "[CWE-208](/advisories?query=cwe%3A208)"
    ],
    "CVE ID": "CVE-2021-34337",
    "GHSA ID": "GHSA-2jg5-xgvv-4wq7",
    "Source code": "[https://gitlab.com/mailman/mailman](https://gitlab.com/mailman/mailman)"
}