{
    "Title": "Cross-site Scripting in Pimcore",
    "Meta": {
        "Package": [
            "pimcore/pimcore([Composer](/advisories?query=ecosystem%3Acomposer))"
        ],
        "Affected versions": [
            "< 10.4.0"
        ],
        "Patched versions": [
            "10.4.0"
        ]
    },
    "Description": "Pimcore prior to 10.4.0 is vulnerable to stored cross-site scripting.\n\n### References\n\n  * <https://nvd.nist.gov/vuln/detail/CVE-2022-0894>\n  * [pimcore/pimcore@`6e0922c`](https://github.com/pimcore/pimcore/commit/6e0922c5b2959ac1b48500ac508d8fc5a97286f9)\n  * <https://huntr.dev/bounties/18f8e85e-3cbf-4915-b649-8cffe99daa95>\n  * [pimcore/pimcore#11447](https://github.com/pimcore/pimcore/pull/11447)\n\n",
    "Severity": {
        "Score": "5.4/ 10 (Moderate)",
        "CVSS base metrics": {
            "Attack vector": "Network",
            "Attack complexity": "Low",
            "Privileges required": "Low",
            "User interaction": "Required",
            "Scope": "Changed",
            "Confidentiality": "Low",
            "Integrity": "Low",
            "Availability": "None"
        },
        "CVSS string": "CVSS:3.1/AV:N/AC:L/PR:L/UI:R/S:C/C:L/I:L/A:N"
    },
    "Weaknesses": [
        "[CWE-79](/advisories?query=cwe%3A79)"
    ],
    "CVE ID": "CVE-2022-0894",
    "GHSA ID": "GHSA-22hc-47cc-7x6f",
    "Source code": "[pimcore/pimcore](https://github.com/pimcore/pimcore)"
}