{
    "Title": "SQL Injection in odata4j",
    "Meta": {
        "Package": [
            "org.odata4j:odata4j-core([Maven](/advisories?query=ecosystem%3Amaven))"
        ],
        "Affected versions": [
            "<= 0.7.0"
        ],
        "Patched versions": [
            "None"
        ]
    },
    "Description": "odata4j 0.7.0 allows ExecuteCountQueryCommand.java SQL injection. NOTE, this\nproduct is apparently discontinued.\n\n### References\n\n  * <https://nvd.nist.gov/vuln/detail/CVE-2016-11023>\n  * <https://groups.google.com/d/msg/odata4j-discuss/_lBwwXP30g0/Av6zkZMdBwAJ>\n\n",
    "Severity": {
        "Score": "9.8/ 10 (Critical)",
        "CVSS base metrics": {
            "Attack vector": "Network",
            "Attack complexity": "Low",
            "Privileges required": "None",
            "User interaction": "None",
            "Scope": "Unchanged",
            "Confidentiality": "High",
            "Integrity": "High",
            "Availability": "High"
        },
        "CVSS string": "CVSS:3.1/AV:N/AC:L/PR:N/UI:N/S:U/C:H/I:H/A:H"
    },
    "Weaknesses": [
        "[CWE-89](/advisories?query=cwe%3A89)"
    ],
    "CVE ID": "CVE-2016-11023",
    "GHSA ID": "GHSA-2382-qx5h-rvqh",
    "Source code": "No known source code"
}