{
    "Title": "Path Traversal in localhost-now",
    "Meta": {
        "Package": [
            "localhost-now([npm](/advisories?query=ecosystem%3Anpm))"
        ],
        "Affected versions": [
            "< 1.0.2"
        ],
        "Patched versions": [
            "1.0.2"
        ]
    },
    "Description": "Versions of `localhost-now` before 1.0.2 are vulnerable to path traversal.\nThis allows a remote attacker to read the content of an arbitrary file.\n\n## Recommendation\n\nUpdate to version 1.0.2 or later.\n\n### References\n\n  * <https://nvd.nist.gov/vuln/detail/CVE-2018-3729>\n  * [DCKT/localhost-now@`30b004c`#diff-b9cfc7f2cdf78a7f4b91a753d10865a2](https://github.com/DCKT/localhost-now/commit/30b004c7f145d677df8800a106c2edc982313995#diff-b9cfc7f2cdf78a7f4b91a753d10865a2)\n  * <https://hackerone.com/reports/312889>\n  * [GHSA-2gjg-5x33-mmp2](https://github.com/advisories/GHSA-2gjg-5x33-mmp2 \"GHSA-2gjg-5x33-mmp2\")\n  * <https://www.npmjs.com/advisories/582>\n\n",
    "Severity": {
        "Score": "7.5/ 10 (High)",
        "CVSS base metrics": {
            "Attack vector": "Network",
            "Attack complexity": "Low",
            "Privileges required": "None",
            "User interaction": "None",
            "Scope": "Unchanged",
            "Confidentiality": "High",
            "Integrity": "None",
            "Availability": "None"
        },
        "CVSS string": "CVSS:3.1/AV:N/AC:L/PR:N/UI:N/S:U/C:H/I:N/A:N"
    },
    "Weaknesses": [
        "[CWE-22](/advisories?query=cwe%3A22)"
    ],
    "CVE ID": "CVE-2018-3729",
    "GHSA ID": "GHSA-2gjg-5x33-mmp2",
    "Source code": "No known source code"
}