{
    "Title": "sequoia-openpgp vulnerable to out-of-bounds array access leading to panic",
    "Meta": {
        "Package": [
            "sequoia-openpgp([Rust](/advisories?query=ecosystem%3Arust))"
        ],
        "Affected versions": [
            "< 1.1.1",
            ">= 1.2.0, < 1.8.1",
            ">= 1.9.0, < 1.16.0"
        ],
        "Patched versions": [
            "1.1.1",
            "1.8.1",
            "1.16.0"
        ]
    },
    "Description": "Affected versions of the crate have several bugs where attacker-controlled\ninput can result in the use of an out-of-bound array index. Rust detects the\nuse of the out-of-bound index and causes the application to panic. An attacker\nmay be able to use this to cause a denial-of-service. However, it is not\npossible for an attacker to read from or write to the application's address\nspace.\n\n### References\n\n  * [GHSA-29mf-62xx-28jq](https://github.com/advisories/GHSA-29mf-62xx-28jq \"GHSA-29mf-62xx-28jq\")\n  * <https://gitlab.com/sequoia-pgp/sequoia/-/blob/main/openpgp/NEWS>\n  * <https://lists.sequoia-pgp.org/hyperkitty/list/announce@lists.sequoia-pgp.org/thread/SN2E3QRT4DMQ5JNEK6VIN6DJ5SH766DI/>\n  * <https://rustsec.org/advisories/RUSTSEC-2023-0038.html>\n\n",
    "Severity": {
        "Score": "(Low)"
    },
    "Weaknesses": [],
    "CVE ID": "No known CVE",
    "GHSA ID": "GHSA-25mx-8f3v-8wh7",
    "Source code": "[https://gitlab.com/sequoia-pgp/sequoia](https://gitlab.com/sequoia-pgp/sequoia)"
}