{
    "Title": "Improper Neutralization of Special Elements used in an OS Command ('OS Command Injection') in ZMarkdown",
    "Meta": {
        "Package": [
            "rebber([npm](/advisories?query=ecosystem%3Anpm))"
        ],
        "Affected versions": [
            "< 5.2.1"
        ],
        "Patched versions": [
            "5.2.1"
        ]
    },
    "Description": "### Impact\n\nA Remote Command Execution vulnerability was found in the rebber module,  \nwhich allowed execution of arbitrary commands. The reported problem came  \nfrom CodeBlocks, which could be escaped to insert malicious LaTeX.\n\nAnyone using `rebber` without sanitation of code content or a custom  \nmacro is impacted by this vulnerability. Here is an example of a Markdown  \ncontent that will exploit the vulnerability:\n\n    \n    \n    ```\n    \\end{CodeBlock}\n    \n    \\immediate\\write18{COMMAND > outputrce}\n    \\input{outputrce}\n    \n    \\begin{CodeBlock}{text}\n    ```\n\nWill insert into the generated LaTeX the result of executing  \n`COMMAND` on the system.\n\n### Patches\n\nThe vulnerability has been patched in version 5.2.1.  \nIf impacted, you should update to this version as soon as possible.\n\n### Workarounds\n\nIt is possible to mitigate the vulnerability without upgrading by using a  \ncustom code macro. Please make sure this custom macro escapes your  \nclosing LaTeX sequence. For the example above, use:\n\n    \n    \n    const escaped = content.replace(new RegExp('\\\\\\\\end\\\\s*{CodeBlock}', 'g'), '')\n\n### For more information\n\nIf you have any questions or comments about this advisory, open an issue in\n[ZMarkdown](https://github.com/zestedesavoir/zmarkdown/issues).\n\n### References\n\n  * [GHSA-2c83-wfv3-q25f](https://github.com/zestedesavoir/zmarkdown/security/advisories/GHSA-2c83-wfv3-q25f \"GHSA-2c83-wfv3-q25f\")\n\n",
    "Severity": {
        "Score": "(Critical)"
    },
    "Weaknesses": [
        "[CWE-78](/advisories?query=cwe%3A78)"
    ],
    "CVE ID": "No known CVE",
    "GHSA ID": "GHSA-2c83-wfv3-q25f",
    "Source code": "[zestedesavoir/zmarkdown](https://github.com/zestedesavoir/zmarkdown)"
}