{
    "Title": "Unauthorized access to Class instance in Jinjava",
    "Meta": {
        "Package": [
            "com.hubspot.jinjava:jinjava([Maven](/advisories?query=ecosystem%3Amaven))"
        ],
        "Affected versions": [
            "< 2.5.4"
        ],
        "Patched versions": [
            "2.5.4"
        ]
    },
    "Description": "Jinjava before 2.5.4 allow access to arbitrary classes by calling Java methods\non objects passed into a Jinjava context. This could allow for abuse of the\napplication class loader, including Arbitrary File Disclosure.\n\n### References\n\n  * <https://nvd.nist.gov/vuln/detail/CVE-2020-12668>\n  * [HubSpot/jinjava@`5dfa5b8`](https://github.com/HubSpot/jinjava/commit/5dfa5b87318744a4d020b66d5f7747acc36b213b)\n  * [HubSpot/jinjava@`1b9aaa4`](https://github.com/HubSpot/jinjava/commit/1b9aaa4b420c58b4a301cf4b7d26207f1c8d1165)\n  * [HubSpot/jinjava@`jinjava-2.5.3...jinjava-2.5.4`](https://github.com/HubSpot/jinjava/compare/jinjava-2.5.3...jinjava-2.5.4)\n  * <https://github.com/HubSpot/jinjava/releases/tag/jinjava-2.5.4>\n  * <https://securitylab.github.com/advisories/GHSL-2020-072-hubspot_jinjava>\n\n",
    "Severity": {
        "Score": "6.5/ 10 (Moderate)",
        "CVSS base metrics": {
            "Attack vector": "Network",
            "Attack complexity": "Low",
            "Privileges required": "Low",
            "User interaction": "None",
            "Scope": "Unchanged",
            "Confidentiality": "High",
            "Integrity": "None",
            "Availability": "None"
        },
        "CVSS string": "CVSS:3.1/AV:N/AC:L/PR:L/UI:N/S:U/C:H/I:N/A:N"
    },
    "Weaknesses": [
        "[CWE-200](/advisories?query=cwe%3A200)"
    ],
    "CVE ID": "CVE-2020-12668",
    "GHSA ID": "GHSA-2hjr-fg6c-v2h6",
    "Source code": "No known source code"
}