{
    "Title": "SQL Injection in JeecgBoot",
    "Meta": {
        "Package": [
            "org.jeecgframework.boot:jeecg-boot-base([Maven](/advisories?query=ecosystem%3Amaven))"
        ],
        "Affected versions": [
            "<= 3.0"
        ],
        "Patched versions": [
            "None"
        ]
    },
    "Description": "In JeecgBoot 3.0, there is a SQL injection vulnerability that can operate the\ndatabase with root privileges. A patch has been released on the repository's\n`master` branch.\n\n### References\n\n  * <https://nvd.nist.gov/vuln/detail/CVE-2021-46089>\n  * [jeecgboot/jeecg-boot#3331](https://github.com/jeecgboot/jeecg-boot/issues/3331)\n  * [jeecgboot/jeecg-boot@`baefc13`](https://github.com/jeecgboot/jeecg-boot/commit/baefc1338dd03de36384ce7d5846b08041b488d0)\n\n",
    "Severity": {
        "Score": "9.8/ 10 (Critical)",
        "CVSS base metrics": {
            "Attack vector": "Network",
            "Attack complexity": "Low",
            "Privileges required": "None",
            "User interaction": "None",
            "Scope": "Unchanged",
            "Confidentiality": "High",
            "Integrity": "High",
            "Availability": "High"
        },
        "CVSS string": "CVSS:3.1/AV:N/AC:L/PR:N/UI:N/S:U/C:H/I:H/A:H"
    },
    "Weaknesses": [
        "[CWE-89](/advisories?query=cwe%3A89)"
    ],
    "CVE ID": "CVE-2021-46089",
    "GHSA ID": "GHSA-26hm-r6mg-963c",
    "Source code": "[jeecgboot/jeecg-boot](https://github.com/jeecgboot/jeecg-boot)"
}