{
    "Title": "btcd mishandles witness size checking",
    "Meta": {
        "Package": [
            "github.com/btcsuite/btcd([Go](/advisories?query=ecosystem%3Ago))"
        ],
        "Affected versions": [
            "< 0.23.2"
        ],
        "Patched versions": [
            "0.23.2"
        ]
    },
    "Description": "btcd before 0.23.2, as used in Lightning Labs lnd before 0.15.2-beta and other\nBitcoin-related products, mishandles witness size checking.\n\n### Specific Go Packages Affected\n\ngithub.com/btcsuite/btcd/wire\n\n### References\n\n  * <https://nvd.nist.gov/vuln/detail/CVE-2022-44797>\n  * [lightningnetwork/lnd#7002](https://github.com/lightningnetwork/lnd/issues/7002)\n  * [btcsuite/btcd#1896](https://github.com/btcsuite/btcd/pull/1896)\n  * <https://github.com/btcsuite/btcd/releases/tag/v0.23.2>\n  * <https://github.com/lightningnetwork/lnd/releases/tag/v0.15.2-beta>\n  * [btcsuite/btcd@`f523d4c`](https://github.com/btcsuite/btcd/commit/f523d4ccaa5f34a2f761f16a05f5d6e6665b1168)\n  * [GHSA-2chg-86hq-7w38](https://github.com/advisories/GHSA-2chg-86hq-7w38 \"GHSA-2chg-86hq-7w38\")\n  * <https://pkg.go.dev/vuln/GO-2022-1098>\n\n",
    "Severity": {
        "Score": "9.8/ 10 (Critical)",
        "CVSS base metrics": {
            "Attack vector": "Network",
            "Attack complexity": "Low",
            "Privileges required": "None",
            "User interaction": "None",
            "Scope": "Unchanged",
            "Confidentiality": "High",
            "Integrity": "High",
            "Availability": "High"
        },
        "CVSS string": "CVSS:3.1/AV:N/AC:L/PR:N/UI:N/S:U/C:H/I:H/A:H"
    },
    "Weaknesses": [],
    "CVE ID": "CVE-2022-44797",
    "GHSA ID": "GHSA-2chg-86hq-7w38",
    "Source code": "[btcsuite/btcd](https://github.com/btcsuite/btcd)"
}