{
    "Title": "Arbitrary file overwrite in tar-rs",
    "Meta": {
        "Package": [
            "tar([Rust](/advisories?query=ecosystem%3Arust))"
        ],
        "Affected versions": [
            "< 0.4.16"
        ],
        "Patched versions": [
            "0.4.16"
        ]
    },
    "Description": "When unpacking a tarball with the unpack_in-family of functions it's intended\nthat only files within the specified directory are able to be written.\nTarballs with hard links or symlinks, however, can be used to overwrite any\nfile on the filesystem. Tarballs can contain multiple entries for the same\nfile. A tarball which first contains an entry for a hard link or symlink\npointing to any file on the filesystem will have the link created, and then\nafterwards if the same file is listed in the tarball the hard link will be\nrewritten and any file can be rewritten on the filesystem.\n\n### References\n\n  * <https://nvd.nist.gov/vuln/detail/CVE-2018-20990>\n  * [alexcrichton/tar-rs#156](https://github.com/alexcrichton/tar-rs/pull/156)\n  * <https://rustsec.org/advisories/RUSTSEC-2018-0002.html>\n  * [alexcrichton/tar-rs@`54651a8`](https://github.com/alexcrichton/tar-rs/commit/54651a87ae6ba7d81fcc72ffdee2ea7eca2c7e85)\n\n",
    "Severity": {
        "Score": "7.5/ 10 (High)",
        "CVSS base metrics": {
            "Attack vector": "Network",
            "Attack complexity": "Low",
            "Privileges required": "None",
            "User interaction": "None",
            "Scope": "Unchanged",
            "Confidentiality": "None",
            "Integrity": "High",
            "Availability": "None"
        },
        "CVSS string": "CVSS:3.0/AV:N/AC:L/PR:N/UI:N/S:U/C:N/I:H/A:N"
    },
    "Weaknesses": [
        "[CWE-59](/advisories?query=cwe%3A59)"
    ],
    "CVE ID": "CVE-2018-20990",
    "GHSA ID": "GHSA-2367-c296-3mp2",
    "Source code": "[alexcrichton/tar-rs](https://github.com/alexcrichton/tar-rs)"
}