{
    "Title": "Deserialization of Untrusted Data in SinGooCMS.Utility",
    "Meta": {
        "Package": [
            "SinGooCMS.Utility([NuGet](/advisories?query=ecosystem%3Anuget))"
        ],
        "Affected versions": [
            "<= 1.6.2"
        ],
        "Patched versions": [
            "None"
        ]
    },
    "Description": "This affects all versions of package SinGooCMS.Utility. The socket client in\nthe package can pass in the payload via the user-controllable input after it\nhas been established, because this socket client transmission does not have\nthe appropriate restrictions or type bindings for the BinaryFormatter.\n\n### References\n\n  * <https://nvd.nist.gov/vuln/detail/CVE-2022-0749>\n  * [SinGooCMS/SinGooCMSUtility#1](https://github.com/SinGooCMS/SinGooCMSUtility/issues/1)\n  * <https://github.com/SinGooCMS/SinGooCMSUtility/blob/master/SinGooCMS.Utility/Net/SocketClient.cs>\n  * <https://snyk.io/vuln/SNYK-DOTNET-SINGOOCMSUTILITY-2312979>\n\n",
    "Severity": {
        "Score": "9.8/ 10 (Critical)",
        "CVSS base metrics": {
            "Attack vector": "Network",
            "Attack complexity": "Low",
            "Privileges required": "None",
            "User interaction": "None",
            "Scope": "Unchanged",
            "Confidentiality": "High",
            "Integrity": "High",
            "Availability": "High"
        },
        "CVSS string": "CVSS:3.1/AV:N/AC:L/PR:N/UI:N/S:U/C:H/I:H/A:H"
    },
    "Weaknesses": [
        "[CWE-502](/advisories?query=cwe%3A502)"
    ],
    "CVE ID": "CVE-2022-0749",
    "GHSA ID": "GHSA-29rv-fqx2-4c9f",
    "Source code": "No known source code"
}