{
    "Title": "Cargo extracting malicious crates can fill the file system",
    "Meta": {
        "Package": [
            "cargo([Rust](/advisories?query=ecosystem%3Arust))"
        ],
        "Affected versions": [
            "< 0.65.0",
            "= 0.66.0"
        ],
        "Patched versions": [
            "0.65.0",
            "0.67.0"
        ]
    },
    "Description": "The Rust Security Response WG was notified that Cargo did not prevent\nextracting some malformed packages downloaded from alternate registries. An\nattacker able to upload packages to an alternate registry could fill the file\nsystem when Cargo downloaded the package.\n\nThe severity of this vulnerability is \"low\" for users of alternate registries.\nUsers relying on crates.io are not affected.\n\nNote that **by design** Cargo allows code execution at build time, due to\nbuild scripts and procedural macros. The vulnerabilities in this advisory\nallow performing a subset of the possible damage in a harder to track down\nway. Your dependencies must still be trusted if you want to be protected from\nattacks, as it's possible to perform the same attacks with build scripts and\nprocedural macros.\n\n## Disk space exaustion\n\nIt was discovered that Cargo did not limit the amount of data extracted from\ncompressed archives. An attacker could upload to an alternate registry a\nspecially crafted package that extracts way more data than its size (also\nknown as a \"zip bomb\"), exhausting the disk space on the machine using Cargo\nto download the package.\n\n## Affected versions\n\nThe vulnerability is present in all versions of Cargo. Rust 1.64, to be\nreleased on September 22nd, will include a fix for it.\n\nSince the vulnerability is just a more limited way to accomplish what a\nmalicious build scripts or procedural macros can do, we decided not to publish\nRust point releases backporting the security fix. Patch files are available\nfor Rust 1.63.0 are available [in the wg-security-response\nrepository](https://github.com/rust-lang/wg-security-\nresponse/tree/master/patches) for people building their own toolchain.\n\n## Mitigations\n\nWe recommend users of alternate registries to excercise care in which package\nthey download, by only including trusted dependencies in their projects.\nPlease note that even with these vulnerabilities fixed, by design Cargo allows\narbitrary code execution at build time thanks to build scripts and procedural\nmacros: a malicious dependency will be able to cause damage regardless of\nthese vulnerabilities.\n\ncrates.io implemented server-side checks to reject these kinds of packages\nyears ago, and there are no packages on crates.io exploiting these\nvulnerabilities. crates.io users still need to excercise care in choosing\ntheir dependencies though, as the same concerns about build scripts and\nprocedural macros apply here.\n\n## Acknowledgements\n\nWe want to thank Ori Hollander from JFrog Security Research for responsibly\ndisclosing this to us according to the [Rust security\npolicy](https://www.rust-lang.org/policies/security).\n\nWe also want to thank Josh Triplett for developing the fixes, Weihang Lo for\ndeveloping the tests, and Pietro Albini for writing this advisory. The\ndisclosure was coordinated by Pietro Albini and Josh Stone.\n\n### References\n\n  * [GHSA-2hvr-h6gw-qrxp](https://github.com/rust-lang/cargo/security/advisories/GHSA-2hvr-h6gw-qrxp \"GHSA-2hvr-h6gw-qrxp\")\n  * <https://nvd.nist.gov/vuln/detail/CVE-2022-36114>\n  * [rust-lang/cargo@`d1f9553`](https://github.com/rust-lang/cargo/commit/d1f9553c825f6d7481453be8d58d0e7f117988a7)\n  * [rust-lang/cargo@`d87d57d`](https://github.com/rust-lang/cargo/commit/d87d57dbbda61754f4fab0f329a7ac520e062c46)\n  * <https://security.gentoo.org/glsa/202210-09>\n  * [rust-lang/cargo@`2b68d3c`](https://github.com/rust-lang/cargo/commit/2b68d3c07a4a056264dc006ecb9f1354a0679cd3)\n\n",
    "Severity": {
        "Score": "4.2/ 10 (Moderate)",
        "CVSS base metrics": {
            "Attack vector": "Network",
            "Attack complexity": "High",
            "Privileges required": "High",
            "User interaction": "Required",
            "Scope": "Unchanged",
            "Confidentiality": "None",
            "Integrity": "None",
            "Availability": "High"
        },
        "CVSS string": "CVSS:3.1/AV:N/AC:H/PR:H/UI:R/S:U/C:N/I:N/A:H"
    },
    "Weaknesses": [
        "[CWE-400](/advisories?query=cwe%3A400)"
    ],
    "CVE ID": "CVE-2022-36114",
    "GHSA ID": "GHSA-2hvr-h6gw-qrxp",
    "Source code": "[rust-lang/cargo](https://github.com/rust-lang/cargo)"
}