{
    "Title": "personnummer/rust vulnerable to Improper Input Validation",
    "Meta": {
        "Package": [
            "personnummer([Rust](/advisories?query=ecosystem%3Arust))"
        ],
        "Affected versions": [
            "< 3.0.1"
        ],
        "Patched versions": [
            "3.0.1"
        ]
    },
    "Description": "This vulnerability was reported to the personnummer team in June 2020. The\nslow response was due to locked ownership of some of the affected packages,\nwhich caused delays to update packages prior to disclosure.\n\nThe vulnerability is determined to be low severity.\n\n### Impact\n\nThis vulnerability impacts users who rely on the for last digits of\npersonnummer to be a _real_ personnummer.\n\n### Patches\n\nThe issue have been patched in all repositories. The following versions should\nbe updated to as soon as possible:\n\n[C#](https://github.com/advisories/GHSA-qv8q-v995-72gr) 3.0.2  \nD 3.0.1  \n[Dart](https://github.com/advisories/GHSA-4xh4-v2pq-jvhm) 3.0.3  \nElixir 3.0.0  \n[Go](https://github.com/advisories/GHSA-hv53-vf5m-8q94) 3.0.1  \n[Java](https://github.com/advisories/GHSA-q3vw-4jx3-rrr2) 3.3.0  \n[JavaScript](https://github.com/advisories/GHSA-vpgc-7h78-gx8f) 3.1.0  \nKotlin 1.1.0  \nLua 3.0.1  \n[PHP](https://github.com/advisories/GHSA-2p6g-gjp8-ggg9) 3.0.2  \nPerl 3.0.0  \n[Python](https://github.com/advisories/GHSA-rxq3-5249-8hgg) 3.0.2  \n[Ruby](https://github.com/advisories/GHSA-vp9c-fpxx-744v) 3.0.1  \n[Rust](https://github.com/advisories/GHSA-28r9-pq4c-wp3c) 3.0.0  \nScala 3.0.1  \nSwift 1.0.1\n\nIf you are using any of the earlier packages, please update to latest.\n\n### Workarounds\n\nThe issue arrieses from the regular expression allowing the first three digits\nin the last four digits of the personnummer to be  \n000, which is invalid. To mitigate this without upgrading, a check on the last\nfour digits can be made to make sure it's not  \n000x.\n\n### For more information\n\nIf you have any questions or comments about this advisory:\n\n  * Open an issue in [Personnummer Meta](https://github.com/personnummer/meta/issues)\n  * Email us at [Personnummer Email](mailto:security@personnummer.dev)\n\n### References\n\n  * [GHSA-28r9-pq4c-wp3c](https://github.com/personnummer/rust/security/advisories/GHSA-28r9-pq4c-wp3c \"GHSA-28r9-pq4c-wp3c\")\n  * [personnummer/rust@`11c3b04`](https://github.com/personnummer/rust/commit/11c3b0491b70449fb790056585ad3251b0e23acb)\n  * <https://crates.io/crates/personnummer>\n  * <https://github.com/personnummer/rust/releases/tag/v3.0.1>\n  * [personnummer/rust#4](https://github.com/personnummer/rust/pull/4)\n  * <https://rustsec.org/advisories/RUSTSEC-2020-0166.html>\n\n",
    "Severity": {
        "Score": "(Low)"
    },
    "Weaknesses": [],
    "CVE ID": "No known CVE",
    "GHSA ID": "GHSA-28r9-pq4c-wp3c",
    "Source code": "[personnummer/rust/](https://github.com/personnummer/rust/)"
}