{
    "Title": "OpenFGA Vulnerable to DoS from circular relationship definitions",
    "Meta": {
        "Package": [
            "github.com/openfga/openfga([Go](/advisories?query=ecosystem%3Ago))"
        ],
        "Affected versions": [
            "< 1.3.2"
        ],
        "Patched versions": [
            "1.3.2"
        ]
    },
    "Description": "## Overview\n\nOpenFGA is vulnerable to a DoS attack when certain Check calls are executed\nagainst authorization models that contain circular relationship definitions.\nWhen the call is made, it's possible for the server to exhaust resources and\ndie.\n\n## Am I Affected?\n\nYes, if your store contains an authorization model that allows circular\nrelationships. For example, with this model:\n\n    \n    \n    model\n      schema 1.1\n    \n    type user\n    \n    type group\n      relations\n        define memberA: [user] or memberB or memberC or memberD or memberE\n        define memberB: [user] or memberA or memberC or memberD or memberE\n        define memberC: [user] or memberA or memberB or memberD or memberE\n        define memberD: [user] or memberA or memberB or memberC or memberE\n        define memberE: [user] or memberA or memberB or memberC or memberD\n    \n\nThis Check: `(user:anne, memberA, group:X)` can exhaust memory in the server.\n\n## Fix\n\nUpgrade to v1.3.2 and update any offending models.\n\n**[BREAKING]** If your model contained cycles or a relation definition that\nhas the relation itself in its evaluation path, then Checks and queries that\nrequire evaluation will no longer be evaluated on v1.3.2+ and will return\nerrors instead. You will need to update your models to remove the cycles.\n\n### References\n\n  * [GHSA-2hm9-h873-pgqh](https://github.com/openfga/openfga/security/advisories/GHSA-2hm9-h873-pgqh \"GHSA-2hm9-h873-pgqh\")\n  * <https://nvd.nist.gov/vuln/detail/CVE-2023-43645>\n  * [openfga/openfga@`7252960`](https://github.com/openfga/openfga/commit/725296025fd81227c89525808652c6acd4a605f6)\n\n",
    "Severity": {
        "Score": "5.9/ 10 (Moderate)",
        "CVSS base metrics": {
            "Attack vector": "Network",
            "Attack complexity": "High",
            "Privileges required": "None",
            "User interaction": "None",
            "Scope": "Unchanged",
            "Confidentiality": "None",
            "Integrity": "None",
            "Availability": "High"
        },
        "CVSS string": "CVSS:3.1/AV:N/AC:H/PR:N/UI:N/S:U/C:N/I:N/A:H"
    },
    "Weaknesses": [
        "[CWE-835](/advisories?query=cwe%3A835)"
    ],
    "CVE ID": "CVE-2023-43645",
    "GHSA ID": "GHSA-2hm9-h873-pgqh",
    "Source code": "[openfga/openfga](https://github.com/openfga/openfga)"
}