{
    "Title": "Feehi CMS Cross-site Scripting",
    "Meta": {
        "Package": [
            "feehi/cms([Composer](/advisories?query=ecosystem%3Acomposer))"
        ],
        "Affected versions": [
            "<= 2.1.1"
        ],
        "Patched versions": [
            "None"
        ]
    },
    "Description": "A stored cross-site scripting (XSS) vulnerability in\n`/index.php?r=site%2Fsignup` of Feehi CMS v2.1.1 allows attackers to execute\narbitrary web scripts or HTML via a crafted payload injected into the username\nfield.\n\n### References\n\n  * <https://nvd.nist.gov/vuln/detail/CVE-2022-34140>\n  * [liufee/cms#61](https://github.com/liufee/cms/issues/61)\n  * <http://packetstormsecurity.com/files/168012/Feehi-CMS-2.1.1-Cross-Site-Scripting.html>\n\n",
    "Severity": {
        "Score": "5.4/ 10 (Moderate)",
        "CVSS base metrics": {
            "Attack vector": "Network",
            "Attack complexity": "Low",
            "Privileges required": "Low",
            "User interaction": "Required",
            "Scope": "Changed",
            "Confidentiality": "Low",
            "Integrity": "Low",
            "Availability": "None"
        },
        "CVSS string": "CVSS:3.1/AV:N/AC:L/PR:L/UI:R/S:C/C:L/I:L/A:N"
    },
    "Weaknesses": [
        "[CWE-79](/advisories?query=cwe%3A79)"
    ],
    "CVE ID": "CVE-2022-34140",
    "GHSA ID": "GHSA-25q6-m425-9fqr",
    "Source code": "[liufee/cms](https://github.com/liufee/cms)"
}