{
    "Title": "Stored XSS vulnerability in ClearCase Release Plugin",
    "Meta": {
        "Package": [
            "org.jvnet.hudson.plugins:clearcase-release([Maven](/advisories?query=ecosystem%3Amaven))"
        ],
        "Affected versions": [
            "<= 0.3"
        ],
        "Patched versions": [
            "None"
        ]
    },
    "Description": "Jenkins ClearCase Release Plugin 0.3 and earlier does not escape the composite\nbaseline in badge tooltip, resulting in a stored cross-site scripting (XSS)\nvulnerability exploitable by attackers with Job/Configure permission.\n\n### References\n\n  * <https://nvd.nist.gov/vuln/detail/CVE-2020-2270>\n  * <https://www.jenkins.io/security/advisory/2020-09-16/#SECURITY-1911>\n  * <http://www.openwall.com/lists/oss-security/2020/09/16/3>\n\n",
    "Severity": {
        "Score": "8.0/ 10 (High)",
        "CVSS base metrics": {
            "Attack vector": "Network",
            "Attack complexity": "Low",
            "Privileges required": "Low",
            "User interaction": "Required",
            "Scope": "Unchanged",
            "Confidentiality": "High",
            "Integrity": "High",
            "Availability": "High"
        },
        "CVSS string": "CVSS:3.1/AV:N/AC:L/PR:L/UI:R/S:U/C:H/I:H/A:H"
    },
    "Weaknesses": [
        "[CWE-79](/advisories?query=cwe%3A79)"
    ],
    "CVE ID": "CVE-2020-2270",
    "GHSA ID": "GHSA-2c84-35rv-6q3f",
    "Source code": "[jenkinsci/clearcase-release-plugin](https://github.com/jenkinsci/clearcase-release-plugin)"
}