{
    "Title": "Reflected XSS vulnerability in Jenkins VncViewer Plugin",
    "Meta": {
        "Package": [
            "org.jenkins-ci.plugins:vncviewer([Maven](/advisories?query=ecosystem%3Amaven))"
        ],
        "Affected versions": [
            "<= 1.7"
        ],
        "Patched versions": [
            "1.8"
        ]
    },
    "Description": "VncViewer Plugin 1.7 and earlier does not escape a parameter value in the\n`checkVncServ` form validation endpoint output.\n\nThis results in a reflected cross-site scripting (XSS) vulnerability.\n\nVncViewer Plugin 1.8 escapes the parameter value in the output.\n\n### References\n\n  * <https://nvd.nist.gov/vuln/detail/CVE-2020-2207>\n  * <https://jenkins.io/security/advisory/2020-07-02/#SECURITY-1776>\n  * <http://www.openwall.com/lists/oss-security/2020/07/02/7>\n\n",
    "Severity": {
        "Score": "6.1/ 10 (Moderate)",
        "CVSS base metrics": {
            "Attack vector": "Network",
            "Attack complexity": "Low",
            "Privileges required": "None",
            "User interaction": "Required",
            "Scope": "Changed",
            "Confidentiality": "Low",
            "Integrity": "Low",
            "Availability": "None"
        },
        "CVSS string": "CVSS:3.1/AV:N/AC:L/PR:N/UI:R/S:C/C:L/I:L/A:N"
    },
    "Weaknesses": [
        "[CWE-79](/advisories?query=cwe%3A79)"
    ],
    "CVE ID": "CVE-2020-2207",
    "GHSA ID": "GHSA-2j4h-cjgh-659v",
    "Source code": "[jenkinsci/vncviewer-plugin](https://github.com/jenkinsci/vncviewer-plugin)"
}