{
    "Title": "Cross-site Scripting in Apache Struts",
    "Meta": {
        "Package": [
            "org.apache.struts:struts2-core([Maven](/advisories?query=ecosystem%3Amaven))"
        ],
        "Affected versions": [
            "< 2.3.20"
        ],
        "Patched versions": [
            "2.3.20"
        ]
    },
    "Description": "When the Struts2 debug mode is turned on, under certain conditions an\narbitrary script may be executed in the 'Problem Report' screen. Also if JSP\nfiles are exposed to be accessed directly it's possible to execute an\narbitrary script.\n\nIt is generally not advisable to have debug mode switched on outside of the\ndevelopment environment. Debug mode should always be turned off in production\nsetup. Also never expose JSPs files directly and hide them inside WEB-INF\nfolder or define dedicated security constraints to block access to raw JSP\nfiles.\n\nStruts >= 2.3.20 is not vulnerable to this attack. We recommend upgrading to\nStruts 2.3.20 or higher if turning off debug mode is not possible.\n\n### References\n\n  * <https://nvd.nist.gov/vuln/detail/CVE-2015-2992>\n  * <https://security.netapp.com/advisory/ntap-20200330-0001/>\n  * <http://jvn.jp/en/jp/JVN88408929/index.html>\n  * <http://jvndb.jvn.jp/en/contents/2015/JVNDB-2015-000124.html>\n  * <http://www.securityfocus.com/bid/76624>\n  * <https://cwiki.apache.org/confluence/display/WW/S2-025>\n  * <https://cwiki.apache.org/confluence/display/WW/Security>\n\n",
    "Severity": {
        "Score": "(Moderate)"
    },
    "Weaknesses": [
        "[CWE-79](/advisories?query=cwe%3A79)"
    ],
    "CVE ID": "CVE-2015-2992",
    "GHSA ID": "GHSA-265r-pp83-gww7",
    "Source code": "[apache/struts](https://github.com/apache/struts)"
}