{
    "Title": "RHEL 6 / 7 : java-1.7.0-openjdk (RHSA-2017:1204)",
    "Synopsis": "The remote Red Hat host is missing one or more security updates.",
    "Description": "An update for java-1.7.0-openjdk is now available for Red Hat Enterprise Linux 6 and Red Hat Enterprise Linux 7.\nRed Hat Product Security has rated this update as having a security impact of Moderate. A Common Vulnerability Scoring System (CVSS) base score, which gives a detailed severity rating, is available for each vulnerability from the CVE link(s) in the References section.\nThe java-1.7.0-openjdk packages provide the OpenJDK 7 Java Runtime Environment and the OpenJDK 7 Java Software Development Kit.\nSecurity Fix(es) :\n* An untrusted library search path flaw was found in the JCE component of OpenJDK. A local attacker could possibly use this flaw to cause a Java application using JCE to load an attacker-controlled library and hence escalate their privileges. (CVE-2017-3511)\n* It was found that the JAXP component of OpenJDK failed to correctly enforce parse tree size limits when parsing XML document. An attacker able to make a Java application parse a specially crafted XML document could use this flaw to make it consume an excessive amount of CPU and memory. (CVE-2017-3526)\n* It was discovered that the HTTP client implementation in the Networking component of OpenJDK could cache and re-use an NTLM authenticated connection in a different security context. A remote attacker could possibly use this flaw to make a Java application perform HTTP requests authenticated with credentials of a different user. (CVE-2017-3509)\nNote: This update adds support for the 'jdk.ntlm.cache' system property which, when set to false, prevents caching of NTLM connections and authentications and hence prevents this issue.\nHowever, caching remains enabled by default.\n* It was discovered that the Security component of OpenJDK did not allow users to restrict the set of algorithms allowed for Jar integrity verification. This flaw could allow an attacker to modify content of the Jar file that used weak signing key or hash algorithm.\n(CVE-2017-3539)\nNote: This updates extends the fix for CVE-2016-5542 released as part of the RHSA-2016:2658 erratum to no longer allow the MD5 hash algorithm during the Jar integrity verification by adding it to the jdk.jar.disabledAlgorithms security property.\n* Newline injection flaws were discovered in FTP and SMTP client implementations in the Networking component in OpenJDK. A remote attacker could possibly use these flaws to manipulate FTP or SMTP connections established by a Java application. (CVE-2017-3533, CVE-2017-3544)",
    "Solution": "Update the affected packages.",
    "See Also": [
        "[https://access.redhat.com/errata/RHSA-2016:2658](https://access.redhat.com/errata/RHSA-2016:2658)",
        "[https://access.redhat.com/errata/RHSA-2017:1204](https://access.redhat.com/errata/RHSA-2017:1204)",
        "[https://access.redhat.com/security/cve/cve-2017-3509](https://access.redhat.com/security/cve/cve-2017-3509)",
        "[https://access.redhat.com/security/cve/cve-2017-3511](https://access.redhat.com/security/cve/cve-2017-3511)",
        "[https://access.redhat.com/security/cve/cve-2017-3526](https://access.redhat.com/security/cve/cve-2017-3526)",
        "[https://access.redhat.com/security/cve/cve-2017-3533](https://access.redhat.com/security/cve/cve-2017-3533)",
        "[https://access.redhat.com/security/cve/cve-2017-3539](https://access.redhat.com/security/cve/cve-2017-3539)",
        "[https://access.redhat.com/security/cve/cve-2017-3544](https://access.redhat.com/security/cve/cve-2017-3544)"
    ],
    "Plugin Details": {
        "Severity": "High",
        "ID": "100091",
        "File Name": "redhat-RHSA-2017-1204.nasl",
        "Version": "3.13",
        "Type": "local",
        "Agent": "unix",
        "Family": "[Red Hat Local Security Checks](https://www.tenable.com/plugins/nessus/families/Red%20Hat%20Local%20Security%20Checks)",
        "Published": "5/10/2017",
        "Updated": "10/24/2019",
        "Supported Sensors": "Agentless Assessment, Frictionless Assessment Agent, Frictionless Assessment AWS, Frictionless Assessment Azure, Nessus Agent"
    },
    "Risk Information": [
        {
            "Name": "[VPR](https://www.tenable.com/blog/what-is-vpr-and-how-is-it-different-from-cvss)",
            "Risk Factor": "High",
            "Score": "7.3"
        },
        {
            "Name": "[CVSS v2](https://nvd.nist.gov/vuln-metrics/cvss/v2-calculator?vector=AV:N/AC:M/Au:N/C:N/I:N/A:C)",
            "Risk Factor": "High",
            "Base Score": "7.1",
            "Temporal Score": "5.3",
            "Vector": "CVSS2#AV:N/AC:M/Au:N/C:N/I:N/A:C"
        },
        {
            "Name": "[CVSS v3](https://nvd.nist.gov/vuln-metrics/cvss/v3-calculator?vector=AV:L/AC:H/PR:N/UI:R/S:C/C:H/I:H/A:H/E:U/RL:O/RC:C&version=3.0)",
            "Risk Factor": "High",
            "Base Score": "7.7",
            "Temporal Score": "6.7",
            "Vector": "CVSS:3.0/AV:L/AC:H/PR:N/UI:R/S:C/C:H/I:H/A:H",
            "Temporal Vector": "CVSS:3.0/E:U/RL:O/RC:C"
        }
    ],
    "Vulnerability Information": {
        "CPE": "p-cpe:/a:redhat:enterprise_linux:java-1.7.0-openjdk, p-cpe:/a:redhat:enterprise_linux:java-1.7.0-openjdk-accessibility, p-cpe:/a:redhat:enterprise_linux:java-1.7.0-openjdk-debuginfo, p-cpe:/a:redhat:enterprise_linux:java-1.7.0-openjdk-demo, p-cpe:/a:redhat:enterprise_linux:java-1.7.0-openjdk-devel, p-cpe:/a:redhat:enterprise_linux:java-1.7.0-openjdk-headless, p-cpe:/a:redhat:enterprise_linux:java-1.7.0-openjdk-javadoc, p-cpe:/a:redhat:enterprise_linux:java-1.7.0-openjdk-src, cpe:/o:redhat:enterprise_linux:6, cpe:/o:redhat:enterprise_linux:7, cpe:/o:redhat:enterprise_linux:7.3, cpe:/o:redhat:enterprise_linux:7.4, cpe:/o:redhat:enterprise_linux:7.5, cpe:/o:redhat:enterprise_linux:7.6, cpe:/o:redhat:enterprise_linux:7.7",
        "Required KB Items": "Host/local_checks_enabled, Host/RedHat/release, Host/RedHat/rpm-list, Host/cpu",
        "Exploit Ease": "No known exploits are available",
        "Patch Publication Date": "5/9/2017",
        "Vulnerability Publication Date": "4/24/2017"
    },
    "Reference Information": {
        "CVE": "[CVE-2017-3509](/cve/CVE-2017-3509), [CVE-2017-3511](/cve/CVE-2017-3511), [CVE-2017-3526](/cve/CVE-2017-3526), [CVE-2017-3533](/cve/CVE-2017-3533), [CVE-2017-3539](/cve/CVE-2017-3539), [CVE-2017-3544](/cve/CVE-2017-3544)",
        "RHSA": "[2017:1204](https://access.redhat.com/errata/RHSA-2017:1204)"
    }
}