{
    "Title": "RHEL 6 : java-1.6.0-ibm (RHSA-2017:1222)",
    "Synopsis": "The remote Red Hat host is missing one or more security updates.",
    "Description": "An update for java-1.6.0-ibm is now available for Red Hat Enterprise Linux 6 Supplementary.\nRed Hat Product Security has rated this update as having a security impact of Moderate. A Common Vulnerability Scoring System (CVSS) base score, which gives a detailed severity rating, is available for each vulnerability from the CVE link(s) in the References section.\nIBM Java SE version 6 includes the IBM Java Runtime Environment and the IBM Java Software Development Kit.\nThis update upgrades IBM Java SE 6 to version 6 SR16-FP45.\nSecurity Fix(es) :\n* This update fixes multiple vulnerabilities in the IBM Java Runtime Environment and the IBM Java Software Development Kit. Further information about these flaws can be found on the IBM Java Security Vulnerabilities page, listed in the References section.\n(CVE-2016-9840, CVE-2016-9841, CVE-2016-9842, CVE-2016-9843, CVE-2017-1289, CVE-2017-3509, CVE-2017-3533, CVE-2017-3539, CVE-2017-3544)",
    "Solution": "Update the affected packages.",
    "See Also": [
        "[https://developer.ibm.com/javasdk/support/security-vulnerabilities/](https://developer.ibm.com/javasdk/support/security-vulnerabilities/)",
        "[https://access.redhat.com/errata/RHSA-2017:1222](https://access.redhat.com/errata/RHSA-2017:1222)",
        "[https://access.redhat.com/security/cve/cve-2016-9840](https://access.redhat.com/security/cve/cve-2016-9840)",
        "[https://access.redhat.com/security/cve/cve-2016-9841](https://access.redhat.com/security/cve/cve-2016-9841)",
        "[https://access.redhat.com/security/cve/cve-2016-9842](https://access.redhat.com/security/cve/cve-2016-9842)",
        "[https://access.redhat.com/security/cve/cve-2016-9843](https://access.redhat.com/security/cve/cve-2016-9843)",
        "[https://access.redhat.com/security/cve/cve-2017-1289](https://access.redhat.com/security/cve/cve-2017-1289)",
        "[https://access.redhat.com/security/cve/cve-2017-3509](https://access.redhat.com/security/cve/cve-2017-3509)",
        "[https://access.redhat.com/security/cve/cve-2017-3533](https://access.redhat.com/security/cve/cve-2017-3533)",
        "[https://access.redhat.com/security/cve/cve-2017-3539](https://access.redhat.com/security/cve/cve-2017-3539)",
        "[https://access.redhat.com/security/cve/cve-2017-3544](https://access.redhat.com/security/cve/cve-2017-3544)"
    ],
    "Plugin Details": {
        "Severity": "Critical",
        "ID": "100119",
        "File Name": "redhat-RHSA-2017-1222.nasl",
        "Version": "3.12",
        "Type": "local",
        "Agent": "unix",
        "Family": "[Red Hat Local Security Checks](https://www.tenable.com/plugins/nessus/families/Red%20Hat%20Local%20Security%20Checks)",
        "Published": "5/11/2017",
        "Updated": "10/24/2019",
        "Supported Sensors": "Agentless Assessment, Frictionless Assessment Agent, Frictionless Assessment AWS, Frictionless Assessment Azure, Nessus Agent"
    },
    "Risk Information": [
        {
            "Name": "[VPR](https://www.tenable.com/blog/what-is-vpr-and-how-is-it-different-from-cvss)",
            "Risk Factor": "Medium",
            "Score": "6.7"
        },
        {
            "Name": "[CVSS v2](https://nvd.nist.gov/vuln-metrics/cvss/v2-calculator?vector=AV:N/AC:L/Au:N/C:P/I:P/A:P)",
            "Risk Factor": "High",
            "Base Score": "7.5",
            "Temporal Score": "5.5",
            "Vector": "CVSS2#AV:N/AC:L/Au:N/C:P/I:P/A:P"
        },
        {
            "Name": "[CVSS v3](https://nvd.nist.gov/vuln-metrics/cvss/v3-calculator?vector=AV:N/AC:L/PR:N/UI:N/S:U/C:H/I:H/A:H/E:U/RL:O/RC:C&version=3.0)",
            "Risk Factor": "Critical",
            "Base Score": "9.8",
            "Temporal Score": "8.5",
            "Vector": "CVSS:3.0/AV:N/AC:L/PR:N/UI:N/S:U/C:H/I:H/A:H",
            "Temporal Vector": "CVSS:3.0/E:U/RL:O/RC:C"
        }
    ],
    "Vulnerability Information": {
        "CPE": "p-cpe:/a:redhat:enterprise_linux:java-1.6.0-ibm, p-cpe:/a:redhat:enterprise_linux:java-1.6.0-ibm-demo, p-cpe:/a:redhat:enterprise_linux:java-1.6.0-ibm-devel, p-cpe:/a:redhat:enterprise_linux:java-1.6.0-ibm-javacomm, p-cpe:/a:redhat:enterprise_linux:java-1.6.0-ibm-jdbc, p-cpe:/a:redhat:enterprise_linux:java-1.6.0-ibm-plugin, p-cpe:/a:redhat:enterprise_linux:java-1.6.0-ibm-src, cpe:/o:redhat:enterprise_linux:6",
        "Required KB Items": "Host/local_checks_enabled, Host/RedHat/release, Host/RedHat/rpm-list, Host/cpu",
        "Exploit Ease": "No known exploits are available",
        "Patch Publication Date": "5/10/2017",
        "Vulnerability Publication Date": "4/24/2017"
    },
    "Reference Information": {
        "CVE": "[CVE-2016-9840](/cve/CVE-2016-9840), [CVE-2016-9841](/cve/CVE-2016-9841), [CVE-2016-9842](/cve/CVE-2016-9842), [CVE-2016-9843](/cve/CVE-2016-9843), [CVE-2017-1289](/cve/CVE-2017-1289), [CVE-2017-3509](/cve/CVE-2017-3509), [CVE-2017-3533](/cve/CVE-2017-3533), [CVE-2017-3539](/cve/CVE-2017-3539), [CVE-2017-3544](/cve/CVE-2017-3544)",
        "RHSA": "[2017:1222](https://access.redhat.com/errata/RHSA-2017:1222)"
    }
}