{
    "Title": "RHEL 6 : qemu-kvm-rhev (RHSA-2017:1205)",
    "Synopsis": "The remote Red Hat host is missing one or more security updates.",
    "Description": "An update for qemu-kvm-rhev is now available for RHEV 3.X Hypervisor and Agents for RHEL-6.\nRed Hat Product Security has rated this update as having a security impact of Important. A Common Vulnerability Scoring System (CVSS) base score, which gives a detailed severity rating, is available for each vulnerability from the CVE link(s) in the References section.\nKVM (Kernel-based Virtual Machine) is a full virtualization solution for Linux on a variety of architectures. The qemu-kvm-rhev packages provide the user-space component for running virtual machines that use KVM in environments managed by Red Hat products.\nSecurity Fix(es) :\n* A heap buffer overflow flaw was found in QEMU's Cirrus CLGD 54xx VGA emulator's VNC display driver support; the issue could occur when a VNC client attempted to update its display after a VGA operation is performed by a guest. A privileged user/process inside a guest could use this flaw to crash the QEMU process or, potentially, execute arbitrary code on the host with privileges of the QEMU process.\n(CVE-2016-9603)\n* Quick Emulator (QEMU) built with the Cirrus CLGD 54xx VGA Emulator support is vulnerable to an out-of-bounds r/w access issue. The vulnerability could occur while copying VGA data via various bitblt functions. A privileged user inside the guest could use this flaw to crash the QEMU process (DoS) or potentially execute arbitrary code on a host with privileges of the host's QEMU process. (CVE-2017-7980)\n* Quick Emulator (QEMU) built with the VNC display driver support is vulnerable to an out-of-bounds memory access issue. The vulnerability could occur while refreshing the VNC display surface area in the 'vnc_refresh_server_surface'. A user/process inside the guest could use this flaw to crash the QEMU process, resulting in a DoS.\n(CVE-2017-2633)\n* Quick Emulator (QEMU) built with the Cirrus CLGD 54xx VGA Emulator support is vulnerable to an out-of-bounds access issue. The vulnerability could occur while copying VGA data using bitblt functions (for example, cirrus_bitblt_rop_fwd_transp_). A privileged user inside a guest could use this flaw to crash the QEMU process, resulting in DoS. (CVE-2017-7718)\nRed Hat would like to thank Jiangxin (PSIRT Huawei Inc.) Li Qiang (Qihoo 360 Gear Team) for reporting CVE-2017-7980 and Jiangxin (PSIRT Huawei Inc.) for reporting CVE-2017-7718.",
    "Solution": "Update the affected packages.",
    "See Also": [
        "[https://access.redhat.com/errata/RHSA-2017:1205](https://access.redhat.com/errata/RHSA-2017:1205)",
        "[https://access.redhat.com/security/cve/cve-2016-9603](https://access.redhat.com/security/cve/cve-2016-9603)",
        "[https://access.redhat.com/security/cve/cve-2017-2633](https://access.redhat.com/security/cve/cve-2017-2633)",
        "[https://access.redhat.com/security/cve/cve-2017-7718](https://access.redhat.com/security/cve/cve-2017-7718)",
        "[https://access.redhat.com/security/cve/cve-2017-7980](https://access.redhat.com/security/cve/cve-2017-7980)"
    ],
    "Plugin Details": {
        "Severity": "Critical",
        "ID": "100142",
        "File Name": "redhat-RHSA-2017-1205.nasl",
        "Version": "3.12",
        "Type": "local",
        "Agent": "unix",
        "Family": "[Red Hat Local Security Checks](https://www.tenable.com/plugins/nessus/families/Red%20Hat%20Local%20Security%20Checks)",
        "Published": "5/12/2017",
        "Updated": "10/24/2019",
        "Supported Sensors": "Agentless Assessment, Frictionless Assessment Agent, Frictionless Assessment AWS, Frictionless Assessment Azure, Nessus Agent"
    },
    "Risk Information": [
        {
            "Name": "[VPR](https://www.tenable.com/blog/what-is-vpr-and-how-is-it-different-from-cvss)",
            "Risk Factor": "High",
            "Score": "7.3"
        },
        {
            "Name": "[CVSS v2](https://nvd.nist.gov/vuln-metrics/cvss/v2-calculator?vector=AV:N/AC:L/Au:S/C:C/I:C/A:C)",
            "Risk Factor": "High",
            "Base Score": "9",
            "Temporal Score": "6.7",
            "Vector": "CVSS2#AV:N/AC:L/Au:S/C:C/I:C/A:C"
        },
        {
            "Name": "[CVSS v3](https://nvd.nist.gov/vuln-metrics/cvss/v3-calculator?vector=AV:N/AC:L/PR:L/UI:N/S:C/C:H/I:H/A:H/E:U/RL:O/RC:C&version=3.0)",
            "Risk Factor": "Critical",
            "Base Score": "9.9",
            "Temporal Score": "8.6",
            "Vector": "CVSS:3.0/AV:N/AC:L/PR:L/UI:N/S:C/C:H/I:H/A:H",
            "Temporal Vector": "CVSS:3.0/E:U/RL:O/RC:C"
        }
    ],
    "Vulnerability Information": {
        "CPE": "p-cpe:/a:redhat:enterprise_linux:qemu-img-rhev, p-cpe:/a:redhat:enterprise_linux:qemu-kvm-rhev, p-cpe:/a:redhat:enterprise_linux:qemu-kvm-rhev-debuginfo, p-cpe:/a:redhat:enterprise_linux:qemu-kvm-rhev-tools, cpe:/o:redhat:enterprise_linux:6",
        "Required KB Items": "Host/local_checks_enabled, Host/RedHat/release, Host/RedHat/rpm-list, Host/cpu",
        "Exploit Ease": "No known exploits are available",
        "Patch Publication Date": "5/9/2017",
        "Vulnerability Publication Date": "4/20/2017"
    },
    "Reference Information": {
        "CVE": "[CVE-2016-9603](/cve/CVE-2016-9603), [CVE-2017-2633](/cve/CVE-2017-2633), [CVE-2017-7718](/cve/CVE-2017-7718), [CVE-2017-7980](/cve/CVE-2017-7980)",
        "RHSA": "[2017:1205](https://access.redhat.com/errata/RHSA-2017:1205)"
    }
}