{
    "Title": "RHEL 7 : samba (RHSA-2017:1265)",
    "Synopsis": "The remote Red Hat host is missing one or more security updates.",
    "Description": "An update for samba is now available for Red Hat Enterprise Linux 7.\nRed Hat Product Security has rated this update as having a security impact of Moderate. A Common Vulnerability Scoring System (CVSS) base score, which gives a detailed severity rating, is available for each vulnerability from the CVE link(s) in the References section.\nSamba is an open source implementation of the Server Message Block (SMB) protocol and the related Common Internet File System (CIFS) protocol, which allow PC-compatible machines to share files, printers, and various information.\nSecurity Fix(es) :\n* It was found that Samba always requested forwardable tickets when using Kerberos authentication. A service to which Samba authenticated using Kerberos could subsequently use the ticket to impersonate Samba to other services or domain users. (CVE-2016-2125)\n* A flaw was found in the way Samba handled PAC (Privilege Attribute Certificate) checksums. A remote, authenticated attacker could use this flaw to crash the winbindd process. (CVE-2016-2126)\n* A race condition was found in samba server. A malicious samba client could use this flaw to access files and directories, in areas of the server file system not exported under the share definitions.\n(CVE-2017-2619)\nRed Hat would like to thank the Samba project for reporting CVE-2017-2619. Upstream acknowledges Jann Horn (Google) as the original reporter of CVE-2017-2619.",
    "Solution": "Update the affected packages.",
    "See Also": [
        "[https://access.redhat.com/errata/RHSA-2017:1265](https://access.redhat.com/errata/RHSA-2017:1265)",
        "[https://access.redhat.com/security/cve/cve-2016-2125](https://access.redhat.com/security/cve/cve-2016-2125)",
        "[https://access.redhat.com/security/cve/cve-2016-2126](https://access.redhat.com/security/cve/cve-2016-2126)",
        "[https://access.redhat.com/security/cve/cve-2017-2619](https://access.redhat.com/security/cve/cve-2017-2619)"
    ],
    "Plugin Details": {
        "Severity": "High",
        "ID": "100346",
        "File Name": "redhat-RHSA-2017-1265.nasl",
        "Version": "3.16",
        "Type": "local",
        "Agent": "unix",
        "Family": "[Red Hat Local Security Checks](https://www.tenable.com/plugins/nessus/families/Red%20Hat%20Local%20Security%20Checks)",
        "Published": "5/23/2017",
        "Updated": "10/24/2019",
        "Supported Sensors": "Frictionless Assessment AWS, Frictionless Assessment Azure, Frictionless Assessment Agent, Nessus Agent, Agentless Assessment"
    },
    "Risk Information": [
        {
            "Name": "[VPR](https://www.tenable.com/blog/what-is-vpr-and-how-is-it-different-from-cvss)",
            "Risk Factor": "Medium",
            "Score": "6.7"
        },
        {
            "Name": "[CVSS v2](https://nvd.nist.gov/vuln-metrics/cvss/v2-calculator?vector=AV:N/AC:M/Au:S/C:P/I:P/A:P)",
            "Risk Factor": "Medium",
            "Base Score": "6",
            "Temporal Score": "4.7",
            "Vector": "CVSS2#AV:N/AC:M/Au:S/C:P/I:P/A:P"
        },
        {
            "Name": "[CVSS v3](https://nvd.nist.gov/vuln-metrics/cvss/v3-calculator?vector=AV:N/AC:H/PR:L/UI:N/S:U/C:H/I:H/A:H/E:P/RL:O/RC:C&version=3.0)",
            "Risk Factor": "High",
            "Base Score": "7.5",
            "Temporal Score": "6.7",
            "Vector": "CVSS:3.0/AV:N/AC:H/PR:L/UI:N/S:U/C:H/I:H/A:H",
            "Temporal Vector": "CVSS:3.0/E:P/RL:O/RC:C"
        }
    ],
    "Vulnerability Information": {
        "CPE": "p-cpe:/a:redhat:enterprise_linux:ctdb, p-cpe:/a:redhat:enterprise_linux:ctdb-tests, p-cpe:/a:redhat:enterprise_linux:libsmbclient, p-cpe:/a:redhat:enterprise_linux:libsmbclient-devel, p-cpe:/a:redhat:enterprise_linux:libwbclient, p-cpe:/a:redhat:enterprise_linux:libwbclient-devel, p-cpe:/a:redhat:enterprise_linux:samba, p-cpe:/a:redhat:enterprise_linux:samba-client, p-cpe:/a:redhat:enterprise_linux:samba-client-libs, p-cpe:/a:redhat:enterprise_linux:samba-common, p-cpe:/a:redhat:enterprise_linux:samba-common-libs, p-cpe:/a:redhat:enterprise_linux:samba-common-tools, p-cpe:/a:redhat:enterprise_linux:samba-dc, p-cpe:/a:redhat:enterprise_linux:samba-dc-libs, p-cpe:/a:redhat:enterprise_linux:samba-debuginfo, p-cpe:/a:redhat:enterprise_linux:samba-devel, p-cpe:/a:redhat:enterprise_linux:samba-krb5-printing, p-cpe:/a:redhat:enterprise_linux:samba-libs, p-cpe:/a:redhat:enterprise_linux:samba-pidl, p-cpe:/a:redhat:enterprise_linux:samba-python, p-cpe:/a:redhat:enterprise_linux:samba-test, p-cpe:/a:redhat:enterprise_linux:samba-test-libs, p-cpe:/a:redhat:enterprise_linux:samba-vfs-glusterfs, p-cpe:/a:redhat:enterprise_linux:samba-winbind, p-cpe:/a:redhat:enterprise_linux:samba-winbind-clients, p-cpe:/a:redhat:enterprise_linux:samba-winbind-krb5-locator, p-cpe:/a:redhat:enterprise_linux:samba-winbind-modules, cpe:/o:redhat:enterprise_linux:7, cpe:/o:redhat:enterprise_linux:7.3, cpe:/o:redhat:enterprise_linux:7.4, cpe:/o:redhat:enterprise_linux:7.5, cpe:/o:redhat:enterprise_linux:7.6, cpe:/o:redhat:enterprise_linux:7.7",
        "Required KB Items": "Host/local_checks_enabled, Host/RedHat/release, Host/RedHat/rpm-list, Host/cpu",
        "Exploit Available": "true",
        "Exploit Ease": "Exploits are available",
        "Patch Publication Date": "5/22/2017",
        "Vulnerability Publication Date": "5/11/2017"
    },
    "Reference Information": {
        "CVE": "[CVE-2016-2125](/cve/CVE-2016-2125), [CVE-2016-2126](/cve/CVE-2016-2126), [CVE-2017-2619](/cve/CVE-2017-2619)",
        "RHSA": "[2017:1265](https://access.redhat.com/errata/RHSA-2017:1265)"
    }
}