{
    "Title": "SUSE SLES11 Security Update : java-1_7_0-ibm (SUSE-SU-2017:138...",
    "Synopsis": "The remote SUSE host is missing one or more security updates.",
    "Description": "This update for java-1_7_0-ibm fixes the following issues: Version update to 7.0-10.5 bsc#1038505\n  - CVE-2016-9840: zlib: Out-of-bounds pointer arithmetic in     inftrees.c\n  - CVE-2016-9841: zlib: Out-of-bounds pointer arithmetic in     inffast.c\n  - CVE-2016-9842: zlib: Undefined left shift of negative     number\n  - CVE-2016-9843: zlib: Big-endian out-of-bounds pointer\n  - CVE-2017-1289: IBM JDK: XML External Entity Injection     (XXE) error when processing XML data\n  - CVE-2017-3509: OpenJDK: improper re-use of NTLM     authenticated connections\n  - CVE-2017-3511: OpenJDK: untrusted extension directories     search path in Launcher\n  - CVE-2017-3539: OpenJDK: MD5 allowed for jar verification\n  - CVE-2017-3533: OpenJDK: newline injection in the FTP     client\n  - CVE-2017-3544: OpenJDK: newline injection in the SMTP     client\nNote that Tenable Network Security has extracted the preceding description block directly from the SUSE security advisory. Tenable has attempted to automatically clean and format it as much as possible without introducing additional issues.",
    "Solution": "To install this SUSE Security Update use YaST online_update.\nAlternatively you can run the command listed for your product :\nSUSE Linux Enterprise Server 11-SP3-LTSS:zypper in -t patch slessp3-java-1_7_0-ibm-13124=1\nSUSE Linux Enterprise Point of Sale 11-SP3:zypper in -t patch sleposp3-java-1_7_0-ibm-13124=1\nTo bring your system up-to-date, use 'zypper patch'.",
    "See Also": [
        "[https://bugzilla.suse.com/show_bug.cgi?id=1038505](https://bugzilla.suse.com/show_bug.cgi?id=1038505)",
        "[https://www.suse.com/security/cve/CVE-2016-9840/](https://www.suse.com/security/cve/CVE-2016-9840/)",
        "[https://www.suse.com/security/cve/CVE-2016-9841/](https://www.suse.com/security/cve/CVE-2016-9841/)",
        "[https://www.suse.com/security/cve/CVE-2016-9842/](https://www.suse.com/security/cve/CVE-2016-9842/)",
        "[https://www.suse.com/security/cve/CVE-2016-9843/](https://www.suse.com/security/cve/CVE-2016-9843/)",
        "[https://www.suse.com/security/cve/CVE-2017-1289/](https://www.suse.com/security/cve/CVE-2017-1289/)",
        "[https://www.suse.com/security/cve/CVE-2017-3509/](https://www.suse.com/security/cve/CVE-2017-3509/)",
        "[https://www.suse.com/security/cve/CVE-2017-3511/](https://www.suse.com/security/cve/CVE-2017-3511/)",
        "[https://www.suse.com/security/cve/CVE-2017-3533/](https://www.suse.com/security/cve/CVE-2017-3533/)",
        "[https://www.suse.com/security/cve/CVE-2017-3539/](https://www.suse.com/security/cve/CVE-2017-3539/)",
        "[https://www.suse.com/security/cve/CVE-2017-3544/](https://www.suse.com/security/cve/CVE-2017-3544/)",
        "[http://www.nessus.org/u?2813b030](http://www.nessus.org/u?2813b030)"
    ],
    "Plugin Details": {
        "Severity": "Critical",
        "ID": "100375",
        "File Name": "suse_SU-2017-1384-1.nasl",
        "Version": "3.11",
        "Type": "local",
        "Agent": "unix",
        "Family": "[SuSE Local Security Checks](https://www.tenable.com/plugins/nessus/families/SuSE%20Local%20Security%20Checks)",
        "Published": "5/24/2017",
        "Updated": "1/19/2021",
        "Supported Sensors": "Agentless Assessment, Frictionless Assessment Agent, Frictionless Assessment AWS, Frictionless Assessment Azure, Nessus Agent"
    },
    "Risk Information": [
        {
            "Name": "[VPR](https://www.tenable.com/blog/what-is-vpr-and-how-is-it-different-from-cvss)",
            "Risk Factor": "High",
            "Score": "7.3"
        },
        {
            "Name": "[CVSS v2](https://nvd.nist.gov/vuln-metrics/cvss/v2-calculator?vector=AV:N/AC:L/Au:N/C:P/I:P/A:P)",
            "Risk Factor": "High",
            "Base Score": "7.5",
            "Temporal Score": "5.5",
            "Vector": "CVSS2#AV:N/AC:L/Au:N/C:P/I:P/A:P"
        },
        {
            "Name": "[CVSS v3](https://nvd.nist.gov/vuln-metrics/cvss/v3-calculator?vector=AV:N/AC:L/PR:N/UI:N/S:U/C:H/I:H/A:H/E:U/RL:O/RC:C&version=3.0)",
            "Risk Factor": "Critical",
            "Base Score": "9.8",
            "Temporal Score": "8.5",
            "Vector": "CVSS:3.0/AV:N/AC:L/PR:N/UI:N/S:U/C:H/I:H/A:H",
            "Temporal Vector": "CVSS:3.0/E:U/RL:O/RC:C"
        }
    ],
    "Vulnerability Information": {
        "CPE": "p-cpe:/a:novell:suse_linux:java-1_7_0-ibm, p-cpe:/a:novell:suse_linux:java-1_7_0-ibm-alsa, p-cpe:/a:novell:suse_linux:java-1_7_0-ibm-devel, p-cpe:/a:novell:suse_linux:java-1_7_0-ibm-jdbc, p-cpe:/a:novell:suse_linux:java-1_7_0-ibm-plugin, cpe:/o:novell:suse_linux:11",
        "Required KB Items": "Host/local_checks_enabled, Host/cpu, Host/SuSE/release, Host/SuSE/rpm-list",
        "Exploit Ease": "No known exploits are available",
        "Patch Publication Date": "5/23/2017",
        "Vulnerability Publication Date": "4/24/2017"
    },
    "Reference Information": {
        "CVE": "[CVE-2016-9840](/cve/CVE-2016-9840), [CVE-2016-9841](/cve/CVE-2016-9841), [CVE-2016-9842](/cve/CVE-2016-9842), [CVE-2016-9843](/cve/CVE-2016-9843), [CVE-2017-1289](/cve/CVE-2017-1289), [CVE-2017-3509](/cve/CVE-2017-3509), [CVE-2017-3511](/cve/CVE-2017-3511), [CVE-2017-3533](/cve/CVE-2017-3533), [CVE-2017-3539](/cve/CVE-2017-3539), [CVE-2017-3544](/cve/CVE-2017-3544)"
    }
}