{
    "Title": "RHEL 7 : kernel-rt (RHSA-2017:1298)",
    "Synopsis": "The remote Red Hat host is missing one or more security updates.",
    "Description": "An update for kernel-rt is now available for Red Hat Enterprise Linux 7.\nRed Hat Product Security has rated this update as having a security impact of Important. A Common Vulnerability Scoring System (CVSS) base score, which gives a detailed severity rating, is available for each vulnerability from the CVE link(s) in the References section.\nThe kernel-rt packages provide the Real Time Linux Kernel, which enables fine-tuning for systems with extremely high determinism requirements.\nSecurity Fix(es) :\n* It was found that the packet_set_ring() function of the Linux kernel's networking implementation did not properly validate certain block-size data. A local attacker with CAP_NET_RAW capability could use this flaw to trigger a buffer overflow, resulting in the crash of the system. Due to the nature of the flaw, privilege escalation cannot be fully ruled out. (CVE-2017-7308, Important)\n* Mounting a crafted EXT4 image read-only leads to an attacker controlled memory corruption and SLAB-Out-of-Bounds reads.\n(CVE-2016-10208, Moderate)\n* A flaw was found in the Linux kernel's implementation of seq_file where a local attacker could manipulate memory in the put() function pointer. This could lead to memory corruption and possible privileged escalation. (CVE-2016-7910, Moderate)\n* A vulnerability was found in the Linux kernel. An unprivileged local user could trigger oops in shash_async_export() by attempting to force the in-kernel hashing algorithms into decrypting an empty data set.\n(CVE-2016-8646, Moderate)\nRed Hat would like to thank Igor Redko (Virtuozzo kernel team) for reporting CVE-2016-8646.\nBug Fix(es) :\n* The kernel-rt packages have been upgraded to the 3.10.0-514.21.1 source tree, which provides a number of bug fixes over the previous version. (BZ# 1440803)",
    "Solution": "Update the affected packages.",
    "See Also": [
        "[https://access.redhat.com/errata/RHSA-2017:1298](https://access.redhat.com/errata/RHSA-2017:1298)",
        "[https://access.redhat.com/security/cve/cve-2016-10208](https://access.redhat.com/security/cve/cve-2016-10208)",
        "[https://access.redhat.com/security/cve/cve-2016-7910](https://access.redhat.com/security/cve/cve-2016-7910)",
        "[https://access.redhat.com/security/cve/cve-2016-8646](https://access.redhat.com/security/cve/cve-2016-8646)",
        "[https://access.redhat.com/security/cve/cve-2017-7308](https://access.redhat.com/security/cve/cve-2017-7308)"
    ],
    "Plugin Details": {
        "Severity": "High",
        "ID": "100456",
        "File Name": "redhat-RHSA-2017-1298.nasl",
        "Version": "3.13",
        "Type": "local",
        "Agent": "unix",
        "Family": "[Red Hat Local Security Checks](https://www.tenable.com/plugins/nessus/families/Red%20Hat%20Local%20Security%20Checks)",
        "Published": "5/26/2017",
        "Updated": "10/24/2019",
        "Supported Sensors": "Frictionless Assessment Azure, Agentless Assessment, Frictionless Assessment Agent, Frictionless Assessment AWS, Nessus Agent"
    },
    "Risk Information": [
        {
            "Name": "[VPR](https://www.tenable.com/blog/what-is-vpr-and-how-is-it-different-from-cvss)",
            "Risk Factor": "Critical",
            "Score": "9.7"
        },
        {
            "Name": "[CVSS v2](https://nvd.nist.gov/vuln-metrics/cvss/v2-calculator?vector=AV:N/AC:M/Au:N/C:C/I:C/A:C)",
            "Risk Factor": "High",
            "Base Score": "9.3",
            "Temporal Score": "8.1",
            "Vector": "CVSS2#AV:N/AC:M/Au:N/C:C/I:C/A:C"
        },
        {
            "Name": "[CVSS v3](https://nvd.nist.gov/vuln-metrics/cvss/v3-calculator?vector=AV:L/AC:L/PR:N/UI:R/S:U/C:H/I:H/A:H/E:H/RL:O/RC:C&version=3.0)",
            "Risk Factor": "High",
            "Base Score": "7.8",
            "Temporal Score": "7.5",
            "Vector": "CVSS:3.0/AV:L/AC:L/PR:N/UI:R/S:U/C:H/I:H/A:H",
            "Temporal Vector": "CVSS:3.0/E:H/RL:O/RC:C"
        }
    ],
    "Vulnerability Information": {
        "CPE": "p-cpe:/a:redhat:enterprise_linux:kernel-rt, p-cpe:/a:redhat:enterprise_linux:kernel-rt-debug, p-cpe:/a:redhat:enterprise_linux:kernel-rt-debug-debuginfo, p-cpe:/a:redhat:enterprise_linux:kernel-rt-debug-devel, p-cpe:/a:redhat:enterprise_linux:kernel-rt-debug-kvm, p-cpe:/a:redhat:enterprise_linux:kernel-rt-debug-kvm-debuginfo, p-cpe:/a:redhat:enterprise_linux:kernel-rt-debuginfo, p-cpe:/a:redhat:enterprise_linux:kernel-rt-debuginfo-common-x86_64, p-cpe:/a:redhat:enterprise_linux:kernel-rt-devel, p-cpe:/a:redhat:enterprise_linux:kernel-rt-doc, p-cpe:/a:redhat:enterprise_linux:kernel-rt-kvm, p-cpe:/a:redhat:enterprise_linux:kernel-rt-kvm-debuginfo, p-cpe:/a:redhat:enterprise_linux:kernel-rt-trace, p-cpe:/a:redhat:enterprise_linux:kernel-rt-trace-debuginfo, p-cpe:/a:redhat:enterprise_linux:kernel-rt-trace-devel, p-cpe:/a:redhat:enterprise_linux:kernel-rt-trace-kvm, p-cpe:/a:redhat:enterprise_linux:kernel-rt-trace-kvm-debuginfo, cpe:/o:redhat:enterprise_linux:7",
        "Required KB Items": "Host/local_checks_enabled, Host/RedHat/rpm-list, Host/cpu, Host/RedHat/release",
        "Exploit Available": "true",
        "Exploit Ease": "Exploits are available",
        "Patch Publication Date": "5/25/2017",
        "Vulnerability Publication Date": "11/16/2016"
    },
    "Exploitable With": "Core Impact\nMetasploit  (AF_PACKET packet_set_ring Privilege Escalation)",
    "Reference Information": {
        "CVE": "[CVE-2016-10208](/cve/CVE-2016-10208), [CVE-2016-7910](/cve/CVE-2016-7910), [CVE-2016-8646](/cve/CVE-2016-8646), [CVE-2017-7308](/cve/CVE-2017-7308)",
        "RHSA": "[2017:1298](https://access.redhat.com/errata/RHSA-2017:1298)"
    }
}