{
    "Title": "RHEL 7 : kernel (RHSA-2017:1308)",
    "Synopsis": "The remote Red Hat host is missing one or more security updates.",
    "Description": "An update for kernel is now available for Red Hat Enterprise Linux 7.\nRed Hat Product Security has rated this update as having a security impact of Important. A Common Vulnerability Scoring System (CVSS) base score, which gives a detailed severity rating, is available for each vulnerability from the CVE link(s) in the References section.\nThe kernel packages contain the Linux kernel, the core of any Linux operating system.\nSecurity Fix(es) :\n* It was found that the packet_set_ring() function of the Linux kernel's networking implementation did not properly validate certain block-size data. A local attacker with CAP_NET_RAW capability could use this flaw to trigger a buffer overflow, resulting in the crash of the system. Due to the nature of the flaw, privilege escalation cannot be fully ruled out. (CVE-2017-7308, Important)\n* Mounting a crafted EXT4 image read-only leads to an attacker controlled memory corruption and SLAB-Out-of-Bounds reads.\n(CVE-2016-10208, Moderate)\n* A flaw was found in the Linux kernel's implementation of seq_file where a local attacker could manipulate memory in the put() function pointer. This could lead to memory corruption and possible privileged escalation. (CVE-2016-7910, Moderate)\n* A vulnerability was found in the Linux kernel. An unprivileged local user could trigger oops in shash_async_export() by attempting to force the in-kernel hashing algorithms into decrypting an empty data set.\n(CVE-2016-8646, Moderate)\n* It was reported that with Linux kernel, earlier than version v4.10-rc8, an application may trigger a BUG_ON in sctp_wait_for_sndbuf if the socket tx buffer is full, a thread is waiting on it to queue more data, and meanwhile another thread peels off the association being used by the first thread. (CVE-2017-5986, Moderate)\nRed Hat would like to thank Igor Redko (Virtuozzo kernel team) for reporting CVE-2016-8646.\nAdditional Changes :\nThis update also fixes several bugs and adds various enhancements.\nDocumentation for these changes is available from the Technical Notes document linked to in the References section.",
    "Solution": "Update the affected packages.",
    "See Also": [
        "[https://access.redhat.com/articles/3034221](https://access.redhat.com/articles/3034221)",
        "[https://access.redhat.com/errata/RHSA-2017:1308](https://access.redhat.com/errata/RHSA-2017:1308)",
        "[https://access.redhat.com/security/cve/cve-2016-10208](https://access.redhat.com/security/cve/cve-2016-10208)",
        "[https://access.redhat.com/security/cve/cve-2016-7910](https://access.redhat.com/security/cve/cve-2016-7910)",
        "[https://access.redhat.com/security/cve/cve-2016-8646](https://access.redhat.com/security/cve/cve-2016-8646)",
        "[https://access.redhat.com/security/cve/cve-2017-5986](https://access.redhat.com/security/cve/cve-2017-5986)",
        "[https://access.redhat.com/security/cve/cve-2017-7308](https://access.redhat.com/security/cve/cve-2017-7308)"
    ],
    "Plugin Details": {
        "Severity": "High",
        "ID": "100457",
        "File Name": "redhat-RHSA-2017-1308.nasl",
        "Version": "3.15",
        "Type": "local",
        "Agent": "unix",
        "Family": "[Red Hat Local Security Checks](https://www.tenable.com/plugins/nessus/families/Red%20Hat%20Local%20Security%20Checks)",
        "Published": "5/26/2017",
        "Updated": "10/24/2019",
        "Supported Sensors": "Frictionless Assessment Azure, Agentless Assessment, Frictionless Assessment Agent, Frictionless Assessment AWS, Nessus Agent"
    },
    "Risk Information": [
        {
            "Name": "[VPR](https://www.tenable.com/blog/what-is-vpr-and-how-is-it-different-from-cvss)",
            "Risk Factor": "Critical",
            "Score": "9.7"
        },
        {
            "Name": "[CVSS v2](https://nvd.nist.gov/vuln-metrics/cvss/v2-calculator?vector=AV:N/AC:M/Au:N/C:C/I:C/A:C)",
            "Risk Factor": "High",
            "Base Score": "9.3",
            "Temporal Score": "8.1",
            "Vector": "CVSS2#AV:N/AC:M/Au:N/C:C/I:C/A:C"
        },
        {
            "Name": "[CVSS v3](https://nvd.nist.gov/vuln-metrics/cvss/v3-calculator?vector=AV:L/AC:L/PR:N/UI:R/S:U/C:H/I:H/A:H/E:H/RL:O/RC:C&version=3.0)",
            "Risk Factor": "High",
            "Base Score": "7.8",
            "Temporal Score": "7.5",
            "Vector": "CVSS:3.0/AV:L/AC:L/PR:N/UI:R/S:U/C:H/I:H/A:H",
            "Temporal Vector": "CVSS:3.0/E:H/RL:O/RC:C"
        }
    ],
    "Vulnerability Information": {
        "CPE": "p-cpe:/a:redhat:enterprise_linux:kernel, p-cpe:/a:redhat:enterprise_linux:kernel-abi-whitelists, p-cpe:/a:redhat:enterprise_linux:kernel-debug, p-cpe:/a:redhat:enterprise_linux:kernel-debug-debuginfo, p-cpe:/a:redhat:enterprise_linux:kernel-debug-devel, p-cpe:/a:redhat:enterprise_linux:kernel-debuginfo, p-cpe:/a:redhat:enterprise_linux:kernel-debuginfo-common-s390x, p-cpe:/a:redhat:enterprise_linux:kernel-debuginfo-common-x86_64, p-cpe:/a:redhat:enterprise_linux:kernel-devel, p-cpe:/a:redhat:enterprise_linux:kernel-doc, p-cpe:/a:redhat:enterprise_linux:kernel-headers, p-cpe:/a:redhat:enterprise_linux:kernel-kdump, p-cpe:/a:redhat:enterprise_linux:kernel-kdump-debuginfo, p-cpe:/a:redhat:enterprise_linux:kernel-kdump-devel, p-cpe:/a:redhat:enterprise_linux:kernel-tools, p-cpe:/a:redhat:enterprise_linux:kernel-tools-debuginfo, p-cpe:/a:redhat:enterprise_linux:kernel-tools-libs, p-cpe:/a:redhat:enterprise_linux:kernel-tools-libs-devel, p-cpe:/a:redhat:enterprise_linux:perf, p-cpe:/a:redhat:enterprise_linux:perf-debuginfo, p-cpe:/a:redhat:enterprise_linux:python-perf, p-cpe:/a:redhat:enterprise_linux:python-perf-debuginfo, cpe:/o:redhat:enterprise_linux:7, cpe:/o:redhat:enterprise_linux:7.3, cpe:/o:redhat:enterprise_linux:7.4, cpe:/o:redhat:enterprise_linux:7.5, cpe:/o:redhat:enterprise_linux:7.6, cpe:/o:redhat:enterprise_linux:7.7",
        "Required KB Items": "Host/local_checks_enabled, Host/RedHat/rpm-list, Host/cpu, Host/RedHat/release",
        "Exploit Available": "true",
        "Exploit Ease": "Exploits are available",
        "Patch Publication Date": "5/25/2017",
        "Vulnerability Publication Date": "11/16/2016"
    },
    "Exploitable With": "Core Impact\nMetasploit  (AF_PACKET packet_set_ring Privilege Escalation)",
    "Reference Information": {
        "CVE": "[CVE-2016-10208](/cve/CVE-2016-10208), [CVE-2016-7910](/cve/CVE-2016-7910), [CVE-2016-8646](/cve/CVE-2016-8646), [CVE-2017-5986](/cve/CVE-2017-5986), [CVE-2017-7308](/cve/CVE-2017-7308)",
        "RHSA": "[2017:1308](https://access.redhat.com/errata/RHSA-2017:1308)"
    }
}