{
    "Title": "SUSE SLED12 / SLES12 Security Update : ImageMagick (SUSE-SU-20...",
    "Synopsis": "The remote SUSE host is missing one or more security updates.",
    "Description": "This update for ImageMagick fixes the following issues: Security issues fixed :\n  - CVE-2017-6502: Possible file-descriptor leak in     libmagickcore that could be triggered via a specially     crafted webp file (bsc#1028075).\n  - CVE-2017-7943: The ReadSVGImage function in svg.c     allowed remote attackers to consume an amount of     available memory via a crafted file (bsc#1034870). Note     that this only impacts the built-in SVG implementation.\n    As we use the librsgv implementation, we are not     affected.\n  - CVE-2017-7942: The ReadAVSImage function in avs.c     allowed remote attackers to consume an amount of     available memory via a crafted file (bsc#1034872).\n  - CVE-2017-7941: The ReadSGIImage function in sgi.c     allowed remote attackers to consume an amount of     available memory via a crafted file (bsc#1034876).\n  - CVE-2017-8351: ImageMagick, GraphicsMagick: denial of     service (memory leak) via a crafted file (ReadPCDImage     func in pcd.c) (bsc#1036986).\n  - CVE-2017-8352: denial of service (memory leak) via a     crafted file (ReadXWDImage func in xwd.c) (bsc#1036987)\n  - CVE-2017-8349: denial of service (memory leak) via a     crafted file (ReadSFWImage func in sfw.c) (bsc#1036984)\n  - CVE-2017-8350: denial of service (memory leak) via a     crafted file (ReadJNGImage function in png.c)     (bsc#1036985)\n  - CVE-2017-8347: denial of service (memory leak) via a     crafted file (ReadEXRImage func in exr.c) (bsc#1036982)\n  - CVE-2017-8348: denial of service (memory leak) via a     crafted file (ReadMATImage func in mat.c) (bsc#1036983)\n  - CVE-2017-8345: denial of service (memory leak) via a     crafted file (ReadMNGImage func in png.c) (bsc#1036980)\n  - CVE-2017-8346: denial of service (memory leak) via a     crafted file (ReadDCMImage func in dcm.c) (bsc#1036981)\n  - CVE-2017-8353: denial of service (memory leak) via a     crafted file (ReadPICTImage func in pict.c)     (bsc#1036988)\n  - CVE-2017-8354: denial of service (memory leak) via a     crafted file (ReadBMPImage func in bmp.c) (bsc#1036989)\n  - CVE-2017-8830: denial of service (memory leak) via a     crafted file (ReadBMPImage func in bmp.c:1379)     (bsc#1038000)\n  - CVE-2017-7606: denial of service (application crash) or     possibly have unspecified other impact via a crafted     image (bsc#1033091)\n  - CVE-2017-8765: memory leak vulnerability via a crafted     ICON file (ReadICONImage in coders\\icon.c) (bsc#1037527)\n  - CVE-2017-8356: denial of service (memory leak) via a     crafted file (ReadSUNImage function in sun.c)     (bsc#1036991)\n  - CVE-2017-8355: denial of service (memory leak) via a     crafted file (ReadMTVImage func in mtv.c) (bsc#1036990)\n  - CVE-2017-8344: denial of service (memory leak) via a     crafted file (ReadPCXImage func in pcx.c) (bsc#1036978)\n  - CVE-2017-8343: denial of service (memory leak) via a     crafted file (ReadAAIImage func in aai.c) (bsc#1036977)\n  - CVE-2017-8357: denial of service (memory leak) via a     crafted file (ReadEPTImage func in ept.c) (bsc#1036976)\n  - CVE-2017-9098: uninitialized memory usage in the     ReadRLEImage RLE decoder function coders/rle.c     (bsc#1040025)\n  - CVE-2017-9141: Missing checks in the ReadDDSImage     function in coders/dds.c could lead to a denial of     service (assertion) (bsc#1040303)\n  - CVE-2017-9142: Missing checks in theReadOneJNGImage     function in coders/png.c could lead to denial of service     (assertion) (bsc#1040304)\n  - CVE-2017-9143: A possible denial of service attack via     crafted .art file in ReadARTImage function in     coders/art.c (bsc#1040306)\n  - CVE-2017-9144: A crafted RLE image can trigger a crash     in coders/rle.c could lead to a denial of service     (crash) (bsc#1040332)\nNote that Tenable Network Security has extracted the preceding description block directly from the SUSE security advisory. Tenable has attempted to automatically clean and format it as much as possible without introducing additional issues.",
    "Solution": "To install this SUSE Security Update use YaST online_update.\nAlternatively you can run the command listed for your product :\nSUSE Linux Enterprise Workstation Extension 12-SP2:zypper in -t patch SUSE-SLE-WE-12-SP2-2017-917=1\nSUSE Linux Enterprise Software Development Kit 12-SP2:zypper in -t patch SUSE-SLE-SDK-12-SP2-2017-917=1\nSUSE Linux Enterprise Server for Raspberry Pi 12-SP2:zypper in -t patch SUSE-SLE-RPI-12-SP2-2017-917=1\nSUSE Linux Enterprise Server 12-SP2:zypper in -t patch SUSE-SLE-SERVER-12-SP2-2017-917=1\nSUSE Linux Enterprise Desktop 12-SP2:zypper in -t patch SUSE-SLE-DESKTOP-12-SP2-2017-917=1\nTo bring your system up-to-date, use 'zypper patch'.",
    "See Also": [
        "[https://www.suse.com/security/cve/CVE-2017-8346/](https://www.suse.com/security/cve/CVE-2017-8346/)",
        "[https://www.suse.com/security/cve/CVE-2017-8347/](https://www.suse.com/security/cve/CVE-2017-8347/)",
        "[https://www.suse.com/security/cve/CVE-2017-8348/](https://www.suse.com/security/cve/CVE-2017-8348/)",
        "[https://www.suse.com/security/cve/CVE-2017-8349/](https://www.suse.com/security/cve/CVE-2017-8349/)",
        "[https://www.suse.com/security/cve/CVE-2017-8350/](https://www.suse.com/security/cve/CVE-2017-8350/)",
        "[https://bugzilla.suse.com/show_bug.cgi?id=1028075](https://bugzilla.suse.com/show_bug.cgi?id=1028075)",
        "[https://www.suse.com/security/cve/CVE-2017-8351/](https://www.suse.com/security/cve/CVE-2017-8351/)",
        "[https://bugzilla.suse.com/show_bug.cgi?id=1033091](https://bugzilla.suse.com/show_bug.cgi?id=1033091)",
        "[https://www.suse.com/security/cve/CVE-2017-8352/](https://www.suse.com/security/cve/CVE-2017-8352/)",
        "[https://bugzilla.suse.com/show_bug.cgi?id=1034870](https://bugzilla.suse.com/show_bug.cgi?id=1034870)",
        "[https://www.suse.com/security/cve/CVE-2017-8353/](https://www.suse.com/security/cve/CVE-2017-8353/)",
        "[https://bugzilla.suse.com/show_bug.cgi?id=1034872](https://bugzilla.suse.com/show_bug.cgi?id=1034872)",
        "[https://www.suse.com/security/cve/CVE-2017-8354/](https://www.suse.com/security/cve/CVE-2017-8354/)",
        "[https://bugzilla.suse.com/show_bug.cgi?id=1034876](https://bugzilla.suse.com/show_bug.cgi?id=1034876)",
        "[https://www.suse.com/security/cve/CVE-2017-8355/](https://www.suse.com/security/cve/CVE-2017-8355/)",
        "[https://bugzilla.suse.com/show_bug.cgi?id=1036976](https://bugzilla.suse.com/show_bug.cgi?id=1036976)",
        "[https://bugzilla.suse.com/show_bug.cgi?id=1036977](https://bugzilla.suse.com/show_bug.cgi?id=1036977)",
        "[https://bugzilla.suse.com/show_bug.cgi?id=1036978](https://bugzilla.suse.com/show_bug.cgi?id=1036978)",
        "[https://bugzilla.suse.com/show_bug.cgi?id=1036980](https://bugzilla.suse.com/show_bug.cgi?id=1036980)",
        "[https://bugzilla.suse.com/show_bug.cgi?id=1036981](https://bugzilla.suse.com/show_bug.cgi?id=1036981)",
        "[https://bugzilla.suse.com/show_bug.cgi?id=1036982](https://bugzilla.suse.com/show_bug.cgi?id=1036982)",
        "[https://www.suse.com/security/cve/CVE-2017-8356/](https://www.suse.com/security/cve/CVE-2017-8356/)",
        "[https://bugzilla.suse.com/show_bug.cgi?id=1036983](https://bugzilla.suse.com/show_bug.cgi?id=1036983)",
        "[https://www.suse.com/security/cve/CVE-2017-8357/](https://www.suse.com/security/cve/CVE-2017-8357/)",
        "[https://bugzilla.suse.com/show_bug.cgi?id=1036984](https://bugzilla.suse.com/show_bug.cgi?id=1036984)",
        "[https://www.suse.com/security/cve/CVE-2017-8765/](https://www.suse.com/security/cve/CVE-2017-8765/)",
        "[https://bugzilla.suse.com/show_bug.cgi?id=1036985](https://bugzilla.suse.com/show_bug.cgi?id=1036985)",
        "[https://www.suse.com/security/cve/CVE-2017-8830/](https://www.suse.com/security/cve/CVE-2017-8830/)",
        "[https://bugzilla.suse.com/show_bug.cgi?id=1036986](https://bugzilla.suse.com/show_bug.cgi?id=1036986)",
        "[https://bugzilla.suse.com/show_bug.cgi?id=1036987](https://bugzilla.suse.com/show_bug.cgi?id=1036987)",
        "[https://www.suse.com/security/cve/CVE-2017-9098/](https://www.suse.com/security/cve/CVE-2017-9098/)",
        "[https://bugzilla.suse.com/show_bug.cgi?id=1036988](https://bugzilla.suse.com/show_bug.cgi?id=1036988)",
        "[https://www.suse.com/security/cve/CVE-2017-9141/](https://www.suse.com/security/cve/CVE-2017-9141/)",
        "[https://bugzilla.suse.com/show_bug.cgi?id=1036989](https://bugzilla.suse.com/show_bug.cgi?id=1036989)",
        "[https://www.suse.com/security/cve/CVE-2017-9142/](https://www.suse.com/security/cve/CVE-2017-9142/)",
        "[https://bugzilla.suse.com/show_bug.cgi?id=1036990](https://bugzilla.suse.com/show_bug.cgi?id=1036990)",
        "[https://www.suse.com/security/cve/CVE-2017-9143/](https://www.suse.com/security/cve/CVE-2017-9143/)",
        "[https://bugzilla.suse.com/show_bug.cgi?id=1036991](https://bugzilla.suse.com/show_bug.cgi?id=1036991)",
        "[https://bugzilla.suse.com/show_bug.cgi?id=1037527](https://bugzilla.suse.com/show_bug.cgi?id=1037527)",
        "[https://bugzilla.suse.com/show_bug.cgi?id=1038000](https://bugzilla.suse.com/show_bug.cgi?id=1038000)",
        "[https://bugzilla.suse.com/show_bug.cgi?id=1040025](https://bugzilla.suse.com/show_bug.cgi?id=1040025)",
        "[https://bugzilla.suse.com/show_bug.cgi?id=1040303](https://bugzilla.suse.com/show_bug.cgi?id=1040303)",
        "[https://bugzilla.suse.com/show_bug.cgi?id=1040304](https://bugzilla.suse.com/show_bug.cgi?id=1040304)",
        "[https://bugzilla.suse.com/show_bug.cgi?id=1040306](https://bugzilla.suse.com/show_bug.cgi?id=1040306)",
        "[https://bugzilla.suse.com/show_bug.cgi?id=1040332](https://bugzilla.suse.com/show_bug.cgi?id=1040332)",
        "[https://www.suse.com/security/cve/CVE-2017-6502/](https://www.suse.com/security/cve/CVE-2017-6502/)",
        "[https://www.suse.com/security/cve/CVE-2017-7606/](https://www.suse.com/security/cve/CVE-2017-7606/)",
        "[https://www.suse.com/security/cve/CVE-2017-7941/](https://www.suse.com/security/cve/CVE-2017-7941/)",
        "[https://www.suse.com/security/cve/CVE-2017-7942/](https://www.suse.com/security/cve/CVE-2017-7942/)",
        "[https://www.suse.com/security/cve/CVE-2017-7943/](https://www.suse.com/security/cve/CVE-2017-7943/)",
        "[https://www.suse.com/security/cve/CVE-2017-9144/](https://www.suse.com/security/cve/CVE-2017-9144/)",
        "[https://www.suse.com/security/cve/CVE-2017-8343/](https://www.suse.com/security/cve/CVE-2017-8343/)",
        "[https://www.suse.com/security/cve/CVE-2017-8344/](https://www.suse.com/security/cve/CVE-2017-8344/)",
        "[http://www.nessus.org/u?da504c68](http://www.nessus.org/u?da504c68)",
        "[https://www.suse.com/security/cve/CVE-2017-8345/](https://www.suse.com/security/cve/CVE-2017-8345/)"
    ],
    "Plugin Details": {
        "Severity": "High",
        "ID": "100661",
        "File Name": "suse_SU-2017-1489-1.nasl",
        "Version": "3.8",
        "Type": "local",
        "Agent": "unix",
        "Family": "[SuSE Local Security Checks](https://www.tenable.com/plugins/nessus/families/SuSE%20Local%20Security%20Checks)",
        "Published": "6/7/2017",
        "Updated": "1/6/2021",
        "Supported Sensors": "Agentless Assessment, Frictionless Assessment Agent, Frictionless Assessment AWS, Frictionless Assessment Azure, Nessus Agent"
    },
    "Risk Information": [
        {
            "Name": "[VPR](https://www.tenable.com/blog/what-is-vpr-and-how-is-it-different-from-cvss)",
            "Risk Factor": "Medium",
            "Score": "4.4"
        },
        {
            "Name": "[CVSS v2](https://nvd.nist.gov/vuln-metrics/cvss/v2-calculator?vector=AV:N/AC:M/Au:N/C:N/I:N/A:C)",
            "Risk Factor": "High",
            "Base Score": "7.1",
            "Temporal Score": "5.3",
            "Vector": "CVSS2#AV:N/AC:M/Au:N/C:N/I:N/A:C"
        },
        {
            "Name": "[CVSS v3](https://nvd.nist.gov/vuln-metrics/cvss/v3-calculator?vector=AV:N/AC:L/PR:N/UI:N/S:U/C:H/I:N/A:N/E:U/RL:O/RC:C&version=3.0)",
            "Risk Factor": "High",
            "Base Score": "7.5",
            "Temporal Score": "6.5",
            "Vector": "CVSS:3.0/AV:N/AC:L/PR:N/UI:N/S:U/C:H/I:N/A:N",
            "Temporal Vector": "CVSS:3.0/E:U/RL:O/RC:C"
        }
    ],
    "Vulnerability Information": {
        "CPE": "p-cpe:/a:novell:suse_linux:imagemagick, p-cpe:/a:novell:suse_linux:imagemagick-debuginfo, p-cpe:/a:novell:suse_linux:imagemagick-debugsource, p-cpe:/a:novell:suse_linux:libmagick%2b%2b-6_q16, p-cpe:/a:novell:suse_linux:libmagick%2b%2b-6_q16-3-debuginfo, p-cpe:/a:novell:suse_linux:libmagickcore-6_q16, p-cpe:/a:novell:suse_linux:libmagickcore-6_q16-1, p-cpe:/a:novell:suse_linux:libmagickcore-6_q16-1-debuginfo, p-cpe:/a:novell:suse_linux:libmagickwand-6_q16, p-cpe:/a:novell:suse_linux:libmagickwand-6_q16-1-debuginfo, cpe:/o:novell:suse_linux:12",
        "Required KB Items": "Host/local_checks_enabled, Host/cpu, Host/SuSE/release, Host/SuSE/rpm-list",
        "Exploit Ease": "No known exploits are available",
        "Patch Publication Date": "6/6/2017",
        "Vulnerability Publication Date": "3/6/2017"
    },
    "Reference Information": {
        "CVE": "[CVE-2017-6502](/cve/CVE-2017-6502), [CVE-2017-7606](/cve/CVE-2017-7606), [CVE-2017-7941](/cve/CVE-2017-7941), [CVE-2017-7942](/cve/CVE-2017-7942), [CVE-2017-7943](/cve/CVE-2017-7943), [CVE-2017-8343](/cve/CVE-2017-8343), [CVE-2017-8344](/cve/CVE-2017-8344), [CVE-2017-8345](/cve/CVE-2017-8345), [CVE-2017-8346](/cve/CVE-2017-8346), [CVE-2017-8347](/cve/CVE-2017-8347), [CVE-2017-8348](/cve/CVE-2017-8348), [CVE-2017-8349](/cve/CVE-2017-8349), [CVE-2017-8350](/cve/CVE-2017-8350), [CVE-2017-8351](/cve/CVE-2017-8351), [CVE-2017-8352](/cve/CVE-2017-8352), [CVE-2017-8353](/cve/CVE-2017-8353), [CVE-2017-8354](/cve/CVE-2017-8354), [CVE-2017-8355](/cve/CVE-2017-8355), [CVE-2017-8356](/cve/CVE-2017-8356), [CVE-2017-8357](/cve/CVE-2017-8357), [CVE-2017-8765](/cve/CVE-2017-8765), [CVE-2017-8830](/cve/CVE-2017-8830), [CVE-2017-9098](/cve/CVE-2017-9098), [CVE-2017-9141](/cve/CVE-2017-9141), [CVE-2017-9142](/cve/CVE-2017-9142), [CVE-2017-9143](/cve/CVE-2017-9143), [CVE-2017-9144](/cve/CVE-2017-9144)"
    }
}