{
    "Title": "Debian DSA-3897-1 : drupal7 - security update",
    "Synopsis": "The remote Debian host is missing a security-related update.",
    "Description": "Two vulnerabilities were discovered in Drupal, a fully-featured content management framework. The Common Vulnerabilities and Exposures project identifies the following issues :\n  - CVE-2015-7943     Samuel Mortenson and Pere Orga discovered that the     overlay module does not sufficiently validate URLs prior     to displaying their contents, leading to an open     redirect vulnerability.\n  More information can be found at   https://www.drupal.org/SA-CORE-2015-004\n  - CVE-2017-6922     Greg Knaddison, Mori Sugimoto and iancawthorne     discovered that files uploaded by anonymous users into a     private file system can be accessed by other anonymous     users leading to an access bypass vulnerability.\n  More information can be found at   https://www.drupal.org/SA-CORE-2017-003",
    "Solution": "Upgrade the drupal7 packages.\nFor the oldstable distribution (jessie), these problems have been fixed in version 7.32-1+deb8u9.\nFor the stable distribution (stretch), these problems have been fixed in version 7.52-2+deb9u1. For the stable distribution (stretch), CVE-2015-7943 was already fixed before the initial release.",
    "See Also": [
        "[https://bugs.debian.org/cgi-bin/bugreport.cgi?bug=865498](https://bugs.debian.org/cgi-bin/bugreport.cgi?bug=865498)",
        "[https://security-tracker.debian.org/tracker/CVE-2015-7943](https://security-tracker.debian.org/tracker/CVE-2015-7943)",
        "[http://www.nessus.org/u?034c342d](http://www.nessus.org/u?034c342d)",
        "[https://security-tracker.debian.org/tracker/CVE-2017-6922](https://security-tracker.debian.org/tracker/CVE-2017-6922)",
        "[http://www.nessus.org/u?34ea2f5d](http://www.nessus.org/u?34ea2f5d)",
        "[https://packages.debian.org/source/jessie/drupal7](https://packages.debian.org/source/jessie/drupal7)",
        "[https://packages.debian.org/source/stretch/drupal7](https://packages.debian.org/source/stretch/drupal7)",
        "[https://www.debian.org/security/2017/dsa-3897](https://www.debian.org/security/2017/dsa-3897)"
    ],
    "Plugin Details": {
        "Severity": "Medium",
        "ID": "101034",
        "File Name": "debian_DSA-3897.nasl",
        "Version": "3.10",
        "Type": "local",
        "Agent": "unix",
        "Family": "[Debian Local Security Checks](https://www.tenable.com/plugins/nessus/families/Debian%20Local%20Security%20Checks)",
        "Published": "6/26/2017",
        "Updated": "1/4/2021",
        "Supported Sensors": "Agentless Assessment, Frictionless Assessment Agent, Nessus Agent"
    },
    "Risk Information": [
        {
            "Name": "[VPR](https://www.tenable.com/blog/what-is-vpr-and-how-is-it-different-from-cvss)",
            "Risk Factor": "Low",
            "Score": "3.6"
        },
        {
            "Name": "[CVSS v2](https://nvd.nist.gov/vuln-metrics/cvss/v2-calculator?vector=AV:N/AC:M/Au:N/C:P/I:P/A:N)",
            "Risk Factor": "Medium",
            "Base Score": "5.8",
            "Temporal Score": "4.3",
            "Vector": "CVSS2#AV:N/AC:M/Au:N/C:P/I:P/A:N"
        },
        {
            "Name": "[CVSS v3](https://nvd.nist.gov/vuln-metrics/cvss/v3-calculator?vector=AV:N/AC:L/PR:L/UI:N/S:U/C:H/I:N/A:N/E:U/RL:O/RC:C&version=3.0)",
            "Risk Factor": "Medium",
            "Base Score": "6.5",
            "Temporal Score": "5.7",
            "Vector": "CVSS:3.0/AV:N/AC:L/PR:L/UI:N/S:U/C:H/I:N/A:N",
            "Temporal Vector": "CVSS:3.0/E:U/RL:O/RC:C"
        }
    ],
    "Vulnerability Information": {
        "CPE": "p-cpe:/a:debian:debian_linux:drupal7, cpe:/o:debian:debian_linux:8.0, cpe:/o:debian:debian_linux:9.0",
        "Required KB Items": "Host/local_checks_enabled, Host/Debian/release, Host/Debian/dpkg-l",
        "Exploit Ease": "No known exploits are available",
        "Patch Publication Date": "6/24/2017",
        "Vulnerability Publication Date": "10/18/2017"
    },
    "Reference Information": {
        "CVE": "[CVE-2015-7943](/cve/CVE-2015-7943), [CVE-2017-6922](/cve/CVE-2017-6922)",
        "DSA": "3897"
    }
}