{
    "Title": "Debian DSA-3896-1 : apache2 - security update",
    "Synopsis": "The remote Debian host is missing a security-related update.",
    "Description": "Several vulnerabilities have been found in the Apache HTTPD server.\n  - CVE-2017-3167     Emmanuel Dreyfus reported that the use of     ap_get_basic_auth_pw() by third-party modules outside of     the authentication phase may lead to authentication     requirements being bypassed.\n  - CVE-2017-3169     Vasileios Panopoulos of AdNovum Informatik AG discovered     that mod_ssl may dereference a NULL pointer when     third-party modules call ap_hook_process_connection()     during an HTTP request to an HTTPS port leading to a     denial of service.\n  - CVE-2017-7659     Robert Swiecki reported that a specially crafted HTTP/2     request could cause mod_http2 to dereference a NULL     pointer and crash the server process.\n  - CVE-2017-7668     Javier Jimenez reported that the HTTP strict parsing     contains a flaw leading to a buffer overread in     ap_find_token(). A remote attacker can take advantage of     this flaw by carefully crafting a sequence of request     headers to cause a segmentation fault, or to force     ap_find_token() to return an incorrect value.\n  - CVE-2017-7679     ChenQin and Hanno Boeck reported that mod_mime can read     one byte past the end of a buffer when sending a     malicious Content-Type response header.",
    "Solution": "Upgrade the apache2 packages.\nFor the oldstable distribution (jessie), these problems have been fixed in version 2.4.10-10+deb8u9. The oldstable distribution (jessie) is not affected by CVE-2017-7659.\nFor the stable distribution (stretch), these problems have been fixed in version 2.4.25-3+deb9u1.",
    "See Also": [
        "[https://security-tracker.debian.org/tracker/CVE-2017-3167](https://security-tracker.debian.org/tracker/CVE-2017-3167)",
        "[https://security-tracker.debian.org/tracker/CVE-2017-3169](https://security-tracker.debian.org/tracker/CVE-2017-3169)",
        "[https://security-tracker.debian.org/tracker/CVE-2017-7659](https://security-tracker.debian.org/tracker/CVE-2017-7659)",
        "[https://security-tracker.debian.org/tracker/CVE-2017-7668](https://security-tracker.debian.org/tracker/CVE-2017-7668)",
        "[https://security-tracker.debian.org/tracker/CVE-2017-7679](https://security-tracker.debian.org/tracker/CVE-2017-7679)",
        "[https://packages.debian.org/source/jessie/apache2](https://packages.debian.org/source/jessie/apache2)",
        "[https://packages.debian.org/source/stretch/apache2](https://packages.debian.org/source/stretch/apache2)",
        "[https://www.debian.org/security/2017/dsa-3896](https://www.debian.org/security/2017/dsa-3896)"
    ],
    "Plugin Details": {
        "Severity": "Critical",
        "ID": "101013",
        "File Name": "debian_DSA-3896.nasl",
        "Version": "3.14",
        "Type": "local",
        "Agent": "unix",
        "Family": "[Debian Local Security Checks](https://www.tenable.com/plugins/nessus/families/Debian%20Local%20Security%20Checks)",
        "Published": "6/23/2017",
        "Updated": "1/4/2021",
        "Supported Sensors": "Frictionless Assessment Agent, Nessus Agent, Agentless Assessment"
    },
    "Risk Information": [
        {
            "Name": "[VPR](https://www.tenable.com/blog/what-is-vpr-and-how-is-it-different-from-cvss)",
            "Risk Factor": "Medium",
            "Score": "6.7"
        },
        {
            "Name": "[CVSS v2](https://nvd.nist.gov/vuln-metrics/cvss/v2-calculator?vector=AV:N/AC:L/Au:N/C:P/I:P/A:P)",
            "Risk Factor": "High",
            "Base Score": "7.5",
            "Temporal Score": "5.5",
            "Vector": "CVSS2#AV:N/AC:L/Au:N/C:P/I:P/A:P"
        },
        {
            "Name": "[CVSS v3](https://nvd.nist.gov/vuln-metrics/cvss/v3-calculator?vector=AV:N/AC:L/PR:N/UI:N/S:U/C:H/I:H/A:H/E:U/RL:O/RC:C&version=3.0)",
            "Risk Factor": "Critical",
            "Base Score": "9.8",
            "Temporal Score": "8.5",
            "Vector": "CVSS:3.0/AV:N/AC:L/PR:N/UI:N/S:U/C:H/I:H/A:H",
            "Temporal Vector": "CVSS:3.0/E:U/RL:O/RC:C"
        }
    ],
    "Vulnerability Information": {
        "CPE": "p-cpe:/a:debian:debian_linux:apache2, cpe:/o:debian:debian_linux:8.0, cpe:/o:debian:debian_linux:9.0",
        "Required KB Items": "Host/local_checks_enabled, Host/Debian/release, Host/Debian/dpkg-l",
        "Exploit Ease": "No known exploits are available",
        "Patch Publication Date": "6/22/2017"
    },
    "Reference Information": {
        "CVE": "[CVE-2017-3167](/cve/CVE-2017-3167), [CVE-2017-3169](/cve/CVE-2017-3169), [CVE-2017-7659](/cve/CVE-2017-7659), [CVE-2017-7668](/cve/CVE-2017-7668), [CVE-2017-7679](/cve/CVE-2017-7679)",
        "DSA": "3896"
    }
}