{
    "Title": "SUSE SLED12 / SLES12 Security Update : wireshark (SUSE-SU-2017...",
    "Synopsis": "The remote SUSE host is missing one or more security updates.",
    "Description": "The network debugging tool wireshark was updated to version 2.2.7 to fix the following issues :\n  - CVE-2017-9352: Bazaar dissector infinite loop     (wnpa-sec-2017-22) (bsc#1042304)\n  - CVE-2017-9348: DOF dissector read overflow     (wnpa-sec-2017-23) (bsc#1042303)\n  - CVE-2017-9351: DHCP dissector read overflow     (wnpa-sec-2017-24) (bsc#1042302)\n  - CVE-2017-9346: SoulSeek dissector infinite loop     (wnpa-sec-2017-25) (bsc#1042301)\n  - CVE-2017-9345: DNS dissector infinite loop     (wnpa-sec-2017-26) (bsc#1042300)\n  - CVE-2017-9349: DICOM dissector infinite loop     (wnpa-sec-2017-27) (bsc#1042305)\n  - CVE-2017-9350: openSAFETY dissector memory exh..\n    (wnpa-sec-2017-28) (bsc#1042299)\n  - CVE-2017-9344: BT L2CAP dissector divide by zero     (wnpa-sec-2017-29) (bsc#1042298)\n  - CVE-2017-9343: MSNIP dissector crash (wnpa-sec-2017-30)     (bsc#1042309)\n  - CVE-2017-9347: ROS dissector crash (wnpa-sec-2017-31)     (bsc#1042308)\n  - CVE-2017-9354: RGMP dissector crash (wnpa-sec-2017-32)     (bsc#1042307)\n  - CVE-2017-9353: wireshark: IPv6 dissector crash     (wnpa-sec-2017-33) (bsc#1042306)\nNote that Tenable Network Security has extracted the preceding description block directly from the SUSE security advisory. Tenable has attempted to automatically clean and format it as much as possible without introducing additional issues.",
    "Solution": "To install this SUSE Security Update use YaST online_update.\nAlternatively you can run the command listed for your product :\nSUSE Linux Enterprise Software Development Kit 12-SP2:zypper in -t patch SUSE-SLE-SDK-12-SP2-2017-1031=1\nSUSE Linux Enterprise Server for Raspberry Pi 12-SP2:zypper in -t patch SUSE-SLE-RPI-12-SP2-2017-1031=1\nSUSE Linux Enterprise Server 12-SP2:zypper in -t patch SUSE-SLE-SERVER-12-SP2-2017-1031=1\nSUSE Linux Enterprise Desktop 12-SP2:zypper in -t patch SUSE-SLE-DESKTOP-12-SP2-2017-1031=1\nTo bring your system up-to-date, use 'zypper patch'.",
    "See Also": [
        "[https://bugzilla.suse.com/show_bug.cgi?id=1042298](https://bugzilla.suse.com/show_bug.cgi?id=1042298)",
        "[https://bugzilla.suse.com/show_bug.cgi?id=1042299](https://bugzilla.suse.com/show_bug.cgi?id=1042299)",
        "[https://bugzilla.suse.com/show_bug.cgi?id=1042300](https://bugzilla.suse.com/show_bug.cgi?id=1042300)",
        "[https://bugzilla.suse.com/show_bug.cgi?id=1042301](https://bugzilla.suse.com/show_bug.cgi?id=1042301)",
        "[https://bugzilla.suse.com/show_bug.cgi?id=1042302](https://bugzilla.suse.com/show_bug.cgi?id=1042302)",
        "[https://bugzilla.suse.com/show_bug.cgi?id=1042303](https://bugzilla.suse.com/show_bug.cgi?id=1042303)",
        "[https://bugzilla.suse.com/show_bug.cgi?id=1042304](https://bugzilla.suse.com/show_bug.cgi?id=1042304)",
        "[https://bugzilla.suse.com/show_bug.cgi?id=1042305](https://bugzilla.suse.com/show_bug.cgi?id=1042305)",
        "[https://bugzilla.suse.com/show_bug.cgi?id=1042306](https://bugzilla.suse.com/show_bug.cgi?id=1042306)",
        "[https://bugzilla.suse.com/show_bug.cgi?id=1042307](https://bugzilla.suse.com/show_bug.cgi?id=1042307)",
        "[https://bugzilla.suse.com/show_bug.cgi?id=1042308](https://bugzilla.suse.com/show_bug.cgi?id=1042308)",
        "[https://bugzilla.suse.com/show_bug.cgi?id=1042309](https://bugzilla.suse.com/show_bug.cgi?id=1042309)",
        "[https://www.suse.com/security/cve/CVE-2017-9343/](https://www.suse.com/security/cve/CVE-2017-9343/)",
        "[https://www.suse.com/security/cve/CVE-2017-9344/](https://www.suse.com/security/cve/CVE-2017-9344/)",
        "[https://www.suse.com/security/cve/CVE-2017-9345/](https://www.suse.com/security/cve/CVE-2017-9345/)",
        "[https://www.suse.com/security/cve/CVE-2017-9346/](https://www.suse.com/security/cve/CVE-2017-9346/)",
        "[https://www.suse.com/security/cve/CVE-2017-9347/](https://www.suse.com/security/cve/CVE-2017-9347/)",
        "[https://www.suse.com/security/cve/CVE-2017-9348/](https://www.suse.com/security/cve/CVE-2017-9348/)",
        "[https://www.suse.com/security/cve/CVE-2017-9349/](https://www.suse.com/security/cve/CVE-2017-9349/)",
        "[https://www.suse.com/security/cve/CVE-2017-9350/](https://www.suse.com/security/cve/CVE-2017-9350/)",
        "[https://www.suse.com/security/cve/CVE-2017-9351/](https://www.suse.com/security/cve/CVE-2017-9351/)",
        "[https://www.suse.com/security/cve/CVE-2017-9352/](https://www.suse.com/security/cve/CVE-2017-9352/)",
        "[https://www.suse.com/security/cve/CVE-2017-9353/](https://www.suse.com/security/cve/CVE-2017-9353/)",
        "[https://www.suse.com/security/cve/CVE-2017-9354/](https://www.suse.com/security/cve/CVE-2017-9354/)",
        "[http://www.nessus.org/u?ec52156b](http://www.nessus.org/u?ec52156b)"
    ],
    "Plugin Details": {
        "Severity": "High",
        "ID": "101042",
        "File Name": "suse_SU-2017-1663-1.nasl",
        "Version": "3.10",
        "Type": "local",
        "Agent": "unix",
        "Family": "[SuSE Local Security Checks](https://www.tenable.com/plugins/nessus/families/SuSE%20Local%20Security%20Checks)",
        "Published": "6/26/2017",
        "Updated": "1/6/2021",
        "Supported Sensors": "Agentless Assessment, Frictionless Assessment Agent, Frictionless Assessment AWS, Frictionless Assessment Azure, Nessus Agent"
    },
    "Risk Information": [
        {
            "Name": "[VPR](https://www.tenable.com/blog/what-is-vpr-and-how-is-it-different-from-cvss)",
            "Risk Factor": "Medium",
            "Score": "4.4"
        },
        {
            "Name": "[CVSS v2](https://nvd.nist.gov/vuln-metrics/cvss/v2-calculator?vector=AV:N/AC:L/Au:N/C:N/I:N/A:C)",
            "Risk Factor": "High",
            "Base Score": "7.8",
            "Temporal Score": "6.1",
            "Vector": "CVSS2#AV:N/AC:L/Au:N/C:N/I:N/A:C"
        },
        {
            "Name": "[CVSS v3](https://nvd.nist.gov/vuln-metrics/cvss/v3-calculator?vector=AV:N/AC:L/PR:N/UI:N/S:U/C:N/I:N/A:H/E:P/RL:O/RC:C&version=3.0)",
            "Risk Factor": "High",
            "Base Score": "7.5",
            "Temporal Score": "6.7",
            "Vector": "CVSS:3.0/AV:N/AC:L/PR:N/UI:N/S:U/C:N/I:N/A:H",
            "Temporal Vector": "CVSS:3.0/E:P/RL:O/RC:C"
        }
    ],
    "Vulnerability Information": {
        "CPE": "p-cpe:/a:novell:suse_linux:libwireshark8, p-cpe:/a:novell:suse_linux:libwireshark8-debuginfo, p-cpe:/a:novell:suse_linux:libwiretap6, p-cpe:/a:novell:suse_linux:libwiretap6-debuginfo, p-cpe:/a:novell:suse_linux:libwscodecs1, p-cpe:/a:novell:suse_linux:libwscodecs1-debuginfo, p-cpe:/a:novell:suse_linux:libwsutil7, p-cpe:/a:novell:suse_linux:libwsutil7-debuginfo, p-cpe:/a:novell:suse_linux:wireshark, p-cpe:/a:novell:suse_linux:wireshark-debuginfo, p-cpe:/a:novell:suse_linux:wireshark-debugsource, p-cpe:/a:novell:suse_linux:wireshark-gtk, p-cpe:/a:novell:suse_linux:wireshark-gtk-debuginfo, cpe:/o:novell:suse_linux:12",
        "Required KB Items": "Host/local_checks_enabled, Host/cpu, Host/SuSE/release, Host/SuSE/rpm-list",
        "Exploit Available": "true",
        "Exploit Ease": "Exploits are available",
        "Patch Publication Date": "6/23/2017",
        "Vulnerability Publication Date": "6/2/2017"
    },
    "Reference Information": {
        "CVE": "[CVE-2017-9343](/cve/CVE-2017-9343), [CVE-2017-9344](/cve/CVE-2017-9344), [CVE-2017-9345](/cve/CVE-2017-9345), [CVE-2017-9346](/cve/CVE-2017-9346), [CVE-2017-9347](/cve/CVE-2017-9347), [CVE-2017-9348](/cve/CVE-2017-9348), [CVE-2017-9349](/cve/CVE-2017-9349), [CVE-2017-9350](/cve/CVE-2017-9350), [CVE-2017-9351](/cve/CVE-2017-9351), [CVE-2017-9352](/cve/CVE-2017-9352), [CVE-2017-9353](/cve/CVE-2017-9353), [CVE-2017-9354](/cve/CVE-2017-9354)"
    }
}