{
    "Title": "RHEL 7 : kernel (RHSA-2017:1615)",
    "Synopsis": "The remote Red Hat host is missing one or more security updates.",
    "Description": "An update for kernel is now available for Red Hat Enterprise Linux 7.\nRed Hat Product Security has rated this update as having a security impact of Important. A Common Vulnerability Scoring System (CVSS) base score, which gives a detailed severity rating, is available for each vulnerability from the CVE link(s) in the References section.\nThe kernel packages contain the Linux kernel, the core of any Linux operating system.\nSecurity Fix(es) :\n* A flaw was found in the way Linux kernel allocates heap memory to build the scattergather list from a fragment list(skb_shinfo(skb)->frag_list) in the socket buffer(skb_buff). The heap overflow occurred if 'MAX_SKB_FRAGS + 1' parameter and 'NETIF_F_FRAGLIST' feature were used together. A remote user or process could use this flaw to potentially escalate their privilege on a system. (CVE-2017-7477, Important)\n* The NFS2/3 RPC client could send long arguments to the NFS server.\nThese encoded arguments are stored in an array of memory pages, and accessed using pointer variables. Arbitrarily long arguments could make these pointers point outside the array and cause an out-of-bounds memory access. A remote user or program could use this flaw to crash the kernel (denial of service). (CVE-2017-7645, Important)\n* The NFSv2 and NFSv3 server implementations in the Linux kernel through 4.10.13 lacked certain checks for the end of a buffer. A remote attacker could trigger a pointer-arithmetic error or possibly cause other unspecified impacts using crafted requests related to fs/nfsd/nfs3xdr.c and fs/nfsd/nfsxdr.c. (CVE-2017-7895, Important)\n* The Linux kernel built with the Kernel-based Virtual Machine (CONFIG_KVM) support was vulnerable to an incorrect segment selector(SS) value error. The error could occur while loading values into the SS register in long mode. A user or process inside a guest could use this flaw to crash the guest, resulting in DoS or potentially escalate their privileges inside the guest.\n(CVE-2017-2583, Moderate)\n* A flaw was found in the Linux kernel's handling of packets with the URG flag. Applications using the splice() and tcp_splice_read() functionality could allow a remote attacker to force the kernel to enter a condition in which it could loop indefinitely. (CVE-2017-6214, Moderate)\nRed Hat would like to thank Ari Kauppi for reporting CVE-2017-7895 and Xiaohan Zhang (Huawei Inc.) for reporting CVE-2017-2583.\nBug Fix(es) :\n* Previously, the reserved-pages counter (HugePages_Rsvd) was bigger than the total-pages counter (HugePages_Total) in the /proc/meminfo file, and HugePages_Rsvd underflowed. With this update, the HugeTLB feature of the Linux kernel has been fixed, and HugePages_Rsvd underflow no longer occurs. (BZ#1445184)\n* If a directory on a NFS client was modified while being listed, the NFS client could restart the directory listing multiple times.\nConsequently, the performance of listing the directory was sub-optimal. With this update, the restarting of the directory listing happens less frequently. As a result, the performance of listing the directory while it is being modified has improved. (BZ#1450851)\n* The Fibre Channel over Ethernet (FCoE) adapter in some cases failed to reboot. This update fixes the qla2xxx driver, and FCoE adapter now reboots as expected. (BZ#1446246)\n* When a VM with Virtual Function I/O (VFIO) device was rebooted, the QEMU process occasionally terminated unexpectedly due to a failed VFIO Direct Memory Access (DMA) map request. This update fixes the vfio driver and QEMU no longer crashes in the described situation.\n(BZ#1450855)\n* When the operating system was booted with the in-box lpfc driver, a kernel panic occurred on the little-endian variant of IBM Power Systems. This update fixes lpfc, and the kernel no longer panics in the described situation. (BZ#1452044)\n* When creating or destroying a VM with Virtual Function I/O (VFIO) devices with 'Hugepages' feature enabled, errors in Direct Memory Access (DMA) page table entry (PTE) mappings occurred, and QEMU memory usage behaved unpredictably. This update fixes range computation when making room for large pages in Input/Output Memory Management Unit (IOMMU). As a result, errors in DMA PTE mappings no longer occur, and QEMU has a predictable memory usage in the described situation.\n(BZ#1450856)",
    "Solution": "Update the affected packages.",
    "See Also": [
        "[https://access.redhat.com/articles/3090941](https://access.redhat.com/articles/3090941)",
        "[https://access.redhat.com/errata/RHSA-2017:1615](https://access.redhat.com/errata/RHSA-2017:1615)",
        "[https://access.redhat.com/security/cve/cve-2017-2583](https://access.redhat.com/security/cve/cve-2017-2583)",
        "[https://access.redhat.com/security/cve/cve-2017-6214](https://access.redhat.com/security/cve/cve-2017-6214)",
        "[https://access.redhat.com/security/cve/cve-2017-7477](https://access.redhat.com/security/cve/cve-2017-7477)",
        "[https://access.redhat.com/security/cve/cve-2017-7645](https://access.redhat.com/security/cve/cve-2017-7645)",
        "[https://access.redhat.com/security/cve/cve-2017-7895](https://access.redhat.com/security/cve/cve-2017-7895)"
    ],
    "Plugin Details": {
        "Severity": "Critical",
        "ID": "101101",
        "File Name": "redhat-RHSA-2017-1615.nasl",
        "Version": "3.14",
        "Type": "local",
        "Agent": "unix",
        "Family": "[Red Hat Local Security Checks](https://www.tenable.com/plugins/nessus/families/Red%20Hat%20Local%20Security%20Checks)",
        "Published": "6/29/2017",
        "Updated": "10/24/2019",
        "Supported Sensors": "Frictionless Assessment Azure, Agentless Assessment, Frictionless Assessment Agent, Frictionless Assessment AWS, Nessus Agent"
    },
    "Risk Information": [
        {
            "Name": "[VPR](https://www.tenable.com/blog/what-is-vpr-and-how-is-it-different-from-cvss)",
            "Risk Factor": "Medium",
            "Score": "6.7"
        },
        {
            "Name": "[CVSS v2](https://nvd.nist.gov/vuln-metrics/cvss/v2-calculator?vector=AV:N/AC:L/Au:N/C:C/I:C/A:C)",
            "Risk Factor": "Critical",
            "Base Score": "10",
            "Temporal Score": "7.4",
            "Vector": "CVSS2#AV:N/AC:L/Au:N/C:C/I:C/A:C"
        },
        {
            "Name": "[CVSS v3](https://nvd.nist.gov/vuln-metrics/cvss/v3-calculator?vector=AV:N/AC:L/PR:N/UI:N/S:U/C:H/I:H/A:H/E:U/RL:O/RC:C&version=3.0)",
            "Risk Factor": "Critical",
            "Base Score": "9.8",
            "Temporal Score": "8.5",
            "Vector": "CVSS:3.0/AV:N/AC:L/PR:N/UI:N/S:U/C:H/I:H/A:H",
            "Temporal Vector": "CVSS:3.0/E:U/RL:O/RC:C"
        }
    ],
    "Vulnerability Information": {
        "CPE": "p-cpe:/a:redhat:enterprise_linux:kernel, p-cpe:/a:redhat:enterprise_linux:kernel-abi-whitelists, p-cpe:/a:redhat:enterprise_linux:kernel-debug, p-cpe:/a:redhat:enterprise_linux:kernel-debug-debuginfo, p-cpe:/a:redhat:enterprise_linux:kernel-debug-devel, p-cpe:/a:redhat:enterprise_linux:kernel-debuginfo, p-cpe:/a:redhat:enterprise_linux:kernel-debuginfo-common-s390x, p-cpe:/a:redhat:enterprise_linux:kernel-debuginfo-common-x86_64, p-cpe:/a:redhat:enterprise_linux:kernel-devel, p-cpe:/a:redhat:enterprise_linux:kernel-doc, p-cpe:/a:redhat:enterprise_linux:kernel-headers, p-cpe:/a:redhat:enterprise_linux:kernel-kdump, p-cpe:/a:redhat:enterprise_linux:kernel-kdump-debuginfo, p-cpe:/a:redhat:enterprise_linux:kernel-kdump-devel, p-cpe:/a:redhat:enterprise_linux:kernel-tools, p-cpe:/a:redhat:enterprise_linux:kernel-tools-debuginfo, p-cpe:/a:redhat:enterprise_linux:kernel-tools-libs, p-cpe:/a:redhat:enterprise_linux:kernel-tools-libs-devel, p-cpe:/a:redhat:enterprise_linux:perf, p-cpe:/a:redhat:enterprise_linux:perf-debuginfo, p-cpe:/a:redhat:enterprise_linux:python-perf, p-cpe:/a:redhat:enterprise_linux:python-perf-debuginfo, cpe:/o:redhat:enterprise_linux:7, cpe:/o:redhat:enterprise_linux:7.3, cpe:/o:redhat:enterprise_linux:7.4, cpe:/o:redhat:enterprise_linux:7.5, cpe:/o:redhat:enterprise_linux:7.6, cpe:/o:redhat:enterprise_linux:7.7",
        "Required KB Items": "Host/local_checks_enabled, Host/RedHat/rpm-list, Host/cpu, Host/RedHat/release",
        "Exploit Ease": "No known exploits are available",
        "Patch Publication Date": "6/28/2017",
        "Vulnerability Publication Date": "2/6/2017"
    },
    "Reference Information": {
        "CVE": "[CVE-2017-2583](/cve/CVE-2017-2583), [CVE-2017-6214](/cve/CVE-2017-6214), [CVE-2017-7477](/cve/CVE-2017-7477), [CVE-2017-7645](/cve/CVE-2017-7645), [CVE-2017-7895](/cve/CVE-2017-7895)",
        "RHSA": "[2017:1615](https://access.redhat.com/errata/RHSA-2017:1615)"
    }
}