{
    "Title": "RHEL 6 : MRG (RHSA-2017:1647) (Stack Clash)",
    "Synopsis": "The remote Red Hat host is missing one or more security updates.",
    "Description": "An update for kernel-rt is now available for Red Hat Enterprise MRG 2.\nRed Hat Product Security has rated this update as having a security impact of Important. A Common Vulnerability Scoring System (CVSS) base score, which gives a detailed severity rating, is available for each vulnerability from the CVE link(s) in the References section.\nThe kernel-rt packages provide the Real Time Linux Kernel, which enables fine-tuning for systems with extremely high determinism requirements.\nSecurity Fix(es) :\n* A flaw was found in the way memory was being allocated on the stack for user space binaries. If heap (or different memory region) and stack memory regions were adjacent to each other, an attacker could use this flaw to jump over the stack guard gap, cause controlled memory corruption on process stack or the adjacent memory region, and thus increase their privileges on the system. This is a kernel-side mitigation which increases the stack guard gap size from one page to 1 MiB to make successful exploitation of this issue more difficult.\n(CVE-2017-1000364, Important)\n* The NFS2/3 RPC client could send long arguments to the NFS server.\nThese encoded arguments are stored in an array of memory pages, and accessed using pointer variables. Arbitrarily long arguments could make these pointers point outside the array and cause an out-of-bounds memory access. A remote user or program could use this flaw to crash the kernel, resulting in denial of service. (CVE-2017-7645, Important)\n* The NFSv2 and NFSv3 server implementations in the Linux kernel through 4.10.13 lacked certain checks for the end of a buffer. A remote attacker could trigger a pointer-arithmetic error or possibly cause other unspecified impacts using crafted requests related to fs/nfsd/nfs3xdr.c and fs/nfsd/nfsxdr.c. (CVE-2017-7895, Important)\n* A flaw was found in the Linux kernel's handling of packets with the URG flag. Applications using the splice() and tcp_splice_read() functionality could allow a remote attacker to force the kernel to enter a condition in which it could loop indefinitely. (CVE-2017-6214, Moderate)\nRed Hat would like to thank Qualys Research Labs for reporting CVE-2017-1000364 and Ari Kauppi for reporting CVE-2017-7895.\nBug Fix(es) :\n* kernel-rt packages have been upgraded to the 3.10.0-514 source tree, which provides a number of bug fixes over the previous version.\n(BZ#1452745)",
    "Solution": "Update the affected packages.",
    "See Also": [
        "[https://access.redhat.com/errata/RHSA-2017:1647](https://access.redhat.com/errata/RHSA-2017:1647)",
        "[https://access.redhat.com/security/cve/cve-2017-1000364](https://access.redhat.com/security/cve/cve-2017-1000364)",
        "[https://access.redhat.com/security/cve/cve-2017-1000379](https://access.redhat.com/security/cve/cve-2017-1000379)",
        "[https://access.redhat.com/security/cve/cve-2017-6214](https://access.redhat.com/security/cve/cve-2017-6214)",
        "[https://access.redhat.com/security/cve/cve-2017-7645](https://access.redhat.com/security/cve/cve-2017-7645)",
        "[https://access.redhat.com/security/cve/cve-2017-7895](https://access.redhat.com/security/cve/cve-2017-7895)"
    ],
    "Plugin Details": {
        "Severity": "Critical",
        "ID": "101103",
        "File Name": "redhat-RHSA-2017-1647.nasl",
        "Version": "3.15",
        "Type": "local",
        "Agent": "unix",
        "Family": "[Red Hat Local Security Checks](https://www.tenable.com/plugins/nessus/families/Red%20Hat%20Local%20Security%20Checks)",
        "Published": "6/29/2017",
        "Updated": "10/24/2019",
        "Supported Sensors": "Frictionless Assessment Azure, Agentless Assessment, Frictionless Assessment Agent, Frictionless Assessment AWS, Nessus Agent"
    },
    "Risk Information": [
        {
            "Name": "[VPR](https://www.tenable.com/blog/what-is-vpr-and-how-is-it-different-from-cvss)",
            "Risk Factor": "High",
            "Score": "7.4"
        },
        {
            "Name": "[CVSS v2](https://nvd.nist.gov/vuln-metrics/cvss/v2-calculator?vector=AV:N/AC:L/Au:N/C:C/I:C/A:C)",
            "Risk Factor": "Critical",
            "Base Score": "10",
            "Temporal Score": "8.3",
            "Vector": "CVSS2#AV:N/AC:L/Au:N/C:C/I:C/A:C"
        },
        {
            "Name": "[CVSS v3](https://nvd.nist.gov/vuln-metrics/cvss/v3-calculator?vector=AV:N/AC:L/PR:N/UI:N/S:U/C:H/I:H/A:H/E:F/RL:O/RC:C&version=3.0)",
            "Risk Factor": "Critical",
            "Base Score": "9.8",
            "Temporal Score": "9.1",
            "Vector": "CVSS:3.0/AV:N/AC:L/PR:N/UI:N/S:U/C:H/I:H/A:H",
            "Temporal Vector": "CVSS:3.0/E:F/RL:O/RC:C"
        }
    ],
    "Vulnerability Information": {
        "CPE": "p-cpe:/a:redhat:enterprise_linux:kernel-rt, p-cpe:/a:redhat:enterprise_linux:kernel-rt-debug, p-cpe:/a:redhat:enterprise_linux:kernel-rt-debug-debuginfo, p-cpe:/a:redhat:enterprise_linux:kernel-rt-debug-devel, p-cpe:/a:redhat:enterprise_linux:kernel-rt-debuginfo, p-cpe:/a:redhat:enterprise_linux:kernel-rt-debuginfo-common-x86_64, p-cpe:/a:redhat:enterprise_linux:kernel-rt-devel, p-cpe:/a:redhat:enterprise_linux:kernel-rt-doc, p-cpe:/a:redhat:enterprise_linux:kernel-rt-firmware, p-cpe:/a:redhat:enterprise_linux:kernel-rt-trace, p-cpe:/a:redhat:enterprise_linux:kernel-rt-trace-debuginfo, p-cpe:/a:redhat:enterprise_linux:kernel-rt-trace-devel, p-cpe:/a:redhat:enterprise_linux:kernel-rt-vanilla, p-cpe:/a:redhat:enterprise_linux:kernel-rt-vanilla-debuginfo, p-cpe:/a:redhat:enterprise_linux:kernel-rt-vanilla-devel, cpe:/o:redhat:enterprise_linux:6",
        "Required KB Items": "Host/local_checks_enabled, Host/RedHat/rpm-list, Host/cpu, Host/RedHat/release",
        "Exploit Available": "true",
        "Exploit Ease": "Exploits are available",
        "Patch Publication Date": "6/28/2017",
        "Vulnerability Publication Date": "2/23/2017"
    },
    "Exploitable With": "Metasploit  (rsh_stack_clash_priv_esc.rb)",
    "Reference Information": {
        "CVE": "[CVE-2017-1000364](/cve/CVE-2017-1000364), [CVE-2017-1000379](/cve/CVE-2017-1000379), [CVE-2017-6214](/cve/CVE-2017-6214), [CVE-2017-7645](/cve/CVE-2017-7645), [CVE-2017-7895](/cve/CVE-2017-7895)",
        "RHSA": "[2017:1647](https://access.redhat.com/errata/RHSA-2017:1647)"
    }
}