{
    "Title": "RHEL 6 / 7 : java-1.8.0-openjdk (RHSA-2017:1789)",
    "Synopsis": "The remote Red Hat host is missing one or more security updates.",
    "Description": "An update for java-1.8.0-openjdk is now available for Red Hat Enterprise Linux 6 and Red Hat Enterprise Linux 7.\nRed Hat Product Security has rated this update as having a security impact of Critical. A Common Vulnerability Scoring System (CVSS) base score, which gives a detailed severity rating, is available for each vulnerability from the CVE link(s) in the References section.\nThe java-1.8.0-openjdk packages provide the OpenJDK 8 Java Runtime Environment and the OpenJDK 8 Java Software Development Kit.\nSecurity Fix(es) :\n* It was discovered that the DCG implementation in the RMI component of OpenJDK failed to correctly handle references. A remote attacker could possibly use this flaw to execute arbitrary code with the privileges of RMI registry or a Java RMI application. (CVE-2017-10102)\n* Multiple flaws were discovered in the RMI, JAXP, ImageIO, Libraries, AWT, Hotspot, and Security components in OpenJDK. An untrusted Java application or applet could use these flaws to completely bypass Java sandbox restrictions. (CVE-2017-10107, CVE-2017-10096, CVE-2017-10101, CVE-2017-10089, CVE-2017-10090, CVE-2017-10087, CVE-2017-10111, CVE-2017-10110, CVE-2017-10074, CVE-2017-10067)\n* It was discovered that the LDAPCertStore class in the Security component of OpenJDK followed LDAP referrals to arbitrary URLs. A specially crafted LDAP referral URL could cause LDAPCertStore to communicate with non-LDAP servers. (CVE-2017-10116)\n* It was discovered that the Nashorn JavaScript engine in the Scripting component of OpenJDK could allow scripts to access Java APIs even when access to Java APIs was disabled. An untrusted JavaScript executed by Nashorn could use this flaw to bypass intended restrictions. (CVE-2017-10078)\n* It was discovered that the Security component of OpenJDK could fail to properly enforce restrictions defined for processing of X.509 certificate chains. A remote attacker could possibly use this flaw to make Java accept certificate using one of the disabled algorithms.\n(CVE-2017-10198)\n* A covert timing channel flaw was found in the DSA implementation in the JCE component of OpenJDK. A remote attacker able to make a Java application generate DSA signatures on demand could possibly use this flaw to extract certain information about the used key via a timing side channel. (CVE-2017-10115)\n* A covert timing channel flaw was found in the PKCS#8 implementation in the JCE component of OpenJDK. A remote attacker able to make a Java application repeatedly compare PKCS#8 key against an attacker controlled value could possibly use this flaw to determine the key via a timing side channel. (CVE-2017-10135)\n* It was discovered that the BasicAttribute and CodeSource classes in OpenJDK did not limit the amount of memory allocated when creating object instances from a serialized form. A specially crafted serialized input stream could cause Java to consume an excessive amount of memory. (CVE-2017-10108, CVE-2017-10109)\n* Multiple flaws were found in the Hotspot and Security components in OpenJDK. An untrusted Java application or applet could use these flaws to bypass certain Java sandbox restrictions. (CVE-2017-10081, CVE-2017-10193)\n* It was discovered that the JPEGImageReader implementation in the 2D component of OpenJDK would, in certain cases, read all image data even if it was not used later. A specially crafted image could cause a Java application to temporarily use an excessive amount of CPU and memory.\n(CVE-2017-10053)\nNote: If the web browser plug-in provided by the icedtea-web package was installed, the issues exposed via Java applets could have been exploited without user interaction if a user visited a malicious website.",
    "Solution": "Update the affected packages.",
    "See Also": [
        "[https://access.redhat.com/errata/RHSA-2017:1789](https://access.redhat.com/errata/RHSA-2017:1789)",
        "[https://access.redhat.com/security/cve/cve-2017-10053](https://access.redhat.com/security/cve/cve-2017-10053)",
        "[https://access.redhat.com/security/cve/cve-2017-10067](https://access.redhat.com/security/cve/cve-2017-10067)",
        "[https://access.redhat.com/security/cve/cve-2017-10074](https://access.redhat.com/security/cve/cve-2017-10074)",
        "[https://access.redhat.com/security/cve/cve-2017-10078](https://access.redhat.com/security/cve/cve-2017-10078)",
        "[https://access.redhat.com/security/cve/cve-2017-10081](https://access.redhat.com/security/cve/cve-2017-10081)",
        "[https://access.redhat.com/security/cve/cve-2017-10087](https://access.redhat.com/security/cve/cve-2017-10087)",
        "[https://access.redhat.com/security/cve/cve-2017-10089](https://access.redhat.com/security/cve/cve-2017-10089)",
        "[https://access.redhat.com/security/cve/cve-2017-10090](https://access.redhat.com/security/cve/cve-2017-10090)",
        "[https://access.redhat.com/security/cve/cve-2017-10096](https://access.redhat.com/security/cve/cve-2017-10096)",
        "[https://access.redhat.com/security/cve/cve-2017-10101](https://access.redhat.com/security/cve/cve-2017-10101)",
        "[https://access.redhat.com/security/cve/cve-2017-10102](https://access.redhat.com/security/cve/cve-2017-10102)",
        "[https://access.redhat.com/security/cve/cve-2017-10107](https://access.redhat.com/security/cve/cve-2017-10107)",
        "[https://access.redhat.com/security/cve/cve-2017-10108](https://access.redhat.com/security/cve/cve-2017-10108)",
        "[https://access.redhat.com/security/cve/cve-2017-10109](https://access.redhat.com/security/cve/cve-2017-10109)",
        "[https://access.redhat.com/security/cve/cve-2017-10110](https://access.redhat.com/security/cve/cve-2017-10110)",
        "[https://access.redhat.com/security/cve/cve-2017-10111](https://access.redhat.com/security/cve/cve-2017-10111)",
        "[https://access.redhat.com/security/cve/cve-2017-10115](https://access.redhat.com/security/cve/cve-2017-10115)",
        "[https://access.redhat.com/security/cve/cve-2017-10116](https://access.redhat.com/security/cve/cve-2017-10116)",
        "[https://access.redhat.com/security/cve/cve-2017-10135](https://access.redhat.com/security/cve/cve-2017-10135)",
        "[https://access.redhat.com/security/cve/cve-2017-10193](https://access.redhat.com/security/cve/cve-2017-10193)",
        "[https://access.redhat.com/security/cve/cve-2017-10198](https://access.redhat.com/security/cve/cve-2017-10198)",
        "[https://access.redhat.com/security/cve/cve-2017-10243](https://access.redhat.com/security/cve/cve-2017-10243)"
    ],
    "Plugin Details": {
        "Severity": "Critical",
        "ID": "101879",
        "File Name": "redhat-RHSA-2017-1789.nasl",
        "Version": "3.18",
        "Type": "local",
        "Agent": "unix",
        "Family": "[Red Hat Local Security Checks](https://www.tenable.com/plugins/nessus/families/Red%20Hat%20Local%20Security%20Checks)",
        "Published": "7/21/2017",
        "Updated": "10/24/2019",
        "Supported Sensors": "Frictionless Assessment AWS, Frictionless Assessment Azure, Frictionless Assessment Agent, Nessus Agent, Agentless Assessment"
    },
    "Risk Information": [
        {
            "Name": "[VPR](https://www.tenable.com/blog/what-is-vpr-and-how-is-it-different-from-cvss)",
            "Risk Factor": "High",
            "Score": "7.3"
        },
        {
            "Name": "[CVSS v2](https://nvd.nist.gov/vuln-metrics/cvss/v2-calculator?vector=AV:N/AC:M/Au:N/C:P/I:P/A:P)",
            "Risk Factor": "Medium",
            "Base Score": "6.8",
            "Temporal Score": "5",
            "Vector": "CVSS2#AV:N/AC:M/Au:N/C:P/I:P/A:P"
        },
        {
            "Name": "[CVSS v3](https://nvd.nist.gov/vuln-metrics/cvss/v3-calculator?vector=AV:N/AC:L/PR:N/UI:R/S:C/C:H/I:H/A:H/E:U/RL:O/RC:C&version=3.0)",
            "Risk Factor": "Critical",
            "Base Score": "9.6",
            "Temporal Score": "8.3",
            "Vector": "CVSS:3.0/AV:N/AC:L/PR:N/UI:R/S:C/C:H/I:H/A:H",
            "Temporal Vector": "CVSS:3.0/E:U/RL:O/RC:C"
        }
    ],
    "Vulnerability Information": {
        "CPE": "p-cpe:/a:redhat:enterprise_linux:java-1.8.0-openjdk, p-cpe:/a:redhat:enterprise_linux:java-1.8.0-openjdk-accessibility, p-cpe:/a:redhat:enterprise_linux:java-1.8.0-openjdk-accessibility-debug, p-cpe:/a:redhat:enterprise_linux:java-1.8.0-openjdk-debug, p-cpe:/a:redhat:enterprise_linux:java-1.8.0-openjdk-debuginfo, p-cpe:/a:redhat:enterprise_linux:java-1.8.0-openjdk-demo, p-cpe:/a:redhat:enterprise_linux:java-1.8.0-openjdk-demo-debug, p-cpe:/a:redhat:enterprise_linux:java-1.8.0-openjdk-devel, p-cpe:/a:redhat:enterprise_linux:java-1.8.0-openjdk-devel-debug, p-cpe:/a:redhat:enterprise_linux:java-1.8.0-openjdk-headless, p-cpe:/a:redhat:enterprise_linux:java-1.8.0-openjdk-headless-debug, p-cpe:/a:redhat:enterprise_linux:java-1.8.0-openjdk-javadoc, p-cpe:/a:redhat:enterprise_linux:java-1.8.0-openjdk-javadoc-debug, p-cpe:/a:redhat:enterprise_linux:java-1.8.0-openjdk-javadoc-zip, p-cpe:/a:redhat:enterprise_linux:java-1.8.0-openjdk-javadoc-zip-debug, p-cpe:/a:redhat:enterprise_linux:java-1.8.0-openjdk-src, p-cpe:/a:redhat:enterprise_linux:java-1.8.0-openjdk-src-debug, cpe:/o:redhat:enterprise_linux:6, cpe:/o:redhat:enterprise_linux:7, cpe:/o:redhat:enterprise_linux:7.3, cpe:/o:redhat:enterprise_linux:7.4, cpe:/o:redhat:enterprise_linux:7.5, cpe:/o:redhat:enterprise_linux:7.6, cpe:/o:redhat:enterprise_linux:7.7",
        "Required KB Items": "Host/local_checks_enabled, Host/RedHat/release, Host/RedHat/rpm-list, Host/cpu",
        "Exploit Ease": "No known exploits are available",
        "Patch Publication Date": "7/20/2017",
        "Vulnerability Publication Date": "8/8/2017"
    },
    "Reference Information": {
        "CVE": "[CVE-2017-10053](/cve/CVE-2017-10053), [CVE-2017-10067](/cve/CVE-2017-10067), [CVE-2017-10074](/cve/CVE-2017-10074), [CVE-2017-10078](/cve/CVE-2017-10078), [CVE-2017-10081](/cve/CVE-2017-10081), [CVE-2017-10087](/cve/CVE-2017-10087), [CVE-2017-10089](/cve/CVE-2017-10089), [CVE-2017-10090](/cve/CVE-2017-10090), [CVE-2017-10096](/cve/CVE-2017-10096), [CVE-2017-10101](/cve/CVE-2017-10101), [CVE-2017-10102](/cve/CVE-2017-10102), [CVE-2017-10107](/cve/CVE-2017-10107), [CVE-2017-10108](/cve/CVE-2017-10108), [CVE-2017-10109](/cve/CVE-2017-10109), [CVE-2017-10110](/cve/CVE-2017-10110), [CVE-2017-10111](/cve/CVE-2017-10111), [CVE-2017-10115](/cve/CVE-2017-10115), [CVE-2017-10116](/cve/CVE-2017-10116), [CVE-2017-10135](/cve/CVE-2017-10135), [CVE-2017-10193](/cve/CVE-2017-10193), [CVE-2017-10198](/cve/CVE-2017-10198), [CVE-2017-10243](/cve/CVE-2017-10243)",
        "RHSA": "[2017:1789](https://access.redhat.com/errata/RHSA-2017:1789)"
    }
}