{
    "Title": "RHEL 7 : freeradius (RHSA-2017:2389)",
    "Synopsis": "The remote Red Hat host is missing one or more security updates.",
    "Description": "An update for freeradius is now available for Red Hat Enterprise Linux 7.\nRed Hat Product Security has rated this update as having a security impact of Important. A Common Vulnerability Scoring System (CVSS) base score, which gives a detailed severity rating, is available for each vulnerability from the CVE link(s) in the References section.\nFreeRADIUS is a high-performance and highly configurable free Remote Authentication Dial In User Service (RADIUS) server, designed to allow centralized authentication and authorization for a network.\nSecurity Fix(es) :\n* An out-of-bounds write flaw was found in the way FreeRADIUS server handled certain attributes in request packets. A remote attacker could use this flaw to crash the FreeRADIUS server or to execute arbitrary code in the context of the FreeRADIUS server process by sending a specially crafted request packet. (CVE-2017-10984)\n* An out-of-bounds read and write flaw was found in the way FreeRADIUS server handled RADIUS packets. A remote attacker could use this flaw to crash the FreeRADIUS server by sending a specially crafted RADIUS packet. (CVE-2017-10978)\n* An out-of-bounds read flaw was found in the way FreeRADIUS server handled decoding of DHCP packets. A remote attacker could use this flaw to crash the FreeRADIUS server by sending a specially crafted DHCP request. (CVE-2017-10983)\n* A denial of service flaw was found in the way FreeRADIUS server handled certain attributes in request packets. A remote attacker could use this flaw to cause the FreeRADIUS server to enter an infinite loop, consume increasing amounts of memory resources, and ultimately crash by sending a specially crafted request packet. (CVE-2017-10985)\n* Multiple out-of-bounds read flaws were found in the way FreeRADIUS server handled decoding of DHCP packets. A remote attacker could use these flaws to crash the FreeRADIUS server by sending a specially crafted DHCP request. (CVE-2017-10986, CVE-2017-10987)\nRed Hat would like to thank the FreeRADIUS project for reporting these issues. Upstream acknowledges Guido Vranken as the original reporter of these issues.",
    "Solution": "Update the affected packages.",
    "See Also": [
        "[https://access.redhat.com/errata/RHSA-2017:2389](https://access.redhat.com/errata/RHSA-2017:2389)",
        "[https://access.redhat.com/security/cve/cve-2017-10978](https://access.redhat.com/security/cve/cve-2017-10978)",
        "[https://access.redhat.com/security/cve/cve-2017-10983](https://access.redhat.com/security/cve/cve-2017-10983)",
        "[https://access.redhat.com/security/cve/cve-2017-10984](https://access.redhat.com/security/cve/cve-2017-10984)",
        "[https://access.redhat.com/security/cve/cve-2017-10985](https://access.redhat.com/security/cve/cve-2017-10985)",
        "[https://access.redhat.com/security/cve/cve-2017-10986](https://access.redhat.com/security/cve/cve-2017-10986)",
        "[https://access.redhat.com/security/cve/cve-2017-10987](https://access.redhat.com/security/cve/cve-2017-10987)"
    ],
    "Plugin Details": {
        "Severity": "Critical",
        "ID": "102119",
        "File Name": "redhat-RHSA-2017-2389.nasl",
        "Version": "3.12",
        "Type": "local",
        "Agent": "unix",
        "Family": "[Red Hat Local Security Checks](https://www.tenable.com/plugins/nessus/families/Red%20Hat%20Local%20Security%20Checks)",
        "Published": "8/2/2017",
        "Updated": "10/24/2019",
        "Supported Sensors": "Agentless Assessment, Frictionless Assessment Agent, Frictionless Assessment AWS, Frictionless Assessment Azure, Nessus Agent"
    },
    "Risk Information": [
        {
            "Name": "[VPR](https://www.tenable.com/blog/what-is-vpr-and-how-is-it-different-from-cvss)",
            "Risk Factor": "Medium",
            "Score": "5.9"
        },
        {
            "Name": "[CVSS v2](https://nvd.nist.gov/vuln-metrics/cvss/v2-calculator?vector=AV:N/AC:L/Au:N/C:N/I:N/A:C)",
            "Risk Factor": "High",
            "Base Score": "7.8",
            "Temporal Score": "5.8",
            "Vector": "CVSS2#AV:N/AC:L/Au:N/C:N/I:N/A:C"
        },
        {
            "Name": "[CVSS v3](https://nvd.nist.gov/vuln-metrics/cvss/v3-calculator?vector=AV:N/AC:L/PR:N/UI:N/S:U/C:H/I:H/A:H/E:U/RL:O/RC:C&version=3.0)",
            "Risk Factor": "Critical",
            "Base Score": "9.8",
            "Temporal Score": "8.5",
            "Vector": "CVSS:3.0/AV:N/AC:L/PR:N/UI:N/S:U/C:H/I:H/A:H",
            "Temporal Vector": "CVSS:3.0/E:U/RL:O/RC:C"
        }
    ],
    "Vulnerability Information": {
        "CPE": "p-cpe:/a:redhat:enterprise_linux:freeradius, p-cpe:/a:redhat:enterprise_linux:freeradius-debuginfo, p-cpe:/a:redhat:enterprise_linux:freeradius-devel, p-cpe:/a:redhat:enterprise_linux:freeradius-doc, p-cpe:/a:redhat:enterprise_linux:freeradius-krb5, p-cpe:/a:redhat:enterprise_linux:freeradius-ldap, p-cpe:/a:redhat:enterprise_linux:freeradius-mysql, p-cpe:/a:redhat:enterprise_linux:freeradius-perl, p-cpe:/a:redhat:enterprise_linux:freeradius-postgresql, p-cpe:/a:redhat:enterprise_linux:freeradius-python, p-cpe:/a:redhat:enterprise_linux:freeradius-sqlite, p-cpe:/a:redhat:enterprise_linux:freeradius-unixodbc, p-cpe:/a:redhat:enterprise_linux:freeradius-utils, cpe:/o:redhat:enterprise_linux:7, cpe:/o:redhat:enterprise_linux:7.4, cpe:/o:redhat:enterprise_linux:7.5, cpe:/o:redhat:enterprise_linux:7.6, cpe:/o:redhat:enterprise_linux:7.7",
        "Required KB Items": "Host/local_checks_enabled, Host/RedHat/release, Host/RedHat/rpm-list, Host/cpu",
        "Exploit Ease": "No known exploits are available",
        "Patch Publication Date": "8/1/2017",
        "Vulnerability Publication Date": "7/17/2017"
    },
    "Reference Information": {
        "CVE": "[CVE-2017-10978](/cve/CVE-2017-10978), [CVE-2017-10983](/cve/CVE-2017-10983), [CVE-2017-10984](/cve/CVE-2017-10984), [CVE-2017-10985](/cve/CVE-2017-10985), [CVE-2017-10986](/cve/CVE-2017-10986), [CVE-2017-10987](/cve/CVE-2017-10987)",
        "RHSA": "[2017:2389](https://access.redhat.com/errata/RHSA-2017:2389)"
    }
}