{
    "Title": "RHEL 7 : bash (RHSA-2017:1931)",
    "Synopsis": "The remote Red Hat host is missing one or more security updates.",
    "Description": "An update for bash is now available for Red Hat Enterprise Linux 7.\nRed Hat Product Security has rated this update as having a security impact of Moderate. A Common Vulnerability Scoring System (CVSS) base score, which gives a detailed severity rating, is available for each vulnerability from the CVE link(s) in the References section.\nThe bash packages provide Bash (Bourne-again shell), which is the default shell for Red Hat Enterprise Linux.\nSecurity Fix(es) :\n* An arbitrary command injection flaw was found in the way bash processed the hostname value. A malicious DHCP server could use this flaw to execute arbitrary commands on the DHCP client machines running bash under specific circumstances. (CVE-2016-0634)\n* An arbitrary command injection flaw was found in the way bash processed the SHELLOPTS and PS4 environment variables. A local, authenticated attacker could use this flaw to exploit poorly written setuid programs to elevate their privileges under certain circumstances. (CVE-2016-7543)\n* A denial of service flaw was found in the way bash handled popd commands. A poorly written shell script could cause bash to crash resulting in a local denial of service limited to a specific bash session. (CVE-2016-9401)\nAdditional Changes :\nFor detailed information on changes in this release, see the Red Hat Enterprise Linux 7.4 Release Notes linked from the References section.",
    "Solution": "Update the affected bash, bash-debuginfo and / or bash-doc packages.",
    "See Also": [
        "[http://www.nessus.org/u?3395ff0b](http://www.nessus.org/u?3395ff0b)",
        "[https://access.redhat.com/errata/RHSA-2017:1931](https://access.redhat.com/errata/RHSA-2017:1931)",
        "[https://access.redhat.com/security/cve/cve-2016-0634](https://access.redhat.com/security/cve/cve-2016-0634)",
        "[https://access.redhat.com/security/cve/cve-2016-7543](https://access.redhat.com/security/cve/cve-2016-7543)",
        "[https://access.redhat.com/security/cve/cve-2016-9401](https://access.redhat.com/security/cve/cve-2016-9401)"
    ],
    "Plugin Details": {
        "Severity": "High",
        "ID": "102105",
        "File Name": "redhat-RHSA-2017-1931.nasl",
        "Version": "3.12",
        "Type": "local",
        "Agent": "unix",
        "Family": "[Red Hat Local Security Checks](https://www.tenable.com/plugins/nessus/families/Red%20Hat%20Local%20Security%20Checks)",
        "Published": "8/2/2017",
        "Updated": "10/24/2019",
        "Supported Sensors": "Frictionless Assessment Azure, Agentless Assessment, Frictionless Assessment Agent, Frictionless Assessment AWS, Nessus Agent"
    },
    "Risk Information": [
        {
            "Name": "[VPR](https://www.tenable.com/blog/what-is-vpr-and-how-is-it-different-from-cvss)",
            "Risk Factor": "Medium",
            "Score": "5.9"
        },
        {
            "Name": "[CVSS v2](https://nvd.nist.gov/vuln-metrics/cvss/v2-calculator?vector=AV:L/AC:L/Au:N/C:C/I:C/A:C)",
            "Risk Factor": "High",
            "Base Score": "7.2",
            "Temporal Score": "5.3",
            "Vector": "CVSS2#AV:L/AC:L/Au:N/C:C/I:C/A:C"
        },
        {
            "Name": "[CVSS v3](https://nvd.nist.gov/vuln-metrics/cvss/v3-calculator?vector=AV:L/AC:L/PR:N/UI:N/S:U/C:H/I:H/A:H/E:U/RL:O/RC:C&version=3.0)",
            "Risk Factor": "High",
            "Base Score": "8.4",
            "Temporal Score": "7.3",
            "Vector": "CVSS:3.0/AV:L/AC:L/PR:N/UI:N/S:U/C:H/I:H/A:H",
            "Temporal Vector": "CVSS:3.0/E:U/RL:O/RC:C"
        }
    ],
    "Vulnerability Information": {
        "CPE": "p-cpe:/a:redhat:enterprise_linux:bash, p-cpe:/a:redhat:enterprise_linux:bash-debuginfo, p-cpe:/a:redhat:enterprise_linux:bash-doc, cpe:/o:redhat:enterprise_linux:7, cpe:/o:redhat:enterprise_linux:7.4, cpe:/o:redhat:enterprise_linux:7.5, cpe:/o:redhat:enterprise_linux:7.6, cpe:/o:redhat:enterprise_linux:7.7",
        "Required KB Items": "Host/local_checks_enabled, Host/RedHat/rpm-list, Host/cpu, Host/RedHat/release",
        "Exploit Ease": "No known exploits are available",
        "Patch Publication Date": "8/1/2017",
        "Vulnerability Publication Date": "1/19/2017"
    },
    "Reference Information": {
        "CVE": "[CVE-2016-0634](/cve/CVE-2016-0634), [CVE-2016-7543](/cve/CVE-2016-7543), [CVE-2016-9401](/cve/CVE-2016-9401)",
        "RHSA": "[2017:1931](https://access.redhat.com/errata/RHSA-2017:1931)"
    }
}