{
    "Title": "RHEL 7 : openvswitch (RHSA-2017:2418)",
    "Synopsis": "The remote Red Hat host is missing one or more security updates.",
    "Description": "An update for openvswitch is now available for Fast Datapath for Red Hat Enterprise Linux 7.\nRed Hat Product Security has rated this update as having a security impact of Moderate. A Common Vulnerability Scoring System (CVSS) base score, which gives a detailed severity rating, is available for each vulnerability from the CVE link(s) in the References section.\nOpen vSwitch provides standard network bridging functions and support for the OpenFlow protocol for remote per-flow control of traffic.\nThe following packages have been upgraded to a later upstream version:\nopenvswitch (2.7.2). (BZ#1472854)\nSecurity Fix(es) :\n* An unsigned int wrap around leading to a buffer over-read was found when parsing OFPT_QUEUE_GET_CONFIG_REPLY messages in Open vSwitch (OvS). An attacker could use this flaw to cause a remote DoS.\n(CVE-2017-9214)\n* In Open vSwitch (OvS), while parsing an OpenFlow role status message there is a call to the abort() function for undefined role status reasons in the function `ofp_print_role_status_message` in `lib/ofp-print.c` that may be leveraged toward a remote DoS attack by a malicious switch. (CVE-2017-9263)\n* A buffer over-read was found in the Open vSwitch (OvS) firewall implementation. This flaw can be triggered by parsing a specially crafted TCP, UDP, or IPv6 packet. A remote attack could use this flaw to cause a Denial of Service (DoS). (CVE-2017-9264)\n* A buffer over-read flaw was found in Open vSwitch (OvS) while parsing the group mod OpenFlow messages sent from the controller. An attacker could use this flaw to cause a Denial of Service (DoS).\n(CVE-2017-9265)",
    "Solution": "Update the affected packages.",
    "See Also": [
        "[https://access.redhat.com/errata/RHSA-2017:2418](https://access.redhat.com/errata/RHSA-2017:2418)",
        "[https://access.redhat.com/security/cve/cve-2017-9214](https://access.redhat.com/security/cve/cve-2017-9214)",
        "[https://access.redhat.com/security/cve/cve-2017-9263](https://access.redhat.com/security/cve/cve-2017-9263)",
        "[https://access.redhat.com/security/cve/cve-2017-9264](https://access.redhat.com/security/cve/cve-2017-9264)",
        "[https://access.redhat.com/security/cve/cve-2017-9265](https://access.redhat.com/security/cve/cve-2017-9265)"
    ],
    "Plugin Details": {
        "Severity": "Critical",
        "ID": "102187",
        "File Name": "redhat-RHSA-2017-2418.nasl",
        "Version": "3.10",
        "Type": "local",
        "Agent": "unix",
        "Family": "[Red Hat Local Security Checks](https://www.tenable.com/plugins/nessus/families/Red%20Hat%20Local%20Security%20Checks)",
        "Published": "8/4/2017",
        "Updated": "10/24/2019",
        "Supported Sensors": "Frictionless Assessment AWS, Frictionless Assessment Azure, Frictionless Assessment Agent, Nessus Agent, Agentless Assessment"
    },
    "Risk Information": [
        {
            "Name": "[VPR](https://www.tenable.com/blog/what-is-vpr-and-how-is-it-different-from-cvss)",
            "Risk Factor": "Medium",
            "Score": "5.9"
        },
        {
            "Name": "[CVSS v2](https://nvd.nist.gov/vuln-metrics/cvss/v2-calculator?vector=AV:N/AC:L/Au:N/C:P/I:P/A:P)",
            "Risk Factor": "High",
            "Base Score": "7.5",
            "Temporal Score": "5.5",
            "Vector": "CVSS2#AV:N/AC:L/Au:N/C:P/I:P/A:P"
        },
        {
            "Name": "[CVSS v3](https://nvd.nist.gov/vuln-metrics/cvss/v3-calculator?vector=AV:N/AC:L/PR:N/UI:N/S:U/C:H/I:H/A:H/E:U/RL:O/RC:C&version=3.0)",
            "Risk Factor": "Critical",
            "Base Score": "9.8",
            "Temporal Score": "8.5",
            "Vector": "CVSS:3.0/AV:N/AC:L/PR:N/UI:N/S:U/C:H/I:H/A:H",
            "Temporal Vector": "CVSS:3.0/E:U/RL:O/RC:C"
        }
    ],
    "Vulnerability Information": {
        "CPE": "p-cpe:/a:redhat:enterprise_linux:openvswitch, p-cpe:/a:redhat:enterprise_linux:openvswitch-debuginfo, p-cpe:/a:redhat:enterprise_linux:openvswitch-devel, p-cpe:/a:redhat:enterprise_linux:openvswitch-ovn-central, p-cpe:/a:redhat:enterprise_linux:openvswitch-ovn-common, p-cpe:/a:redhat:enterprise_linux:openvswitch-ovn-docker, p-cpe:/a:redhat:enterprise_linux:openvswitch-ovn-host, p-cpe:/a:redhat:enterprise_linux:openvswitch-ovn-vtep, p-cpe:/a:redhat:enterprise_linux:openvswitch-test, p-cpe:/a:redhat:enterprise_linux:python-openvswitch, cpe:/o:redhat:enterprise_linux:7",
        "Required KB Items": "Host/local_checks_enabled, Host/RedHat/release, Host/RedHat/rpm-list, Host/cpu",
        "Exploit Ease": "No known exploits are available",
        "Patch Publication Date": "8/3/2017",
        "Vulnerability Publication Date": "5/23/2017"
    },
    "Reference Information": {
        "CVE": "[CVE-2017-9214](/cve/CVE-2017-9214), [CVE-2017-9263](/cve/CVE-2017-9263), [CVE-2017-9264](/cve/CVE-2017-9264), [CVE-2017-9265](/cve/CVE-2017-9265)",
        "RHSA": "[2017:2418](https://access.redhat.com/errata/RHSA-2017:2418)"
    }
}