{
    "Title": "RHEL 7 : glibc (RHSA-2017:1916)",
    "Synopsis": "The remote Red Hat host is missing one or more security updates.",
    "Description": "An update for glibc is now available for Red Hat Enterprise Linux 7.\nRed Hat Product Security has rated this update as having a security impact of Moderate. A Common Vulnerability Scoring System (CVSS) base score, which gives a detailed severity rating, is available for each vulnerability from the CVE link(s) in the References section.\nThe glibc packages provide the standard C libraries (libc), POSIX thread libraries (libpthread), standard math libraries (libm), and the name service cache daemon (nscd) used by multiple programs on the system. Without these libraries, the Linux system cannot function correctly.\nSecurity Fix(es) :\n* A stack overflow vulnerability was found in nan* functions that could cause applications, which process long strings with the nan function, to crash or, potentially, execute arbitrary code.\n(CVE-2014-9761)\n* It was found that out-of-range time values passed to the strftime() function could result in an out-of-bounds memory access. This could lead to application crash or, potentially, information disclosure.\n(CVE-2015-8776)\n* An integer overflow vulnerability was found in hcreate() and hcreate_r() functions which could result in an out-of-bounds memory access. This could lead to application crash or, potentially, arbitrary code execution. (CVE-2015-8778)\n* A stack based buffer overflow vulnerability was found in the catopen() function. An excessively long string passed to the function could cause it to crash or, potentially, execute arbitrary code.\n(CVE-2015-8779)\n* It was found that the dynamic loader did not sanitize the LD_POINTER_GUARD environment variable. An attacker could use this flaw to bypass the pointer guarding protection on set-user-ID or set-group-ID programs to execute arbitrary code with the permissions of the user running the application. (CVE-2015-8777)\nAdditional Changes :\nFor detailed information on changes in this release, see the Red Hat Enterprise Linux 7.4 Release Notes linked from the References section.",
    "Solution": "Update the affected packages.",
    "See Also": [
        "[http://www.nessus.org/u?3395ff0b](http://www.nessus.org/u?3395ff0b)",
        "[https://access.redhat.com/errata/RHSA-2017:1916](https://access.redhat.com/errata/RHSA-2017:1916)",
        "[https://access.redhat.com/security/cve/cve-2014-9761](https://access.redhat.com/security/cve/cve-2014-9761)",
        "[https://access.redhat.com/security/cve/cve-2015-8776](https://access.redhat.com/security/cve/cve-2015-8776)",
        "[https://access.redhat.com/security/cve/cve-2015-8777](https://access.redhat.com/security/cve/cve-2015-8777)",
        "[https://access.redhat.com/security/cve/cve-2015-8778](https://access.redhat.com/security/cve/cve-2015-8778)",
        "[https://access.redhat.com/security/cve/cve-2015-8779](https://access.redhat.com/security/cve/cve-2015-8779)"
    ],
    "Plugin Details": {
        "Severity": "Critical",
        "ID": "102149",
        "File Name": "redhat-RHSA-2017-1916.nasl",
        "Version": "3.11",
        "Type": "local",
        "Agent": "unix",
        "Family": "[Red Hat Local Security Checks](https://www.tenable.com/plugins/nessus/families/Red%20Hat%20Local%20Security%20Checks)",
        "Published": "8/3/2017",
        "Updated": "10/24/2019",
        "Supported Sensors": "Agentless Assessment, Frictionless Assessment Agent, Frictionless Assessment AWS, Frictionless Assessment Azure, Nessus Agent"
    },
    "Risk Information": [
        {
            "Name": "[VPR](https://www.tenable.com/blog/what-is-vpr-and-how-is-it-different-from-cvss)",
            "Risk Factor": "Medium",
            "Score": "6.7"
        },
        {
            "Name": "[CVSS v2](https://nvd.nist.gov/vuln-metrics/cvss/v2-calculator?vector=AV:N/AC:L/Au:N/C:P/I:P/A:P)",
            "Risk Factor": "High",
            "Base Score": "7.5",
            "Temporal Score": "5.5",
            "Vector": "CVSS2#AV:N/AC:L/Au:N/C:P/I:P/A:P"
        },
        {
            "Name": "[CVSS v3](https://nvd.nist.gov/vuln-metrics/cvss/v3-calculator?vector=AV:N/AC:L/PR:N/UI:N/S:U/C:H/I:H/A:H/E:U/RL:O/RC:C&version=3.0)",
            "Risk Factor": "Critical",
            "Base Score": "9.8",
            "Temporal Score": "8.5",
            "Vector": "CVSS:3.0/AV:N/AC:L/PR:N/UI:N/S:U/C:H/I:H/A:H",
            "Temporal Vector": "CVSS:3.0/E:U/RL:O/RC:C"
        }
    ],
    "Vulnerability Information": {
        "CPE": "p-cpe:/a:redhat:enterprise_linux:glibc, p-cpe:/a:redhat:enterprise_linux:glibc-common, p-cpe:/a:redhat:enterprise_linux:glibc-debuginfo, p-cpe:/a:redhat:enterprise_linux:glibc-debuginfo-common, p-cpe:/a:redhat:enterprise_linux:glibc-devel, p-cpe:/a:redhat:enterprise_linux:glibc-headers, p-cpe:/a:redhat:enterprise_linux:glibc-static, p-cpe:/a:redhat:enterprise_linux:glibc-utils, p-cpe:/a:redhat:enterprise_linux:nscd, cpe:/o:redhat:enterprise_linux:7, cpe:/o:redhat:enterprise_linux:7.4, cpe:/o:redhat:enterprise_linux:7.5, cpe:/o:redhat:enterprise_linux:7.6, cpe:/o:redhat:enterprise_linux:7.7",
        "Required KB Items": "Host/local_checks_enabled, Host/RedHat/release, Host/RedHat/rpm-list, Host/cpu",
        "Exploit Ease": "No known exploits are available",
        "Patch Publication Date": "8/1/2017",
        "Vulnerability Publication Date": "1/20/2016"
    },
    "Reference Information": {
        "CVE": "[CVE-2014-9761](/cve/CVE-2014-9761), [CVE-2015-8776](/cve/CVE-2015-8776), [CVE-2015-8777](/cve/CVE-2015-8777), [CVE-2015-8778](/cve/CVE-2015-8778), [CVE-2015-8779](/cve/CVE-2015-8779)",
        "RHSA": "[2017:1916](https://access.redhat.com/errata/RHSA-2017:1916)"
    }
}