{
    "Title": "RHEL 7 : pidgin (RHSA-2017:1854)",
    "Synopsis": "The remote Red Hat host is missing one or more security updates.",
    "Description": "An update for pidgin is now available for Red Hat Enterprise Linux 7.\nRed Hat Product Security has rated this update as having a security impact of Moderate. A Common Vulnerability Scoring System (CVSS) base score, which gives a detailed severity rating, is available for each vulnerability from the CVE link(s) in the References section.\nPidgin is an instant messaging program which can log in to multiple accounts on multiple instant messaging networks simultaneously.\nThe following packages have been upgraded to a later upstream version:\npidgin (2.10.11). (BZ#1369526)\nSecurity Fix(es) :\n* A denial of service flaw was found in the way Pidgin's Mxit plug-in handled emoticons. A malicious remote server or a man-in-the-middle attacker could potentially use this flaw to crash Pidgin by sending a specially crafted emoticon. (CVE-2014-3695)\n* A denial of service flaw was found in the way Pidgin parsed Groupwise server messages. A malicious remote server or a man-in-the-middle attacker could potentially use this flaw to cause Pidgin to consume an excessive amount of memory, possibly leading to a crash, by sending a specially crafted message. (CVE-2014-3696)\n* An information disclosure flaw was discovered in the way Pidgin parsed XMPP messages. A malicious remote server or a man-in-the-middle attacker could potentially use this flaw to disclose a portion of memory belonging to the Pidgin process by sending a specially crafted XMPP message. (CVE-2014-3698)\n* An out-of-bounds write flaw was found in the way Pidgin processed XML content. A malicious remote server could potentially use this flaw to crash Pidgin or execute arbitrary code in the context of the pidgin process. (CVE-2017-2640)\n* It was found that Pidgin's SSL/TLS plug-ins had a flaw in the certificate validation functionality. An attacker could use this flaw to create a fake certificate, that Pidgin would trust, which could be used to conduct man-in-the-middle attacks against Pidgin.\n(CVE-2014-3694)\nRed Hat would like to thank the Pidgin project for reporting these issues. Upstream acknowledges Yves Younan (Cisco Talos) and Richard Johnson (Cisco Talos) as the original reporters of CVE-2014-3695 and CVE-2014-3696; Thijs Alkemade and Paul Aurich as the original reporters of CVE-2014-3698; and Jacob Appelbaum and Moxie Marlinspike as the original reporters of CVE-2014-3694.\nAdditional Changes :\nFor detailed information on changes in this release, see the Red Hat Enterprise Linux 7.4 Release Notes linked from the References section.",
    "Solution": "Update the affected packages.",
    "See Also": [
        "[http://www.nessus.org/u?3395ff0b](http://www.nessus.org/u?3395ff0b)",
        "[https://access.redhat.com/errata/RHSA-2017:1854](https://access.redhat.com/errata/RHSA-2017:1854)",
        "[https://access.redhat.com/security/cve/cve-2014-3694](https://access.redhat.com/security/cve/cve-2014-3694)",
        "[https://access.redhat.com/security/cve/cve-2014-3695](https://access.redhat.com/security/cve/cve-2014-3695)",
        "[https://access.redhat.com/security/cve/cve-2014-3696](https://access.redhat.com/security/cve/cve-2014-3696)",
        "[https://access.redhat.com/security/cve/cve-2014-3698](https://access.redhat.com/security/cve/cve-2014-3698)",
        "[https://access.redhat.com/security/cve/cve-2017-2640](https://access.redhat.com/security/cve/cve-2017-2640)"
    ],
    "Plugin Details": {
        "Severity": "Critical",
        "ID": "102102",
        "File Name": "redhat-RHSA-2017-1854.nasl",
        "Version": "3.16",
        "Type": "local",
        "Agent": "unix",
        "Family": "[Red Hat Local Security Checks](https://www.tenable.com/plugins/nessus/families/Red%20Hat%20Local%20Security%20Checks)",
        "Published": "8/2/2017",
        "Updated": "10/24/2019",
        "Supported Sensors": "Agentless Assessment, Frictionless Assessment Agent, Frictionless Assessment AWS, Frictionless Assessment Azure, Nessus Agent"
    },
    "Risk Information": [
        {
            "Name": "[VPR](https://www.tenable.com/blog/what-is-vpr-and-how-is-it-different-from-cvss)",
            "Risk Factor": "Medium",
            "Score": "6.7"
        },
        {
            "Name": "[CVSS v2](https://nvd.nist.gov/vuln-metrics/cvss/v2-calculator?vector=AV:N/AC:L/Au:N/C:P/I:P/A:P)",
            "Risk Factor": "High",
            "Base Score": "7.5",
            "Temporal Score": "5.5",
            "Vector": "CVSS2#AV:N/AC:L/Au:N/C:P/I:P/A:P"
        },
        {
            "Name": "[CVSS v3](https://nvd.nist.gov/vuln-metrics/cvss/v3-calculator?vector=AV:N/AC:L/PR:N/UI:N/S:U/C:H/I:H/A:H/E:U/RL:O/RC:C&version=3.0)",
            "Risk Factor": "Critical",
            "Base Score": "9.8",
            "Temporal Score": "8.5",
            "Vector": "CVSS:3.0/AV:N/AC:L/PR:N/UI:N/S:U/C:H/I:H/A:H",
            "Temporal Vector": "CVSS:3.0/E:U/RL:O/RC:C"
        }
    ],
    "Vulnerability Information": {
        "CPE": "p-cpe:/a:redhat:enterprise_linux:finch, p-cpe:/a:redhat:enterprise_linux:finch-devel, p-cpe:/a:redhat:enterprise_linux:libpurple, p-cpe:/a:redhat:enterprise_linux:libpurple-devel, p-cpe:/a:redhat:enterprise_linux:libpurple-perl, p-cpe:/a:redhat:enterprise_linux:libpurple-tcl, p-cpe:/a:redhat:enterprise_linux:pidgin, p-cpe:/a:redhat:enterprise_linux:pidgin-debuginfo, p-cpe:/a:redhat:enterprise_linux:pidgin-devel, p-cpe:/a:redhat:enterprise_linux:pidgin-perl, cpe:/o:redhat:enterprise_linux:7, cpe:/o:redhat:enterprise_linux:7.4, cpe:/o:redhat:enterprise_linux:7.5, cpe:/o:redhat:enterprise_linux:7.6, cpe:/o:redhat:enterprise_linux:7.7",
        "Required KB Items": "Host/local_checks_enabled, Host/RedHat/release, Host/RedHat/rpm-list, Host/cpu",
        "Exploit Ease": "No known exploits are available",
        "Patch Publication Date": "8/1/2017",
        "Vulnerability Publication Date": "10/29/2014"
    },
    "Reference Information": {
        "CVE": "[CVE-2014-3694](/cve/CVE-2014-3694), [CVE-2014-3695](/cve/CVE-2014-3695), [CVE-2014-3696](/cve/CVE-2014-3696), [CVE-2014-3698](/cve/CVE-2014-3698), [CVE-2017-2640](/cve/CVE-2017-2640)",
        "RHSA": "[2017:1854](https://access.redhat.com/errata/RHSA-2017:1854)"
    }
}