{
    "Title": "RHEL 6 : MRG (RHSA-2017:2444)",
    "Synopsis": "The remote Red Hat host is missing one or more security updates.",
    "Description": "An update for kernel-rt is now available for Red Hat Enterprise MRG 2.\nRed Hat Product Security has rated this update as having a security impact of Important. A Common Vulnerability Scoring System (CVSS) base score, which gives a detailed severity rating, is available for each vulnerability from the CVE link(s) in the References section.\nThe kernel-rt packages provide the Real Time Linux Kernel, which enables fine-tuning for systems with extremely high determinism requirements.\nSecurity Fix(es) :\n* A use-after-free flaw was found in the Linux kernel which enables a race condition in the L2TPv3 IP Encapsulation feature. A local user could use this flaw to escalate their privileges or crash the system.\n(CVE-2016-10200, Important)\n* A flaw was found that can be triggered in keyring_search_iterator in keyring.c if type->match is NULL. A local user could use this flaw to crash the system or, potentially, escalate their privileges.\n(CVE-2017-2647, Important)\n* The lrw_crypt() function in 'crypto/lrw.c' in the Linux kernel before 4.5 allows local users to cause a system crash and a denial of service by the NULL pointer dereference via accept(2) system call for AF_ALG socket without calling setkey() first to set a cipher key.\n(CVE-2015-8970, Moderate)\nRed Hat would like to thank Igor Redko (Virtuozzo) and Andrey Ryabinin (Virtuozzo) for reporting CVE-2017-2647 and Igor Redko (Virtuozzo) and Vasily Averin (Virtuozzo) for reporting CVE-2015-8970.\nBug Fix(es) :\n* Writing model-specific register (MSR) registers during intel_idle initialization could previously cause exceptions. Consequently, a kernel panic occurred during this initialization. The function call to write to the MSR with exception handling was modified to use wrmsrl_safe() instead of wrmsrl(). In this scenario, the kernel no longer panics. (BZ#1447438)\n* The ixgbe driver was using incorrect bitwise operations on received PTP flags. Consequently, systems that were using the ixgbe driver could not synchronize time using PTP. The provided patch corrected the bitwise operations on received PTP flags allowing these system to correctly synchronize time using PTP. (BZ#1469795) (BZ#1451821)\nThe kernel-rt packages have been upgraded to version 3.10.0-514.rt56.230, which provides a number of security and bug fixes over the previous version. (BZ#1463427)",
    "Solution": "Update the affected packages.",
    "See Also": [
        "[https://access.redhat.com/errata/RHSA-2017:2444](https://access.redhat.com/errata/RHSA-2017:2444)",
        "[https://access.redhat.com/security/cve/cve-2015-8970](https://access.redhat.com/security/cve/cve-2015-8970)",
        "[https://access.redhat.com/security/cve/cve-2016-10200](https://access.redhat.com/security/cve/cve-2016-10200)",
        "[https://access.redhat.com/security/cve/cve-2017-2647](https://access.redhat.com/security/cve/cve-2017-2647)"
    ],
    "Plugin Details": {
        "Severity": "High",
        "ID": "102350",
        "File Name": "redhat-RHSA-2017-2444.nasl",
        "Version": "3.10",
        "Type": "local",
        "Agent": "unix",
        "Family": "[Red Hat Local Security Checks](https://www.tenable.com/plugins/nessus/families/Red%20Hat%20Local%20Security%20Checks)",
        "Published": "8/10/2017",
        "Updated": "10/24/2019",
        "Supported Sensors": "Agentless Assessment, Frictionless Assessment Agent, Frictionless Assessment AWS, Frictionless Assessment Azure, Nessus Agent"
    },
    "Risk Information": [
        {
            "Name": "[VPR](https://www.tenable.com/blog/what-is-vpr-and-how-is-it-different-from-cvss)",
            "Risk Factor": "Medium",
            "Score": "6.7"
        },
        {
            "Name": "[CVSS v2](https://nvd.nist.gov/vuln-metrics/cvss/v2-calculator?vector=AV:L/AC:L/Au:N/C:C/I:C/A:C)",
            "Risk Factor": "High",
            "Base Score": "7.2",
            "Temporal Score": "5.3",
            "Vector": "CVSS2#AV:L/AC:L/Au:N/C:C/I:C/A:C"
        },
        {
            "Name": "[CVSS v3](https://nvd.nist.gov/vuln-metrics/cvss/v3-calculator?vector=AV:L/AC:L/PR:L/UI:N/S:U/C:H/I:H/A:H/E:U/RL:O/RC:C&version=3.0)",
            "Risk Factor": "High",
            "Base Score": "7.8",
            "Temporal Score": "6.8",
            "Vector": "CVSS:3.0/AV:L/AC:L/PR:L/UI:N/S:U/C:H/I:H/A:H",
            "Temporal Vector": "CVSS:3.0/E:U/RL:O/RC:C"
        }
    ],
    "Vulnerability Information": {
        "CPE": "p-cpe:/a:redhat:enterprise_linux:kernel-rt, p-cpe:/a:redhat:enterprise_linux:kernel-rt-debug, p-cpe:/a:redhat:enterprise_linux:kernel-rt-debug-debuginfo, p-cpe:/a:redhat:enterprise_linux:kernel-rt-debug-devel, p-cpe:/a:redhat:enterprise_linux:kernel-rt-debuginfo, p-cpe:/a:redhat:enterprise_linux:kernel-rt-debuginfo-common-x86_64, p-cpe:/a:redhat:enterprise_linux:kernel-rt-devel, p-cpe:/a:redhat:enterprise_linux:kernel-rt-doc, p-cpe:/a:redhat:enterprise_linux:kernel-rt-firmware, p-cpe:/a:redhat:enterprise_linux:kernel-rt-trace, p-cpe:/a:redhat:enterprise_linux:kernel-rt-trace-debuginfo, p-cpe:/a:redhat:enterprise_linux:kernel-rt-trace-devel, p-cpe:/a:redhat:enterprise_linux:kernel-rt-vanilla, p-cpe:/a:redhat:enterprise_linux:kernel-rt-vanilla-debuginfo, p-cpe:/a:redhat:enterprise_linux:kernel-rt-vanilla-devel, cpe:/o:redhat:enterprise_linux:6",
        "Required KB Items": "Host/local_checks_enabled, Host/RedHat/release, Host/RedHat/rpm-list, Host/cpu",
        "Exploit Ease": "No known exploits are available",
        "Patch Publication Date": "8/8/2017",
        "Vulnerability Publication Date": "11/28/2016"
    },
    "Reference Information": {
        "CVE": "[CVE-2015-8970](/cve/CVE-2015-8970), [CVE-2016-10200](/cve/CVE-2016-10200), [CVE-2017-2647](/cve/CVE-2017-2647)",
        "RHSA": "[2017:2444](https://access.redhat.com/errata/RHSA-2017:2444)"
    }
}