{
    "Title": "RHEL 6 / 7 : firefox (RHSA-2017:2456)",
    "Synopsis": "The remote Red Hat host is missing one or more security updates.",
    "Description": "An update for firefox is now available for Red Hat Enterprise Linux 6 and Red Hat Enterprise Linux 7.\nRed Hat Product Security has rated this update as having a security impact of Critical. A Common Vulnerability Scoring System (CVSS) base score, which gives a detailed severity rating, is available for each vulnerability from the CVE link(s) in the References section.\nMozilla Firefox is an open source web browser.\nThis update upgrades Firefox to version 52.3.0 ESR.\nSecurity Fix(es) :\n* Multiple flaws were found in the processing of malformed web content. A web page containing malicious content could cause Firefox to crash or, potentially, execute arbitrary code with the privileges of the user running Firefox. (CVE-2017-7779, CVE-2017-7798, CVE-2017-7800, CVE-2017-7801, CVE-2017-7753, CVE-2017-7784, CVE-2017-7785, CVE-2017-7786, CVE-2017-7787, CVE-2017-7792, CVE-2017-7802, CVE-2017-7807, CVE-2017-7809, CVE-2017-7791, CVE-2017-7803)\nRed Hat would like to thank the Mozilla project for reporting these issues. Upstream acknowledges Mozilla developers and community, Frederik Braun, Looben Yang, Nils, SkyLined, Oliver Wagner, Fraser Tweedale, Mathias Karlsson, Jose Maria Acuna, and Rhys Enniks as the original reporters.",
    "Solution": "Update the affected firefox and / or firefox-debuginfo packages.",
    "See Also": [
        "[https://www.mozilla.org/en-US/security/advisories/mfsa2017-19/](https://www.mozilla.org/en-US/security/advisories/mfsa2017-19/)",
        "[https://access.redhat.com/errata/RHSA-2017:2456](https://access.redhat.com/errata/RHSA-2017:2456)",
        "[https://access.redhat.com/security/cve/cve-2017-7753](https://access.redhat.com/security/cve/cve-2017-7753)",
        "[https://access.redhat.com/security/cve/cve-2017-7779](https://access.redhat.com/security/cve/cve-2017-7779)",
        "[https://access.redhat.com/security/cve/cve-2017-7784](https://access.redhat.com/security/cve/cve-2017-7784)",
        "[https://access.redhat.com/security/cve/cve-2017-7785](https://access.redhat.com/security/cve/cve-2017-7785)",
        "[https://access.redhat.com/security/cve/cve-2017-7786](https://access.redhat.com/security/cve/cve-2017-7786)",
        "[https://access.redhat.com/security/cve/cve-2017-7787](https://access.redhat.com/security/cve/cve-2017-7787)",
        "[https://access.redhat.com/security/cve/cve-2017-7791](https://access.redhat.com/security/cve/cve-2017-7791)",
        "[https://access.redhat.com/security/cve/cve-2017-7792](https://access.redhat.com/security/cve/cve-2017-7792)",
        "[https://access.redhat.com/security/cve/cve-2017-7798](https://access.redhat.com/security/cve/cve-2017-7798)",
        "[https://access.redhat.com/security/cve/cve-2017-7800](https://access.redhat.com/security/cve/cve-2017-7800)",
        "[https://access.redhat.com/security/cve/cve-2017-7801](https://access.redhat.com/security/cve/cve-2017-7801)",
        "[https://access.redhat.com/security/cve/cve-2017-7802](https://access.redhat.com/security/cve/cve-2017-7802)",
        "[https://access.redhat.com/security/cve/cve-2017-7803](https://access.redhat.com/security/cve/cve-2017-7803)",
        "[https://access.redhat.com/security/cve/cve-2017-7807](https://access.redhat.com/security/cve/cve-2017-7807)",
        "[https://access.redhat.com/security/cve/cve-2017-7809](https://access.redhat.com/security/cve/cve-2017-7809)"
    ],
    "Plugin Details": {
        "Severity": "Critical",
        "ID": "102410",
        "File Name": "redhat-RHSA-2017-2456.nasl",
        "Version": "3.15",
        "Type": "local",
        "Agent": "unix",
        "Family": "[Red Hat Local Security Checks](https://www.tenable.com/plugins/nessus/families/Red%20Hat%20Local%20Security%20Checks)",
        "Published": "8/11/2017",
        "Updated": "5/29/2020",
        "Supported Sensors": "Frictionless Assessment AWS, Frictionless Assessment Azure, Frictionless Assessment Agent, Nessus Agent, Agentless Assessment"
    },
    "Risk Information": [
        {
            "Name": "[VPR](https://www.tenable.com/blog/what-is-vpr-and-how-is-it-different-from-cvss)",
            "Risk Factor": "Medium",
            "Score": "6.7"
        },
        {
            "Name": "[CVSS v2](https://nvd.nist.gov/vuln-metrics/cvss/v2-calculator?vector=AV:N/AC:L/Au:N/C:C/I:C/A:C)",
            "Risk Factor": "Critical",
            "Base Score": "10",
            "Temporal Score": "7.4",
            "Vector": "CVSS2#AV:N/AC:L/Au:N/C:C/I:C/A:C"
        },
        {
            "Name": "[CVSS v3](https://nvd.nist.gov/vuln-metrics/cvss/v3-calculator?vector=AV:N/AC:L/PR:N/UI:N/S:U/C:H/I:H/A:H/E:U/RL:O/RC:C&version=3.0)",
            "Risk Factor": "Critical",
            "Base Score": "9.8",
            "Temporal Score": "8.5",
            "Vector": "CVSS:3.0/AV:N/AC:L/PR:N/UI:N/S:U/C:H/I:H/A:H",
            "Temporal Vector": "CVSS:3.0/E:U/RL:O/RC:C"
        }
    ],
    "Vulnerability Information": {
        "CPE": "p-cpe:/a:redhat:enterprise_linux:firefox, p-cpe:/a:redhat:enterprise_linux:firefox-debuginfo, cpe:/o:redhat:enterprise_linux:6, cpe:/o:redhat:enterprise_linux:7, cpe:/o:redhat:enterprise_linux:7.4, cpe:/o:redhat:enterprise_linux:7.5, cpe:/o:redhat:enterprise_linux:7.6, cpe:/o:redhat:enterprise_linux:7.7",
        "Required KB Items": "Host/local_checks_enabled, Host/RedHat/release, Host/RedHat/rpm-list, Host/cpu",
        "Exploit Ease": "No known exploits are available",
        "Patch Publication Date": "8/10/2017",
        "Vulnerability Publication Date": "6/11/2018"
    },
    "Reference Information": {
        "CVE": "[CVE-2017-7753](/cve/CVE-2017-7753), [CVE-2017-7779](/cve/CVE-2017-7779), [CVE-2017-7784](/cve/CVE-2017-7784), [CVE-2017-7785](/cve/CVE-2017-7785), [CVE-2017-7786](/cve/CVE-2017-7786), [CVE-2017-7787](/cve/CVE-2017-7787), [CVE-2017-7791](/cve/CVE-2017-7791), [CVE-2017-7792](/cve/CVE-2017-7792), [CVE-2017-7798](/cve/CVE-2017-7798), [CVE-2017-7800](/cve/CVE-2017-7800), [CVE-2017-7801](/cve/CVE-2017-7801), [CVE-2017-7802](/cve/CVE-2017-7802), [CVE-2017-7803](/cve/CVE-2017-7803), [CVE-2017-7807](/cve/CVE-2017-7807), [CVE-2017-7809](/cve/CVE-2017-7809)",
        "RHSA": "[2017:2456](https://access.redhat.com/errata/RHSA-2017:2456)"
    }
}