{
    "Title": "Fedora 26 : git (2017-b1b3ae6666)",
    "Synopsis": "The remote Fedora host is missing a security update.",
    "Description": "Resolve an arbitrary code execution vulnerability via crafted 'ssh://' URL (CVE-2017-1000117).\nFrom the [release announcement](https://public-inbox.org/git/[[email\u00a0protected]](/cdn-cgi/l/email-protection) v.corp.google.com/) :\nA malicious third-party can give a crafted 'ssh://...' URL to an unsuspecting victim, and an attempt to visit the URL can result in any program that exists on the victim's machine being executed. Such a URL could be placed in the .gitmodules file of a malicious project, and an unsuspecting victim could be tricked into running 'git clone\n--recurse-submodules' to trigger the vulnerability.\nCredits to find and fix the issue go to Brian Neel at GitLab, Joern Schneeweisz of Recurity Labs and Jeff King at GitHub.\nNote that Tenable Network Security has extracted the preceding description block directly from the Fedora update system website.\nTenable has attempted to automatically clean and format it as much as possible without introducing additional issues.",
    "Solution": "Update the affected git package.",
    "See Also": [
        "[https://bodhi.fedoraproject.org/updates/FEDORA-2017-b1b3ae6666](https://bodhi.fedoraproject.org/updates/FEDORA-2017-b1b3ae6666)"
    ],
    "Plugin Details": {
        "Severity": "High",
        "ID": "102461",
        "File Name": "fedora_2017-b1b3ae6666.nasl",
        "Version": "3.8",
        "Type": "local",
        "Agent": "unix",
        "Family": "[Fedora Local Security Checks](https://www.tenable.com/plugins/nessus/families/Fedora%20Local%20Security%20Checks)",
        "Published": "8/14/2017",
        "Updated": "1/6/2021",
        "Supported Sensors": "Agentless Assessment, Frictionless Assessment Agent, Nessus Agent"
    },
    "Risk Information": [
        {
            "Name": "[VPR](https://www.tenable.com/blog/what-is-vpr-and-how-is-it-different-from-cvss)",
            "Risk Factor": "High",
            "Score": "7.4"
        },
        {
            "Name": "[CVSS v2](https://nvd.nist.gov/vuln-metrics/cvss/v2-calculator?vector=AV:N/AC:M/Au:N/C:P/I:P/A:P)",
            "Risk Factor": "Medium",
            "Base Score": "6.8",
            "Temporal Score": "5.6",
            "Vector": "CVSS2#AV:N/AC:M/Au:N/C:P/I:P/A:P"
        },
        {
            "Name": "[CVSS v3](https://nvd.nist.gov/vuln-metrics/cvss/v3-calculator?vector=AV:N/AC:L/PR:N/UI:R/S:U/C:H/I:H/A:H/E:F/RL:O/RC:C&version=3.0)",
            "Risk Factor": "High",
            "Base Score": "8.8",
            "Temporal Score": "8.2",
            "Vector": "CVSS:3.0/AV:N/AC:L/PR:N/UI:R/S:U/C:H/I:H/A:H",
            "Temporal Vector": "CVSS:3.0/E:F/RL:O/RC:C"
        }
    ],
    "Vulnerability Information": {
        "CPE": "p-cpe:/a:fedoraproject:fedora:git, cpe:/o:fedoraproject:fedora:26",
        "Required KB Items": "Host/local_checks_enabled, Host/RedHat/release, Host/RedHat/rpm-list",
        "Exploit Available": "true",
        "Exploit Ease": "Exploits are available",
        "Patch Publication Date": "8/13/2017",
        "Vulnerability Publication Date": "10/5/2017"
    },
    "Exploitable With": "Metasploit  (Malicious Git HTTP Server For CVE-2017-1000117)",
    "Reference Information": {
        "CVE": "[CVE-2017-1000117](/cve/CVE-2017-1000117)",
        "FEDORA": "[2017-b1b3ae6666](https://bodhi.fedoraproject.org/updates/FEDORA-2017-b1b3ae6666)"
    }
}