{
    "Title": "openSUSE Security Update : git (openSUSE-2017-939)",
    "Synopsis": "The remote openSUSE host is missing a security update.",
    "Description": "This update for git fixes the following security issues :\n  - CVE-2017-1000117: A malicious third-party could have     caused a git client to execute arbitrary commands via     crafted 'ssh://...' URLs, including submodules     (boo#1052481)",
    "Solution": "Update the affected git packages.",
    "See Also": [
        "[https://bugzilla.opensuse.org/show_bug.cgi?id=1052481](https://bugzilla.opensuse.org/show_bug.cgi?id=1052481)"
    ],
    "Plugin Details": {
        "Severity": "High",
        "ID": "102558",
        "File Name": "openSUSE-2017-939.nasl",
        "Version": "3.7",
        "Type": "local",
        "Agent": "unix",
        "Family": "[SuSE Local Security Checks](https://www.tenable.com/plugins/nessus/families/SuSE%20Local%20Security%20Checks)",
        "Published": "8/18/2017",
        "Updated": "1/19/2021",
        "Supported Sensors": "Frictionless Assessment Agent, Frictionless Assessment AWS, Frictionless Assessment Azure, Nessus Agent"
    },
    "Risk Information": [
        {
            "Name": "[VPR](https://www.tenable.com/blog/what-is-vpr-and-how-is-it-different-from-cvss)",
            "Risk Factor": "High",
            "Score": "7.4"
        },
        {
            "Name": "[CVSS v2](https://nvd.nist.gov/vuln-metrics/cvss/v2-calculator?vector=AV:N/AC:M/Au:N/C:P/I:P/A:P)",
            "Risk Factor": "Medium",
            "Base Score": "6.8",
            "Temporal Score": "5.6",
            "Vector": "CVSS2#AV:N/AC:M/Au:N/C:P/I:P/A:P"
        },
        {
            "Name": "[CVSS v3](https://nvd.nist.gov/vuln-metrics/cvss/v3-calculator?vector=AV:N/AC:L/PR:N/UI:R/S:U/C:H/I:H/A:H/E:F/RL:O/RC:C&version=3.0)",
            "Risk Factor": "High",
            "Base Score": "8.8",
            "Temporal Score": "8.2",
            "Vector": "CVSS:3.0/AV:N/AC:L/PR:N/UI:R/S:U/C:H/I:H/A:H",
            "Temporal Vector": "CVSS:3.0/E:F/RL:O/RC:C"
        }
    ],
    "Vulnerability Information": {
        "CPE": "p-cpe:/a:novell:opensuse:git, p-cpe:/a:novell:opensuse:git-arch, p-cpe:/a:novell:opensuse:git-core, p-cpe:/a:novell:opensuse:git-core-debuginfo, p-cpe:/a:novell:opensuse:git-credential-gnome-keyring, p-cpe:/a:novell:opensuse:git-credential-gnome-keyring-debuginfo, p-cpe:/a:novell:opensuse:git-cvs, p-cpe:/a:novell:opensuse:git-daemon, p-cpe:/a:novell:opensuse:git-daemon-debuginfo, p-cpe:/a:novell:opensuse:git-debugsource, p-cpe:/a:novell:opensuse:git-email, p-cpe:/a:novell:opensuse:git-gui, p-cpe:/a:novell:opensuse:git-svn, p-cpe:/a:novell:opensuse:git-svn-debuginfo, p-cpe:/a:novell:opensuse:git-web, p-cpe:/a:novell:opensuse:gitk, cpe:/o:novell:opensuse:42.3",
        "Required KB Items": "Host/local_checks_enabled, Host/SuSE/release, Host/SuSE/rpm-list, Host/cpu",
        "Exploit Available": "true",
        "Exploit Ease": "Exploits are available",
        "Patch Publication Date": "8/16/2017"
    },
    "Exploitable With": "Metasploit  (Malicious Git HTTP Server For CVE-2017-1000117)",
    "Reference Information": {
        "CVE": "[CVE-2017-1000117](/cve/CVE-2017-1000117)"
    }
}