{
    "Title": "RHEL 6 / 7 : java-1.7.1-ibm (RHSA-2017:2481)",
    "Synopsis": "The remote Red Hat host is missing one or more security updates.",
    "Description": "An update for java-1.7.1-ibm is now available for Red Hat Enterprise Linux 6 Supplementary and Red Hat Enterprise Linux 7 Supplementary.\nRed Hat Product Security has rated this update as having a security impact of Critical. A Common Vulnerability Scoring System (CVSS) base score, which gives a detailed severity rating, is available for each vulnerability from the CVE link(s) in the References section.\nIBM Java SE version 7 Release 1 includes the IBM Java Runtime Environment and the IBM Java Software Development Kit.\nThis update upgrades IBM Java SE 7 to version 7R1 SR4-FP10.\nSecurity Fix(es) :\n* This update fixes multiple vulnerabilities in the IBM Java Runtime Environment and the IBM Java Software Development Kit. Further information about these flaws can be found on the IBM Java Security Vulnerabilities page listed in the References section.\n(CVE-2017-10053, CVE-2017-10067, CVE-2017-10087, CVE-2017-10089, CVE-2017-10090, CVE-2017-10096, CVE-2017-10101, CVE-2017-10102, CVE-2017-10105, CVE-2017-10107, CVE-2017-10108, CVE-2017-10109, CVE-2017-10110, CVE-2017-10115, CVE-2017-10116, CVE-2017-10243)",
    "Solution": "Update the affected packages.",
    "See Also": [
        "[https://developer.ibm.com/javasdk/support/security-vulnerabilities/](https://developer.ibm.com/javasdk/support/security-vulnerabilities/)",
        "[https://access.redhat.com/errata/RHSA-2017:2481](https://access.redhat.com/errata/RHSA-2017:2481)",
        "[https://access.redhat.com/security/cve/cve-2017-10053](https://access.redhat.com/security/cve/cve-2017-10053)",
        "[https://access.redhat.com/security/cve/cve-2017-10067](https://access.redhat.com/security/cve/cve-2017-10067)",
        "[https://access.redhat.com/security/cve/cve-2017-10087](https://access.redhat.com/security/cve/cve-2017-10087)",
        "[https://access.redhat.com/security/cve/cve-2017-10089](https://access.redhat.com/security/cve/cve-2017-10089)",
        "[https://access.redhat.com/security/cve/cve-2017-10090](https://access.redhat.com/security/cve/cve-2017-10090)",
        "[https://access.redhat.com/security/cve/cve-2017-10096](https://access.redhat.com/security/cve/cve-2017-10096)",
        "[https://access.redhat.com/security/cve/cve-2017-10101](https://access.redhat.com/security/cve/cve-2017-10101)",
        "[https://access.redhat.com/security/cve/cve-2017-10102](https://access.redhat.com/security/cve/cve-2017-10102)",
        "[https://access.redhat.com/security/cve/cve-2017-10105](https://access.redhat.com/security/cve/cve-2017-10105)",
        "[https://access.redhat.com/security/cve/cve-2017-10107](https://access.redhat.com/security/cve/cve-2017-10107)",
        "[https://access.redhat.com/security/cve/cve-2017-10108](https://access.redhat.com/security/cve/cve-2017-10108)",
        "[https://access.redhat.com/security/cve/cve-2017-10109](https://access.redhat.com/security/cve/cve-2017-10109)",
        "[https://access.redhat.com/security/cve/cve-2017-10110](https://access.redhat.com/security/cve/cve-2017-10110)",
        "[https://access.redhat.com/security/cve/cve-2017-10115](https://access.redhat.com/security/cve/cve-2017-10115)",
        "[https://access.redhat.com/security/cve/cve-2017-10116](https://access.redhat.com/security/cve/cve-2017-10116)",
        "[https://access.redhat.com/security/cve/cve-2017-10243](https://access.redhat.com/security/cve/cve-2017-10243)",
        "[https://access.redhat.com/security/cve/cve-2017-1376](https://access.redhat.com/security/cve/cve-2017-1376)"
    ],
    "Plugin Details": {
        "Severity": "Critical",
        "ID": "102536",
        "File Name": "redhat-RHSA-2017-2481.nasl",
        "Version": "3.12",
        "Type": "local",
        "Agent": "unix",
        "Family": "[Red Hat Local Security Checks](https://www.tenable.com/plugins/nessus/families/Red%20Hat%20Local%20Security%20Checks)",
        "Published": "8/17/2017",
        "Updated": "10/24/2019",
        "Supported Sensors": "Frictionless Assessment AWS, Frictionless Assessment Azure, Frictionless Assessment Agent, Nessus Agent, Agentless Assessment"
    },
    "Risk Information": [
        {
            "Name": "[VPR](https://www.tenable.com/blog/what-is-vpr-and-how-is-it-different-from-cvss)",
            "Risk Factor": "High",
            "Score": "7.3"
        },
        {
            "Name": "[CVSS v2](https://nvd.nist.gov/vuln-metrics/cvss/v2-calculator?vector=AV:N/AC:L/Au:N/C:P/I:P/A:P)",
            "Risk Factor": "High",
            "Base Score": "7.5",
            "Temporal Score": "5.5",
            "Vector": "CVSS2#AV:N/AC:L/Au:N/C:P/I:P/A:P"
        },
        {
            "Name": "[CVSS v3](https://nvd.nist.gov/vuln-metrics/cvss/v3-calculator?vector=AV:N/AC:L/PR:N/UI:N/S:U/C:H/I:H/A:H/E:U/RL:O/RC:C&version=3.0)",
            "Risk Factor": "Critical",
            "Base Score": "9.8",
            "Temporal Score": "8.5",
            "Vector": "CVSS:3.0/AV:N/AC:L/PR:N/UI:N/S:U/C:H/I:H/A:H",
            "Temporal Vector": "CVSS:3.0/E:U/RL:O/RC:C"
        }
    ],
    "Vulnerability Information": {
        "CPE": "p-cpe:/a:redhat:enterprise_linux:java-1.7.1-ibm, p-cpe:/a:redhat:enterprise_linux:java-1.7.1-ibm-demo, p-cpe:/a:redhat:enterprise_linux:java-1.7.1-ibm-devel, p-cpe:/a:redhat:enterprise_linux:java-1.7.1-ibm-jdbc, p-cpe:/a:redhat:enterprise_linux:java-1.7.1-ibm-plugin, p-cpe:/a:redhat:enterprise_linux:java-1.7.1-ibm-src, cpe:/o:redhat:enterprise_linux:6, cpe:/o:redhat:enterprise_linux:7, cpe:/o:redhat:enterprise_linux:7.5",
        "Required KB Items": "Host/local_checks_enabled, Host/RedHat/release, Host/RedHat/rpm-list, Host/cpu",
        "Exploit Ease": "No known exploits are available",
        "Patch Publication Date": "8/15/2017",
        "Vulnerability Publication Date": "8/8/2017"
    },
    "Reference Information": {
        "CVE": "[CVE-2017-10053](/cve/CVE-2017-10053), [CVE-2017-10067](/cve/CVE-2017-10067), [CVE-2017-10087](/cve/CVE-2017-10087), [CVE-2017-10089](/cve/CVE-2017-10089), [CVE-2017-10090](/cve/CVE-2017-10090), [CVE-2017-10096](/cve/CVE-2017-10096), [CVE-2017-10101](/cve/CVE-2017-10101), [CVE-2017-10102](/cve/CVE-2017-10102), [CVE-2017-10105](/cve/CVE-2017-10105), [CVE-2017-10107](/cve/CVE-2017-10107), [CVE-2017-10108](/cve/CVE-2017-10108), [CVE-2017-10109](/cve/CVE-2017-10109), [CVE-2017-10110](/cve/CVE-2017-10110), [CVE-2017-10115](/cve/CVE-2017-10115), [CVE-2017-10116](/cve/CVE-2017-10116), [CVE-2017-10243](/cve/CVE-2017-10243), [CVE-2017-1376](/cve/CVE-2017-1376)",
        "RHSA": "[2017:2481](https://access.redhat.com/errata/RHSA-2017:2481)"
    }
}