{
    "Title": "RHEL 7 : groovy (RHSA-2017:2486)",
    "Synopsis": "The remote Red Hat host is missing one or more security updates.",
    "Description": "An update for groovy is now available for Red Hat Enterprise Linux 7.\nRed Hat Product Security has rated this update as having a security impact of Important. A Common Vulnerability Scoring System (CVSS) base score, which gives a detailed severity rating, is available for each vulnerability from the CVE link(s) in the References section.\nGroovy is an agile and dynamic language for the Java Virtual Machine, built upon Java with features inspired by languages like Python, Ruby, and Smalltalk. It seamlessly integrates with all existing Java objects and libraries and compiles straight to Java bytecode so you can use it anywhere you can use Java.\nSecurity Fix(es) :\n* It was found that a flaw in Apache groovy library allows remote code execution wherever deserialization occurs in the application. It is possible for an attacker to craft a special serialized object that will execute code directly when deserialized. All applications which rely on serialization and do not isolate the code which deserializes objects are subject to this vulnerability. (CVE-2016-6814)",
    "Solution": "Update the affected groovy and / or groovy-javadoc packages.",
    "See Also": [
        "[https://access.redhat.com/errata/RHSA-2017:2486](https://access.redhat.com/errata/RHSA-2017:2486)",
        "[https://access.redhat.com/security/cve/cve-2015-3253](https://access.redhat.com/security/cve/cve-2015-3253)",
        "[https://access.redhat.com/security/cve/cve-2016-6814](https://access.redhat.com/security/cve/cve-2016-6814)"
    ],
    "Plugin Details": {
        "Severity": "Critical",
        "ID": "102574",
        "File Name": "redhat-RHSA-2017-2486.nasl",
        "Version": "3.12",
        "Type": "local",
        "Agent": "unix",
        "Family": "[Red Hat Local Security Checks](https://www.tenable.com/plugins/nessus/families/Red%20Hat%20Local%20Security%20Checks)",
        "Published": "8/18/2017",
        "Updated": "10/24/2019",
        "Supported Sensors": "Agentless Assessment, Frictionless Assessment Agent, Frictionless Assessment AWS, Frictionless Assessment Azure, Nessus Agent"
    },
    "Risk Information": [
        {
            "Name": "[VPR](https://www.tenable.com/blog/what-is-vpr-and-how-is-it-different-from-cvss)",
            "Risk Factor": "Medium",
            "Score": "5.9"
        },
        {
            "Name": "[CVSS v2](https://nvd.nist.gov/vuln-metrics/cvss/v2-calculator?vector=AV:N/AC:L/Au:N/C:P/I:P/A:P)",
            "Risk Factor": "High",
            "Base Score": "7.5",
            "Temporal Score": "5.5",
            "Vector": "CVSS2#AV:N/AC:L/Au:N/C:P/I:P/A:P"
        },
        {
            "Name": "[CVSS v3](https://nvd.nist.gov/vuln-metrics/cvss/v3-calculator?vector=AV:N/AC:L/PR:N/UI:N/S:U/C:H/I:H/A:H/E:U/RL:O/RC:C&version=3.0)",
            "Risk Factor": "Critical",
            "Base Score": "9.8",
            "Temporal Score": "8.5",
            "Vector": "CVSS:3.0/AV:N/AC:L/PR:N/UI:N/S:U/C:H/I:H/A:H",
            "Temporal Vector": "CVSS:3.0/E:U/RL:O/RC:C"
        }
    ],
    "Vulnerability Information": {
        "CPE": "p-cpe:/a:redhat:enterprise_linux:groovy, p-cpe:/a:redhat:enterprise_linux:groovy-javadoc, cpe:/o:redhat:enterprise_linux:7, cpe:/o:redhat:enterprise_linux:7.4, cpe:/o:redhat:enterprise_linux:7.5, cpe:/o:redhat:enterprise_linux:7.6, cpe:/o:redhat:enterprise_linux:7.7",
        "Required KB Items": "Host/local_checks_enabled, Host/RedHat/release, Host/RedHat/rpm-list, Host/cpu",
        "Exploit Ease": "No known exploits are available",
        "Patch Publication Date": "8/17/2017",
        "Vulnerability Publication Date": "8/13/2015"
    },
    "Reference Information": {
        "CVE": "[CVE-2015-3253](/cve/CVE-2015-3253), [CVE-2016-6814](/cve/CVE-2016-6814)",
        "RHSA": "[2017:2486](https://access.redhat.com/errata/RHSA-2017:2486)"
    }
}