{
    "Title": "RHEL 6 : git (RHSA-2017:2485)",
    "Synopsis": "The remote Red Hat host is missing one or more security updates.",
    "Description": "An update for git is now available for Red Hat Enterprise Linux 6.\nRed Hat Product Security has rated this update as having a security impact of Important. A Common Vulnerability Scoring System (CVSS) base score, which gives a detailed severity rating, is available for each vulnerability from the CVE link(s) in the References section.\nGit is a distributed revision control system with a decentralized architecture. As opposed to centralized version control systems with a client-server model, Git ensures that each working copy of a Git repository is an exact copy with complete revision history. This not only allows the user to work on and contribute to projects without the need to have permission to push the changes to their official repositories, but also makes it possible for the user to work with no network connection.\nSecurity Fix(es) :\n* A shell command injection flaw related to the handling of 'ssh' URLs has been discovered in Git. An attacker could use this flaw to execute shell commands with the privileges of the user running the Git client, for example, when performing a 'clone' action on a malicious repository or a legitimate repository containing a malicious commit.\n(CVE-2017-1000117)",
    "Solution": "Update the affected packages.",
    "See Also": [
        "[https://access.redhat.com/errata/RHSA-2017:2485](https://access.redhat.com/errata/RHSA-2017:2485)",
        "[https://access.redhat.com/security/cve/cve-2017-1000117](https://access.redhat.com/security/cve/cve-2017-1000117)"
    ],
    "Plugin Details": {
        "Severity": "High",
        "ID": "102538",
        "File Name": "redhat-RHSA-2017-2485.nasl",
        "Version": "3.11",
        "Type": "local",
        "Agent": "unix",
        "Family": "[Red Hat Local Security Checks](https://www.tenable.com/plugins/nessus/families/Red%20Hat%20Local%20Security%20Checks)",
        "Published": "8/17/2017",
        "Updated": "10/24/2019",
        "Supported Sensors": "Agentless Assessment, Frictionless Assessment Agent, Frictionless Assessment AWS, Frictionless Assessment Azure, Nessus Agent"
    },
    "Risk Information": [
        {
            "Name": "[VPR](https://www.tenable.com/blog/what-is-vpr-and-how-is-it-different-from-cvss)",
            "Risk Factor": "High",
            "Score": "7.4"
        },
        {
            "Name": "[CVSS v2](https://nvd.nist.gov/vuln-metrics/cvss/v2-calculator?vector=AV:N/AC:M/Au:N/C:P/I:P/A:P)",
            "Risk Factor": "Medium",
            "Base Score": "6.8",
            "Temporal Score": "5.6",
            "Vector": "CVSS2#AV:N/AC:M/Au:N/C:P/I:P/A:P"
        },
        {
            "Name": "[CVSS v3](https://nvd.nist.gov/vuln-metrics/cvss/v3-calculator?vector=AV:N/AC:L/PR:N/UI:R/S:U/C:H/I:H/A:H/E:F/RL:O/RC:C&version=3.0)",
            "Risk Factor": "High",
            "Base Score": "8.8",
            "Temporal Score": "8.2",
            "Vector": "CVSS:3.0/AV:N/AC:L/PR:N/UI:R/S:U/C:H/I:H/A:H",
            "Temporal Vector": "CVSS:3.0/E:F/RL:O/RC:C"
        }
    ],
    "Vulnerability Information": {
        "CPE": "p-cpe:/a:redhat:enterprise_linux:emacs-git, p-cpe:/a:redhat:enterprise_linux:emacs-git-el, p-cpe:/a:redhat:enterprise_linux:git, p-cpe:/a:redhat:enterprise_linux:git-all, p-cpe:/a:redhat:enterprise_linux:git-cvs, p-cpe:/a:redhat:enterprise_linux:git-daemon, p-cpe:/a:redhat:enterprise_linux:git-debuginfo, p-cpe:/a:redhat:enterprise_linux:git-email, p-cpe:/a:redhat:enterprise_linux:git-gui, p-cpe:/a:redhat:enterprise_linux:git-svn, p-cpe:/a:redhat:enterprise_linux:gitk, p-cpe:/a:redhat:enterprise_linux:gitweb, p-cpe:/a:redhat:enterprise_linux:perl-git, cpe:/o:redhat:enterprise_linux:6",
        "Required KB Items": "Host/local_checks_enabled, Host/RedHat/release, Host/RedHat/rpm-list, Host/cpu",
        "Exploit Available": "true",
        "Exploit Ease": "Exploits are available",
        "Patch Publication Date": "8/16/2017",
        "Vulnerability Publication Date": "10/5/2017"
    },
    "Exploitable With": "Metasploit  (Malicious Git HTTP Server For CVE-2017-1000117)",
    "Reference Information": {
        "CVE": "[CVE-2017-1000117](/cve/CVE-2017-1000117)",
        "RHSA": "[2017:2485](https://access.redhat.com/errata/RHSA-2017:2485)"
    }
}