{
    "Title": "Scientific Linux Security Update : git on SL6.x i386/x86_64 (2...",
    "Synopsis": "The remote Scientific Linux host is missing one or more security updates.",
    "Description": "Security Fix(es) :\n  - A shell command injection flaw related to the handling     of 'ssh' URLs has been discovered in Git. An attacker     could use this flaw to execute shell commands with the     privileges of the user running the Git client, for     example, when performing a 'clone' action on a malicious     repository or a legitimate repository containing a     malicious commit. (CVE-2017-1000117)",
    "Solution": "Update the affected packages.",
    "See Also": [
        "[http://www.nessus.org/u?0cd271a0](http://www.nessus.org/u?0cd271a0)"
    ],
    "Plugin Details": {
        "Severity": "High",
        "ID": "102576",
        "File Name": "sl_20170817_git_on_SL6_x.nasl",
        "Version": "3.8",
        "Type": "local",
        "Agent": "unix",
        "Family": "[Scientific Linux Local Security Checks](https://www.tenable.com/plugins/nessus/families/Scientific%20Linux%20Local%20Security%20Checks)",
        "Published": "8/18/2017",
        "Updated": "1/14/2021",
        "Supported Sensors": "Nessus Agent"
    },
    "Risk Information": [
        {
            "Name": "[VPR](https://www.tenable.com/blog/what-is-vpr-and-how-is-it-different-from-cvss)",
            "Risk Factor": "High",
            "Score": "7.4"
        },
        {
            "Name": "[CVSS v2](https://nvd.nist.gov/vuln-metrics/cvss/v2-calculator?vector=AV:N/AC:M/Au:N/C:P/I:P/A:P)",
            "Risk Factor": "Medium",
            "Base Score": "6.8",
            "Temporal Score": "5.6",
            "Vector": "CVSS2#AV:N/AC:M/Au:N/C:P/I:P/A:P"
        },
        {
            "Name": "[CVSS v3](https://nvd.nist.gov/vuln-metrics/cvss/v3-calculator?vector=AV:N/AC:L/PR:N/UI:R/S:U/C:H/I:H/A:H/E:F/RL:O/RC:C&version=3.0)",
            "Risk Factor": "High",
            "Base Score": "8.8",
            "Temporal Score": "8.2",
            "Vector": "CVSS:3.0/AV:N/AC:L/PR:N/UI:R/S:U/C:H/I:H/A:H",
            "Temporal Vector": "CVSS:3.0/E:F/RL:O/RC:C"
        }
    ],
    "Vulnerability Information": {
        "CPE": "p-cpe:/a:fermilab:scientific_linux:emacs-git, p-cpe:/a:fermilab:scientific_linux:emacs-git-el, p-cpe:/a:fermilab:scientific_linux:git, p-cpe:/a:fermilab:scientific_linux:git-all, p-cpe:/a:fermilab:scientific_linux:git-cvs, p-cpe:/a:fermilab:scientific_linux:git-daemon, p-cpe:/a:fermilab:scientific_linux:git-debuginfo, p-cpe:/a:fermilab:scientific_linux:git-email, p-cpe:/a:fermilab:scientific_linux:git-gui, p-cpe:/a:fermilab:scientific_linux:git-svn, p-cpe:/a:fermilab:scientific_linux:gitk, p-cpe:/a:fermilab:scientific_linux:gitweb, p-cpe:/a:fermilab:scientific_linux:perl-git, x-cpe:/o:fermilab:scientific_linux",
        "Required KB Items": "Host/local_checks_enabled, Host/RedHat/release, Host/RedHat/rpm-list, Host/cpu",
        "Exploit Available": "true",
        "Exploit Ease": "Exploits are available",
        "Patch Publication Date": "8/17/2017",
        "Vulnerability Publication Date": "10/5/2017"
    },
    "Exploitable With": "Metasploit  (Malicious Git HTTP Server For CVE-2017-1000117)",
    "Reference Information": {
        "CVE": "[CVE-2017-1000117](/cve/CVE-2017-1000117)"
    }
}