{
    "Title": "RHEL 7 : httpd (RHSA-2017:2479)",
    "Synopsis": "The remote Red Hat host is missing one or more security updates.",
    "Description": "An update for httpd is now available for Red Hat Enterprise Linux 7.\nRed Hat Product Security has rated this update as having a security impact of Important. A Common Vulnerability Scoring System (CVSS) base score, which gives a detailed severity rating, is available for each vulnerability from the CVE link(s) in the References section.\nThe httpd packages provide the Apache HTTP Server, a powerful, efficient, and extensible web server.\nSecurity Fix(es) :\n* It was discovered that the httpd's mod_auth_digest module did not properly initialize memory before using it when processing certain headers related to digest authentication. A remote attacker could possibly use this flaw to disclose potentially sensitive information or cause httpd child process to crash by sending specially crafted requests to a server. (CVE-2017-9788)\n* It was discovered that the use of httpd's ap_get_basic_auth_pw() API function outside of the authentication phase could lead to authentication bypass. A remote attacker could possibly use this flaw to bypass required authentication if the API was used incorrectly by one of the modules used by httpd. (CVE-2017-3167)\n* A NULL pointer dereference flaw was found in the httpd's mod_ssl module. A remote attacker could use this flaw to cause an httpd child process to crash if another module used by httpd called a certain API function during the processing of an HTTPS request. (CVE-2017-3169)\n* A buffer over-read flaw was found in the httpd's ap_find_token() function. A remote attacker could use this flaw to cause httpd child process to crash via a specially crafted HTTP request. (CVE-2017-7668)\n* A buffer over-read flaw was found in the httpd's mod_mime module. A user permitted to modify httpd's MIME configuration could use this flaw to cause httpd child process to crash. (CVE-2017-7679)",
    "Solution": "Update the affected packages.",
    "See Also": [
        "[https://access.redhat.com/errata/RHSA-2017:2479](https://access.redhat.com/errata/RHSA-2017:2479)",
        "[https://access.redhat.com/security/cve/cve-2017-3167](https://access.redhat.com/security/cve/cve-2017-3167)",
        "[https://access.redhat.com/security/cve/cve-2017-3169](https://access.redhat.com/security/cve/cve-2017-3169)",
        "[https://access.redhat.com/security/cve/cve-2017-7668](https://access.redhat.com/security/cve/cve-2017-7668)",
        "[https://access.redhat.com/security/cve/cve-2017-7679](https://access.redhat.com/security/cve/cve-2017-7679)",
        "[https://access.redhat.com/security/cve/cve-2017-9788](https://access.redhat.com/security/cve/cve-2017-9788)"
    ],
    "Plugin Details": {
        "Severity": "Critical",
        "ID": "102519",
        "File Name": "redhat-RHSA-2017-2479.nasl",
        "Version": "1.14",
        "Type": "local",
        "Agent": "unix",
        "Family": "[Red Hat Local Security Checks](https://www.tenable.com/plugins/nessus/families/Red%20Hat%20Local%20Security%20Checks)",
        "Published": "8/16/2017",
        "Updated": "10/24/2019",
        "Supported Sensors": "Frictionless Assessment AWS, Frictionless Assessment Azure, Frictionless Assessment Agent, Nessus Agent, Agentless Assessment"
    },
    "Risk Information": [
        {
            "Name": "[VPR](https://www.tenable.com/blog/what-is-vpr-and-how-is-it-different-from-cvss)",
            "Risk Factor": "Medium",
            "Score": "6.7"
        },
        {
            "Name": "[CVSS v2](https://nvd.nist.gov/vuln-metrics/cvss/v2-calculator?vector=AV:N/AC:L/Au:N/C:P/I:P/A:P)",
            "Risk Factor": "High",
            "Base Score": "7.5",
            "Temporal Score": "5.5",
            "Vector": "CVSS2#AV:N/AC:L/Au:N/C:P/I:P/A:P"
        },
        {
            "Name": "[CVSS v3](https://nvd.nist.gov/vuln-metrics/cvss/v3-calculator?vector=AV:N/AC:L/PR:N/UI:N/S:U/C:H/I:H/A:H/E:U/RL:O/RC:C&version=3.0)",
            "Risk Factor": "Critical",
            "Base Score": "9.8",
            "Temporal Score": "8.5",
            "Vector": "CVSS:3.0/AV:N/AC:L/PR:N/UI:N/S:U/C:H/I:H/A:H",
            "Temporal Vector": "CVSS:3.0/E:U/RL:O/RC:C"
        }
    ],
    "Vulnerability Information": {
        "CPE": "p-cpe:/a:redhat:enterprise_linux:httpd, p-cpe:/a:redhat:enterprise_linux:httpd-debuginfo, p-cpe:/a:redhat:enterprise_linux:httpd-devel, p-cpe:/a:redhat:enterprise_linux:httpd-manual, p-cpe:/a:redhat:enterprise_linux:httpd-tools, p-cpe:/a:redhat:enterprise_linux:mod_ldap, p-cpe:/a:redhat:enterprise_linux:mod_proxy_html, p-cpe:/a:redhat:enterprise_linux:mod_session, p-cpe:/a:redhat:enterprise_linux:mod_ssl, cpe:/o:redhat:enterprise_linux:7, cpe:/o:redhat:enterprise_linux:7.4, cpe:/o:redhat:enterprise_linux:7.5, cpe:/o:redhat:enterprise_linux:7.6, cpe:/o:redhat:enterprise_linux:7.7",
        "Required KB Items": "Host/local_checks_enabled, Host/RedHat/release, Host/RedHat/rpm-list, Host/cpu",
        "Exploit Ease": "No known exploits are available",
        "Patch Publication Date": "8/15/2017",
        "Vulnerability Publication Date": "6/20/2017"
    },
    "Reference Information": {
        "CVE": "[CVE-2017-3167](/cve/CVE-2017-3167), [CVE-2017-3169](/cve/CVE-2017-3169), [CVE-2017-7668](/cve/CVE-2017-7668), [CVE-2017-7679](/cve/CVE-2017-7679), [CVE-2017-9788](/cve/CVE-2017-9788)",
        "RHSA": "[2017:2479](https://access.redhat.com/errata/RHSA-2017:2479)"
    }
}