{
    "Title": "SUSE SLES11 Security Update : MozillaFirefox, MozillaFirefox-b...",
    "Synopsis": "The remote SUSE host is missing one or more security updates.",
    "Description": "This update for MozillaFirefox and mozilla-nss fixes the following issues: Security issues fixed :\n  - Fixes in Firefox ESR 52.2 (bsc#1043960,MFSA 2017-16)\n  - CVE-2017-7758: Out-of-bounds read in Opus encoder\n  - CVE-2017-7749: Use-after-free during docshell reloading\n  - CVE-2017-7751: Use-after-free with content viewer     listeners\n  - CVE-2017-5472: Use-after-free using destroyed node when     regenerating trees\n  - CVE-2017-5470: Memory safety bugs fixed in Firefox 54     and Firefox ESR 52.2\n  - CVE-2017-7752: Use-after-free with IME input\n  - CVE-2017-7750: Use-after-free with track elements\n  - CVE-2017-7768: 32 byte arbitrary file read through     Mozilla Maintenance Service\n  - CVE-2017-7778: Vulnerabilities in the Graphite 2 library\n  - CVE-2017-7754: Out-of-bounds read in WebGL with     ImageInfo object\n  - CVE-2017-7755: Privilege escalation through Firefox     Installer with same directory DLL files\n  - CVE-2017-7756: Use-after-free and use-after-scope     logging XHR header errors\n  - CVE-2017-7757: Use-after-free in IndexedDB\n  - CVE-2017-7761: File deletion and privilege escalation     through Mozilla Maintenance Service helper.exe     application\n  - CVE-2017-7763: Mac fonts render some unicode characters     as spaces\n  - CVE-2017-7765: Mark of the Web bypass when saving     executable files\n  - CVE-2017-7764: Domain spoofing with combination of     Canadian Syllabics and other unicode blocks\n  - update to Firefox ESR 52.1 (bsc#1035082,MFSA 2017-12)\n  - CVE-2016-10196: Vulnerabilities in Libevent library\n  - CVE-2017-5443: Out-of-bounds write during BinHex     decoding\n  - CVE-2017-5429: Memory safety bugs fixed in Firefox 53,     Firefox ESR 45.9, and Firefox ESR 52.1\n  - CVE-2017-5464: Memory corruption with accessibility and     DOM manipulation\n  - CVE-2017-5465: Out-of-bounds read in ConvolvePixel\n  - CVE-2017-5466: Origin confusion when reloading isolated     data:text/html URL\n  - CVE-2017-5467: Memory corruption when drawing Skia     content\n  - CVE-2017-5460: Use-after-free in frame selection\n  - CVE-2017-5461: Out-of-bounds write in Base64 encoding in     NSS\n  - CVE-2017-5448: Out-of-bounds write in ClearKeyDecryptor\n  - CVE-2017-5449: Crash during bidirectional unicode     manipulation with animation\n  - CVE-2017-5446: Out-of-bounds read when HTTP/2 DATA     frames are sent with incorrect data\n  - CVE-2017-5447: Out-of-bounds read during glyph     processing\n  - CVE-2017-5444: Buffer overflow while parsing     application/http-index-format content\n  - CVE-2017-5445: Uninitialized values used while parsing     application/http- index-format content\n  - CVE-2017-5442: Use-after-free during style changes\n  - CVE-2017-5469: Potential Buffer overflow in     flex-generated code\n  - CVE-2017-5440: Use-after-free in txExecutionState     destructor during XSLT processing\n  - CVE-2017-5441: Use-after-free with selection during     scroll events\n  - CVE-2017-5439: Use-after-free in nsTArray Length()     during XSLT processing\n  - CVE-2017-5438: Use-after-free in nsAutoPtr during XSLT     processing\n  - CVE-2017-5436: Out-of-bounds write with malicious font     in Graphite 2\n  - CVE-2017-5435: Use-after-free during transaction     processing in the editor\n  - CVE-2017-5434: Use-after-free during focus handling\n  - CVE-2017-5433: Use-after-free in SMIL animation     functions\n  - CVE-2017-5432: Use-after-free in text input selection\n  - CVE-2017-5430: Memory safety bugs fixed in Firefox 53     and Firefox ESR 52.1\n  - CVE-2017-5459: Buffer overflow in WebGL\n  - CVE-2017-5462: DRBG flaw in NSS\n  - CVE-2017-5455: Sandbox escape through internal feed     reader APIs\n  - CVE-2017-5454: Sandbox escape allowing file system read     access through file picker\n  - CVE-2017-5456: Sandbox escape allowing local file system     access\n  - CVE-2017-5451: Addressbar spoofing with onblur event\n  - General\n  - CVE-2015-5276: Fix for C++11 std::random_device short     reads (bsc#945842) Bugfixes :\n  - workaround for Firefox hangs (bsc#1031485, bsc#1025108)\n  - Update to gcc-5-branch head.\n  - Includes fixes for (bsc#966220), (bsc#962765),     (bsc#964468), (bsc#939460), (bsc#930496), (bsc#930392)     and (bsc#955382).\n  - Add fix to revert accidential libffi ABI breakage on     AARCH64. (bsc#968771)\n  - Build s390[x] with --with-tune=z9-109 --with-arch=z900     on SLE11 again. (bsc#954002)\n  - Fix libffi include install. (bsc#935510)\nNote that Tenable Network Security has extracted the preceding description block directly from the SUSE security advisory. Tenable has attempted to automatically clean and format it as much as possible without introducing additional issues.",
    "Solution": "To install this SUSE Security Update use YaST online_update.\nAlternatively you can run the command listed for your product :\nSUSE Linux Enterprise Software Development Kit 11-SP4:zypper in -t patch sdksp4-MozillaFirefox-13237=1\nSUSE Linux Enterprise Server 11-SP4:zypper in -t patch slessp4-MozillaFirefox-13237=1\nSUSE Linux Enterprise Server 11-SP3-LTSS:zypper in -t patch slessp3-MozillaFirefox-13237=1\nSUSE Linux Enterprise Point of Sale 11-SP3:zypper in -t patch sleposp3-MozillaFirefox-13237=1\nSUSE Linux Enterprise Debuginfo 11-SP4:zypper in -t patch dbgsp4-MozillaFirefox-13237=1\nSUSE Linux Enterprise Debuginfo 11-SP3:zypper in -t patch dbgsp3-MozillaFirefox-13237=1\nTo bring your system up-to-date, use 'zypper patch'.",
    "See Also": [
        "[https://bugzilla.suse.com/show_bug.cgi?id=1025108](https://bugzilla.suse.com/show_bug.cgi?id=1025108)",
        "[https://bugzilla.suse.com/show_bug.cgi?id=1031485](https://bugzilla.suse.com/show_bug.cgi?id=1031485)",
        "[https://bugzilla.suse.com/show_bug.cgi?id=1035082](https://bugzilla.suse.com/show_bug.cgi?id=1035082)",
        "[https://bugzilla.suse.com/show_bug.cgi?id=1043960](https://bugzilla.suse.com/show_bug.cgi?id=1043960)",
        "[https://bugzilla.suse.com/show_bug.cgi?id=930392](https://bugzilla.suse.com/show_bug.cgi?id=930392)",
        "[https://bugzilla.suse.com/show_bug.cgi?id=930496](https://bugzilla.suse.com/show_bug.cgi?id=930496)",
        "[https://bugzilla.suse.com/show_bug.cgi?id=935510](https://bugzilla.suse.com/show_bug.cgi?id=935510)",
        "[https://bugzilla.suse.com/show_bug.cgi?id=939460](https://bugzilla.suse.com/show_bug.cgi?id=939460)",
        "[https://bugzilla.suse.com/show_bug.cgi?id=945842](https://bugzilla.suse.com/show_bug.cgi?id=945842)",
        "[https://bugzilla.suse.com/show_bug.cgi?id=953831](https://bugzilla.suse.com/show_bug.cgi?id=953831)",
        "[https://bugzilla.suse.com/show_bug.cgi?id=954002](https://bugzilla.suse.com/show_bug.cgi?id=954002)",
        "[https://bugzilla.suse.com/show_bug.cgi?id=955382](https://bugzilla.suse.com/show_bug.cgi?id=955382)",
        "[https://bugzilla.suse.com/show_bug.cgi?id=962765](https://bugzilla.suse.com/show_bug.cgi?id=962765)",
        "[https://bugzilla.suse.com/show_bug.cgi?id=964468](https://bugzilla.suse.com/show_bug.cgi?id=964468)",
        "[https://bugzilla.suse.com/show_bug.cgi?id=966220](https://bugzilla.suse.com/show_bug.cgi?id=966220)",
        "[https://bugzilla.suse.com/show_bug.cgi?id=968771](https://bugzilla.suse.com/show_bug.cgi?id=968771)",
        "[https://www.suse.com/security/cve/CVE-2015-5276/](https://www.suse.com/security/cve/CVE-2015-5276/)",
        "[https://www.suse.com/security/cve/CVE-2016-10196/](https://www.suse.com/security/cve/CVE-2016-10196/)",
        "[https://www.suse.com/security/cve/CVE-2017-5429/](https://www.suse.com/security/cve/CVE-2017-5429/)",
        "[https://www.suse.com/security/cve/CVE-2017-5430/](https://www.suse.com/security/cve/CVE-2017-5430/)",
        "[https://www.suse.com/security/cve/CVE-2017-5432/](https://www.suse.com/security/cve/CVE-2017-5432/)",
        "[https://www.suse.com/security/cve/CVE-2017-5433/](https://www.suse.com/security/cve/CVE-2017-5433/)",
        "[https://www.suse.com/security/cve/CVE-2017-5434/](https://www.suse.com/security/cve/CVE-2017-5434/)",
        "[https://www.suse.com/security/cve/CVE-2017-5435/](https://www.suse.com/security/cve/CVE-2017-5435/)",
        "[https://www.suse.com/security/cve/CVE-2017-5436/](https://www.suse.com/security/cve/CVE-2017-5436/)",
        "[https://www.suse.com/security/cve/CVE-2017-5438/](https://www.suse.com/security/cve/CVE-2017-5438/)",
        "[https://www.suse.com/security/cve/CVE-2017-5439/](https://www.suse.com/security/cve/CVE-2017-5439/)",
        "[https://www.suse.com/security/cve/CVE-2017-5440/](https://www.suse.com/security/cve/CVE-2017-5440/)",
        "[https://www.suse.com/security/cve/CVE-2017-5441/](https://www.suse.com/security/cve/CVE-2017-5441/)",
        "[https://www.suse.com/security/cve/CVE-2017-5442/](https://www.suse.com/security/cve/CVE-2017-5442/)",
        "[https://www.suse.com/security/cve/CVE-2017-5443/](https://www.suse.com/security/cve/CVE-2017-5443/)",
        "[https://www.suse.com/security/cve/CVE-2017-5444/](https://www.suse.com/security/cve/CVE-2017-5444/)",
        "[https://www.suse.com/security/cve/CVE-2017-5445/](https://www.suse.com/security/cve/CVE-2017-5445/)",
        "[https://www.suse.com/security/cve/CVE-2017-5446/](https://www.suse.com/security/cve/CVE-2017-5446/)",
        "[https://www.suse.com/security/cve/CVE-2017-5447/](https://www.suse.com/security/cve/CVE-2017-5447/)",
        "[https://www.suse.com/security/cve/CVE-2017-5448/](https://www.suse.com/security/cve/CVE-2017-5448/)",
        "[https://www.suse.com/security/cve/CVE-2017-5449/](https://www.suse.com/security/cve/CVE-2017-5449/)",
        "[https://www.suse.com/security/cve/CVE-2017-5451/](https://www.suse.com/security/cve/CVE-2017-5451/)",
        "[https://www.suse.com/security/cve/CVE-2017-5454/](https://www.suse.com/security/cve/CVE-2017-5454/)",
        "[https://www.suse.com/security/cve/CVE-2017-5455/](https://www.suse.com/security/cve/CVE-2017-5455/)",
        "[https://www.suse.com/security/cve/CVE-2017-5456/](https://www.suse.com/security/cve/CVE-2017-5456/)",
        "[https://www.suse.com/security/cve/CVE-2017-5459/](https://www.suse.com/security/cve/CVE-2017-5459/)",
        "[https://www.suse.com/security/cve/CVE-2017-5460/](https://www.suse.com/security/cve/CVE-2017-5460/)",
        "[https://www.suse.com/security/cve/CVE-2017-5461/](https://www.suse.com/security/cve/CVE-2017-5461/)",
        "[https://www.suse.com/security/cve/CVE-2017-5462/](https://www.suse.com/security/cve/CVE-2017-5462/)",
        "[https://www.suse.com/security/cve/CVE-2017-5464/](https://www.suse.com/security/cve/CVE-2017-5464/)",
        "[https://www.suse.com/security/cve/CVE-2017-5465/](https://www.suse.com/security/cve/CVE-2017-5465/)",
        "[https://www.suse.com/security/cve/CVE-2017-5466/](https://www.suse.com/security/cve/CVE-2017-5466/)",
        "[https://www.suse.com/security/cve/CVE-2017-5467/](https://www.suse.com/security/cve/CVE-2017-5467/)",
        "[https://www.suse.com/security/cve/CVE-2017-5469/](https://www.suse.com/security/cve/CVE-2017-5469/)",
        "[https://www.suse.com/security/cve/CVE-2017-5470/](https://www.suse.com/security/cve/CVE-2017-5470/)",
        "[https://www.suse.com/security/cve/CVE-2017-5472/](https://www.suse.com/security/cve/CVE-2017-5472/)",
        "[https://www.suse.com/security/cve/CVE-2017-7749/](https://www.suse.com/security/cve/CVE-2017-7749/)",
        "[https://www.suse.com/security/cve/CVE-2017-7750/](https://www.suse.com/security/cve/CVE-2017-7750/)",
        "[https://www.suse.com/security/cve/CVE-2017-7751/](https://www.suse.com/security/cve/CVE-2017-7751/)",
        "[https://www.suse.com/security/cve/CVE-2017-7752/](https://www.suse.com/security/cve/CVE-2017-7752/)",
        "[https://www.suse.com/security/cve/CVE-2017-7754/](https://www.suse.com/security/cve/CVE-2017-7754/)",
        "[https://www.suse.com/security/cve/CVE-2017-7755/](https://www.suse.com/security/cve/CVE-2017-7755/)",
        "[https://www.suse.com/security/cve/CVE-2017-7756/](https://www.suse.com/security/cve/CVE-2017-7756/)",
        "[https://www.suse.com/security/cve/CVE-2017-7757/](https://www.suse.com/security/cve/CVE-2017-7757/)",
        "[https://www.suse.com/security/cve/CVE-2017-7758/](https://www.suse.com/security/cve/CVE-2017-7758/)",
        "[https://www.suse.com/security/cve/CVE-2017-7761/](https://www.suse.com/security/cve/CVE-2017-7761/)",
        "[https://www.suse.com/security/cve/CVE-2017-7763/](https://www.suse.com/security/cve/CVE-2017-7763/)",
        "[https://www.suse.com/security/cve/CVE-2017-7764/](https://www.suse.com/security/cve/CVE-2017-7764/)",
        "[https://www.suse.com/security/cve/CVE-2017-7765/](https://www.suse.com/security/cve/CVE-2017-7765/)",
        "[https://www.suse.com/security/cve/CVE-2017-7768/](https://www.suse.com/security/cve/CVE-2017-7768/)",
        "[https://www.suse.com/security/cve/CVE-2017-7778/](https://www.suse.com/security/cve/CVE-2017-7778/)",
        "[http://www.nessus.org/u?08740681](http://www.nessus.org/u?08740681)"
    ],
    "Plugin Details": {
        "Severity": "Critical",
        "ID": "102694",
        "File Name": "suse_SU-2017-2235-1.nasl",
        "Version": "3.10",
        "Type": "local",
        "Agent": "unix",
        "Family": "[SuSE Local Security Checks](https://www.tenable.com/plugins/nessus/families/SuSE%20Local%20Security%20Checks)",
        "Published": "8/23/2017",
        "Updated": "1/19/2021",
        "Supported Sensors": "Frictionless Assessment AWS, Frictionless Assessment Azure, Frictionless Assessment Agent, Nessus Agent, Agentless Assessment"
    },
    "Risk Information": [
        {
            "Name": "[VPR](https://www.tenable.com/blog/what-is-vpr-and-how-is-it-different-from-cvss)",
            "Risk Factor": "High",
            "Score": "7.4"
        },
        {
            "Name": "[CVSS v2](https://nvd.nist.gov/vuln-metrics/cvss/v2-calculator?vector=AV:N/AC:L/Au:N/C:P/I:P/A:P)",
            "Risk Factor": "High",
            "Base Score": "7.5",
            "Temporal Score": "5.9",
            "Vector": "CVSS2#AV:N/AC:L/Au:N/C:P/I:P/A:P"
        },
        {
            "Name": "[CVSS v3](https://nvd.nist.gov/vuln-metrics/cvss/v3-calculator?vector=AV:N/AC:L/PR:N/UI:N/S:U/C:H/I:H/A:H/E:P/RL:O/RC:C&version=3.0)",
            "Risk Factor": "Critical",
            "Base Score": "9.8",
            "Temporal Score": "8.8",
            "Vector": "CVSS:3.0/AV:N/AC:L/PR:N/UI:N/S:U/C:H/I:H/A:H",
            "Temporal Vector": "CVSS:3.0/E:P/RL:O/RC:C"
        }
    ],
    "Vulnerability Information": {
        "CPE": "p-cpe:/a:novell:suse_linux:mozillafirefox, p-cpe:/a:novell:suse_linux:mozillafirefox-branding-sled, p-cpe:/a:novell:suse_linux:mozillafirefox-translations, p-cpe:/a:novell:suse_linux:firefox-libffi4, p-cpe:/a:novell:suse_linux:firefox-libstdc%2b%2b6, p-cpe:/a:novell:suse_linux:libfreebl3, p-cpe:/a:novell:suse_linux:libsoftokn3, p-cpe:/a:novell:suse_linux:mozilla-nss, p-cpe:/a:novell:suse_linux:mozilla-nss-tools, cpe:/o:novell:suse_linux:11",
        "Required KB Items": "Host/local_checks_enabled, Host/cpu, Host/SuSE/release, Host/SuSE/rpm-list",
        "Exploit Available": "true",
        "Exploit Ease": "Exploits are available",
        "Patch Publication Date": "8/22/2017",
        "Vulnerability Publication Date": "11/17/2015"
    },
    "Reference Information": {
        "CVE": "[CVE-2015-5276](/cve/CVE-2015-5276), [CVE-2016-10196](/cve/CVE-2016-10196), [CVE-2017-5429](/cve/CVE-2017-5429), [CVE-2017-5430](/cve/CVE-2017-5430), [CVE-2017-5432](/cve/CVE-2017-5432), [CVE-2017-5433](/cve/CVE-2017-5433), [CVE-2017-5434](/cve/CVE-2017-5434), [CVE-2017-5435](/cve/CVE-2017-5435), [CVE-2017-5436](/cve/CVE-2017-5436), [CVE-2017-5438](/cve/CVE-2017-5438), [CVE-2017-5439](/cve/CVE-2017-5439), [CVE-2017-5440](/cve/CVE-2017-5440), [CVE-2017-5441](/cve/CVE-2017-5441), [CVE-2017-5442](/cve/CVE-2017-5442), [CVE-2017-5443](/cve/CVE-2017-5443), [CVE-2017-5444](/cve/CVE-2017-5444), [CVE-2017-5445](/cve/CVE-2017-5445), [CVE-2017-5446](/cve/CVE-2017-5446), [CVE-2017-5447](/cve/CVE-2017-5447), [CVE-2017-5448](/cve/CVE-2017-5448), [CVE-2017-5449](/cve/CVE-2017-5449), [CVE-2017-5451](/cve/CVE-2017-5451), [CVE-2017-5454](/cve/CVE-2017-5454), [CVE-2017-5455](/cve/CVE-2017-5455), [CVE-2017-5456](/cve/CVE-2017-5456), [CVE-2017-5459](/cve/CVE-2017-5459), [CVE-2017-5460](/cve/CVE-2017-5460), [CVE-2017-5461](/cve/CVE-2017-5461), [CVE-2017-5462](/cve/CVE-2017-5462), [CVE-2017-5464](/cve/CVE-2017-5464), [CVE-2017-5465](/cve/CVE-2017-5465), [CVE-2017-5466](/cve/CVE-2017-5466), [CVE-2017-5467](/cve/CVE-2017-5467), [CVE-2017-5469](/cve/CVE-2017-5469), [CVE-2017-5470](/cve/CVE-2017-5470), [CVE-2017-5472](/cve/CVE-2017-5472), [CVE-2017-7749](/cve/CVE-2017-7749), [CVE-2017-7750](/cve/CVE-2017-7750), [CVE-2017-7751](/cve/CVE-2017-7751), [CVE-2017-7752](/cve/CVE-2017-7752), [CVE-2017-7754](/cve/CVE-2017-7754), [CVE-2017-7755](/cve/CVE-2017-7755), [CVE-2017-7756](/cve/CVE-2017-7756), [CVE-2017-7757](/cve/CVE-2017-7757), [CVE-2017-7758](/cve/CVE-2017-7758), [CVE-2017-7761](/cve/CVE-2017-7761), [CVE-2017-7763](/cve/CVE-2017-7763), [CVE-2017-7764](/cve/CVE-2017-7764), [CVE-2017-7765](/cve/CVE-2017-7765), [CVE-2017-7768](/cve/CVE-2017-7768), [CVE-2017-7778](/cve/CVE-2017-7778)"
    }
}