{
    "Title": "RHEL 6 / 7 : JBoss Web Server (RHSA-2017:2493)",
    "Synopsis": "The remote Red Hat host is missing one or more security updates.",
    "Description": "An update is now available for Red Hat JBoss Enterprise Web Server 2.1.2 for Red Hat Enterprise Linux 6 and Red Hat JBoss Enterprise Web Server 2.1.2 for Red Hat Enterprise Linux 7.\nRed Hat Product Security has rated this update as having a security impact of Important. A Common Vulnerability Scoring System (CVSS) base score, which gives a detailed severity rating, is available for each vulnerability from the CVE link(s) in the References section.\nOpenSSL is a toolkit that implements the Secure Sockets Layer (SSL) and Transport Layer Security (TLS) protocols, as well as a full-strength general-purpose cryptography library.\nApache Tomcat is a servlet container for the Java Servlet and JavaServer Pages (JSP) technologies.\nThis release provides an update to OpenSSL and Tomcat 6/7 for Red Hat JBoss Web Server 2.1.2. The updates are documented in the Release Notes document linked to in the References.\nUsers of Red Hat JBoss Web Server 2.1.2 should upgrade to these updated packages, which resolve several security issues.\nSecurity Fix(es) :\n* A memory leak flaw was found in the way OpenSSL handled TLS status request extension data during session renegotiation. A remote attacker could cause a TLS server using OpenSSL to consume an excessive amount of memory and, possibly, exit unexpectedly after exhausting all available memory, if it enabled OCSP stapling support. (CVE-2016-6304)\n* A vulnerability was discovered in tomcat's handling of pipelined requests when 'Sendfile' was used. If sendfile processing completed quickly, it was possible for the Processor to be added to the processor cache twice. This could lead to invalid responses or information disclosure. (CVE-2017-5647)\n* A vulnerability was discovered in the error page mechanism in Tomcat's DefaultServlet implementation. A crafted HTTP request could cause undesired side effects, possibly including the removal or replacement of the custom error page. (CVE-2017-5664)\n* A denial of service flaw was found in the way the TLS/SSL protocol defined processing of ALERT packets during a connection handshake. A remote attacker could use this flaw to make a TLS/SSL server consume an excessive amount of CPU and fail to accept connections from other clients. (CVE-2016-8610)\nRed Hat would like to thank the OpenSSL project for reporting CVE-2016-6304 and Shi Lei (Gear Team of Qihoo 360 Inc.) for reporting CVE-2016-8610. Upstream acknowledges Shi Lei (Gear Team of Qihoo 360 Inc.) as the original reporter of CVE-2016-6304.",
    "Solution": "Update the affected packages.",
    "See Also": [
        "[https://access.redhat.com/articles/3155411](https://access.redhat.com/articles/3155411)",
        "[https://access.redhat.com/errata/RHSA-2017:2493](https://access.redhat.com/errata/RHSA-2017:2493)",
        "[https://access.redhat.com/security/cve/cve-2016-6304](https://access.redhat.com/security/cve/cve-2016-6304)",
        "[https://access.redhat.com/security/cve/cve-2016-8610](https://access.redhat.com/security/cve/cve-2016-8610)",
        "[https://access.redhat.com/security/cve/cve-2017-5647](https://access.redhat.com/security/cve/cve-2017-5647)",
        "[https://access.redhat.com/security/cve/cve-2017-5664](https://access.redhat.com/security/cve/cve-2017-5664)"
    ],
    "Plugin Details": {
        "Severity": "High",
        "ID": "102692",
        "File Name": "redhat-RHSA-2017-2493.nasl",
        "Version": "3.6",
        "Type": "local",
        "Agent": "unix",
        "Family": "[Red Hat Local Security Checks](https://www.tenable.com/plugins/nessus/families/Red%20Hat%20Local%20Security%20Checks)",
        "Published": "8/23/2017",
        "Updated": "10/24/2019",
        "Supported Sensors": "Frictionless Assessment AWS, Frictionless Assessment Azure, Frictionless Assessment Agent, Nessus Agent, Agentless Assessment"
    },
    "Risk Information": [
        {
            "Name": "[VPR](https://www.tenable.com/blog/what-is-vpr-and-how-is-it-different-from-cvss)",
            "Risk Factor": "Medium",
            "Score": "4.4"
        },
        {
            "Name": "[CVSS v2](https://nvd.nist.gov/vuln-metrics/cvss/v2-calculator?vector=AV:N/AC:L/Au:N/C:N/I:N/A:C)",
            "Risk Factor": "High",
            "Base Score": "7.8",
            "Temporal Score": "5.8",
            "Vector": "CVSS2#AV:N/AC:L/Au:N/C:N/I:N/A:C"
        },
        {
            "Name": "[CVSS v3](https://nvd.nist.gov/vuln-metrics/cvss/v3-calculator?vector=AV:N/AC:L/PR:N/UI:N/S:U/C:N/I:N/A:H/E:U/RL:O/RC:C&version=3.0)",
            "Risk Factor": "High",
            "Base Score": "7.5",
            "Temporal Score": "6.5",
            "Vector": "CVSS:3.0/AV:N/AC:L/PR:N/UI:N/S:U/C:N/I:N/A:H",
            "Temporal Vector": "CVSS:3.0/E:U/RL:O/RC:C"
        }
    ],
    "Vulnerability Information": {
        "CPE": "p-cpe:/a:redhat:enterprise_linux:tomcat7-docs-webapp, p-cpe:/a:redhat:enterprise_linux:tomcat7-el-2.2-api, p-cpe:/a:redhat:enterprise_linux:tomcat7-javadoc, p-cpe:/a:redhat:enterprise_linux:tomcat7-jsp-2.2-api, p-cpe:/a:redhat:enterprise_linux:tomcat7-lib, p-cpe:/a:redhat:enterprise_linux:tomcat7-log4j, p-cpe:/a:redhat:enterprise_linux:tomcat7-maven-devel, p-cpe:/a:redhat:enterprise_linux:tomcat7-servlet-3.0-api, p-cpe:/a:redhat:enterprise_linux:tomcat7-webapps, cpe:/o:redhat:enterprise_linux:6, cpe:/o:redhat:enterprise_linux:7, p-cpe:/a:redhat:enterprise_linux:jbcs-httpd24-openssl, p-cpe:/a:redhat:enterprise_linux:jbcs-httpd24-openssl-debuginfo, p-cpe:/a:redhat:enterprise_linux:jbcs-httpd24-openssl-devel, p-cpe:/a:redhat:enterprise_linux:jbcs-httpd24-openssl-libs, p-cpe:/a:redhat:enterprise_linux:jbcs-httpd24-openssl-perl, p-cpe:/a:redhat:enterprise_linux:jbcs-httpd24-openssl-static, p-cpe:/a:redhat:enterprise_linux:tomcat6, p-cpe:/a:redhat:enterprise_linux:tomcat6-admin-webapps, p-cpe:/a:redhat:enterprise_linux:tomcat6-docs-webapp, p-cpe:/a:redhat:enterprise_linux:tomcat6-el-2.1-api, p-cpe:/a:redhat:enterprise_linux:tomcat6-javadoc, p-cpe:/a:redhat:enterprise_linux:tomcat6-jsp-2.1-api, p-cpe:/a:redhat:enterprise_linux:tomcat6-lib, p-cpe:/a:redhat:enterprise_linux:tomcat6-log4j, p-cpe:/a:redhat:enterprise_linux:tomcat6-maven-devel, p-cpe:/a:redhat:enterprise_linux:tomcat6-servlet-2.5-api, p-cpe:/a:redhat:enterprise_linux:tomcat6-webapps, p-cpe:/a:redhat:enterprise_linux:tomcat7, p-cpe:/a:redhat:enterprise_linux:tomcat7-admin-webapps",
        "Required KB Items": "Host/local_checks_enabled, Host/RedHat/release, Host/RedHat/rpm-list, Host/cpu",
        "Exploit Ease": "No known exploits are available",
        "Patch Publication Date": "8/21/2017",
        "Vulnerability Publication Date": "9/26/2016"
    },
    "Reference Information": {
        "CVE": "[CVE-2016-6304](/cve/CVE-2016-6304), [CVE-2016-8610](/cve/CVE-2016-8610), [CVE-2017-5647](/cve/CVE-2017-5647), [CVE-2017-5664](/cve/CVE-2017-5664)",
        "RHSA": "[2017:2493](https://access.redhat.com/errata/RHSA-2017:2493)"
    }
}