{
    "Title": "Debian DLA-1068-1 : git security update",
    "Synopsis": "The remote Debian host is missing a security update.",
    "Description": "Joern Schneeweisz discovered that git, a distributed revision control system, did not correctly handle maliciously constructed ssh:// URLs.\nThis allowed an attacker to run an arbitrary shell command, for instance via git submodules.\nFor Debian 7 'Wheezy', these problems have been fixed in version 1:1.7.10.4-1+wheezy5.\nWe recommend that you upgrade your git packages.\nNOTE: Tenable Network Security has extracted the preceding description block directly from the DLA security advisory. Tenable has attempted to automatically clean and format it as much as possible without introducing additional issues.",
    "Solution": "Upgrade the affected packages.",
    "See Also": [
        "[https://lists.debian.org/debian-lts-announce/2017/08/msg00020.html](https://lists.debian.org/debian-lts-announce/2017/08/msg00020.html)",
        "[https://packages.debian.org/source/wheezy/git](https://packages.debian.org/source/wheezy/git)"
    ],
    "Plugin Details": {
        "Severity": "High",
        "ID": "102788",
        "File Name": "debian_DLA-1068.nasl",
        "Version": "3.8",
        "Type": "local",
        "Agent": "unix",
        "Family": "[Debian Local Security Checks](https://www.tenable.com/plugins/nessus/families/Debian%20Local%20Security%20Checks)",
        "Published": "8/28/2017",
        "Updated": "1/11/2021",
        "Supported Sensors": "Agentless Assessment, Frictionless Assessment Agent, Nessus Agent"
    },
    "Risk Information": [
        {
            "Name": "[VPR](https://www.tenable.com/blog/what-is-vpr-and-how-is-it-different-from-cvss)",
            "Risk Factor": "High",
            "Score": "7.4"
        },
        {
            "Name": "[CVSS v2](https://nvd.nist.gov/vuln-metrics/cvss/v2-calculator?vector=AV:N/AC:M/Au:N/C:P/I:P/A:P)",
            "Risk Factor": "Medium",
            "Base Score": "6.8",
            "Temporal Score": "5.6",
            "Vector": "CVSS2#AV:N/AC:M/Au:N/C:P/I:P/A:P"
        },
        {
            "Name": "[CVSS v3](https://nvd.nist.gov/vuln-metrics/cvss/v3-calculator?vector=AV:N/AC:L/PR:N/UI:R/S:U/C:H/I:H/A:H/E:F/RL:O/RC:C&version=3.0)",
            "Risk Factor": "High",
            "Base Score": "8.8",
            "Temporal Score": "8.2",
            "Vector": "CVSS:3.0/AV:N/AC:L/PR:N/UI:R/S:U/C:H/I:H/A:H",
            "Temporal Vector": "CVSS:3.0/E:F/RL:O/RC:C"
        }
    ],
    "Vulnerability Information": {
        "CPE": "p-cpe:/a:debian:debian_linux:git, p-cpe:/a:debian:debian_linux:git-all, p-cpe:/a:debian:debian_linux:git-arch, p-cpe:/a:debian:debian_linux:git-core, p-cpe:/a:debian:debian_linux:git-cvs, p-cpe:/a:debian:debian_linux:git-daemon-run, p-cpe:/a:debian:debian_linux:git-daemon-sysvinit, p-cpe:/a:debian:debian_linux:git-doc, p-cpe:/a:debian:debian_linux:git-el, p-cpe:/a:debian:debian_linux:git-email, p-cpe:/a:debian:debian_linux:git-gui, p-cpe:/a:debian:debian_linux:git-man, p-cpe:/a:debian:debian_linux:git-svn, p-cpe:/a:debian:debian_linux:gitk, p-cpe:/a:debian:debian_linux:gitweb, cpe:/o:debian:debian_linux:7.0",
        "Required KB Items": "Host/local_checks_enabled, Host/Debian/release, Host/Debian/dpkg-l",
        "Exploit Available": "true",
        "Exploit Ease": "Exploits are available",
        "Patch Publication Date": "8/27/2017"
    },
    "Exploitable With": "Metasploit  (Malicious Git HTTP Server For CVE-2017-1000117)",
    "Reference Information": {
        "CVE": "[CVE-2017-1000117](/cve/CVE-2017-1000117)"
    }
}