{
    "Title": "SUSE SLES11 Security Update : freeradius-server (SUSE-SU-2017:...",
    "Synopsis": "The remote SUSE host is missing one or more security updates.",
    "Description": "This update for freeradius-server fixes the following issues: Security issues fixed :\n  - CVE-2017-10981: DHCP - Fix memory leak in     fr_dhcp_decode(). (bnc#1049086)\n  - CVE-2017-10982: Fix buffer over-read in     fr_dhcp_decode_options(). (bsc#1049086)\n  - CVE-2017-10983: Fix read overflow when decoding option     63. (bnc#1049086)\n  - CVE-2017-10978: Fix read / write overflow in     make_secret(). (bnc#1049086)\n  - CVE-2017-10979: Fix write overflow in rad_coalesce().\n    (bsc#1049086)\nNote that Tenable Network Security has extracted the preceding description block directly from the SUSE security advisory. Tenable has attempted to automatically clean and format it as much as possible without introducing additional issues.",
    "Solution": "To install this SUSE Security Update use YaST online_update.\nAlternatively you can run the command listed for your product :\nSUSE Linux Enterprise Software Development Kit 11-SP4:zypper in -t patch sdksp4-freeradius-server-13238=1\nSUSE Linux Enterprise Server 11-SP4:zypper in -t patch slessp4-freeradius-server-13238=1\nSUSE Linux Enterprise Debuginfo 11-SP4:zypper in -t patch dbgsp4-freeradius-server-13238=1\nTo bring your system up-to-date, use 'zypper patch'.",
    "See Also": [
        "[https://bugzilla.suse.com/show_bug.cgi?id=1049086](https://bugzilla.suse.com/show_bug.cgi?id=1049086)",
        "[https://www.suse.com/security/cve/CVE-2017-10978/](https://www.suse.com/security/cve/CVE-2017-10978/)",
        "[https://www.suse.com/security/cve/CVE-2017-10979/](https://www.suse.com/security/cve/CVE-2017-10979/)",
        "[https://www.suse.com/security/cve/CVE-2017-10981/](https://www.suse.com/security/cve/CVE-2017-10981/)",
        "[https://www.suse.com/security/cve/CVE-2017-10982/](https://www.suse.com/security/cve/CVE-2017-10982/)",
        "[https://www.suse.com/security/cve/CVE-2017-10983/](https://www.suse.com/security/cve/CVE-2017-10983/)",
        "[http://www.nessus.org/u?bd29a3a5](http://www.nessus.org/u?bd29a3a5)"
    ],
    "Plugin Details": {
        "Severity": "Critical",
        "ID": "102729",
        "File Name": "suse_SU-2017-2244-1.nasl",
        "Version": "3.9",
        "Type": "local",
        "Agent": "unix",
        "Family": "[SuSE Local Security Checks](https://www.tenable.com/plugins/nessus/families/SuSE%20Local%20Security%20Checks)",
        "Published": "8/24/2017",
        "Updated": "1/19/2021",
        "Supported Sensors": "Frictionless Assessment AWS, Frictionless Assessment Azure, Nessus Agent, Agentless Assessment, Frictionless Assessment Agent"
    },
    "Risk Information": [
        {
            "Name": "[VPR](https://www.tenable.com/blog/what-is-vpr-and-how-is-it-different-from-cvss)",
            "Risk Factor": "Medium",
            "Score": "5.9"
        },
        {
            "Name": "[CVSS v2](https://nvd.nist.gov/vuln-metrics/cvss/v2-calculator?vector=AV:N/AC:L/Au:N/C:P/I:P/A:P)",
            "Risk Factor": "High",
            "Base Score": "7.5",
            "Temporal Score": "5.5",
            "Vector": "CVSS2#AV:N/AC:L/Au:N/C:P/I:P/A:P"
        },
        {
            "Name": "[CVSS v3](https://nvd.nist.gov/vuln-metrics/cvss/v3-calculator?vector=AV:N/AC:L/PR:N/UI:N/S:U/C:H/I:H/A:H/E:U/RL:O/RC:C&version=3.0)",
            "Risk Factor": "Critical",
            "Base Score": "9.8",
            "Temporal Score": "8.5",
            "Vector": "CVSS:3.0/AV:N/AC:L/PR:N/UI:N/S:U/C:H/I:H/A:H",
            "Temporal Vector": "CVSS:3.0/E:U/RL:O/RC:C"
        }
    ],
    "Vulnerability Information": {
        "CPE": "p-cpe:/a:novell:suse_linux:freeradius-server, p-cpe:/a:novell:suse_linux:freeradius-server-dialupadmin, p-cpe:/a:novell:suse_linux:freeradius-server-doc, p-cpe:/a:novell:suse_linux:freeradius-server-libs, p-cpe:/a:novell:suse_linux:freeradius-server-utils, cpe:/o:novell:suse_linux:11",
        "Required KB Items": "Host/local_checks_enabled, Host/cpu, Host/SuSE/release, Host/SuSE/rpm-list",
        "Exploit Ease": "No known exploits are available",
        "Patch Publication Date": "8/23/2017",
        "Vulnerability Publication Date": "7/17/2017"
    },
    "Reference Information": {
        "CVE": "[CVE-2017-10978](/cve/CVE-2017-10978), [CVE-2017-10979](/cve/CVE-2017-10979), [CVE-2017-10981](/cve/CVE-2017-10981), [CVE-2017-10982](/cve/CVE-2017-10982), [CVE-2017-10983](/cve/CVE-2017-10983)"
    }
}