{
    "Title": "RHEL 6 : java-1.6.0-ibm (RHSA-2017:2530)",
    "Synopsis": "The remote Red Hat host is missing one or more security updates.",
    "Description": "An update for java-1.6.0-ibm is now available for Red Hat Enterprise Linux 6 Supplementary.\nRed Hat Product Security has rated this update as having a security impact of Critical. A Common Vulnerability Scoring System (CVSS) base score, which gives a detailed severity rating, is available for each vulnerability from the CVE link(s) in the References section.\nIBM Java SE version 6 includes the IBM Java Runtime Environment and the IBM Java Software Development Kit.\nThis update upgrades IBM Java SE 6 to version 6 SR16-FP50.\nSecurity Fix(es) :\n* This update fixes multiple vulnerabilities in the IBM Java Runtime Environment and the IBM Java Software Development Kit. Further information about these flaws can be found on the IBM Java Security Vulnerabilities page listed in the References section.\n(CVE-2017-10053, CVE-2017-10067, CVE-2017-10087, CVE-2017-10089, CVE-2017-10096, CVE-2017-10101, CVE-2017-10102, CVE-2017-10105, CVE-2017-10107, CVE-2017-10108, CVE-2017-10109, CVE-2017-10110, CVE-2017-10115, CVE-2017-10116, CVE-2017-10243)\nIBM Java SDK and JRE 6 will not receive software updates after September 2017. This date is referred to as the End of Service (EOS) date. Customers are advised to migrate to current versions of IBM Java at this time. IBM Java SDK and JRE versions 7 and 8 are available via the Red Hat Enterprise Linux 6 Supplementary content sets and will continue to receive updates based on IBM's lifecycle policy, linked to in the References section.\nCustomers can also consider OpenJDK, an open source implementation of the Java SE specification. OpenJDK is available by default on supported hardware architectures.",
    "Solution": "Update the affected packages.",
    "See Also": [
        "[https://developer.ibm.com/javasdk/support/security-vulnerabilities/](https://developer.ibm.com/javasdk/support/security-vulnerabilities/)",
        "[https://developer.ibm.com/javasdk/support/lifecycle/](https://developer.ibm.com/javasdk/support/lifecycle/)",
        "[https://access.redhat.com/errata/RHSA-2017:2530](https://access.redhat.com/errata/RHSA-2017:2530)",
        "[https://access.redhat.com/security/cve/cve-2017-10053](https://access.redhat.com/security/cve/cve-2017-10053)",
        "[https://access.redhat.com/security/cve/cve-2017-10067](https://access.redhat.com/security/cve/cve-2017-10067)",
        "[https://access.redhat.com/security/cve/cve-2017-10087](https://access.redhat.com/security/cve/cve-2017-10087)",
        "[https://access.redhat.com/security/cve/cve-2017-10089](https://access.redhat.com/security/cve/cve-2017-10089)",
        "[https://access.redhat.com/security/cve/cve-2017-10096](https://access.redhat.com/security/cve/cve-2017-10096)",
        "[https://access.redhat.com/security/cve/cve-2017-10101](https://access.redhat.com/security/cve/cve-2017-10101)",
        "[https://access.redhat.com/security/cve/cve-2017-10102](https://access.redhat.com/security/cve/cve-2017-10102)",
        "[https://access.redhat.com/security/cve/cve-2017-10105](https://access.redhat.com/security/cve/cve-2017-10105)",
        "[https://access.redhat.com/security/cve/cve-2017-10107](https://access.redhat.com/security/cve/cve-2017-10107)",
        "[https://access.redhat.com/security/cve/cve-2017-10108](https://access.redhat.com/security/cve/cve-2017-10108)",
        "[https://access.redhat.com/security/cve/cve-2017-10109](https://access.redhat.com/security/cve/cve-2017-10109)",
        "[https://access.redhat.com/security/cve/cve-2017-10110](https://access.redhat.com/security/cve/cve-2017-10110)",
        "[https://access.redhat.com/security/cve/cve-2017-10115](https://access.redhat.com/security/cve/cve-2017-10115)",
        "[https://access.redhat.com/security/cve/cve-2017-10116](https://access.redhat.com/security/cve/cve-2017-10116)",
        "[https://access.redhat.com/security/cve/cve-2017-10243](https://access.redhat.com/security/cve/cve-2017-10243)"
    ],
    "Plugin Details": {
        "Severity": "Critical",
        "ID": "102775",
        "File Name": "redhat-RHSA-2017-2530.nasl",
        "Version": "3.11",
        "Type": "local",
        "Agent": "unix",
        "Family": "[Red Hat Local Security Checks](https://www.tenable.com/plugins/nessus/families/Red%20Hat%20Local%20Security%20Checks)",
        "Published": "8/25/2017",
        "Updated": "10/24/2019",
        "Supported Sensors": "Frictionless Assessment AWS, Frictionless Assessment Azure, Frictionless Assessment Agent, Nessus Agent, Agentless Assessment"
    },
    "Risk Information": [
        {
            "Name": "[VPR](https://www.tenable.com/blog/what-is-vpr-and-how-is-it-different-from-cvss)",
            "Risk Factor": "High",
            "Score": "7.3"
        },
        {
            "Name": "[CVSS v2](https://nvd.nist.gov/vuln-metrics/cvss/v2-calculator?vector=AV:N/AC:M/Au:N/C:P/I:P/A:P)",
            "Risk Factor": "Medium",
            "Base Score": "6.8",
            "Temporal Score": "5",
            "Vector": "CVSS2#AV:N/AC:M/Au:N/C:P/I:P/A:P"
        },
        {
            "Name": "[CVSS v3](https://nvd.nist.gov/vuln-metrics/cvss/v3-calculator?vector=AV:N/AC:L/PR:N/UI:R/S:C/C:H/I:H/A:H/E:U/RL:O/RC:C&version=3.0)",
            "Risk Factor": "Critical",
            "Base Score": "9.6",
            "Temporal Score": "8.3",
            "Vector": "CVSS:3.0/AV:N/AC:L/PR:N/UI:R/S:C/C:H/I:H/A:H",
            "Temporal Vector": "CVSS:3.0/E:U/RL:O/RC:C"
        }
    ],
    "Vulnerability Information": {
        "CPE": "p-cpe:/a:redhat:enterprise_linux:java-1.6.0-ibm, p-cpe:/a:redhat:enterprise_linux:java-1.6.0-ibm-demo, p-cpe:/a:redhat:enterprise_linux:java-1.6.0-ibm-devel, p-cpe:/a:redhat:enterprise_linux:java-1.6.0-ibm-javacomm, p-cpe:/a:redhat:enterprise_linux:java-1.6.0-ibm-jdbc, p-cpe:/a:redhat:enterprise_linux:java-1.6.0-ibm-plugin, p-cpe:/a:redhat:enterprise_linux:java-1.6.0-ibm-src, cpe:/o:redhat:enterprise_linux:6",
        "Required KB Items": "Host/local_checks_enabled, Host/RedHat/release, Host/RedHat/rpm-list, Host/cpu",
        "Exploit Ease": "No known exploits are available",
        "Patch Publication Date": "8/23/2017",
        "Vulnerability Publication Date": "8/8/2017"
    },
    "Reference Information": {
        "CVE": "[CVE-2017-10053](/cve/CVE-2017-10053), [CVE-2017-10067](/cve/CVE-2017-10067), [CVE-2017-10087](/cve/CVE-2017-10087), [CVE-2017-10089](/cve/CVE-2017-10089), [CVE-2017-10096](/cve/CVE-2017-10096), [CVE-2017-10101](/cve/CVE-2017-10101), [CVE-2017-10102](/cve/CVE-2017-10102), [CVE-2017-10105](/cve/CVE-2017-10105), [CVE-2017-10107](/cve/CVE-2017-10107), [CVE-2017-10108](/cve/CVE-2017-10108), [CVE-2017-10109](/cve/CVE-2017-10109), [CVE-2017-10110](/cve/CVE-2017-10110), [CVE-2017-10115](/cve/CVE-2017-10115), [CVE-2017-10116](/cve/CVE-2017-10116), [CVE-2017-10243](/cve/CVE-2017-10243)",
        "RHSA": "[2017:2530](https://access.redhat.com/errata/RHSA-2017:2530)"
    }
}