{
    "Title": "SUSE SLED12 Security Update : libraw (SUSE-SU-2017:2300-1)",
    "Synopsis": "The remote SUSE host is missing one or more security updates.",
    "Description": "This update for libraw fixes the following issues :\n  - CVE-2015-3885: A specially crafted raw image file could     have caused a Denial of Service through an integer     overflow. (bsc#930683)\n  - CVE-2015-8367: The function phase_one_correct() did not     handle memory object initialization correctly, which may     have caused some other problems. (bsc#957517)\n  - CVE-2017-6886: memory corruption in parse_tiff_ifd()     func (internal/dcraw_common.cpp) could lead to Denial of     service (bsc#1039380)\n  - CVE-2017-6889: integer overflow error within the     'foveon_load_camf()' function (dcraw_foveon.c) could     lead to Denial of service (bsc#1039210)\n  - CVE-2017-6890: boundary error within the     'foveon_load_camf()' function (dcraw_foveon.c)     (bsc#1039209)\nNote that Tenable Network Security has extracted the preceding description block directly from the SUSE security advisory. Tenable has attempted to automatically clean and format it as much as possible without introducing additional issues.",
    "Solution": "To install this SUSE Security Update use YaST online_update.\nAlternatively you can run the command listed for your product :\nSUSE Linux Enterprise Workstation Extension 12-SP3:zypper in -t patch SUSE-SLE-WE-12-SP3-2017-1416=1\nSUSE Linux Enterprise Workstation Extension 12-SP2:zypper in -t patch SUSE-SLE-WE-12-SP2-2017-1416=1\nSUSE Linux Enterprise Software Development Kit 12-SP3:zypper in -t patch SUSE-SLE-SDK-12-SP3-2017-1416=1\nSUSE Linux Enterprise Software Development Kit 12-SP2:zypper in -t patch SUSE-SLE-SDK-12-SP2-2017-1416=1\nSUSE Linux Enterprise Desktop 12-SP3:zypper in -t patch SUSE-SLE-DESKTOP-12-SP3-2017-1416=1\nSUSE Linux Enterprise Desktop 12-SP2:zypper in -t patch SUSE-SLE-DESKTOP-12-SP2-2017-1416=1\nTo bring your system up-to-date, use 'zypper patch'.",
    "See Also": [
        "[https://bugzilla.suse.com/show_bug.cgi?id=1039209](https://bugzilla.suse.com/show_bug.cgi?id=1039209)",
        "[https://bugzilla.suse.com/show_bug.cgi?id=1039210](https://bugzilla.suse.com/show_bug.cgi?id=1039210)",
        "[https://bugzilla.suse.com/show_bug.cgi?id=1039379](https://bugzilla.suse.com/show_bug.cgi?id=1039379)",
        "[https://bugzilla.suse.com/show_bug.cgi?id=1039380](https://bugzilla.suse.com/show_bug.cgi?id=1039380)",
        "[https://bugzilla.suse.com/show_bug.cgi?id=930683](https://bugzilla.suse.com/show_bug.cgi?id=930683)",
        "[https://bugzilla.suse.com/show_bug.cgi?id=957517](https://bugzilla.suse.com/show_bug.cgi?id=957517)",
        "[https://www.suse.com/security/cve/CVE-2015-3885/](https://www.suse.com/security/cve/CVE-2015-3885/)",
        "[https://www.suse.com/security/cve/CVE-2015-8367/](https://www.suse.com/security/cve/CVE-2015-8367/)",
        "[https://www.suse.com/security/cve/CVE-2017-6886/](https://www.suse.com/security/cve/CVE-2017-6886/)",
        "[https://www.suse.com/security/cve/CVE-2017-6887/](https://www.suse.com/security/cve/CVE-2017-6887/)",
        "[https://www.suse.com/security/cve/CVE-2017-6889/](https://www.suse.com/security/cve/CVE-2017-6889/)",
        "[https://www.suse.com/security/cve/CVE-2017-6890/](https://www.suse.com/security/cve/CVE-2017-6890/)",
        "[https://www.suse.com/security/cve/CVE-2017-6899/](https://www.suse.com/security/cve/CVE-2017-6899/)",
        "[http://www.nessus.org/u?cbc1604d](http://www.nessus.org/u?cbc1604d)"
    ],
    "Plugin Details": {
        "Severity": "Critical",
        "ID": "102855",
        "File Name": "suse_SU-2017-2300-1.nasl",
        "Version": "3.7",
        "Type": "local",
        "Agent": "unix",
        "Family": "[SuSE Local Security Checks](https://www.tenable.com/plugins/nessus/families/SuSE%20Local%20Security%20Checks)",
        "Published": "8/31/2017",
        "Updated": "1/6/2021",
        "Supported Sensors": "Agentless Assessment, Frictionless Assessment Agent, Frictionless Assessment AWS, Frictionless Assessment Azure, Nessus Agent"
    },
    "Risk Information": [
        {
            "Name": "[VPR](https://www.tenable.com/blog/what-is-vpr-and-how-is-it-different-from-cvss)",
            "Risk Factor": "Medium",
            "Score": "5.9"
        },
        {
            "Name": "[CVSS v2](https://nvd.nist.gov/vuln-metrics/cvss/v2-calculator?vector=AV:N/AC:L/Au:N/C:P/I:P/A:P)",
            "Risk Factor": "High",
            "Base Score": "7.5",
            "Temporal Score": "5.5",
            "Vector": "CVSS2#AV:N/AC:L/Au:N/C:P/I:P/A:P"
        },
        {
            "Name": "[CVSS v3](https://nvd.nist.gov/vuln-metrics/cvss/v3-calculator?vector=AV:N/AC:L/PR:N/UI:N/S:U/C:H/I:H/A:H/E:U/RL:O/RC:C&version=3.0)",
            "Risk Factor": "Critical",
            "Base Score": "9.8",
            "Temporal Score": "8.5",
            "Vector": "CVSS:3.0/AV:N/AC:L/PR:N/UI:N/S:U/C:H/I:H/A:H",
            "Temporal Vector": "CVSS:3.0/E:U/RL:O/RC:C"
        }
    ],
    "Vulnerability Information": {
        "CPE": "p-cpe:/a:novell:suse_linux:libraw-debugsource, p-cpe:/a:novell:suse_linux:libraw9, p-cpe:/a:novell:suse_linux:libraw9-debuginfo, cpe:/o:novell:suse_linux:12",
        "Required KB Items": "Host/local_checks_enabled, Host/cpu, Host/SuSE/release, Host/SuSE/rpm-list",
        "Exploit Ease": "No known exploits are available",
        "Patch Publication Date": "8/30/2017",
        "Vulnerability Publication Date": "5/19/2015"
    },
    "Reference Information": {
        "CVE": "[CVE-2015-3885](/cve/CVE-2015-3885), [CVE-2015-8367](/cve/CVE-2015-8367), [CVE-2017-6886](/cve/CVE-2017-6886), [CVE-2017-6887](/cve/CVE-2017-6887), [CVE-2017-6889](/cve/CVE-2017-6889), [CVE-2017-6890](/cve/CVE-2017-6890), [CVE-2017-6899](/cve/CVE-2017-6899)",
        "BID": "[74590](http://www.securityfocus.com/bid/74590)"
    }
}