{
    "Title": "Debian DSA-3966-1 : ruby2.3 - security update",
    "Synopsis": "The remote Debian host is missing a security-related update.",
    "Description": "Multiple vulnerabilities were discovered in the interpreter for the Ruby language :\n  - CVE-2015-9096     SMTP command injection in Net::SMTP.\n  - CVE-2016-7798     Incorrect handling of initialization vector in the GCM     mode in the OpenSSL extension.\n  - CVE-2017-0900     Denial of service in the RubyGems client.\n  - CVE-2017-0901     Potential file overwrite in the RubyGems client.\n  - CVE-2017-0902     DNS hijacking in the RubyGems client.\n  - CVE-2017-14064     Heap memory disclosure in the JSON library.",
    "Solution": "Upgrade the ruby2.3 packages.\nFor the stable distribution (stretch), these problems have been fixed in version 2.3.3-1+deb9u1. This update also hardens RubyGems against malicious terminal escape sequences (CVE-2017-0899 ).",
    "See Also": [
        "[https://security-tracker.debian.org/tracker/CVE-2015-9096](https://security-tracker.debian.org/tracker/CVE-2015-9096)",
        "[https://security-tracker.debian.org/tracker/CVE-2016-7798](https://security-tracker.debian.org/tracker/CVE-2016-7798)",
        "[https://security-tracker.debian.org/tracker/CVE-2017-0900](https://security-tracker.debian.org/tracker/CVE-2017-0900)",
        "[https://security-tracker.debian.org/tracker/CVE-2017-0901](https://security-tracker.debian.org/tracker/CVE-2017-0901)",
        "[https://security-tracker.debian.org/tracker/CVE-2017-0902](https://security-tracker.debian.org/tracker/CVE-2017-0902)",
        "[https://security-tracker.debian.org/tracker/CVE-2017-14064](https://security-tracker.debian.org/tracker/CVE-2017-14064)",
        "[https://security-tracker.debian.org/tracker/CVE-2017-0899](https://security-tracker.debian.org/tracker/CVE-2017-0899)",
        "[https://packages.debian.org/source/stretch/ruby2.3](https://packages.debian.org/source/stretch/ruby2.3)",
        "[https://www.debian.org/security/2017/dsa-3966](https://www.debian.org/security/2017/dsa-3966)"
    ],
    "Plugin Details": {
        "Severity": "Critical",
        "ID": "102964",
        "File Name": "debian_DSA-3966.nasl",
        "Version": "3.5",
        "Type": "local",
        "Agent": "unix",
        "Family": "[Debian Local Security Checks](https://www.tenable.com/plugins/nessus/families/Debian%20Local%20Security%20Checks)",
        "Published": "9/6/2017",
        "Updated": "1/4/2021",
        "Supported Sensors": "Agentless Assessment, Frictionless Assessment Agent, Nessus Agent"
    },
    "Risk Information": [
        {
            "Name": "[VPR](https://www.tenable.com/blog/what-is-vpr-and-how-is-it-different-from-cvss)",
            "Risk Factor": "Medium",
            "Score": "6.7"
        },
        {
            "Name": "[CVSS v2](https://nvd.nist.gov/vuln-metrics/cvss/v2-calculator?vector=AV:N/AC:L/Au:N/C:P/I:P/A:P)",
            "Risk Factor": "High",
            "Base Score": "7.5",
            "Temporal Score": "5.9",
            "Vector": "CVSS2#AV:N/AC:L/Au:N/C:P/I:P/A:P"
        },
        {
            "Name": "[CVSS v3](https://nvd.nist.gov/vuln-metrics/cvss/v3-calculator?vector=AV:N/AC:L/PR:N/UI:N/S:U/C:H/I:H/A:H/E:P/RL:O/RC:C&version=3.0)",
            "Risk Factor": "Critical",
            "Base Score": "9.8",
            "Temporal Score": "8.8",
            "Vector": "CVSS:3.0/AV:N/AC:L/PR:N/UI:N/S:U/C:H/I:H/A:H",
            "Temporal Vector": "CVSS:3.0/E:P/RL:O/RC:C"
        }
    ],
    "Vulnerability Information": {
        "CPE": "p-cpe:/a:debian:debian_linux:ruby2.3, cpe:/o:debian:debian_linux:9.0",
        "Required KB Items": "Host/local_checks_enabled, Host/Debian/release, Host/Debian/dpkg-l",
        "Exploit Available": "true",
        "Exploit Ease": "Exploits are available",
        "Patch Publication Date": "9/5/2017"
    },
    "Reference Information": {
        "CVE": "[CVE-2015-9096](/cve/CVE-2015-9096), [CVE-2016-7798](/cve/CVE-2016-7798), [CVE-2017-0899](/cve/CVE-2017-0899), [CVE-2017-0900](/cve/CVE-2017-0900), [CVE-2017-0901](/cve/CVE-2017-0901), [CVE-2017-0902](/cve/CVE-2017-0902), [CVE-2017-14064](/cve/CVE-2017-14064)",
        "DSA": "3966"
    }
}