{
    "Title": "RHEL 6 : JBoss EAP (RHSA-2017:2635)",
    "Synopsis": "The remote Red Hat host is missing one or more security updates.",
    "Description": "An update is now available for Red Hat JBoss Enterprise Application Platform 6.4 for Red Hat Enterprise Linux 6.\nRed Hat Product Security has rated this update as having a security impact of Important. A Common Vulnerability Scoring System (CVSS) base score, which gives a detailed severity rating, is available for each vulnerability from the CVE link(s) in the References section.\nRed Hat JBoss Enterprise Application Platform is a platform for Java applications based on the JBoss Application Server.\nThis release of Red Hat JBoss Enterprise Application Platform 6.4.17 serves as a replacement for Red Hat JBoss Enterprise Application Platform 6.4.16, and includes bug fixes and enhancements, which are documented in the Release Notes document linked to in the References.\nSecurity Fix(es) :\n* It was found that when using remote logging with log4j socket server the log4j server would deserialize any log event received via TCP or UDP. An attacker could use this flaw to send a specially crafted log event that, during deserialization, would execute arbitrary code in the context of the logger application. (CVE-2017-5645)\n* A vulnerability was discovered in the error page mechanism in Tomcat's DefaultServlet implementation. A crafted HTTP request could cause undesired side effects, possibly including the removal or replacement of the custom error page. (CVE-2017-5664)\n* A deserialization flaw was discovered in the jackson-databind which could allow an unauthenticated user to perform code execution by sending the maliciously crafted input to the readValue method of the ObjectMapper. (CVE-2017-7525)\nRed Hat would like to thank Liao Xinxi (NSFOCUS) for reporting CVE-2017-7525.",
    "Solution": "Update the affected packages.",
    "See Also": [
        "[https://access.redhat.com/documentation/en-us/](https://access.redhat.com/documentation/en-us/)",
        "[https://access.redhat.com/errata/RHSA-2017:2635](https://access.redhat.com/errata/RHSA-2017:2635)",
        "[https://access.redhat.com/security/cve/cve-2017-5645](https://access.redhat.com/security/cve/cve-2017-5645)",
        "[https://access.redhat.com/security/cve/cve-2017-5664](https://access.redhat.com/security/cve/cve-2017-5664)",
        "[https://access.redhat.com/security/cve/cve-2017-7525](https://access.redhat.com/security/cve/cve-2017-7525)"
    ],
    "Plugin Details": {
        "Severity": "Critical",
        "ID": "103041",
        "File Name": "redhat-RHSA-2017-2635.nasl",
        "Version": "3.10",
        "Type": "local",
        "Agent": "unix",
        "Family": "[Red Hat Local Security Checks](https://www.tenable.com/plugins/nessus/families/Red%20Hat%20Local%20Security%20Checks)",
        "Published": "9/8/2017",
        "Updated": "10/24/2019",
        "Supported Sensors": "Agentless Assessment, Frictionless Assessment Agent, Frictionless Assessment AWS, Frictionless Assessment Azure, Nessus Agent"
    },
    "Risk Information": [
        {
            "Name": "[VPR](https://www.tenable.com/blog/what-is-vpr-and-how-is-it-different-from-cvss)",
            "Risk Factor": "Medium",
            "Score": "6.7"
        },
        {
            "Name": "[CVSS v2](https://nvd.nist.gov/vuln-metrics/cvss/v2-calculator?vector=AV:N/AC:L/Au:N/C:P/I:P/A:P)",
            "Risk Factor": "High",
            "Base Score": "7.5",
            "Temporal Score": "5.5",
            "Vector": "CVSS2#AV:N/AC:L/Au:N/C:P/I:P/A:P"
        },
        {
            "Name": "[CVSS v3](https://nvd.nist.gov/vuln-metrics/cvss/v3-calculator?vector=AV:N/AC:L/PR:N/UI:N/S:U/C:H/I:H/A:H/E:U/RL:O/RC:C&version=3.0)",
            "Risk Factor": "Critical",
            "Base Score": "9.8",
            "Temporal Score": "8.5",
            "Vector": "CVSS:3.0/AV:N/AC:L/PR:N/UI:N/S:U/C:H/I:H/A:H",
            "Temporal Vector": "CVSS:3.0/E:U/RL:O/RC:C"
        }
    ],
    "Vulnerability Information": {
        "CPE": "p-cpe:/a:redhat:enterprise_linux:apache-cxf, p-cpe:/a:redhat:enterprise_linux:codehaus-jackson, p-cpe:/a:redhat:enterprise_linux:codehaus-jackson-core-asl, p-cpe:/a:redhat:enterprise_linux:codehaus-jackson-jaxrs, p-cpe:/a:redhat:enterprise_linux:codehaus-jackson-mapper-asl, p-cpe:/a:redhat:enterprise_linux:codehaus-jackson-xc, p-cpe:/a:redhat:enterprise_linux:hibernate4-core-eap6, p-cpe:/a:redhat:enterprise_linux:hibernate4-eap6, p-cpe:/a:redhat:enterprise_linux:hibernate4-entitymanager-eap6, p-cpe:/a:redhat:enterprise_linux:hibernate4-envers-eap6, p-cpe:/a:redhat:enterprise_linux:hibernate4-infinispan-eap6, p-cpe:/a:redhat:enterprise_linux:hornetq, p-cpe:/a:redhat:enterprise_linux:infinispan, p-cpe:/a:redhat:enterprise_linux:infinispan-cachestore-jdbc, p-cpe:/a:redhat:enterprise_linux:infinispan-cachestore-remote, p-cpe:/a:redhat:enterprise_linux:infinispan-client-hotrod, p-cpe:/a:redhat:enterprise_linux:infinispan-core, p-cpe:/a:redhat:enterprise_linux:jboss-as-appclient, p-cpe:/a:redhat:enterprise_linux:jboss-as-cli, p-cpe:/a:redhat:enterprise_linux:jboss-as-client-all, p-cpe:/a:redhat:enterprise_linux:jboss-as-clustering, p-cpe:/a:redhat:enterprise_linux:jboss-as-cmp, p-cpe:/a:redhat:enterprise_linux:jboss-as-configadmin, p-cpe:/a:redhat:enterprise_linux:jboss-as-connector, p-cpe:/a:redhat:enterprise_linux:jboss-as-controller, p-cpe:/a:redhat:enterprise_linux:jboss-as-controller-client, p-cpe:/a:redhat:enterprise_linux:jboss-as-core-security, p-cpe:/a:redhat:enterprise_linux:jboss-as-deployment-repository, p-cpe:/a:redhat:enterprise_linux:jboss-as-deployment-scanner, p-cpe:/a:redhat:enterprise_linux:jboss-as-domain-http, p-cpe:/a:redhat:enterprise_linux:jboss-as-domain-management, p-cpe:/a:redhat:enterprise_linux:jboss-as-ee, p-cpe:/a:redhat:enterprise_linux:jboss-as-ee-deployment, p-cpe:/a:redhat:enterprise_linux:jboss-as-ejb3, p-cpe:/a:redhat:enterprise_linux:jboss-as-embedded, p-cpe:/a:redhat:enterprise_linux:jboss-as-host-controller, p-cpe:/a:redhat:enterprise_linux:jboss-as-jacorb, p-cpe:/a:redhat:enterprise_linux:jboss-as-jaxr, p-cpe:/a:redhat:enterprise_linux:jboss-as-jaxrs, p-cpe:/a:redhat:enterprise_linux:jboss-as-jdr, p-cpe:/a:redhat:enterprise_linux:jboss-as-jmx, p-cpe:/a:redhat:enterprise_linux:jboss-as-jpa, p-cpe:/a:redhat:enterprise_linux:jboss-as-jsf, p-cpe:/a:redhat:enterprise_linux:jboss-as-jsr77, p-cpe:/a:redhat:enterprise_linux:jboss-as-logging, p-cpe:/a:redhat:enterprise_linux:jboss-as-mail, p-cpe:/a:redhat:enterprise_linux:jboss-as-management-client-content, p-cpe:/a:redhat:enterprise_linux:jboss-as-messaging, p-cpe:/a:redhat:enterprise_linux:jboss-as-modcluster, p-cpe:/a:redhat:enterprise_linux:jboss-as-naming, p-cpe:/a:redhat:enterprise_linux:jboss-as-network, p-cpe:/a:redhat:enterprise_linux:jboss-as-osgi, p-cpe:/a:redhat:enterprise_linux:jboss-as-osgi-configadmin, p-cpe:/a:redhat:enterprise_linux:jboss-as-osgi-service, p-cpe:/a:redhat:enterprise_linux:jboss-as-picketlink, p-cpe:/a:redhat:enterprise_linux:jboss-as-platform-mbean, p-cpe:/a:redhat:enterprise_linux:jboss-as-pojo, p-cpe:/a:redhat:enterprise_linux:jboss-as-process-controller, p-cpe:/a:redhat:enterprise_linux:jboss-as-protocol, p-cpe:/a:redhat:enterprise_linux:jboss-as-remoting, p-cpe:/a:redhat:enterprise_linux:jboss-as-sar, p-cpe:/a:redhat:enterprise_linux:jboss-as-security, p-cpe:/a:redhat:enterprise_linux:jboss-as-server, p-cpe:/a:redhat:enterprise_linux:jboss-as-system-jmx, p-cpe:/a:redhat:enterprise_linux:jboss-as-threads, p-cpe:/a:redhat:enterprise_linux:jboss-as-transactions, p-cpe:/a:redhat:enterprise_linux:jboss-as-version, p-cpe:/a:redhat:enterprise_linux:jboss-as-web, p-cpe:/a:redhat:enterprise_linux:jboss-as-webservices, p-cpe:/a:redhat:enterprise_linux:jboss-as-weld, p-cpe:/a:redhat:enterprise_linux:jboss-as-xts, p-cpe:/a:redhat:enterprise_linux:jboss-marshalling, p-cpe:/a:redhat:enterprise_linux:jboss-metadata, p-cpe:/a:redhat:enterprise_linux:jboss-metadata-appclient, p-cpe:/a:redhat:enterprise_linux:jboss-metadata-common, p-cpe:/a:redhat:enterprise_linux:jboss-metadata-ear, p-cpe:/a:redhat:enterprise_linux:jboss-metadata-ejb, p-cpe:/a:redhat:enterprise_linux:jboss-metadata-web, p-cpe:/a:redhat:enterprise_linux:jboss-modules, p-cpe:/a:redhat:enterprise_linux:jboss-remoting3, p-cpe:/a:redhat:enterprise_linux:jboss-vfs2, p-cpe:/a:redhat:enterprise_linux:jbossas-appclient, p-cpe:/a:redhat:enterprise_linux:jbossas-bundles, p-cpe:/a:redhat:enterprise_linux:jbossas-core, p-cpe:/a:redhat:enterprise_linux:jbossas-domain, p-cpe:/a:redhat:enterprise_linux:jbossas-javadocs, p-cpe:/a:redhat:enterprise_linux:jbossas-modules-eap, p-cpe:/a:redhat:enterprise_linux:jbossas-product-eap, p-cpe:/a:redhat:enterprise_linux:jbossas-standalone, p-cpe:/a:redhat:enterprise_linux:jbossas-welcome-content-eap, p-cpe:/a:redhat:enterprise_linux:jbossweb, p-cpe:/a:redhat:enterprise_linux:log4j-eap6, p-cpe:/a:redhat:enterprise_linux:log4j-jboss-logmanager, p-cpe:/a:redhat:enterprise_linux:picketlink-bindings, p-cpe:/a:redhat:enterprise_linux:picketlink-federation, cpe:/o:redhat:enterprise_linux:6",
        "Required KB Items": "Host/local_checks_enabled, Host/RedHat/release, Host/RedHat/rpm-list, Host/cpu",
        "Exploit Ease": "No known exploits are available",
        "Patch Publication Date": "9/5/2017",
        "Vulnerability Publication Date": "4/17/2017"
    },
    "Reference Information": {
        "CVE": "[CVE-2017-5645](/cve/CVE-2017-5645), [CVE-2017-5664](/cve/CVE-2017-5664), [CVE-2017-7525](/cve/CVE-2017-7525)",
        "RHSA": "[2017:2635](https://access.redhat.com/errata/RHSA-2017:2635)"
    }
}