{
    "Title": "EulerOS 2.0 SP1 : git (EulerOS-SA-2017-1187)",
    "Synopsis": "The remote EulerOS host is missing multiple security updates.",
    "Description": "According to the versions of the git package installed, the EulerOS installation on the remote host is affected by the following vulnerabilities :\n  - It was found that the git-prompt.sh script shipped with     git failed to correctly handle branch names containing     special characters. A specially crafted git repository     could use this flaw to execute arbitrary commands if a     user working with the repository configured their shell     to include repository information in the prompt.\n    (CVE-2014-9938)\n  - A flaw was found in the way git-shell handled     command-line options for the restricted set of     git-shell commands. A remote, authenticated attacker     could use this flaw to bypass git-shell restrictions,     to view and manipulate files, by abusing the instance     of the less command launched using crafted command-line     options. (CVE-2017-8386)\n  - A shell command injection flaw related to the handling     of ''ssh'' URLs has been discovered in Git. An attacker     could use this flaw to execute shell commands with the     privileges of the user running the Git client, for     example, when performing a ''clone'' action on a     malicious repository or a legitimate repository     containing a malicious commit. (CVE-2017-1000117)\nNote that Tenable Network Security has extracted the preceding description block directly from the EulerOS security advisory. Tenable has attempted to automatically clean and format it as much as possible without introducing additional issues.",
    "Solution": "Update the affected git packages.",
    "See Also": [
        "[http://www.nessus.org/u?9257d626](http://www.nessus.org/u?9257d626)"
    ],
    "Plugin Details": {
        "Severity": "High",
        "ID": "103025",
        "File Name": "EulerOS_SA-2017-1187.nasl",
        "Version": "3.10",
        "Type": "local",
        "Family": "[Huawei Local Security Checks](https://www.tenable.com/plugins/nessus/families/Huawei%20Local%20Security%20Checks)",
        "Published": "9/8/2017",
        "Updated": "1/6/2021"
    },
    "Risk Information": [
        {
            "Name": "[VPR](https://www.tenable.com/blog/what-is-vpr-and-how-is-it-different-from-cvss)",
            "Risk Factor": "High",
            "Score": "7.4"
        },
        {
            "Name": "[CVSS v2](https://nvd.nist.gov/vuln-metrics/cvss/v2-calculator?vector=AV:N/AC:M/Au:N/C:P/I:P/A:P)",
            "Risk Factor": "Medium",
            "Base Score": "6.8",
            "Temporal Score": "5.6",
            "Vector": "CVSS2#AV:N/AC:M/Au:N/C:P/I:P/A:P"
        },
        {
            "Name": "[CVSS v3](https://nvd.nist.gov/vuln-metrics/cvss/v3-calculator?vector=AV:N/AC:L/PR:N/UI:R/S:U/C:H/I:H/A:H/E:F/RL:O/RC:C&version=3.0)",
            "Risk Factor": "High",
            "Base Score": "8.8",
            "Temporal Score": "8.2",
            "Vector": "CVSS:3.0/AV:N/AC:L/PR:N/UI:R/S:U/C:H/I:H/A:H",
            "Temporal Vector": "CVSS:3.0/E:F/RL:O/RC:C"
        }
    ],
    "Vulnerability Information": {
        "CPE": "p-cpe:/a:huawei:euleros:git, cpe:/o:huawei:euleros:2.0",
        "Required KB Items": "Host/local_checks_enabled, Host/EulerOS/release, Host/EulerOS/rpm-list, Host/EulerOS/sp",
        "Excluded KB Items": "Host/EulerOS/uvp_version",
        "Exploit Available": "true",
        "Exploit Ease": "Exploits are available",
        "Patch Publication Date": "8/20/2017"
    },
    "Exploitable With": "Metasploit  (Malicious Git HTTP Server For CVE-2017-1000117)",
    "Reference Information": {
        "CVE": "[CVE-2014-9938](/cve/CVE-2014-9938), [CVE-2017-1000117](/cve/CVE-2017-1000117), [CVE-2017-8386](/cve/CVE-2017-8386)"
    }
}