{
    "Title": "GLSA-201709-10 : Git: Command injection",
    "Synopsis": "The remote Gentoo host is missing one or more security-related patches.",
    "Description": "The remote host is affected by the vulnerability described in GLSA-201709-10 (Git: Command injection)\n    Specially crafted &lsquo;ssh://...&rsquo; URLs may allow the owner of the       repository to execute arbitrary commands on client&rsquo;s machine if those       commands are already installed on the client&rsquo;s system. This is       especially dangerous when the third-party repository has one or more       submodules with specially crafted &lsquo;ssh://...&rsquo; URLs. Each time the       repository is recursively cloned or submodules are updated the payload       will be triggered.\n  Impact :\n    A remote attacker, by enticing a user to clone a specially crafted       repository, could possibly execute arbitrary code with the privileges of       the process.\n  Workaround :\n    There is no known workaround at this time.",
    "Solution": "All Git users should upgrade to the latest version:\n      # emerge --sync       # emerge --ask --oneshot --verbose '>=dev-vcs/git-2.13.5'",
    "See Also": [
        "[https://marc.info/?l=git&m=150238802328673&w=2](https://marc.info/?l=git&m=150238802328673&w=2)",
        "[https://security.gentoo.org/glsa/201709-10](https://security.gentoo.org/glsa/201709-10)"
    ],
    "Plugin Details": {
        "Severity": "High",
        "ID": "103278",
        "File Name": "gentoo_GLSA-201709-10.nasl",
        "Version": "3.6",
        "Type": "local",
        "Family": "[Gentoo Local Security Checks](https://www.tenable.com/plugins/nessus/families/Gentoo%20Local%20Security%20Checks)",
        "Published": "9/18/2017",
        "Updated": "1/11/2021"
    },
    "Risk Information": [
        {
            "Name": "[VPR](https://www.tenable.com/blog/what-is-vpr-and-how-is-it-different-from-cvss)",
            "Risk Factor": "High",
            "Score": "7.4"
        },
        {
            "Name": "[CVSS v2](https://nvd.nist.gov/vuln-metrics/cvss/v2-calculator?vector=AV:N/AC:M/Au:N/C:P/I:P/A:P)",
            "Risk Factor": "Medium",
            "Base Score": "6.8",
            "Temporal Score": "5.6",
            "Vector": "CVSS2#AV:N/AC:M/Au:N/C:P/I:P/A:P"
        },
        {
            "Name": "[CVSS v3](https://nvd.nist.gov/vuln-metrics/cvss/v3-calculator?vector=AV:N/AC:L/PR:N/UI:R/S:U/C:H/I:H/A:H/E:F/RL:O/RC:C&version=3.0)",
            "Risk Factor": "High",
            "Base Score": "8.8",
            "Temporal Score": "8.2",
            "Vector": "CVSS:3.0/AV:N/AC:L/PR:N/UI:R/S:U/C:H/I:H/A:H",
            "Temporal Vector": "CVSS:3.0/E:F/RL:O/RC:C"
        }
    ],
    "Vulnerability Information": {
        "CPE": "p-cpe:/a:gentoo:linux:git, cpe:/o:gentoo:linux",
        "Required KB Items": "Host/local_checks_enabled, Host/Gentoo/release, Host/Gentoo/qpkg-list",
        "Exploit Available": "true",
        "Exploit Ease": "Exploits are available",
        "Patch Publication Date": "9/17/2017"
    },
    "Exploitable With": "Metasploit  (Malicious Git HTTP Server For CVE-2017-1000117)",
    "Reference Information": {
        "CVE": "[CVE-2017-1000117](/cve/CVE-2017-1000117)",
        "GLSA": "201709-10"
    }
}