{
    "Title": "RHEL 7 : JBoss Core Services (RHSA-2017:2709)",
    "Synopsis": "The remote Red Hat host is missing one or more security updates.",
    "Description": "An update is now available for JBoss Core Services on Red Hat Enterprise Linux 7.\nRed Hat Product Security has rated this update as having a security impact of Important. A Common Vulnerability Scoring System (CVSS) base score, which gives a detailed severity rating, is available for each vulnerability from the CVE link(s) in the References section.\nRed Hat JBoss Core Services is a set of supplementary software for Red Hat JBoss middleware products. This software, such as Apache HTTP Server, is common to multiple JBoss middleware products, and is packaged under Red Hat JBoss Core Services to allow for faster distribution of updates, and for a more consistent update experience.\nThis release of Red Hat JBoss Core Services Apache HTTP Server 2.4.23 Service Pack 2 serves as an update for Red Hat JBoss Core Services Apache HTTP Server 2.4.23 Service Pack 1, and includes bug fixes, which are documented in the Release Notes document linked to in the References.\nSecurity Fix(es) :\n* It was discovered that the httpd's mod_auth_digest module did not properly initialize memory before using it when processing certain headers related to digest authentication. A remote attacker could possibly use this flaw to disclose potentially sensitive information or cause httpd child process to crash by sending specially crafted requests to a server. (CVE-2017-9788)\n* It was discovered that in httpd 2.4, the internal API function ap_some_auth_required() could incorrectly indicate that a request was authenticated even when no authentication was used. An httpd module using this API function could consequently allow access that should have been denied. (CVE-2015-3185)\n* A flaw was found in the way the DES/3DES cipher was used as part of the TLS /SSL protocol. A man-in-the-middle attacker could use this flaw to recover some plaintext data by capturing large amounts of encrypted traffic between TLS/SSL server and client if the communication used a DES/3DES based ciphersuite. (CVE-2016-2183)\nRed Hat would like to thank OpenVPN for reporting CVE-2016-2183.\nUpstream acknowledges Karthikeyan Bhargavan (Inria) and Gaetan Leurent (Inria) as the original reporters of CVE-2016-2183.",
    "Solution": "Update the affected packages.",
    "See Also": [
        "[https://access.redhat.com/security/cve/cve-2016-2183](https://access.redhat.com/security/cve/cve-2016-2183)",
        "[https://access.redhat.com/security/cve/cve-2017-9788](https://access.redhat.com/security/cve/cve-2017-9788)",
        "[http://www.nessus.org/u?75d9eb14](http://www.nessus.org/u?75d9eb14)",
        "[https://access.redhat.com/security/cve/cve-2015-3185](https://access.redhat.com/security/cve/cve-2015-3185)",
        "[https://access.redhat.com/errata/RHSA-2017:2709](https://access.redhat.com/errata/RHSA-2017:2709)"
    ],
    "Plugin Details": {
        "Severity": "Critical",
        "ID": "103240",
        "File Name": "redhat-RHSA-2017-2709.nasl",
        "Version": "3.10",
        "Type": "local",
        "Agent": "unix",
        "Family": "[Red Hat Local Security Checks](https://www.tenable.com/plugins/nessus/families/Red%20Hat%20Local%20Security%20Checks)",
        "Published": "9/15/2017",
        "Updated": "10/24/2019",
        "Supported Sensors": "Frictionless Assessment AWS, Frictionless Assessment Azure, Frictionless Assessment Agent, Nessus Agent, Agentless Assessment"
    },
    "Risk Information": [
        {
            "Name": "[VPR](https://www.tenable.com/blog/what-is-vpr-and-how-is-it-different-from-cvss)",
            "Risk Factor": "Medium",
            "Score": "6.1"
        },
        {
            "Name": "[CVSS v2](https://nvd.nist.gov/vuln-metrics/cvss/v2-calculator?vector=AV:N/AC:L/Au:N/C:P/I:N/A:P)",
            "Risk Factor": "Medium",
            "Base Score": "6.4",
            "Temporal Score": "4.7",
            "Vector": "CVSS2#AV:N/AC:L/Au:N/C:P/I:N/A:P"
        },
        {
            "Name": "[CVSS v3](https://nvd.nist.gov/vuln-metrics/cvss/v3-calculator?vector=AV:N/AC:L/PR:N/UI:N/S:U/C:H/I:N/A:H/E:U/RL:O/RC:C&version=3.0)",
            "Risk Factor": "Critical",
            "Base Score": "9.1",
            "Temporal Score": "7.9",
            "Vector": "CVSS:3.0/AV:N/AC:L/PR:N/UI:N/S:U/C:H/I:N/A:H",
            "Temporal Vector": "CVSS:3.0/E:U/RL:O/RC:C"
        }
    ],
    "Vulnerability Information": {
        "CPE": "p-cpe:/a:redhat:enterprise_linux:jbcs-httpd24-httpd, p-cpe:/a:redhat:enterprise_linux:jbcs-httpd24-httpd-debuginfo, p-cpe:/a:redhat:enterprise_linux:jbcs-httpd24-httpd-devel, p-cpe:/a:redhat:enterprise_linux:jbcs-httpd24-httpd-libs, p-cpe:/a:redhat:enterprise_linux:jbcs-httpd24-httpd-manual, p-cpe:/a:redhat:enterprise_linux:jbcs-httpd24-httpd-selinux, p-cpe:/a:redhat:enterprise_linux:jbcs-httpd24-httpd-tools, p-cpe:/a:redhat:enterprise_linux:jbcs-httpd24-mod_ldap, p-cpe:/a:redhat:enterprise_linux:jbcs-httpd24-mod_proxy_html, p-cpe:/a:redhat:enterprise_linux:jbcs-httpd24-mod_session, p-cpe:/a:redhat:enterprise_linux:jbcs-httpd24-mod_ssl, p-cpe:/a:redhat:enterprise_linux:jbcs-httpd24-openssl, p-cpe:/a:redhat:enterprise_linux:jbcs-httpd24-openssl-debuginfo, p-cpe:/a:redhat:enterprise_linux:jbcs-httpd24-openssl-devel, p-cpe:/a:redhat:enterprise_linux:jbcs-httpd24-openssl-libs, p-cpe:/a:redhat:enterprise_linux:jbcs-httpd24-openssl-perl, p-cpe:/a:redhat:enterprise_linux:jbcs-httpd24-openssl-static, cpe:/o:redhat:enterprise_linux:7",
        "Required KB Items": "Host/local_checks_enabled, Host/RedHat/release, Host/RedHat/rpm-list, Host/cpu",
        "Exploit Ease": "No known exploits are available",
        "Patch Publication Date": "9/13/2017",
        "Vulnerability Publication Date": "7/20/2015"
    },
    "Reference Information": {
        "CVE": "[CVE-2015-3185](/cve/CVE-2015-3185), [CVE-2016-2183](/cve/CVE-2016-2183), [CVE-2017-9788](/cve/CVE-2017-9788)",
        "RHSA": "[2017:2709](https://access.redhat.com/errata/RHSA-2017:2709)"
    }
}