{
    "Title": "RHEL 7 : JBoss EAP (RHSA-2017:2808)",
    "Synopsis": "The remote Red Hat host is missing one or more security updates.",
    "Description": "An update is now available for Red Hat JBoss Enterprise Application Platform 7.0 for Red Hat Enterprise Linux 7.\nRed Hat Product Security has rated this update as having a security impact of Important. A Common Vulnerability Scoring System (CVSS) base score, which gives a detailed severity rating, is available for each vulnerability from the CVE link(s) in the References section.\nRed Hat JBoss Enterprise Application Platform is a platform for Java applications based on the JBoss Application Server.\nThis release of Red Hat JBoss Enterprise Application Platform 7.0.8 serves as a replacement for Red Hat JBoss Enterprise Application Platform 7.0.7, and includes bug fixes and enhancements, which are documented in the Release Notes document linked to in the References.\nSecurity Fix(es) :\n* It was found that when using remote logging with log4j socket server the log4j server would deserialize any log event received via TCP or UDP. An attacker could use this flaw to send a specially crafted log event that, during deserialization, would execute arbitrary code in the context of the logger application. (CVE-2017-5645)\n* A vulnerability was found in Jasypt that would allow an attacker to perform a timing attack on password hash comparison. (CVE-2014-9970)\n* It was found that an information disclosure flaw in Bouncy Castle could enable a local malicious application to gain access to user's private information. (CVE-2015-6644)\n* It was found that while parsing the SAML messages the StaxParserUtil class of Picketlink replaces special strings for obtaining attribute values with system property. This could allow an attacker to determine values of system properties at the attacked system by formatting the SAML request ID field to be the chosen system property which could be obtained in the 'InResponseTo' field in the response. (CVE-2017-2582)\n* It was found that when the security manager's reflective permissions, which allows it to access the private members of the class, are granted to Hibernate Validator, a potential privilege escalation can occur. By allowing the calling code to access those private members without the permission an attacker may be able to validate an invalid instance and access the private member value via ConstraintViolation#getInvalidValue(). (CVE-2017-7536)\nThe CVE-2017-2582 issue was discovered by Hynek Mlnarik (Red Hat) and the CVE-2017-7536 issue was discovered by Gunnar Morling (Red Hat).",
    "Solution": "Update the affected packages.",
    "See Also": [
        "[https://access.redhat.com/documentation/en-us/](https://access.redhat.com/documentation/en-us/)",
        "[https://access.redhat.com/errata/RHSA-2017:2808](https://access.redhat.com/errata/RHSA-2017:2808)",
        "[https://access.redhat.com/security/cve/cve-2014-9970](https://access.redhat.com/security/cve/cve-2014-9970)",
        "[https://access.redhat.com/security/cve/cve-2015-6644](https://access.redhat.com/security/cve/cve-2015-6644)",
        "[https://access.redhat.com/security/cve/cve-2017-2582](https://access.redhat.com/security/cve/cve-2017-2582)",
        "[https://access.redhat.com/security/cve/cve-2017-5645](https://access.redhat.com/security/cve/cve-2017-5645)",
        "[https://access.redhat.com/security/cve/cve-2017-7536](https://access.redhat.com/security/cve/cve-2017-7536)"
    ],
    "Plugin Details": {
        "Severity": "Critical",
        "ID": "103526",
        "File Name": "redhat-RHSA-2017-2808.nasl",
        "Version": "3.9",
        "Type": "local",
        "Agent": "unix",
        "Family": "[Red Hat Local Security Checks](https://www.tenable.com/plugins/nessus/families/Red%20Hat%20Local%20Security%20Checks)",
        "Published": "9/28/2017",
        "Updated": "10/24/2019",
        "Supported Sensors": "Agentless Assessment, Frictionless Assessment Agent, Frictionless Assessment AWS, Frictionless Assessment Azure, Nessus Agent"
    },
    "Risk Information": [
        {
            "Name": "[VPR](https://www.tenable.com/blog/what-is-vpr-and-how-is-it-different-from-cvss)",
            "Risk Factor": "Medium",
            "Score": "6.7"
        },
        {
            "Name": "[CVSS v2](https://nvd.nist.gov/vuln-metrics/cvss/v2-calculator?vector=AV:N/AC:L/Au:N/C:P/I:P/A:P)",
            "Risk Factor": "High",
            "Base Score": "7.5",
            "Temporal Score": "5.5",
            "Vector": "CVSS2#AV:N/AC:L/Au:N/C:P/I:P/A:P"
        },
        {
            "Name": "[CVSS v3](https://nvd.nist.gov/vuln-metrics/cvss/v3-calculator?vector=AV:N/AC:L/PR:N/UI:N/S:U/C:H/I:H/A:H/E:U/RL:O/RC:C&version=3.0)",
            "Risk Factor": "Critical",
            "Base Score": "9.8",
            "Temporal Score": "8.5",
            "Vector": "CVSS:3.0/AV:N/AC:L/PR:N/UI:N/S:U/C:H/I:H/A:H",
            "Temporal Vector": "CVSS:3.0/E:U/RL:O/RC:C"
        }
    ],
    "Vulnerability Information": {
        "CPE": "p-cpe:/a:redhat:enterprise_linux:eap7-artemis-native, p-cpe:/a:redhat:enterprise_linux:eap7-artemis-native-wildfly, p-cpe:/a:redhat:enterprise_linux:eap7-bouncycastle, p-cpe:/a:redhat:enterprise_linux:eap7-bouncycastle-mail, p-cpe:/a:redhat:enterprise_linux:eap7-bouncycastle-pkix, p-cpe:/a:redhat:enterprise_linux:eap7-bouncycastle-prov, p-cpe:/a:redhat:enterprise_linux:eap7-hibernate-validator, p-cpe:/a:redhat:enterprise_linux:eap7-hibernate-validator-cdi, p-cpe:/a:redhat:enterprise_linux:eap7-jasypt, p-cpe:/a:redhat:enterprise_linux:eap7-jboss-jms-api_2.0_spec, p-cpe:/a:redhat:enterprise_linux:eap7-jboss-logmanager, p-cpe:/a:redhat:enterprise_linux:eap7-jboss-metadata, p-cpe:/a:redhat:enterprise_linux:eap7-jboss-metadata-appclient, p-cpe:/a:redhat:enterprise_linux:eap7-jboss-metadata-common, p-cpe:/a:redhat:enterprise_linux:eap7-jboss-metadata-ear, p-cpe:/a:redhat:enterprise_linux:eap7-jboss-metadata-ejb, p-cpe:/a:redhat:enterprise_linux:eap7-jboss-metadata-web, p-cpe:/a:redhat:enterprise_linux:eap7-jboss-remote-naming, p-cpe:/a:redhat:enterprise_linux:eap7-jboss-remoting, p-cpe:/a:redhat:enterprise_linux:eap7-log4j-jboss-logmanager, p-cpe:/a:redhat:enterprise_linux:eap7-picketlink-api, p-cpe:/a:redhat:enterprise_linux:eap7-picketlink-bindings, p-cpe:/a:redhat:enterprise_linux:eap7-picketlink-common, p-cpe:/a:redhat:enterprise_linux:eap7-picketlink-config, p-cpe:/a:redhat:enterprise_linux:eap7-picketlink-federation, p-cpe:/a:redhat:enterprise_linux:eap7-picketlink-idm-api, p-cpe:/a:redhat:enterprise_linux:eap7-picketlink-idm-impl, p-cpe:/a:redhat:enterprise_linux:eap7-picketlink-idm-simple-schema, p-cpe:/a:redhat:enterprise_linux:eap7-picketlink-impl, p-cpe:/a:redhat:enterprise_linux:eap7-picketlink-wildfly8, p-cpe:/a:redhat:enterprise_linux:eap7-undertow, p-cpe:/a:redhat:enterprise_linux:eap7-wildfly, p-cpe:/a:redhat:enterprise_linux:eap7-wildfly-javadocs, p-cpe:/a:redhat:enterprise_linux:eap7-wildfly-modules, cpe:/o:redhat:enterprise_linux:7",
        "Required KB Items": "Host/local_checks_enabled, Host/RedHat/release, Host/RedHat/rpm-list, Host/cpu",
        "Exploit Ease": "No known exploits are available",
        "Patch Publication Date": "9/26/2017",
        "Vulnerability Publication Date": "1/6/2016"
    },
    "Reference Information": {
        "CVE": "[CVE-2014-9970](/cve/CVE-2014-9970), [CVE-2015-6644](/cve/CVE-2015-6644), [CVE-2017-2582](/cve/CVE-2017-2582), [CVE-2017-5645](/cve/CVE-2017-5645), [CVE-2017-7536](/cve/CVE-2017-7536)",
        "RHSA": "[2017:2808](https://access.redhat.com/errata/RHSA-2017:2808)"
    }
}