{
    "Title": "SUSE SLES11 Security Update : tcpdump (SUSE-SU-2017:2690-1)",
    "Synopsis": "The remote SUSE host is missing one or more security updates.",
    "Description": "This update for tcpdump fixes the following issues: Security issues fixed :\n  - CVE-2017-11108: Crafted input allowed remote DoS     (bsc#1047873)\n  - CVE-2017-11541: Prevent a heap-based buffer over-read in     the lldp_print function in print-lldp.c, related to     util-print.c (bsc#1057247).\n  - CVE-2017-11542: Prevent a heap-based buffer over-read in     the pimv1_print function in print-pim.c (bsc#1057247).\n  - CVE-2017-11543: Prevent a buffer overflow in the     sliplink_print function in print-sl.c (bsc#1057247).\n  - CVE-2017-13011: Several protocol parsers in tcpdump     could have caused a buffer overflow in     util-print.c:bittok2str_internal() (bsc#1057247).\nNote that Tenable Network Security has extracted the preceding description block directly from the SUSE security advisory. Tenable has attempted to automatically clean and format it as much as possible without introducing additional issues.",
    "Solution": "To install this SUSE Security Update use YaST online_update.\nAlternatively you can run the command listed for your product :\nSUSE Linux Enterprise Server 11-SP4:zypper in -t patch slessp4-tcpdump-13305=1\nSUSE Linux Enterprise Debuginfo 11-SP4:zypper in -t patch dbgsp4-tcpdump-13305=1\nTo bring your system up-to-date, use 'zypper patch'.",
    "See Also": [
        "[https://bugzilla.suse.com/show_bug.cgi?id=1047873](https://bugzilla.suse.com/show_bug.cgi?id=1047873)",
        "[https://bugzilla.suse.com/show_bug.cgi?id=1057247](https://bugzilla.suse.com/show_bug.cgi?id=1057247)",
        "[https://www.suse.com/security/cve/CVE-2017-11108/](https://www.suse.com/security/cve/CVE-2017-11108/)",
        "[https://www.suse.com/security/cve/CVE-2017-11541/](https://www.suse.com/security/cve/CVE-2017-11541/)",
        "[https://www.suse.com/security/cve/CVE-2017-11542/](https://www.suse.com/security/cve/CVE-2017-11542/)",
        "[https://www.suse.com/security/cve/CVE-2017-11543/](https://www.suse.com/security/cve/CVE-2017-11543/)",
        "[https://www.suse.com/security/cve/CVE-2017-13011/](https://www.suse.com/security/cve/CVE-2017-13011/)",
        "[http://www.nessus.org/u?42bdbfc6](http://www.nessus.org/u?42bdbfc6)"
    ],
    "Plugin Details": {
        "Severity": "Critical",
        "ID": "103769",
        "File Name": "suse_SU-2017-2690-1.nasl",
        "Version": "3.9",
        "Type": "local",
        "Agent": "unix",
        "Family": "[SuSE Local Security Checks](https://www.tenable.com/plugins/nessus/families/SuSE%20Local%20Security%20Checks)",
        "Published": "10/11/2017",
        "Updated": "1/19/2021",
        "Supported Sensors": "Agentless Assessment, Frictionless Assessment Agent, Frictionless Assessment AWS, Frictionless Assessment Azure, Nessus Agent"
    },
    "Risk Information": [
        {
            "Name": "[VPR](https://www.tenable.com/blog/what-is-vpr-and-how-is-it-different-from-cvss)",
            "Risk Factor": "Medium",
            "Score": "6.7"
        },
        {
            "Name": "[CVSS v2](https://nvd.nist.gov/vuln-metrics/cvss/v2-calculator?vector=AV:N/AC:L/Au:N/C:P/I:P/A:P)",
            "Risk Factor": "High",
            "Base Score": "7.5",
            "Temporal Score": "5.5",
            "Vector": "CVSS2#AV:N/AC:L/Au:N/C:P/I:P/A:P"
        },
        {
            "Name": "[CVSS v3](https://nvd.nist.gov/vuln-metrics/cvss/v3-calculator?vector=AV:N/AC:L/PR:N/UI:N/S:U/C:H/I:H/A:H/E:U/RL:O/RC:C&version=3.0)",
            "Risk Factor": "Critical",
            "Base Score": "9.8",
            "Temporal Score": "8.5",
            "Vector": "CVSS:3.0/AV:N/AC:L/PR:N/UI:N/S:U/C:H/I:H/A:H",
            "Temporal Vector": "CVSS:3.0/E:U/RL:O/RC:C"
        }
    ],
    "Vulnerability Information": {
        "CPE": "p-cpe:/a:novell:suse_linux:tcpdump, cpe:/o:novell:suse_linux:11",
        "Required KB Items": "Host/local_checks_enabled, Host/cpu, Host/SuSE/release, Host/SuSE/rpm-list",
        "Exploit Ease": "No known exploits are available",
        "Patch Publication Date": "10/10/2017",
        "Vulnerability Publication Date": "7/8/2017"
    },
    "Reference Information": {
        "CVE": "[CVE-2017-11108](/cve/CVE-2017-11108), [CVE-2017-11541](/cve/CVE-2017-11541), [CVE-2017-11542](/cve/CVE-2017-11542), [CVE-2017-11543](/cve/CVE-2017-11543), [CVE-2017-13011](/cve/CVE-2017-13011)"
    }
}