{
    "Title": "RHEL 6 / 7 : thunderbird (RHSA-2017:2885)",
    "Synopsis": "The remote Red Hat host is missing one or more security updates.",
    "Description": "An update for thunderbird is now available for Red Hat Enterprise Linux 6 and Red Hat Enterprise Linux 7.\nRed Hat Product Security has rated this update as having a security impact of Important. A Common Vulnerability Scoring System (CVSS) base score, which gives a detailed severity rating, is available for each vulnerability from the CVE link(s) in the References section.\nMozilla Thunderbird is a standalone mail and newsgroup client.\nThis update upgrades Thunderbird to version 52.4.0.\nSecurity Fix(es) :\n* Multiple flaws were found in the processing of malformed web content. A web page containing malicious content could cause Thunderbird to crash or, potentially, execute arbitrary code with the privileges of the user running Thunderbird. (CVE-2017-7810, CVE-2017-7793, CVE-2017-7818, CVE-2017-7819, CVE-2017-7824, CVE-2017-7814, CVE-2017-7823)\nRed Hat would like to thank the Mozilla project for reporting these issues. Upstream acknowledges Christoph Diehl, Jan de Mooij, Jason Kratzer, Randell Jesup, Tom Ritter, Tyson Smith, Sebastian Hengst, Abhishek Arya, Nils, Omair, Andre Weissflog, Francois Marier, and Jun Kokatsu as the original reporters.",
    "Solution": "Update the affected thunderbird and / or thunderbird-debuginfo packages.",
    "See Also": [
        "[https://www.mozilla.org/en-US/security/advisories/mfsa2017-23/](https://www.mozilla.org/en-US/security/advisories/mfsa2017-23/)",
        "[https://access.redhat.com/errata/RHSA-2017:2885](https://access.redhat.com/errata/RHSA-2017:2885)",
        "[https://access.redhat.com/security/cve/cve-2017-7793](https://access.redhat.com/security/cve/cve-2017-7793)",
        "[https://access.redhat.com/security/cve/cve-2017-7810](https://access.redhat.com/security/cve/cve-2017-7810)",
        "[https://access.redhat.com/security/cve/cve-2017-7814](https://access.redhat.com/security/cve/cve-2017-7814)",
        "[https://access.redhat.com/security/cve/cve-2017-7818](https://access.redhat.com/security/cve/cve-2017-7818)",
        "[https://access.redhat.com/security/cve/cve-2017-7819](https://access.redhat.com/security/cve/cve-2017-7819)",
        "[https://access.redhat.com/security/cve/cve-2017-7823](https://access.redhat.com/security/cve/cve-2017-7823)",
        "[https://access.redhat.com/security/cve/cve-2017-7824](https://access.redhat.com/security/cve/cve-2017-7824)"
    ],
    "Plugin Details": {
        "Severity": "Critical",
        "ID": "103805",
        "File Name": "redhat-RHSA-2017-2885.nasl",
        "Version": "3.13",
        "Type": "local",
        "Agent": "unix",
        "Family": "[Red Hat Local Security Checks](https://www.tenable.com/plugins/nessus/families/Red%20Hat%20Local%20Security%20Checks)",
        "Published": "10/12/2017",
        "Updated": "5/29/2020",
        "Supported Sensors": "Frictionless Assessment AWS, Frictionless Assessment Azure, Frictionless Assessment Agent, Nessus Agent, Agentless Assessment"
    },
    "Risk Information": [
        {
            "Name": "[VPR](https://www.tenable.com/blog/what-is-vpr-and-how-is-it-different-from-cvss)",
            "Risk Factor": "Medium",
            "Score": "6.7"
        },
        {
            "Name": "[CVSS v2](https://nvd.nist.gov/vuln-metrics/cvss/v2-calculator?vector=AV:N/AC:L/Au:N/C:C/I:C/A:C)",
            "Risk Factor": "Critical",
            "Base Score": "10",
            "Temporal Score": "7.4",
            "Vector": "CVSS2#AV:N/AC:L/Au:N/C:C/I:C/A:C"
        },
        {
            "Name": "[CVSS v3](https://nvd.nist.gov/vuln-metrics/cvss/v3-calculator?vector=AV:N/AC:L/PR:N/UI:N/S:U/C:H/I:H/A:H/E:U/RL:O/RC:C&version=3.0)",
            "Risk Factor": "Critical",
            "Base Score": "9.8",
            "Temporal Score": "8.5",
            "Vector": "CVSS:3.0/AV:N/AC:L/PR:N/UI:N/S:U/C:H/I:H/A:H",
            "Temporal Vector": "CVSS:3.0/E:U/RL:O/RC:C"
        }
    ],
    "Vulnerability Information": {
        "CPE": "p-cpe:/a:redhat:enterprise_linux:thunderbird, p-cpe:/a:redhat:enterprise_linux:thunderbird-debuginfo, cpe:/o:redhat:enterprise_linux:6, cpe:/o:redhat:enterprise_linux:7, cpe:/o:redhat:enterprise_linux:7.4, cpe:/o:redhat:enterprise_linux:7.5, cpe:/o:redhat:enterprise_linux:7.6, cpe:/o:redhat:enterprise_linux:7.7",
        "Required KB Items": "Host/local_checks_enabled, Host/RedHat/release, Host/RedHat/rpm-list, Host/cpu",
        "Exploit Ease": "No known exploits are available",
        "Patch Publication Date": "10/11/2017",
        "Vulnerability Publication Date": "6/11/2018"
    },
    "Reference Information": {
        "CVE": "[CVE-2017-7793](/cve/CVE-2017-7793), [CVE-2017-7810](/cve/CVE-2017-7810), [CVE-2017-7814](/cve/CVE-2017-7814), [CVE-2017-7818](/cve/CVE-2017-7818), [CVE-2017-7819](/cve/CVE-2017-7819), [CVE-2017-7823](/cve/CVE-2017-7823), [CVE-2017-7824](/cve/CVE-2017-7824)",
        "RHSA": "[2017:2885](https://access.redhat.com/errata/RHSA-2017:2885)"
    }
}