{
    "Title": "RHEL 7 : rh-sso7-keycloak (RHSA-2017:2905)",
    "Synopsis": "The remote Red Hat host is missing one or more security updates.",
    "Description": "An update for rh-sso7-keycloak is now available for Red Hat Single Sign-On 7.1 for RHEL 7.\nRed Hat Product Security has rated this update as having a security impact of Moderate. A Common Vulnerability Scoring System (CVSS) base score, which gives a detailed severity rating, is available for each vulnerability from the CVE link(s) in the References section.\nRed Hat Single Sign-On is a standalone server, based on the Keycloak project, that provides authentication and standards-based single sign-on capabilities for web and mobile applications.\nThis release of Red Hat Single Sign-On 7.1.3 serves as a replacement for Red Hat Single Sign-On 7.1.2, and includes several bug fixes and enhancements. For further information, refer to the Release Notes linked to in the References section.\nSecurity Fix(es) :\n* It was found that keycloak would accept a HOST header URL in the admin console and use it to determine web resource locations. An attacker could use this flaw against an authenticated user to attain reflected XSS via a malicious server. (CVE-2017-12158)\n* It was found that the cookie used for CSRF prevention in Keycloak was not unique to each session. An attacker could use this flaw to gain access to an authenticated user session, leading to possible information disclosure or further attacks. (CVE-2017-12159)\n* It was found that libpam4j did not properly validate user accounts when authenticating. A user with a valid password for a disabled account would be able to bypass security restrictions and possibly access sensitive information. (CVE-2017-12197)\n* It was found that Keycloak oauth would permit an authenticated resource to obtain an access/refresh token pair from the authentication server, permitting indefinite usage in the case of permission revocation. An attacker on an already compromised resource could use this flaw to grant himself continued permissions and possibly conduct further attacks. (CVE-2017-12160)\nRed Hat would like to thank Mykhailo Stadnyk (Playtech) for reporting CVE-2017-12158; Prapti Mittal for reporting CVE-2017-12159; and Bart Toersche (Simacan) for reporting CVE-2017-12160. The CVE-2017-12197 issue was discovered by Christian Heimes (Red Hat).",
    "Solution": "Update the affected rh-sso7-keycloak and / or rh-sso7-keycloak-server packages.",
    "See Also": [
        "[http://www.nessus.org/u?1825fcce](http://www.nessus.org/u?1825fcce)",
        "[https://access.redhat.com/errata/RHSA-2017:2905](https://access.redhat.com/errata/RHSA-2017:2905)",
        "[https://access.redhat.com/security/cve/cve-2014-9970](https://access.redhat.com/security/cve/cve-2014-9970)",
        "[https://access.redhat.com/security/cve/cve-2017-12158](https://access.redhat.com/security/cve/cve-2017-12158)",
        "[https://access.redhat.com/security/cve/cve-2017-12159](https://access.redhat.com/security/cve/cve-2017-12159)",
        "[https://access.redhat.com/security/cve/cve-2017-12160](https://access.redhat.com/security/cve/cve-2017-12160)",
        "[https://access.redhat.com/security/cve/cve-2017-12197](https://access.redhat.com/security/cve/cve-2017-12197)"
    ],
    "Plugin Details": {
        "Severity": "High",
        "ID": "103957",
        "File Name": "redhat-RHSA-2017-2905.nasl",
        "Version": "3.11",
        "Type": "local",
        "Agent": "unix",
        "Family": "[Red Hat Local Security Checks](https://www.tenable.com/plugins/nessus/families/Red%20Hat%20Local%20Security%20Checks)",
        "Published": "10/19/2017",
        "Updated": "10/24/2019",
        "Supported Sensors": "Agentless Assessment, Frictionless Assessment Agent, Frictionless Assessment AWS, Frictionless Assessment Azure, Nessus Agent"
    },
    "Risk Information": [
        {
            "Name": "[VPR](https://www.tenable.com/blog/what-is-vpr-and-how-is-it-different-from-cvss)",
            "Risk Factor": "Medium",
            "Score": "5.9"
        },
        {
            "Name": "[CVSS v2](https://nvd.nist.gov/vuln-metrics/cvss/v2-calculator?vector=AV:N/AC:L/Au:S/C:P/I:P/A:P)",
            "Risk Factor": "Medium",
            "Base Score": "6.5",
            "Temporal Score": "4.8",
            "Vector": "CVSS2#AV:N/AC:L/Au:S/C:P/I:P/A:P"
        },
        {
            "Name": "[CVSS v3](https://nvd.nist.gov/vuln-metrics/cvss/v3-calculator?vector=AV:N/AC:L/PR:N/UI:N/S:U/C:H/I:N/A:N/E:U/RL:O/RC:C&version=3.0)",
            "Risk Factor": "High",
            "Base Score": "7.5",
            "Temporal Score": "6.5",
            "Vector": "CVSS:3.0/AV:N/AC:L/PR:N/UI:N/S:U/C:H/I:N/A:N",
            "Temporal Vector": "CVSS:3.0/E:U/RL:O/RC:C"
        }
    ],
    "Vulnerability Information": {
        "CPE": "p-cpe:/a:redhat:enterprise_linux:rh-sso7-keycloak, p-cpe:/a:redhat:enterprise_linux:rh-sso7-keycloak-server, cpe:/o:redhat:enterprise_linux:7",
        "Required KB Items": "Host/local_checks_enabled, Host/RedHat/release, Host/RedHat/rpm-list, Host/cpu",
        "Exploit Ease": "No known exploits are available",
        "Patch Publication Date": "10/17/2017",
        "Vulnerability Publication Date": "5/21/2017"
    },
    "Reference Information": {
        "CVE": "[CVE-2014-9970](/cve/CVE-2014-9970), [CVE-2017-12158](/cve/CVE-2017-12158), [CVE-2017-12159](/cve/CVE-2017-12159), [CVE-2017-12160](/cve/CVE-2017-12160), [CVE-2017-12197](/cve/CVE-2017-12197)",
        "RHSA": "[2017:2905](https://access.redhat.com/errata/RHSA-2017:2905)"
    }
}