{
    "Title": "RHEL 7 : kernel (RHSA-2017:2930)",
    "Synopsis": "The remote Red Hat host is missing one or more security updates.",
    "Description": "An update for kernel is now available for Red Hat Enterprise Linux 7.\nRed Hat Product Security has rated this update as having a security impact of Important. A Common Vulnerability Scoring System (CVSS) base score, which gives a detailed severity rating, is available for each vulnerability from the CVE link(s) in the References section.\nThe kernel packages contain the Linux kernel, the core of any Linux operating system.\nSecurity Fix(es) :\n* Out-of-bounds kernel heap access vulnerability was found in xfrm, kernel's IP framework for transforming packets. An error dealing with netlink messages from an unprivileged user leads to arbitrary read/write and privilege escalation. (CVE-2017-7184, Important)\n* A race condition issue leading to a use-after-free flaw was found in the way the raw packet sockets are implemented in the Linux kernel networking subsystem handling synchronization. A local user able to open a raw packet socket (requires the CAP_NET_RAW capability) could use this flaw to elevate their privileges on the system.\n(CVE-2017-1000111, Important)\n* An exploitable memory corruption flaw was found in the Linux kernel.\nThe append path can be erroneously switched from UFO to non-UFO in ip_ufo_append_data() when building an UFO packet with MSG_MORE option.\nIf unprivileged user namespaces are available, this flaw can be exploited to gain root privileges. (CVE-2017-1000112, Important)\n* A flaw was found in the Linux networking subsystem where a local attacker with CAP_NET_ADMIN capabilities could cause an out-of-bounds memory access by creating a smaller-than-expected ICMP header and sending to its destination via sendto(). (CVE-2016-8399, Moderate)\n* Kernel memory corruption due to a buffer overflow was found in brcmf_cfg80211_mgmt_tx() function in Linux kernels from v3.9-rc1 to v4.13-rc1. The vulnerability can be triggered by sending a crafted NL80211_CMD_FRAME packet via netlink. This flaw is unlikely to be triggered remotely as certain userspace code is needed for this. An unprivileged local user could use this flaw to induce kernel memory corruption on the system, leading to a crash. Due to the nature of the flaw, privilege escalation cannot be fully ruled out, although it is unlikely. (CVE-2017-7541, Moderate)\n* An integer overflow vulnerability in ip6_find_1stfragopt() function was found. A local attacker that has privileges (of CAP_NET_RAW) to open raw socket can cause an infinite loop inside the ip6_find_1stfragopt() function. (CVE-2017-7542, Moderate)\n* A kernel data leak due to an out-of-bound read was found in the Linux kernel in inet_diag_msg_sctp{,l}addr_fill() and sctp_get_sctp_info() functions present since version 4.7-rc1 through version 4.13. A data leak happens when these functions fill in sockaddr data structures used to export socket's diagnostic information. As a result, up to 100 bytes of the slab data could be leaked to a userspace. (CVE-2017-7558, Moderate)\n* The mq_notify function in the Linux kernel through 4.11.9 does not set the sock pointer to NULL upon entry into the retry logic. During a user-space close of a Netlink socket, it allows attackers to possibly cause a situation where a value may be used after being freed (use-after-free) which may lead to memory corruption or other unspecified other impact. (CVE-2017-11176, Moderate)\n* A divide-by-zero vulnerability was found in the __tcp_select_window function in the Linux kernel. This can result in a kernel panic causing a local denial of service. (CVE-2017-14106, Moderate)\nRed Hat would like to thank Chaitin Security Research Lab for reporting CVE-2017-7184; Willem de Bruijn for reporting CVE-2017-1000111; and Andrey Konovalov for reporting CVE-2017-1000112.\nThe CVE-2017-7558 issue was discovered by Stefano Brivio (Red Hat).\nSpace precludes documenting all of the bug fixes and enhancements included in this advisory. To see the complete list of bug fixes and enhancements, refer to the following KnowledgeBase article:\nhttps://access.redhat.com/node/3212921.",
    "Solution": "Update the affected packages.",
    "See Also": [
        "[https://access.redhat.com/errata/RHSA-2017:2930](https://access.redhat.com/errata/RHSA-2017:2930)",
        "[https://access.redhat.com/security/cve/cve-2016-8399](https://access.redhat.com/security/cve/cve-2016-8399)",
        "[https://access.redhat.com/security/cve/cve-2017-1000111](https://access.redhat.com/security/cve/cve-2017-1000111)",
        "[https://access.redhat.com/security/cve/cve-2017-1000112](https://access.redhat.com/security/cve/cve-2017-1000112)",
        "[https://access.redhat.com/security/cve/cve-2017-11176](https://access.redhat.com/security/cve/cve-2017-11176)",
        "[https://access.redhat.com/security/cve/cve-2017-14106](https://access.redhat.com/security/cve/cve-2017-14106)",
        "[https://access.redhat.com/security/cve/cve-2017-7184](https://access.redhat.com/security/cve/cve-2017-7184)",
        "[https://access.redhat.com/security/cve/cve-2017-7541](https://access.redhat.com/security/cve/cve-2017-7541)",
        "[https://access.redhat.com/security/cve/cve-2017-7542](https://access.redhat.com/security/cve/cve-2017-7542)",
        "[https://access.redhat.com/security/cve/cve-2017-7558](https://access.redhat.com/security/cve/cve-2017-7558)"
    ],
    "Plugin Details": {
        "Severity": "High",
        "ID": "104003",
        "File Name": "redhat-RHSA-2017-2930.nasl",
        "Version": "3.15",
        "Type": "local",
        "Agent": "unix",
        "Family": "[Red Hat Local Security Checks](https://www.tenable.com/plugins/nessus/families/Red%20Hat%20Local%20Security%20Checks)",
        "Published": "10/20/2017",
        "Updated": "10/24/2019",
        "Supported Sensors": "Agentless Assessment, Frictionless Assessment Agent, Frictionless Assessment AWS, Frictionless Assessment Azure, Nessus Agent"
    },
    "Risk Information": [
        {
            "Name": "[VPR](https://www.tenable.com/blog/what-is-vpr-and-how-is-it-different-from-cvss)",
            "Risk Factor": "Critical",
            "Score": "9.6"
        },
        {
            "Name": "[CVSS v2](https://nvd.nist.gov/vuln-metrics/cvss/v2-calculator?vector=AV:N/AC:H/Au:N/C:C/I:C/A:C)",
            "Risk Factor": "High",
            "Base Score": "7.6",
            "Temporal Score": "6.3",
            "Vector": "CVSS2#AV:N/AC:H/Au:N/C:C/I:C/A:C"
        },
        {
            "Name": "[CVSS v3](https://nvd.nist.gov/vuln-metrics/cvss/v3-calculator?vector=AV:L/AC:L/PR:L/UI:N/S:U/C:H/I:H/A:H/E:F/RL:O/RC:C&version=3.0)",
            "Risk Factor": "High",
            "Base Score": "7.8",
            "Temporal Score": "7.2",
            "Vector": "CVSS:3.0/AV:L/AC:L/PR:L/UI:N/S:U/C:H/I:H/A:H",
            "Temporal Vector": "CVSS:3.0/E:F/RL:O/RC:C"
        }
    ],
    "Vulnerability Information": {
        "CPE": "p-cpe:/a:redhat:enterprise_linux:kernel, p-cpe:/a:redhat:enterprise_linux:kernel-abi-whitelists, p-cpe:/a:redhat:enterprise_linux:kernel-debug, p-cpe:/a:redhat:enterprise_linux:kernel-debug-debuginfo, p-cpe:/a:redhat:enterprise_linux:kernel-debug-devel, p-cpe:/a:redhat:enterprise_linux:kernel-debuginfo, p-cpe:/a:redhat:enterprise_linux:kernel-debuginfo-common-s390x, p-cpe:/a:redhat:enterprise_linux:kernel-debuginfo-common-x86_64, p-cpe:/a:redhat:enterprise_linux:kernel-devel, p-cpe:/a:redhat:enterprise_linux:kernel-doc, p-cpe:/a:redhat:enterprise_linux:kernel-headers, p-cpe:/a:redhat:enterprise_linux:kernel-kdump, p-cpe:/a:redhat:enterprise_linux:kernel-kdump-debuginfo, p-cpe:/a:redhat:enterprise_linux:kernel-kdump-devel, p-cpe:/a:redhat:enterprise_linux:kernel-tools, p-cpe:/a:redhat:enterprise_linux:kernel-tools-debuginfo, p-cpe:/a:redhat:enterprise_linux:kernel-tools-libs, p-cpe:/a:redhat:enterprise_linux:kernel-tools-libs-devel, p-cpe:/a:redhat:enterprise_linux:perf, p-cpe:/a:redhat:enterprise_linux:perf-debuginfo, p-cpe:/a:redhat:enterprise_linux:python-perf, p-cpe:/a:redhat:enterprise_linux:python-perf-debuginfo, cpe:/o:redhat:enterprise_linux:7, cpe:/o:redhat:enterprise_linux:7.4, cpe:/o:redhat:enterprise_linux:7.5, cpe:/o:redhat:enterprise_linux:7.6, cpe:/o:redhat:enterprise_linux:7.7",
        "Required KB Items": "Host/local_checks_enabled, Host/RedHat/release, Host/RedHat/rpm-list, Host/cpu",
        "Exploit Available": "true",
        "Exploit Ease": "Exploits are available",
        "Patch Publication Date": "10/19/2017",
        "Vulnerability Publication Date": "1/12/2017"
    },
    "Exploitable With": "Core Impact\nMetasploit  (Linux Kernel UDP Fragmentation Offset (UFO) Privilege Escalation)",
    "Reference Information": {
        "CVE": "[CVE-2016-8399](/cve/CVE-2016-8399), [CVE-2017-1000111](/cve/CVE-2017-1000111), [CVE-2017-1000112](/cve/CVE-2017-1000112), [CVE-2017-11176](/cve/CVE-2017-11176), [CVE-2017-14106](/cve/CVE-2017-14106), [CVE-2017-7184](/cve/CVE-2017-7184), [CVE-2017-7541](/cve/CVE-2017-7541), [CVE-2017-7542](/cve/CVE-2017-7542), [CVE-2017-7558](/cve/CVE-2017-7558)",
        "RHSA": "[2017:2930](https://access.redhat.com/errata/RHSA-2017:2930)"
    }
}