{
    "Title": "RHEL 6 : ntp (RHSA-2017:3071)",
    "Synopsis": "The remote Red Hat host is missing one or more security updates.",
    "Description": "An update for ntp is now available for Red Hat Enterprise Linux 6.\nRed Hat Product Security has rated this update as having a security impact of Moderate. A Common Vulnerability Scoring System (CVSS) base score, which gives a detailed severity rating, is available for each vulnerability from the CVE link(s) in the References section.\nThe Network Time Protocol (NTP) is used to synchronize a computer's time with another referenced time source. These packages include the ntpd service which continuously adjusts system time and utilities used to query and configure the ntpd service.\nSecurity Fix(es) :\n* Two vulnerabilities were discovered in the NTP server's parsing of configuration directives. A remote, authenticated attacker could cause ntpd to crash by sending a crafted message. (CVE-2017-6463, CVE-2017-6464)\n* A vulnerability was found in NTP, in the parsing of packets from the /dev/ datum device. A malicious device could send crafted messages, causing ntpd to crash. (CVE-2017-6462)\nRed Hat would like to thank the NTP project for reporting these issues. Upstream acknowledges Cure53 as the original reporter of these issues.",
    "Solution": "Update the affected packages.",
    "See Also": [
        "[https://access.redhat.com/errata/RHSA-2017:3071](https://access.redhat.com/errata/RHSA-2017:3071)",
        "[https://access.redhat.com/security/cve/cve-2017-6462](https://access.redhat.com/security/cve/cve-2017-6462)",
        "[https://access.redhat.com/security/cve/cve-2017-6463](https://access.redhat.com/security/cve/cve-2017-6463)",
        "[https://access.redhat.com/security/cve/cve-2017-6464](https://access.redhat.com/security/cve/cve-2017-6464)"
    ],
    "Plugin Details": {
        "Severity": "High",
        "ID": "104170",
        "File Name": "redhat-RHSA-2017-3071.nasl",
        "Version": "3.9",
        "Type": "local",
        "Agent": "unix",
        "Family": "[Red Hat Local Security Checks](https://www.tenable.com/plugins/nessus/families/Red%20Hat%20Local%20Security%20Checks)",
        "Published": "10/26/2017",
        "Updated": "10/24/2019",
        "Supported Sensors": "Agentless Assessment, Frictionless Assessment Agent, Frictionless Assessment AWS, Frictionless Assessment Azure, Nessus Agent"
    },
    "Risk Information": [
        {
            "Name": "[VPR](https://www.tenable.com/blog/what-is-vpr-and-how-is-it-different-from-cvss)",
            "Risk Factor": "Medium",
            "Score": "5.9"
        },
        {
            "Name": "[CVSS v2](https://nvd.nist.gov/vuln-metrics/cvss/v2-calculator?vector=AV:L/AC:L/Au:N/C:P/I:P/A:P)",
            "Risk Factor": "Medium",
            "Base Score": "4.6",
            "Temporal Score": "3.4",
            "Vector": "CVSS2#AV:L/AC:L/Au:N/C:P/I:P/A:P"
        },
        {
            "Name": "[CVSS v3](https://nvd.nist.gov/vuln-metrics/cvss/v3-calculator?vector=AV:L/AC:L/PR:L/UI:N/S:U/C:H/I:H/A:H/E:U/RL:O/RC:C&version=3.0)",
            "Risk Factor": "High",
            "Base Score": "7.8",
            "Temporal Score": "6.8",
            "Vector": "CVSS:3.0/AV:L/AC:L/PR:L/UI:N/S:U/C:H/I:H/A:H",
            "Temporal Vector": "CVSS:3.0/E:U/RL:O/RC:C"
        }
    ],
    "Vulnerability Information": {
        "CPE": "p-cpe:/a:redhat:enterprise_linux:ntp, p-cpe:/a:redhat:enterprise_linux:ntp-debuginfo, p-cpe:/a:redhat:enterprise_linux:ntp-doc, p-cpe:/a:redhat:enterprise_linux:ntp-perl, p-cpe:/a:redhat:enterprise_linux:ntpdate, cpe:/o:redhat:enterprise_linux:6",
        "Required KB Items": "Host/local_checks_enabled, Host/RedHat/release, Host/RedHat/rpm-list, Host/cpu",
        "Exploit Ease": "No known exploits are available",
        "Patch Publication Date": "10/26/2017",
        "Vulnerability Publication Date": "3/27/2017"
    },
    "Reference Information": {
        "CVE": "[CVE-2017-6462](/cve/CVE-2017-6462), [CVE-2017-6463](/cve/CVE-2017-6463), [CVE-2017-6464](/cve/CVE-2017-6464)",
        "RHSA": "[2017:3071](https://access.redhat.com/errata/RHSA-2017:3071)"
    }
}