{
    "Title": "RHEL 6 : tomcat6 (RHSA-2017:3080)",
    "Synopsis": "The remote Red Hat host is missing one or more security updates.",
    "Description": "An update for tomcat6 is now available for Red Hat Enterprise Linux 6.\nRed Hat Product Security has rated this update as having a security impact of Important. A Common Vulnerability Scoring System (CVSS) base score, which gives a detailed severity rating, is available for each vulnerability from the CVE link(s) in the References section.\nApache Tomcat is a servlet container for the Java Servlet and JavaServer Pages (JSP) technologies.\nSecurity Fix(es) :\n* A vulnerability was discovered in Tomcat's handling of pipelined requests when 'Sendfile' was used. If sendfile processing completed quickly, it was possible for the Processor to be added to the processor cache twice. This could lead to invalid responses or information disclosure. (CVE-2017-5647)\n* A vulnerability was discovered in the error page mechanism in Tomcat's DefaultServlet implementation. A crafted HTTP request could cause undesired side effects, possibly including the removal or replacement of the custom error page. (CVE-2017-5664)\n* Two vulnerabilities were discovered in Tomcat where if a servlet context was configured with readonly=false and HTTP PUT requests were allowed, an attacker could upload a JSP file to that context and achieve code execution. (CVE-2017-12615, CVE-2017-12617)",
    "Solution": "Update the affected packages.",
    "See Also": [
        "[https://access.redhat.com/errata/RHSA-2017:3080](https://access.redhat.com/errata/RHSA-2017:3080)",
        "[https://access.redhat.com/security/cve/cve-2017-12615](https://access.redhat.com/security/cve/cve-2017-12615)",
        "[https://access.redhat.com/security/cve/cve-2017-12617](https://access.redhat.com/security/cve/cve-2017-12617)",
        "[https://access.redhat.com/security/cve/cve-2017-5647](https://access.redhat.com/security/cve/cve-2017-5647)",
        "[https://access.redhat.com/security/cve/cve-2017-5664](https://access.redhat.com/security/cve/cve-2017-5664)"
    ],
    "Plugin Details": {
        "Severity": "High",
        "ID": "104250",
        "File Name": "redhat-RHSA-2017-3080.nasl",
        "Version": "3.15",
        "Type": "local",
        "Agent": "unix",
        "Family": "[Red Hat Local Security Checks](https://www.tenable.com/plugins/nessus/families/Red%20Hat%20Local%20Security%20Checks)",
        "Published": "10/30/2017",
        "Updated": "4/25/2023",
        "Supported Sensors": "Agentless Assessment, Frictionless Assessment Agent, Frictionless Assessment AWS, Frictionless Assessment Azure, Nessus Agent"
    },
    "Risk Information": [
        {
            "Name": "[VPR](https://www.tenable.com/blog/what-is-vpr-and-how-is-it-different-from-cvss)",
            "Risk Factor": "Critical",
            "Score": "9.2"
        },
        {
            "Name": "[CVSS v2](https://nvd.nist.gov/vuln-metrics/cvss/v2-calculator?vector=AV:N/AC:M/Au:N/C:P/I:P/A:P)",
            "Risk Factor": "Medium",
            "Base Score": "6.8",
            "Temporal Score": "5.9",
            "Vector": "CVSS2#AV:N/AC:M/Au:N/C:P/I:P/A:P",
            "CVSS Score Source": "[CVE-2017-12617](https://www.tenable.com/cve/CVE-2017-12617)"
        },
        {
            "Name": "[CVSS v3](https://nvd.nist.gov/vuln-metrics/cvss/v3-calculator?vector=AV:N/AC:H/PR:N/UI:N/S:U/C:H/I:H/A:H/E:H/RL:O/RC:C&version=3.0)",
            "Risk Factor": "High",
            "Base Score": "8.1",
            "Temporal Score": "7.7",
            "Vector": "CVSS:3.0/AV:N/AC:H/PR:N/UI:N/S:U/C:H/I:H/A:H",
            "Temporal Vector": "CVSS:3.0/E:H/RL:O/RC:C"
        }
    ],
    "Vulnerability Information": {
        "CPE": "p-cpe:/a:redhat:enterprise_linux:tomcat6, p-cpe:/a:redhat:enterprise_linux:tomcat6-admin-webapps, p-cpe:/a:redhat:enterprise_linux:tomcat6-docs-webapp, p-cpe:/a:redhat:enterprise_linux:tomcat6-el-2.1-api, p-cpe:/a:redhat:enterprise_linux:tomcat6-javadoc, p-cpe:/a:redhat:enterprise_linux:tomcat6-jsp-2.1-api, p-cpe:/a:redhat:enterprise_linux:tomcat6-lib, p-cpe:/a:redhat:enterprise_linux:tomcat6-servlet-2.5-api, p-cpe:/a:redhat:enterprise_linux:tomcat6-webapps, cpe:/o:redhat:enterprise_linux:6",
        "Required KB Items": "Host/local_checks_enabled, Host/RedHat/release, Host/RedHat/rpm-list, Host/cpu",
        "Exploit Available": "true",
        "Exploit Ease": "Exploits are available",
        "Patch Publication Date": "10/29/2017",
        "Vulnerability Publication Date": "4/17/2017",
        "CISA Known Exploited Vulnerability Due Dates": "4/15/2022"
    },
    "Exploitable With": "CANVAS  (CANVAS)\nCore Impact\nMetasploit  (Tomcat RCE via JSP Upload Bypass)\nElliot  (Apache Tomcat for Windows HTTP PUT Method File Upload)",
    "Reference Information": {
        "CVE": "[CVE-2017-12615](/cve/CVE-2017-12615), [CVE-2017-12617](/cve/CVE-2017-12617), [CVE-2017-5647](/cve/CVE-2017-5647), [CVE-2017-5664](/cve/CVE-2017-5664)",
        "RHSA": "[2017:3080](https://access.redhat.com/errata/RHSA-2017:3080)"
    }
}