{
    "Title": "Oracle Identity Manager Default Account Local Check (CVE-2017-...",
    "Synopsis": "An application installed on the remote host has a default account that allows remote code execution.",
    "Description": "The remote host is missing a security update for Oracle Identity Manager. It, therefore, has a default account enabled that allows an unauthenticated, remote attacker to execute arbitrary code.",
    "Solution": "Apply the appropriate patch according to the Oracle advisory.",
    "See Also": [
        "[http://www.nessus.org/u?85d29654](http://www.nessus.org/u?85d29654)"
    ],
    "Plugin Details": {
        "Severity": "Critical",
        "ID": "104324",
        "File Name": "oracle_identity_management_CVE-2017-10151_local.nasl",
        "Version": "1.13",
        "Type": "local",
        "Agent": "windows, macosx, unix",
        "Family": "[Misc.](https://www.tenable.com/plugins/nessus/families/Misc.)",
        "Published": "11/1/2017",
        "Updated": "5/16/2022",
        "Configuration": "Enable thorough checks",
        "Supported Sensors": "Nessus Agent"
    },
    "Risk Information": [
        {
            "Name": "[VPR](https://www.tenable.com/blog/what-is-vpr-and-how-is-it-different-from-cvss)",
            "Risk Factor": "Medium",
            "Score": "6.5"
        },
        {
            "Name": "[CVSS v2](https://nvd.nist.gov/vuln-metrics/cvss/v2-calculator?vector=AV:N/AC:L/Au:N/C:P/I:P/A:P)",
            "Risk Factor": "High",
            "Base Score": "7.5",
            "Temporal Score": "5.5",
            "Vector": "CVSS2#AV:N/AC:L/Au:N/C:P/I:P/A:P",
            "CVSS Score Source": "[CVE-2017-10151](https://www.tenable.com/cve/CVE-2017-10151)"
        },
        {
            "Name": "[CVSS v3](https://nvd.nist.gov/vuln-metrics/cvss/v3-calculator?vector=AV:N/AC:L/PR:N/UI:N/S:C/C:H/I:H/A:H/E:U/RL:O/RC:C&version=3.0)",
            "Risk Factor": "Critical",
            "Base Score": "10",
            "Temporal Score": "8.7",
            "Vector": "CVSS:3.0/AV:N/AC:L/PR:N/UI:N/S:C/C:H/I:H/A:H",
            "Temporal Vector": "CVSS:3.0/E:U/RL:O/RC:C"
        }
    ],
    "Vulnerability Information": {
        "CPE": "cpe:/a:oracle:identity_manager",
        "Required KB Items": "installed_sw/Oracle Identity Manager",
        "Exploit Ease": "No exploit is required",
        "Patch Publication Date": "11/3/2017",
        "Vulnerability Publication Date": "10/30/2017"
    },
    "Reference Information": {
        "CVE": "[CVE-2017-10151](/cve/CVE-2017-10151)"
    }
}