{
    "Title": "Debian DSA-4018-1 : openssl - security update",
    "Synopsis": "The remote Debian host is missing a security-related update.",
    "Description": "Multiple vulnerabilities have been discovered in OpenSSL, a Secure Sockets Layer toolkit. The Common Vulnerabilities and Exposures project identifies the following issues :\n  - CVE-2017-3735     It was discovered that OpenSSL is prone to a one-byte     buffer overread while parsing a malformed     IPAddressFamily extension in an X.509 certificate.\n  Details can be found in the upstream advisory:\n  https://www.openssl.org/news/secadv/20170828.txt\n  - CVE-2017-3736     It was discovered that OpenSSL contains a carry     propagation bug in the x86_64 Montgomery squaring     procedure.\n  Details can be found in the upstream advisory:\n  https://www.openssl.org/news/secadv/20171102.txt",
    "Solution": "Upgrade the openssl packages.\nFor the oldstable distribution (jessie), CVE-2017-3735 has been fixed in version 1.0.1t-1+deb8u7. The oldstable distribution is not affected by CVE-2017-3736.\nFor the stable distribution (stretch), these problems have been fixed in version 1.1.0f-3+deb9u1.",
    "See Also": [
        "[https://security-tracker.debian.org/tracker/CVE-2017-3735](https://security-tracker.debian.org/tracker/CVE-2017-3735)",
        "[https://www.openssl.org/news/secadv/20170828.txt](https://www.openssl.org/news/secadv/20170828.txt)",
        "[https://security-tracker.debian.org/tracker/CVE-2017-3736](https://security-tracker.debian.org/tracker/CVE-2017-3736)",
        "[https://www.openssl.org/news/secadv/20171102.txt](https://www.openssl.org/news/secadv/20171102.txt)",
        "[https://packages.debian.org/source/jessie/openssl](https://packages.debian.org/source/jessie/openssl)",
        "[https://packages.debian.org/source/stretch/openssl](https://packages.debian.org/source/stretch/openssl)",
        "[https://www.debian.org/security/2017/dsa-4018](https://www.debian.org/security/2017/dsa-4018)"
    ],
    "Plugin Details": {
        "Severity": "Medium",
        "ID": "104402",
        "File Name": "debian_DSA-4018.nasl",
        "Version": "3.6",
        "Type": "local",
        "Agent": "unix",
        "Family": "[Debian Local Security Checks](https://www.tenable.com/plugins/nessus/families/Debian%20Local%20Security%20Checks)",
        "Published": "11/6/2017",
        "Updated": "1/4/2021",
        "Supported Sensors": "Agentless Assessment, Frictionless Assessment Agent, Nessus Agent"
    },
    "Risk Information": [
        {
            "Name": "[VPR](https://www.tenable.com/blog/what-is-vpr-and-how-is-it-different-from-cvss)",
            "Risk Factor": "Low",
            "Score": "3.6"
        },
        {
            "Name": "[CVSS v2](https://nvd.nist.gov/vuln-metrics/cvss/v2-calculator?vector=AV:N/AC:L/Au:N/C:N/I:P/A:N)",
            "Risk Factor": "Medium",
            "Base Score": "5",
            "Vector": "CVSS2#AV:N/AC:L/Au:N/C:N/I:P/A:N"
        },
        {
            "Name": "[CVSS v3](https://nvd.nist.gov/vuln-metrics/cvss/v3-calculator?vector=AV:N/AC:L/PR:L/UI:N/S:U/C:H/I:N/A:N&version=3.0)",
            "Risk Factor": "Medium",
            "Base Score": "6.5",
            "Vector": "CVSS:3.0/AV:N/AC:L/PR:L/UI:N/S:U/C:H/I:N/A:N"
        }
    ],
    "Vulnerability Information": {
        "CPE": "p-cpe:/a:debian:debian_linux:openssl, cpe:/o:debian:debian_linux:8.0, cpe:/o:debian:debian_linux:9.0",
        "Required KB Items": "Host/local_checks_enabled, Host/Debian/release, Host/Debian/dpkg-l",
        "Patch Publication Date": "11/4/2017"
    },
    "Reference Information": {
        "CVE": "[CVE-2017-3735](/cve/CVE-2017-3735), [CVE-2017-3736](/cve/CVE-2017-3736)",
        "DSA": "4018"
    }
}