{
    "Title": "RHEL 6 / 7 : Red Hat JBoss Web Server (RHSA-2017:3113) (Option...",
    "Synopsis": "The remote Red Hat host is missing one or more security updates.",
    "Description": "An update is now available for Red Hat JBoss Enterprise Web Server 2.1.2 for RHEL 6 and Red Hat JBoss Enterprise Web Server 2.1.2 for RHEL 7.\nRed Hat Product Security has rated this update as having a security impact of Important. A Common Vulnerability Scoring System (CVSS) base score, which gives a detailed severity rating, is available for each vulnerability from the CVE link(s) in the References section.\nThe httpd packages provide the Apache HTTP Server, a powerful, efficient, and extensible web server.\nOpenSSL is a toolkit that implements the Secure Sockets Layer (SSL) and Transport Layer Security (TLS) protocols, as well as a full-strength general-purpose cryptography library.\nApache Tomcat is a servlet container for the Java Servlet and JavaServer Pages (JSP) technologies.\nThis release provides an update to httpd, OpenSSL and Tomcat 6/7 for Red Hat JBoss Web Server 2.1.2. The updates are documented in the Release Notes document linked to in the References.\nThis release of Red Hat JBoss Web Server 2.1.2 Service Pack 2 serves as a update for Red Hat JBoss Web Server 2, and includes bug fixes, which are documented in the Release Notes document linked to in the References.\nUsers of Red Hat JBoss Web Server 2 should upgrade to these updated packages, which resolve several security issues.\nSecurity Fix(es) :\n* It was discovered that the httpd's mod_auth_digest module did not properly initialize memory before using it when processing certain headers related to digest authentication. A remote attacker could possibly use this flaw to disclose potentially sensitive information or cause httpd child process to crash by sending specially crafted requests to a server. (CVE-2017-9788)\n* A vulnerability was discovered in Tomcat where if a servlet context was configured with readonly=false and HTTP PUT requests were allowed, an attacker could upload a JSP file to that context and achieve code execution. (CVE-2017-12615)\n* A vulnerability was discovered in Tomcat where if a servlet context was configured with readonly=false and HTTP PUT requests were allowed, an attacker could upload a JSP file to that context and achieve code execution. (CVE-2017-12617)\n* A flaw was found in the way the DES/3DES cipher was used as part of the TLS /SSL protocol. A man-in-the-middle attacker could use this flaw to recover some plaintext data by capturing large amounts of encrypted traffic between TLS/SSL server and client if the communication used a DES/3DES based ciphersuite. (CVE-2016-2183)\n* A use-after-free flaw was found in the way httpd handled invalid and previously unregistered HTTP methods specified in the Limit directive used in an .htaccess file. A remote attacker could possibly use this flaw to disclose portions of the server memory, or cause httpd child process to crash. (CVE-2017-9798)\nRed Hat would like to thank OpenVPN for reporting CVE-2016-2183 and Hanno Bock for reporting CVE-2017-9798. Upstream acknowledges Karthikeyan Bhargavan (Inria) and Gaetan Leurent (Inria) as the original reporters of CVE-2016-2183.\nBug Fix(es) :\n* Corruption in nodestatsmem in multiple core dumps but in different functions of each core dump. (BZ#1338640)\n* mod_cluster segfaults in process_info() due to wrongly generated assembler instruction movslq (BZ#1448709)\n* CRL checking of very large CRLs fails with OpenSSL 1.0.2 (BZ#1493075)",
    "Solution": "Update the affected packages.",
    "See Also": [
        "[https://access.redhat.com/articles/3227901](https://access.redhat.com/articles/3227901)",
        "[https://access.redhat.com/errata/RHSA-2017:3113](https://access.redhat.com/errata/RHSA-2017:3113)",
        "[https://access.redhat.com/security/cve/cve-2016-2183](https://access.redhat.com/security/cve/cve-2016-2183)",
        "[https://access.redhat.com/security/cve/cve-2017-12615](https://access.redhat.com/security/cve/cve-2017-12615)",
        "[https://access.redhat.com/security/cve/cve-2017-12617](https://access.redhat.com/security/cve/cve-2017-12617)",
        "[https://access.redhat.com/security/cve/cve-2017-9788](https://access.redhat.com/security/cve/cve-2017-9788)",
        "[https://access.redhat.com/security/cve/cve-2017-9798](https://access.redhat.com/security/cve/cve-2017-9798)"
    ],
    "Plugin Details": {
        "Severity": "Critical",
        "ID": "104456",
        "File Name": "redhat-RHSA-2017-3113.nasl",
        "Version": "3.18",
        "Type": "local",
        "Agent": "unix",
        "Family": "[Red Hat Local Security Checks](https://www.tenable.com/plugins/nessus/families/Red%20Hat%20Local%20Security%20Checks)",
        "Published": "11/8/2017",
        "Updated": "4/25/2023",
        "Supported Sensors": "Agentless Assessment, Frictionless Assessment Agent, Frictionless Assessment AWS, Frictionless Assessment Azure, Nessus Agent"
    },
    "Risk Information": [
        {
            "Name": "[VPR](https://www.tenable.com/blog/what-is-vpr-and-how-is-it-different-from-cvss)",
            "Risk Factor": "Critical",
            "Score": "9.2"
        },
        {
            "Name": "[CVSS v2](https://nvd.nist.gov/vuln-metrics/cvss/v2-calculator?vector=AV:N/AC:M/Au:N/C:P/I:P/A:P)",
            "Risk Factor": "Medium",
            "Base Score": "6.8",
            "Temporal Score": "5.9",
            "Vector": "CVSS2#AV:N/AC:M/Au:N/C:P/I:P/A:P",
            "CVSS Score Source": "[CVE-2017-12617](https://www.tenable.com/cve/CVE-2017-12617)"
        },
        {
            "Name": "[CVSS v3](https://nvd.nist.gov/vuln-metrics/cvss/v3-calculator?vector=AV:N/AC:L/PR:N/UI:N/S:U/C:H/I:N/A:H/E:H/RL:O/RC:C&version=3.0)",
            "Risk Factor": "Critical",
            "Base Score": "9.1",
            "Temporal Score": "8.7",
            "Vector": "CVSS:3.0/AV:N/AC:L/PR:N/UI:N/S:U/C:H/I:N/A:H",
            "Temporal Vector": "CVSS:3.0/E:H/RL:O/RC:C",
            "CVSS Score Source": "[CVE-2017-9788](https://www.tenable.com/cve/CVE-2017-9788)"
        }
    ],
    "Vulnerability Information": {
        "CPE": "p-cpe:/a:redhat:enterprise_linux:httpd, p-cpe:/a:redhat:enterprise_linux:httpd-debuginfo, p-cpe:/a:redhat:enterprise_linux:httpd-devel, p-cpe:/a:redhat:enterprise_linux:httpd-manual, p-cpe:/a:redhat:enterprise_linux:httpd-tools, p-cpe:/a:redhat:enterprise_linux:httpd22, p-cpe:/a:redhat:enterprise_linux:httpd22-debuginfo, p-cpe:/a:redhat:enterprise_linux:httpd22-devel, p-cpe:/a:redhat:enterprise_linux:httpd22-manual, p-cpe:/a:redhat:enterprise_linux:httpd22-tools, p-cpe:/a:redhat:enterprise_linux:jbcs-httpd24-openssl, p-cpe:/a:redhat:enterprise_linux:jbcs-httpd24-openssl-debuginfo, p-cpe:/a:redhat:enterprise_linux:jbcs-httpd24-openssl-devel, p-cpe:/a:redhat:enterprise_linux:jbcs-httpd24-openssl-libs, p-cpe:/a:redhat:enterprise_linux:jbcs-httpd24-openssl-perl, p-cpe:/a:redhat:enterprise_linux:jbcs-httpd24-openssl-static, p-cpe:/a:redhat:enterprise_linux:mod_cluster-native, p-cpe:/a:redhat:enterprise_linux:mod_cluster-native-debuginfo, p-cpe:/a:redhat:enterprise_linux:mod_ldap, p-cpe:/a:redhat:enterprise_linux:mod_ldap22, p-cpe:/a:redhat:enterprise_linux:mod_ssl, p-cpe:/a:redhat:enterprise_linux:mod_ssl22, p-cpe:/a:redhat:enterprise_linux:tomcat6, p-cpe:/a:redhat:enterprise_linux:tomcat6-admin-webapps, p-cpe:/a:redhat:enterprise_linux:tomcat6-docs-webapp, p-cpe:/a:redhat:enterprise_linux:tomcat6-el-2.1-api, p-cpe:/a:redhat:enterprise_linux:tomcat6-javadoc, p-cpe:/a:redhat:enterprise_linux:tomcat6-jsp-2.1-api, p-cpe:/a:redhat:enterprise_linux:tomcat6-lib, p-cpe:/a:redhat:enterprise_linux:tomcat6-log4j, p-cpe:/a:redhat:enterprise_linux:tomcat6-maven-devel, p-cpe:/a:redhat:enterprise_linux:tomcat6-servlet-2.5-api, p-cpe:/a:redhat:enterprise_linux:tomcat6-webapps, p-cpe:/a:redhat:enterprise_linux:tomcat7, p-cpe:/a:redhat:enterprise_linux:tomcat7-admin-webapps, p-cpe:/a:redhat:enterprise_linux:tomcat7-docs-webapp, p-cpe:/a:redhat:enterprise_linux:tomcat7-el-2.2-api, p-cpe:/a:redhat:enterprise_linux:tomcat7-javadoc, p-cpe:/a:redhat:enterprise_linux:tomcat7-jsp-2.2-api, p-cpe:/a:redhat:enterprise_linux:tomcat7-lib, p-cpe:/a:redhat:enterprise_linux:tomcat7-log4j, p-cpe:/a:redhat:enterprise_linux:tomcat7-maven-devel, p-cpe:/a:redhat:enterprise_linux:tomcat7-servlet-3.0-api, p-cpe:/a:redhat:enterprise_linux:tomcat7-webapps, cpe:/o:redhat:enterprise_linux:6, cpe:/o:redhat:enterprise_linux:7",
        "Required KB Items": "Host/local_checks_enabled, Host/RedHat/release, Host/RedHat/rpm-list, Host/cpu",
        "Exploit Available": "true",
        "Exploit Ease": "Exploits are available",
        "Patch Publication Date": "11/2/2017",
        "Vulnerability Publication Date": "9/1/2016",
        "CISA Known Exploited Vulnerability Due Dates": "4/15/2022"
    },
    "Exploitable With": "CANVAS  (CANVAS)\nCore Impact\nMetasploit  (Tomcat RCE via JSP Upload Bypass)\nElliot  (Apache Tomcat for Windows HTTP PUT Method File Upload)",
    "Reference Information": {
        "CVE": "[CVE-2016-2183](/cve/CVE-2016-2183), [CVE-2017-12615](/cve/CVE-2017-12615), [CVE-2017-12617](/cve/CVE-2017-12617), [CVE-2017-9788](/cve/CVE-2017-9788), [CVE-2017-9798](/cve/CVE-2017-9798)",
        "RHSA": "[2017:3113](https://access.redhat.com/errata/RHSA-2017:3113)"
    }
}