{
    "Title": "SUSE SLED12 / SLES12 Security Update : ImageMagick (SUSE-SU-20...",
    "Synopsis": "The remote SUSE host is missing one or more security updates.",
    "Description": "This update for ImageMagick fixes the following issues: Security issues fixed :\n  - CVE-2017-15033: A denial of service attack (memory leak)     was fixed in ReadYUVImage in coders/yuv.c [bsc#1061873]\n  - CVE-2017-11446: An infinite loop in ReadPESImage was     fixed. (bsc#1049379)\n  - CVE-2017-12433: A memory leak in ReadPESImage in     coders/pes.c was fixed. (bsc#1052545)\n  - CVE-2017-12428: A memory leak in ReadWMFImage in     coders/wmf.c was fixed. (bsc#1052249)\n  - CVE-2017-12431: A use-after-free in ReadWMFImage was     fixed. (bsc#1052253)\n  - CVE-2017-11534: A memory leak in the lite_font_map() in     coders/wmf.c was fixed. (bsc#1050135)\n  - CVE-2017-13133: A memory exhaustion in load_level     function in coders/xcf.c was fixed. (bsc#1055219)\n  - CVE-2017-13139: A out-of-bounds read in the     ReadOneMNGImage was fixed. (bsc#1055430) This update     also reverts an incorrect fix for CVE-2016-7530     [bsc#1054924].\nNote that Tenable Network Security has extracted the preceding description block directly from the SUSE security advisory. Tenable has attempted to automatically clean and format it as much as possible without introducing additional issues.",
    "Solution": "To install this SUSE Security Update use YaST online_update.\nAlternatively you can run the command listed for your product :\nSUSE Linux Enterprise Workstation Extension 12-SP3:zypper in -t patch SUSE-SLE-WE-12-SP3-2017-1828=1\nSUSE Linux Enterprise Workstation Extension 12-SP2:zypper in -t patch SUSE-SLE-WE-12-SP2-2017-1828=1\nSUSE Linux Enterprise Software Development Kit 12-SP3:zypper in -t patch SUSE-SLE-SDK-12-SP3-2017-1828=1\nSUSE Linux Enterprise Software Development Kit 12-SP2:zypper in -t patch SUSE-SLE-SDK-12-SP2-2017-1828=1\nSUSE Linux Enterprise Server for Raspberry Pi 12-SP2:zypper in -t patch SUSE-SLE-RPI-12-SP2-2017-1828=1\nSUSE Linux Enterprise Server 12-SP3:zypper in -t patch SUSE-SLE-SERVER-12-SP3-2017-1828=1\nSUSE Linux Enterprise Server 12-SP2:zypper in -t patch SUSE-SLE-SERVER-12-SP2-2017-1828=1\nSUSE Linux Enterprise Desktop 12-SP3:zypper in -t patch SUSE-SLE-DESKTOP-12-SP3-2017-1828=1\nSUSE Linux Enterprise Desktop 12-SP2:zypper in -t patch SUSE-SLE-DESKTOP-12-SP2-2017-1828=1\nTo bring your system up-to-date, use 'zypper patch'.",
    "See Also": [
        "[https://bugzilla.suse.com/show_bug.cgi?id=1049379](https://bugzilla.suse.com/show_bug.cgi?id=1049379)",
        "[https://bugzilla.suse.com/show_bug.cgi?id=1050135](https://bugzilla.suse.com/show_bug.cgi?id=1050135)",
        "[https://bugzilla.suse.com/show_bug.cgi?id=1052249](https://bugzilla.suse.com/show_bug.cgi?id=1052249)",
        "[https://bugzilla.suse.com/show_bug.cgi?id=1052253](https://bugzilla.suse.com/show_bug.cgi?id=1052253)",
        "[https://bugzilla.suse.com/show_bug.cgi?id=1052545](https://bugzilla.suse.com/show_bug.cgi?id=1052545)",
        "[https://bugzilla.suse.com/show_bug.cgi?id=1054924](https://bugzilla.suse.com/show_bug.cgi?id=1054924)",
        "[https://bugzilla.suse.com/show_bug.cgi?id=1055219](https://bugzilla.suse.com/show_bug.cgi?id=1055219)",
        "[https://bugzilla.suse.com/show_bug.cgi?id=1055430](https://bugzilla.suse.com/show_bug.cgi?id=1055430)",
        "[https://bugzilla.suse.com/show_bug.cgi?id=1061873](https://bugzilla.suse.com/show_bug.cgi?id=1061873)",
        "[https://www.suse.com/security/cve/CVE-2016-7530/](https://www.suse.com/security/cve/CVE-2016-7530/)",
        "[https://www.suse.com/security/cve/CVE-2017-11446/](https://www.suse.com/security/cve/CVE-2017-11446/)",
        "[https://www.suse.com/security/cve/CVE-2017-11534/](https://www.suse.com/security/cve/CVE-2017-11534/)",
        "[https://www.suse.com/security/cve/CVE-2017-12428/](https://www.suse.com/security/cve/CVE-2017-12428/)",
        "[https://www.suse.com/security/cve/CVE-2017-12431/](https://www.suse.com/security/cve/CVE-2017-12431/)",
        "[https://www.suse.com/security/cve/CVE-2017-12433/](https://www.suse.com/security/cve/CVE-2017-12433/)",
        "[https://www.suse.com/security/cve/CVE-2017-13133/](https://www.suse.com/security/cve/CVE-2017-13133/)",
        "[https://www.suse.com/security/cve/CVE-2017-13139/](https://www.suse.com/security/cve/CVE-2017-13139/)",
        "[https://www.suse.com/security/cve/CVE-2017-15033/](https://www.suse.com/security/cve/CVE-2017-15033/)",
        "[http://www.nessus.org/u?8045d40c](http://www.nessus.org/u?8045d40c)"
    ],
    "Plugin Details": {
        "Severity": "Critical",
        "ID": "104474",
        "File Name": "suse_SU-2017-2949-1.nasl",
        "Version": "3.8",
        "Type": "local",
        "Agent": "unix",
        "Family": "[SuSE Local Security Checks](https://www.tenable.com/plugins/nessus/families/SuSE%20Local%20Security%20Checks)",
        "Published": "11/9/2017",
        "Updated": "1/6/2021",
        "Supported Sensors": "Frictionless Assessment Azure, Agentless Assessment, Frictionless Assessment Agent, Frictionless Assessment AWS, Nessus Agent"
    },
    "Risk Information": [
        {
            "Name": "[VPR](https://www.tenable.com/blog/what-is-vpr-and-how-is-it-different-from-cvss)",
            "Risk Factor": "Medium",
            "Score": "5.9"
        },
        {
            "Name": "[CVSS v2](https://nvd.nist.gov/vuln-metrics/cvss/v2-calculator?vector=AV:N/AC:L/Au:N/C:P/I:P/A:P)",
            "Risk Factor": "High",
            "Base Score": "7.5",
            "Temporal Score": "5.5",
            "Vector": "CVSS2#AV:N/AC:L/Au:N/C:P/I:P/A:P"
        },
        {
            "Name": "[CVSS v3](https://nvd.nist.gov/vuln-metrics/cvss/v3-calculator?vector=AV:N/AC:L/PR:N/UI:N/S:U/C:H/I:H/A:H/E:U/RL:O/RC:C&version=3.0)",
            "Risk Factor": "Critical",
            "Base Score": "9.8",
            "Temporal Score": "8.5",
            "Vector": "CVSS:3.0/AV:N/AC:L/PR:N/UI:N/S:U/C:H/I:H/A:H",
            "Temporal Vector": "CVSS:3.0/E:U/RL:O/RC:C"
        }
    ],
    "Vulnerability Information": {
        "CPE": "p-cpe:/a:novell:suse_linux:imagemagick, p-cpe:/a:novell:suse_linux:imagemagick-debuginfo, p-cpe:/a:novell:suse_linux:imagemagick-debugsource, p-cpe:/a:novell:suse_linux:libmagick%2b%2b-6_q16, p-cpe:/a:novell:suse_linux:libmagick%2b%2b-6_q16-3-debuginfo, p-cpe:/a:novell:suse_linux:libmagickcore-6_q16, p-cpe:/a:novell:suse_linux:libmagickcore-6_q16-1, p-cpe:/a:novell:suse_linux:libmagickcore-6_q16-1-debuginfo, p-cpe:/a:novell:suse_linux:libmagickwand-6_q16, p-cpe:/a:novell:suse_linux:libmagickwand-6_q16-1-debuginfo, cpe:/o:novell:suse_linux:12",
        "Required KB Items": "Host/local_checks_enabled, Host/SuSE/rpm-list, Host/cpu, Host/SuSE/release",
        "Exploit Ease": "No known exploits are available",
        "Patch Publication Date": "11/8/2017",
        "Vulnerability Publication Date": "4/20/2017"
    },
    "Reference Information": {
        "CVE": "[CVE-2016-7530](/cve/CVE-2016-7530), [CVE-2017-11446](/cve/CVE-2017-11446), [CVE-2017-11534](/cve/CVE-2017-11534), [CVE-2017-12428](/cve/CVE-2017-12428), [CVE-2017-12431](/cve/CVE-2017-12431), [CVE-2017-12433](/cve/CVE-2017-12433), [CVE-2017-13133](/cve/CVE-2017-13133), [CVE-2017-13139](/cve/CVE-2017-13139), [CVE-2017-15033](/cve/CVE-2017-15033)"
    }
}