{
    "Title": "RHEL 7 : Storage Server (RHSA-2017:3277)",
    "Synopsis": "The remote Red Hat host is missing one or more security updates.",
    "Description": "An update for tcmu-runner is now available for Red Hat Gluster Storage 3.3.1 for Red Hat Enterprise Linux 7.\nRed Hat Product Security has rated this update as having a security impact of Moderate. A Common Vulnerability Scoring System (CVSS) base score, which gives a detailed severity rating, is available for each vulnerability from the CVE link(s) in the References section.\nThe tcmu-runner packages provide a service that handles the complexity of the LIO kernel target's userspace passthrough interface (TCMU). It presents a C plugin API for extension modules that handle SCSI requests in ways not possible or suitable to be handled by LIO's in-kernel backstores.\nSecurity Fix(es) :\n* A flaw was found in the implementation of CheckConfig method in handler_glfs.so of the tcmu-runner daemon. A local, non-root user with access to the D-Bus system bus could send a specially crafted string to CheckConfig method resulting in various kinds of segmentation fault. (CVE-2017-1000198)\n* A NULL pointer dereference flaw was found in the UnregisterHandler method implemented in the tcmu-runner daemon. A local, non-root user with access to the D-Bus system bus could call the UnregisterHandler method with the name of a handler loaded internally in tcmu-runner via dlopen() to trigger DoS. (CVE-2017-1000200)\n* A NULL pointer dereference flaw was found in the UnregisterHandler method implemented in the tcmu-runner daemon. A local, non-root user with access to the D-Bus system bus could call UnregisterHandler method with non-existing tcmu handler as paramater to trigger DoS.\n(CVE-2017-1000201)\n* A file information leak flaw was found in implementation of the CheckConfig method in handler_qcow.so of the tcmu-runner daemon. A local, non-root user with access to the D-Bus system bus could use this flaw to leak arbitrary file names which might not be retrievable by non-root user. (CVE-2017-1000199)",
    "Solution": "Update the affected packages.",
    "See Also": [
        "[https://access.redhat.com/errata/RHSA-2017:3277](https://access.redhat.com/errata/RHSA-2017:3277)",
        "[https://access.redhat.com/security/cve/cve-2017-1000198](https://access.redhat.com/security/cve/cve-2017-1000198)",
        "[https://access.redhat.com/security/cve/cve-2017-1000199](https://access.redhat.com/security/cve/cve-2017-1000199)",
        "[https://access.redhat.com/security/cve/cve-2017-1000200](https://access.redhat.com/security/cve/cve-2017-1000200)",
        "[https://access.redhat.com/security/cve/cve-2017-1000201](https://access.redhat.com/security/cve/cve-2017-1000201)"
    ],
    "Plugin Details": {
        "Severity": "High",
        "ID": "104865",
        "File Name": "redhat-RHSA-2017-3277.nasl",
        "Version": "3.8",
        "Type": "local",
        "Agent": "unix",
        "Family": "[Red Hat Local Security Checks](https://www.tenable.com/plugins/nessus/families/Red%20Hat%20Local%20Security%20Checks)",
        "Published": "11/30/2017",
        "Updated": "10/24/2019",
        "Supported Sensors": "Agentless Assessment, Frictionless Assessment Agent, Frictionless Assessment AWS, Frictionless Assessment Azure, Nessus Agent"
    },
    "Risk Information": [
        {
            "Name": "[VPR](https://www.tenable.com/blog/what-is-vpr-and-how-is-it-different-from-cvss)",
            "Risk Factor": "Low",
            "Score": "3.6"
        },
        {
            "Name": "[CVSS v2](https://nvd.nist.gov/vuln-metrics/cvss/v2-calculator?vector=AV:N/AC:L/Au:N/C:N/I:N/A:P)",
            "Risk Factor": "Medium",
            "Base Score": "5",
            "Temporal Score": "3.7",
            "Vector": "CVSS2#AV:N/AC:L/Au:N/C:N/I:N/A:P"
        },
        {
            "Name": "[CVSS v3](https://nvd.nist.gov/vuln-metrics/cvss/v3-calculator?vector=AV:N/AC:L/PR:N/UI:N/S:U/C:N/I:N/A:H/E:U/RL:O/RC:C&version=3.0)",
            "Risk Factor": "High",
            "Base Score": "7.5",
            "Temporal Score": "6.5",
            "Vector": "CVSS:3.0/AV:N/AC:L/PR:N/UI:N/S:U/C:N/I:N/A:H",
            "Temporal Vector": "CVSS:3.0/E:U/RL:O/RC:C"
        }
    ],
    "Vulnerability Information": {
        "CPE": "p-cpe:/a:redhat:enterprise_linux:libtcmu, p-cpe:/a:redhat:enterprise_linux:libtcmu-devel, p-cpe:/a:redhat:enterprise_linux:tcmu-runner, p-cpe:/a:redhat:enterprise_linux:tcmu-runner-debuginfo, cpe:/o:redhat:enterprise_linux:7",
        "Required KB Items": "Host/local_checks_enabled, Host/RedHat/release, Host/RedHat/rpm-list, Host/cpu",
        "Exploit Ease": "No known exploits are available",
        "Patch Publication Date": "11/29/2017",
        "Vulnerability Publication Date": "11/17/2017"
    },
    "Reference Information": {
        "CVE": "[CVE-2017-1000198](/cve/CVE-2017-1000198), [CVE-2017-1000199](/cve/CVE-2017-1000199), [CVE-2017-1000200](/cve/CVE-2017-1000200), [CVE-2017-1000201](/cve/CVE-2017-1000201)",
        "RHSA": "[2017:3277](https://access.redhat.com/errata/RHSA-2017:3277)"
    }
}