{
    "Title": "RHEL 7 : qemu-kvm-rhev (RHSA-2017:3369)",
    "Synopsis": "The remote Red Hat host is missing one or more security updates.",
    "Description": "An update for qemu-kvm-rhev is now available for Red Hat Enterprise Virtualization (RHEV) 4.X, Red Hat Enterprise Virtualization Hypervisor (RHEV-H) and Agents for Red Hat Enterprise Linux 7.\nRed Hat Product Security has rated this update as having a security impact of Moderate. A Common Vulnerability Scoring System (CVSS) base score, which gives a detailed severity rating, is available for each vulnerability from the CVE link(s) in the References section.\nKVM (Kernel-based Virtual Machine) is a full virtualization solution for Linux on a variety of architectures. The qemu-kvm-rhev packages provide the user-space component for running virtual machines that use KVM in environments managed by Red Hat products.\nSecurity Fix(es) :\n* Quick Emulator (QEMU), compiled with qemu_map_ram_ptr to access guests' RAM block area, is vulnerable to an OOB r/w access issue. The crash can occur if a privileged user inside a guest conducts certain DMA operations, resulting in a DoS. (CVE-2017-11334)\n* Quick Emulator (QEMU), compiled with the PC System Emulator with multiboot feature support, is vulnerable to an OOB r/w memory access issue. The issue could occur due to an integer overflow while loading a kernel image during a guest boot. A user or process could use this flaw to potentially achieve arbitrary code execution on a host.\n(CVE-2017-14167)\n* Quick emulator (QEMU), compiled with the Cirrus CLGD 54xx VGA Emulator support, is vulnerable to an OOB write access issue. The issue could occur while writing to VGA memory via mode4and5 write functions. A privileged user inside guest could use this flaw to crash the QEMU process resulting in Denial of Serivce (DoS).\n(CVE-2017-15289)\nRed Hat would like to thank Alex for reporting CVE-2017-11334; Thomas Garnier (Google.com) for reporting CVE-2017-14167; and Guoxiang Niu (Huawei.com) for reporting CVE-2017-15289.\nBug Fix(es) :\n* Improvements made for qemu 2.9 to the NBD code used during live storage migration were not robust to an abrupt exit of the other end of the connection; the result was that live migration could fail if the source side NBD connection failed. The NBD code has been fixed to be more robust regardless of what the other side of the connection does. (BZ#1495474)",
    "Solution": "Update the affected packages.",
    "See Also": [
        "[https://access.redhat.com/errata/RHSA-2017:3369](https://access.redhat.com/errata/RHSA-2017:3369)",
        "[https://access.redhat.com/security/cve/cve-2017-11334](https://access.redhat.com/security/cve/cve-2017-11334)",
        "[https://access.redhat.com/security/cve/cve-2017-14167](https://access.redhat.com/security/cve/cve-2017-14167)",
        "[https://access.redhat.com/security/cve/cve-2017-15289](https://access.redhat.com/security/cve/cve-2017-15289)"
    ],
    "Plugin Details": {
        "Severity": "High",
        "ID": "104987",
        "File Name": "redhat-RHSA-2017-3369.nasl",
        "Version": "3.10",
        "Type": "local",
        "Agent": "unix",
        "Family": "[Red Hat Local Security Checks](https://www.tenable.com/plugins/nessus/families/Red%20Hat%20Local%20Security%20Checks)",
        "Published": "12/4/2017",
        "Updated": "10/24/2019",
        "Supported Sensors": "Agentless Assessment, Frictionless Assessment Agent, Frictionless Assessment AWS, Frictionless Assessment Azure, Nessus Agent"
    },
    "Risk Information": [
        {
            "Name": "[VPR](https://www.tenable.com/blog/what-is-vpr-and-how-is-it-different-from-cvss)",
            "Risk Factor": "Medium",
            "Score": "6.5"
        },
        {
            "Name": "[CVSS v2](https://nvd.nist.gov/vuln-metrics/cvss/v2-calculator?vector=AV:L/AC:L/Au:N/C:C/I:C/A:C)",
            "Risk Factor": "High",
            "Base Score": "7.2",
            "Temporal Score": "5.3",
            "Vector": "CVSS2#AV:L/AC:L/Au:N/C:C/I:C/A:C"
        },
        {
            "Name": "[CVSS v3](https://nvd.nist.gov/vuln-metrics/cvss/v3-calculator?vector=AV:L/AC:L/PR:L/UI:N/S:C/C:H/I:H/A:H/E:U/RL:O/RC:C&version=3.0)",
            "Risk Factor": "High",
            "Base Score": "8.8",
            "Temporal Score": "7.7",
            "Vector": "CVSS:3.0/AV:L/AC:L/PR:L/UI:N/S:C/C:H/I:H/A:H",
            "Temporal Vector": "CVSS:3.0/E:U/RL:O/RC:C"
        }
    ],
    "Vulnerability Information": {
        "CPE": "p-cpe:/a:redhat:enterprise_linux:qemu-img-rhev, p-cpe:/a:redhat:enterprise_linux:qemu-kvm-common-rhev, p-cpe:/a:redhat:enterprise_linux:qemu-kvm-rhev, p-cpe:/a:redhat:enterprise_linux:qemu-kvm-rhev-debuginfo, p-cpe:/a:redhat:enterprise_linux:qemu-kvm-tools-rhev, cpe:/o:redhat:enterprise_linux:7",
        "Required KB Items": "Host/local_checks_enabled, Host/RedHat/release, Host/RedHat/rpm-list, Host/cpu",
        "Exploit Ease": "No known exploits are available",
        "Patch Publication Date": "11/30/2017",
        "Vulnerability Publication Date": "8/2/2017"
    },
    "Reference Information": {
        "CVE": "[CVE-2017-11334](/cve/CVE-2017-11334), [CVE-2017-14167](/cve/CVE-2017-14167), [CVE-2017-15289](/cve/CVE-2017-15289)",
        "RHSA": "[2017:3369](https://access.redhat.com/errata/RHSA-2017:3369)"
    }
}