{
    "Title": "SUSE SLES12 Security Update : kernel (SUSE-SU-2017:3210-1) (Di...",
    "Synopsis": "The remote SUSE host is missing one or more security updates.",
    "Description": "The SUSE Linux Enterprise 12 SP1 kernel was updated to receive various security and bugfixes. The following security bugs were fixed :\n  - CVE-2017-16939: The XFRM dump policy implementation in     net/xfrm/xfrm_user.c in the Linux kernel allowed local     users to gain privileges or cause a denial of service     (use-after-free) via a crafted SO_RCVBUF setsockopt     system call in conjunction with XFRM_MSG_GETPOLICY     Netlink messages. (bnc#1069702)\n  - CVE-2017-1000405: mm, thp: do not dirty huge pages on     read fault (bnc#1069496).\n  - CVE-2017-16649: The usbnet_generic_cdc_bind function in     drivers/net/usb/cdc_ether.c in the Linux kernel allowed     local users to cause a denial of service (divide-by-zero     error and system crash) or possibly have unspecified     other impact via a crafted USB device. (bnc#1067085)\n  - CVE-2014-0038: The compat_sys_recvmmsg function in     net/compat.c, when CONFIG_X86_X32 is enabled, allowed     local users to gain privileges via a recvmmsg system     call with a crafted timeout pointer parameter     (bnc#860993).\n  - CVE-2017-16650: The qmi_wwan_bind function in     drivers/net/usb/qmi_wwan.c in the Linux kernel allowed     local users to cause a denial of service (divide-by-zero     error and system crash) or possibly have unspecified     other impact via a crafted USB device. (bnc#1067086)\n  - CVE-2017-16535: The usb_get_bos_descriptor function in     drivers/usb/core/config.c in the Linux kernel allowed     local users to cause a denial of service (out-of-bounds     read and system crash) or possibly have unspecified     other impact via a crafted USB device. (bnc#1066700)\n  - CVE-2017-15102: The tower_probe function in     drivers/usb/misc/legousbtower.c in the Linux kernel     allowed local users (who are physically proximate for     inserting a crafted USB device) to gain privileges by     leveraging a write-what-where condition that occurs     after a race condition and a NULL pointer dereference.\n    (bnc#1066705)\n  - CVE-2017-16531: drivers/usb/core/config.c in the Linux     kernel allowed local users to cause a denial of service     (out-of-bounds read and system crash) or possibly have     unspecified other impact via a crafted USB device,     related to the USB_DT_INTERFACE_ASSOCIATION descriptor.\n    (bnc#1066671)\n  - CVE-2017-12193: The     assoc_array_insert_into_terminal_node function in     lib/assoc_array.c in the Linux kernel mishandled node     splitting, which allowed local users to cause a denial     of service (NULL pointer dereference and panic) via a     crafted application, as demonstrated by the keyring key     type, and key addition and link creation operations.\n    (bnc#1066192)\n  - CVE-2017-16529: The snd_usb_create_streams function in     sound/usb/card.c in the Linux kernel allowed local users     to cause a denial of service (out-of-bounds read and     system crash) or possibly have unspecified other impact     via a crafted USB device. (bnc#1066650)\n  - CVE-2017-16525: The usb_serial_console_disconnect     function in drivers/usb/serial/console.c in the Linux     kernel allowed local users to cause a denial of service     (use-after-free and system crash) or possibly have     unspecified other impact via a crafted USB device,     related to disconnection and failed setup. (bnc#1066618)\n  - CVE-2017-16537: The imon_probe function in     drivers/media/rc/imon.c in the Linux kernel allowed     local users to cause a denial of service (NULL pointer     dereference and system crash) or possibly have     unspecified other impact via a crafted USB device.\n    (bnc#1066573)\n  - CVE-2017-16536: The cx231xx_usb_probe function in     drivers/media/usb/cx231xx/cx231xx-cards.c in the Linux     kernel allowed local users to cause a denial of service     (NULL pointer dereference and system crash) or possibly     have unspecified other impact via a crafted USB device.\n    (bnc#1066606)\n  - CVE-2017-16527: sound/usb/mixer.c in the Linux kernel     allowed local users to cause a denial of service     (snd_usb_mixer_interrupt use-after-free and system     crash) or possibly have unspecified other impact via a     crafted USB device. (bnc#1066625)\nThe update package also includes non-security fixes. See advisory for details.\nNote that Tenable Network Security has extracted the preceding description block directly from the SUSE security advisory. Tenable has attempted to automatically clean and format it as much as possible without introducing additional issues.",
    "Solution": "To install this SUSE Security Update use YaST online_update.\nAlternatively you can run the command listed for your product :\nSUSE OpenStack Cloud 6:zypper in -t patch SUSE-OpenStack-Cloud-6-2017-1995=1\nSUSE Linux Enterprise Server for SAP 12-SP1:zypper in -t patch SUSE-SLE-SAP-12-SP1-2017-1995=1\nSUSE Linux Enterprise Server 12-SP1-LTSS:zypper in -t patch SUSE-SLE-SERVER-12-SP1-2017-1995=1\nSUSE Linux Enterprise Module for Public Cloud 12:zypper in -t patch SUSE-SLE-Module-Public-Cloud-12-2017-1995=1\nTo bring your system up-to-date, use 'zypper patch'.",
    "See Also": [
        "[https://bugzilla.suse.com/show_bug.cgi?id=1047626](https://bugzilla.suse.com/show_bug.cgi?id=1047626)",
        "[https://bugzilla.suse.com/show_bug.cgi?id=1059465](https://bugzilla.suse.com/show_bug.cgi?id=1059465)",
        "[https://bugzilla.suse.com/show_bug.cgi?id=1066471](https://bugzilla.suse.com/show_bug.cgi?id=1066471)",
        "[https://bugzilla.suse.com/show_bug.cgi?id=1066472](https://bugzilla.suse.com/show_bug.cgi?id=1066472)",
        "[https://bugzilla.suse.com/show_bug.cgi?id=1069496](https://bugzilla.suse.com/show_bug.cgi?id=1069496)",
        "[https://bugzilla.suse.com/show_bug.cgi?id=860993](https://bugzilla.suse.com/show_bug.cgi?id=860993)",
        "[https://bugzilla.suse.com/show_bug.cgi?id=975788](https://bugzilla.suse.com/show_bug.cgi?id=975788)",
        "[https://www.suse.com/security/cve/CVE-2014-0038/](https://www.suse.com/security/cve/CVE-2014-0038/)",
        "[https://www.suse.com/security/cve/CVE-2017-1000405/](https://www.suse.com/security/cve/CVE-2017-1000405/)",
        "[https://www.suse.com/security/cve/CVE-2017-12193/](https://www.suse.com/security/cve/CVE-2017-12193/)",
        "[https://www.suse.com/security/cve/CVE-2017-15102/](https://www.suse.com/security/cve/CVE-2017-15102/)",
        "[https://www.suse.com/security/cve/CVE-2017-16525/](https://www.suse.com/security/cve/CVE-2017-16525/)",
        "[https://www.suse.com/security/cve/CVE-2017-16527/](https://www.suse.com/security/cve/CVE-2017-16527/)",
        "[https://www.suse.com/security/cve/CVE-2017-16529/](https://www.suse.com/security/cve/CVE-2017-16529/)",
        "[https://www.suse.com/security/cve/CVE-2017-16531/](https://www.suse.com/security/cve/CVE-2017-16531/)",
        "[https://www.suse.com/security/cve/CVE-2017-16535/](https://www.suse.com/security/cve/CVE-2017-16535/)",
        "[https://www.suse.com/security/cve/CVE-2017-16536/](https://www.suse.com/security/cve/CVE-2017-16536/)",
        "[https://www.suse.com/security/cve/CVE-2017-16537/](https://www.suse.com/security/cve/CVE-2017-16537/)",
        "[https://www.suse.com/security/cve/CVE-2017-16649/](https://www.suse.com/security/cve/CVE-2017-16649/)",
        "[https://www.suse.com/security/cve/CVE-2017-16650/](https://www.suse.com/security/cve/CVE-2017-16650/)",
        "[https://www.suse.com/security/cve/CVE-2017-16939/](https://www.suse.com/security/cve/CVE-2017-16939/)",
        "[http://www.nessus.org/u?928d702a](http://www.nessus.org/u?928d702a)"
    ],
    "Plugin Details": {
        "Severity": "High",
        "ID": "105020",
        "File Name": "suse_SU-2017-3210-1.nasl",
        "Version": "3.9",
        "Type": "local",
        "Agent": "unix",
        "Family": "[SuSE Local Security Checks](https://www.tenable.com/plugins/nessus/families/SuSE%20Local%20Security%20Checks)",
        "Published": "12/5/2017",
        "Updated": "1/6/2021",
        "Supported Sensors": "Agentless Assessment, Frictionless Assessment Agent, Frictionless Assessment AWS, Frictionless Assessment Azure, Nessus Agent"
    },
    "Risk Information": [
        {
            "Name": "[VPR](https://www.tenable.com/blog/what-is-vpr-and-how-is-it-different-from-cvss)",
            "Risk Factor": "Critical",
            "Score": "9.6"
        },
        {
            "Name": "[CVSS v2](https://nvd.nist.gov/vuln-metrics/cvss/v2-calculator?vector=AV:L/AC:L/Au:N/C:C/I:C/A:C)",
            "Risk Factor": "High",
            "Base Score": "7.2",
            "Temporal Score": "6.3",
            "Vector": "CVSS2#AV:L/AC:L/Au:N/C:C/I:C/A:C"
        },
        {
            "Name": "[CVSS v3](https://nvd.nist.gov/vuln-metrics/cvss/v3-calculator?vector=AV:L/AC:L/PR:L/UI:N/S:U/C:H/I:H/A:H/E:H/RL:O/RC:C&version=3.0)",
            "Risk Factor": "High",
            "Base Score": "7.8",
            "Temporal Score": "7.5",
            "Vector": "CVSS:3.0/AV:L/AC:L/PR:L/UI:N/S:U/C:H/I:H/A:H",
            "Temporal Vector": "CVSS:3.0/E:H/RL:O/RC:C"
        }
    ],
    "Vulnerability Information": {
        "CPE": "p-cpe:/a:novell:suse_linux:kernel-default, p-cpe:/a:novell:suse_linux:kernel-default-base, p-cpe:/a:novell:suse_linux:kernel-default-base-debuginfo, p-cpe:/a:novell:suse_linux:kernel-default-debuginfo, p-cpe:/a:novell:suse_linux:kernel-default-debugsource, p-cpe:/a:novell:suse_linux:kernel-default-devel, p-cpe:/a:novell:suse_linux:kernel-default-man, p-cpe:/a:novell:suse_linux:kernel-syms, p-cpe:/a:novell:suse_linux:kernel-xen, p-cpe:/a:novell:suse_linux:kernel-xen-base, p-cpe:/a:novell:suse_linux:kernel-xen-base-debuginfo, p-cpe:/a:novell:suse_linux:kernel-xen-debuginfo, p-cpe:/a:novell:suse_linux:kernel-xen-debugsource, p-cpe:/a:novell:suse_linux:kernel-xen-devel, p-cpe:/a:novell:suse_linux:kgraft-patch-3_12_74-60_64_66-default, p-cpe:/a:novell:suse_linux:kgraft-patch-3_12_74-60_64_66-xen, cpe:/o:novell:suse_linux:12",
        "Required KB Items": "Host/local_checks_enabled, Host/cpu, Host/SuSE/release, Host/SuSE/rpm-list",
        "Exploit Available": "true",
        "Exploit Ease": "Exploits are available",
        "Patch Publication Date": "12/4/2017",
        "Vulnerability Publication Date": "2/6/2014"
    },
    "Exploitable With": "CANVAS  (CANVAS)\nCore Impact\nMetasploit  (Linux Kernel recvmmsg Privilege Escalation)",
    "Reference Information": {
        "CVE": "[CVE-2014-0038](/cve/CVE-2014-0038), [CVE-2017-1000405](/cve/CVE-2017-1000405), [CVE-2017-12193](/cve/CVE-2017-12193), [CVE-2017-15102](/cve/CVE-2017-15102), [CVE-2017-16525](/cve/CVE-2017-16525), [CVE-2017-16527](/cve/CVE-2017-16527), [CVE-2017-16529](/cve/CVE-2017-16529), [CVE-2017-16531](/cve/CVE-2017-16531), [CVE-2017-16535](/cve/CVE-2017-16535), [CVE-2017-16536](/cve/CVE-2017-16536), [CVE-2017-16537](/cve/CVE-2017-16537), [CVE-2017-16649](/cve/CVE-2017-16649), [CVE-2017-16650](/cve/CVE-2017-16650), [CVE-2017-16939](/cve/CVE-2017-16939)",
        "BID": "[65255](http://www.securityfocus.com/bid/65255)"
    }
}