{
    "Title": "RHEL 7 : JBoss EAP (RHSA-2017:3455)",
    "Synopsis": "The remote Red Hat host is missing one or more security updates.",
    "Description": "An update is now available for Red Hat JBoss Enterprise Application Platform 7.1 for Red Hat Enterprise Linux 7.\nRed Hat Product Security has rated this update as having a security impact of Important. A Common Vulnerability Scoring System (CVSS) base score, which gives a detailed severity rating, is available for each vulnerability from the CVE link(s) in the References section.\nRed Hat JBoss Enterprise Application Platform is a platform for Java applications based on the JBoss Application Server.\nThis release of Red Hat JBoss Enterprise Application Platform 7.1.0 serves as a replacement for Red Hat JBoss Enterprise Application Platform 7.0.0, and includes bug fixes and enhancements, which are documented in the Release Notes document linked to in the References.\nSecurity Fix(es) :\n* A Denial of Service can be caused when a long request is sent to EAP 7. (CVE-2016-7046)\n* The jboss init script unsafe file handling resulting in local privilege escalation. (CVE-2016-8656)\n* A deserialization vulnerability via readValue method of ObjectMapper which allows arbitrary code execution. (CVE-2017-7525)\n* JMSObjectMessage deserializes potentially malicious objects allowing Remote Code Execution. (CVE-2016-4978)\n* Undertow is vulnerable to the injection of arbitrary HTTP headers, and also response splitting. (CVE-2016-4993)\n* The domain controller will not propagate its administrative RBAC configuration to some slaves leading to escalate their privileges.\n(CVE-2016-5406)\n* Internal IP address disclosed on redirect when request header Host field is not set. (CVE-2016-6311)\n* Potential EAP resource starvation DOS attack via GET requests for server log files. (CVE-2016-8627)\n* Inefficient Header Cache could cause denial of service.\n(CVE-2016-9589)\n* The log file viewer allows arbitrary file read to authenticated user via path traversal. (CVE-2017-2595)\n* HTTP Request smuggling vulnerability due to permitting invalid characters in HTTP requests. (CVE-2017-2666)\n* Websocket non clean close can cause IO thread to get stuck in a loop. (CVE-2017-2670)\n* Privilege escalation with security manager's reflective permissions when granted to Hibernate Validator. (CVE-2017-7536)\n* Potential http request smuggling as Undertow parses the http headers with unusual whitespaces. (CVE-2017-7559)\n* Properties based files of the management and the application realm are world readable allowing access to users and roles information to all the users logged in to the system. (CVE-2017-12167)\n* RBAC configuration allows users with a Monitor role to view the sensitive information. (CVE-2016-7061)\n* Improper whitespace parsing leading to potential HTTP request smuggling. (CVE-2017-12165)\nRed Hat would like to thank Liao Xinxi (NSFOCUS) for reporting CVE-2017-7525; Calum Hutton (NCC Group) and Mikhail Egorov (Odin) for reporting CVE-2016-4993; Luca Bueti for reporting CVE-2016-6311;\nGabriel Lavoie (Halogen Software) for reporting CVE-2016-9589; and Gregory Ramsperger and Ryan Moak for reporting CVE-2017-2670. The CVE-2016-5406 issue was discovered by Tomaz Cerar (Red Hat); the CVE-2016-8627 issue was discovered by Darran Lofthouse (Red Hat) and Brian Stansberry (Red Hat); the CVE-2017-2666 issue was discovered by Radim Hatlapatka (Red Hat); the CVE-2017-7536 issue was discovered by Gunnar Morling (Red Hat); the CVE-2017-7559 and CVE-2017-12165 issues were discovered by Stuart Douglas (Red Hat); and the CVE-2017-12167 issue was discovered by Brian Stansberry (Red Hat) and Jeremy Choi (Red Hat). Upstream acknowledges WildFly as the original reporter of CVE-2016-6311.",
    "Solution": "Update the affected packages.",
    "See Also": [
        "[https://access.redhat.com/documentation/en-us/](https://access.redhat.com/documentation/en-us/)",
        "[https://access.redhat.com/errata/RHSA-2017:3455](https://access.redhat.com/errata/RHSA-2017:3455)",
        "[https://access.redhat.com/security/cve/cve-2016-4978](https://access.redhat.com/security/cve/cve-2016-4978)",
        "[https://access.redhat.com/security/cve/cve-2016-4993](https://access.redhat.com/security/cve/cve-2016-4993)",
        "[https://access.redhat.com/security/cve/cve-2016-5406](https://access.redhat.com/security/cve/cve-2016-5406)",
        "[https://access.redhat.com/security/cve/cve-2016-6311](https://access.redhat.com/security/cve/cve-2016-6311)",
        "[https://access.redhat.com/security/cve/cve-2016-7046](https://access.redhat.com/security/cve/cve-2016-7046)",
        "[https://access.redhat.com/security/cve/cve-2016-7061](https://access.redhat.com/security/cve/cve-2016-7061)",
        "[https://access.redhat.com/security/cve/cve-2016-8627](https://access.redhat.com/security/cve/cve-2016-8627)",
        "[https://access.redhat.com/security/cve/cve-2016-8656](https://access.redhat.com/security/cve/cve-2016-8656)",
        "[https://access.redhat.com/security/cve/cve-2016-9589](https://access.redhat.com/security/cve/cve-2016-9589)",
        "[https://access.redhat.com/security/cve/cve-2017-2595](https://access.redhat.com/security/cve/cve-2017-2595)",
        "[https://access.redhat.com/security/cve/cve-2017-2666](https://access.redhat.com/security/cve/cve-2017-2666)",
        "[https://access.redhat.com/security/cve/cve-2017-2670](https://access.redhat.com/security/cve/cve-2017-2670)",
        "[https://access.redhat.com/security/cve/cve-2017-7525](https://access.redhat.com/security/cve/cve-2017-7525)",
        "[https://access.redhat.com/security/cve/cve-2017-7536](https://access.redhat.com/security/cve/cve-2017-7536)",
        "[https://access.redhat.com/security/cve/cve-2017-7559](https://access.redhat.com/security/cve/cve-2017-7559)",
        "[https://access.redhat.com/security/cve/cve-2017-12165](https://access.redhat.com/security/cve/cve-2017-12165)",
        "[https://access.redhat.com/security/cve/cve-2017-12167](https://access.redhat.com/security/cve/cve-2017-12167)"
    ],
    "Plugin Details": {
        "Severity": "Critical",
        "ID": "105269",
        "File Name": "redhat-RHSA-2017-3455.nasl",
        "Version": "3.10",
        "Type": "local",
        "Agent": "unix",
        "Family": "[Red Hat Local Security Checks](https://www.tenable.com/plugins/nessus/families/Red%20Hat%20Local%20Security%20Checks)",
        "Published": "12/15/2017",
        "Updated": "10/24/2019",
        "Supported Sensors": "Agentless Assessment, Frictionless Assessment Agent, Frictionless Assessment AWS, Frictionless Assessment Azure, Nessus Agent"
    },
    "Risk Information": [
        {
            "Name": "[VPR](https://www.tenable.com/blog/what-is-vpr-and-how-is-it-different-from-cvss)",
            "Risk Factor": "Medium",
            "Score": "6.7"
        },
        {
            "Name": "[CVSS v2](https://nvd.nist.gov/vuln-metrics/cvss/v2-calculator?vector=AV:N/AC:L/Au:N/C:P/I:P/A:P)",
            "Risk Factor": "High",
            "Base Score": "7.5",
            "Temporal Score": "5.5",
            "Vector": "CVSS2#AV:N/AC:L/Au:N/C:P/I:P/A:P"
        },
        {
            "Name": "[CVSS v3](https://nvd.nist.gov/vuln-metrics/cvss/v3-calculator?vector=AV:N/AC:L/PR:N/UI:N/S:U/C:H/I:H/A:H/E:U/RL:O/RC:C&version=3.0)",
            "Risk Factor": "Critical",
            "Base Score": "9.8",
            "Temporal Score": "8.5",
            "Vector": "CVSS:3.0/AV:N/AC:L/PR:N/UI:N/S:U/C:H/I:H/A:H",
            "Temporal Vector": "CVSS:3.0/E:U/RL:O/RC:C"
        }
    ],
    "Vulnerability Information": {
        "CPE": "p-cpe:/a:redhat:enterprise_linux:eap7-activemq-artemis, p-cpe:/a:redhat:enterprise_linux:eap7-activemq-artemis-cli, p-cpe:/a:redhat:enterprise_linux:eap7-activemq-artemis-commons, p-cpe:/a:redhat:enterprise_linux:eap7-activemq-artemis-core-client, p-cpe:/a:redhat:enterprise_linux:eap7-activemq-artemis-dto, p-cpe:/a:redhat:enterprise_linux:eap7-activemq-artemis-hornetq-protocol, p-cpe:/a:redhat:enterprise_linux:eap7-activemq-artemis-hqclient-protocol, p-cpe:/a:redhat:enterprise_linux:eap7-activemq-artemis-jdbc-store, p-cpe:/a:redhat:enterprise_linux:eap7-activemq-artemis-jms-client, p-cpe:/a:redhat:enterprise_linux:eap7-activemq-artemis-jms-server, p-cpe:/a:redhat:enterprise_linux:eap7-activemq-artemis-journal, p-cpe:/a:redhat:enterprise_linux:eap7-activemq-artemis-native, p-cpe:/a:redhat:enterprise_linux:eap7-activemq-artemis-ra, p-cpe:/a:redhat:enterprise_linux:eap7-activemq-artemis-selector, p-cpe:/a:redhat:enterprise_linux:eap7-activemq-artemis-server, p-cpe:/a:redhat:enterprise_linux:eap7-activemq-artemis-service-extensions, p-cpe:/a:redhat:enterprise_linux:eap7-antlr, p-cpe:/a:redhat:enterprise_linux:eap7-apache-commons-beanutils, p-cpe:/a:redhat:enterprise_linux:eap7-apache-commons-cli, p-cpe:/a:redhat:enterprise_linux:eap7-apache-commons-io, p-cpe:/a:redhat:enterprise_linux:eap7-apache-cxf, p-cpe:/a:redhat:enterprise_linux:eap7-apache-cxf-rt, p-cpe:/a:redhat:enterprise_linux:eap7-apache-cxf-services, p-cpe:/a:redhat:enterprise_linux:eap7-apache-cxf-tools, p-cpe:/a:redhat:enterprise_linux:eap7-apache-cxf-xjc-utils, p-cpe:/a:redhat:enterprise_linux:eap7-apache-mime4j, p-cpe:/a:redhat:enterprise_linux:eap7-artemis-native, p-cpe:/a:redhat:enterprise_linux:eap7-artemis-native-wildfly, p-cpe:/a:redhat:enterprise_linux:eap7-artemis-wildfly-integration, p-cpe:/a:redhat:enterprise_linux:eap7-azure-storage, p-cpe:/a:redhat:enterprise_linux:eap7-bouncycastle, p-cpe:/a:redhat:enterprise_linux:eap7-bouncycastle-mail, p-cpe:/a:redhat:enterprise_linux:eap7-bouncycastle-pkix, p-cpe:/a:redhat:enterprise_linux:eap7-bouncycastle-prov, p-cpe:/a:redhat:enterprise_linux:eap7-codehaus-jackson, p-cpe:/a:redhat:enterprise_linux:eap7-codehaus-jackson-core-asl, p-cpe:/a:redhat:enterprise_linux:eap7-codehaus-jackson-jaxrs, p-cpe:/a:redhat:enterprise_linux:eap7-codehaus-jackson-mapper-asl, p-cpe:/a:redhat:enterprise_linux:eap7-codehaus-jackson-xc, p-cpe:/a:redhat:enterprise_linux:eap7-codemodel, p-cpe:/a:redhat:enterprise_linux:eap7-commons-logging-jboss-logmanager, p-cpe:/a:redhat:enterprise_linux:eap7-cryptacular, p-cpe:/a:redhat:enterprise_linux:eap7-cxf-xjc-boolean, p-cpe:/a:redhat:enterprise_linux:eap7-cxf-xjc-bug986, p-cpe:/a:redhat:enterprise_linux:eap7-cxf-xjc-dv, p-cpe:/a:redhat:enterprise_linux:eap7-cxf-xjc-runtime, p-cpe:/a:redhat:enterprise_linux:eap7-cxf-xjc-ts, p-cpe:/a:redhat:enterprise_linux:eap7-ecj, p-cpe:/a:redhat:enterprise_linux:eap7-glassfish-concurrent, p-cpe:/a:redhat:enterprise_linux:eap7-glassfish-el, p-cpe:/a:redhat:enterprise_linux:eap7-glassfish-el-impl, p-cpe:/a:redhat:enterprise_linux:eap7-glassfish-jaf, p-cpe:/a:redhat:enterprise_linux:eap7-glassfish-javamail, p-cpe:/a:redhat:enterprise_linux:eap7-glassfish-jaxb, p-cpe:/a:redhat:enterprise_linux:eap7-glassfish-jsf, p-cpe:/a:redhat:enterprise_linux:eap7-glassfish-json, p-cpe:/a:redhat:enterprise_linux:eap7-guava, p-cpe:/a:redhat:enterprise_linux:eap7-guava-libraries, p-cpe:/a:redhat:enterprise_linux:eap7-h2database, p-cpe:/a:redhat:enterprise_linux:eap7-hibernate, p-cpe:/a:redhat:enterprise_linux:eap7-hibernate-commons-annotations, p-cpe:/a:redhat:enterprise_linux:eap7-hibernate-core, p-cpe:/a:redhat:enterprise_linux:eap7-hibernate-entitymanager, p-cpe:/a:redhat:enterprise_linux:eap7-hibernate-envers, p-cpe:/a:redhat:enterprise_linux:eap7-hibernate-infinispan, p-cpe:/a:redhat:enterprise_linux:eap7-hibernate-java8, p-cpe:/a:redhat:enterprise_linux:eap7-hibernate-jpa-2.1-api, p-cpe:/a:redhat:enterprise_linux:eap7-hibernate-search, p-cpe:/a:redhat:enterprise_linux:eap7-hibernate-search-backend-jgroups, p-cpe:/a:redhat:enterprise_linux:eap7-hibernate-search-backend-jms, p-cpe:/a:redhat:enterprise_linux:eap7-hibernate-search-engine, p-cpe:/a:redhat:enterprise_linux:eap7-hibernate-search-orm, p-cpe:/a:redhat:enterprise_linux:eap7-hibernate-search-serialization-avro, p-cpe:/a:redhat:enterprise_linux:eap7-hibernate-validator, p-cpe:/a:redhat:enterprise_linux:eap7-hibernate-validator-cdi, p-cpe:/a:redhat:enterprise_linux:eap7-httpcomponents-asyncclient, p-cpe:/a:redhat:enterprise_linux:eap7-httpcomponents-client, p-cpe:/a:redhat:enterprise_linux:eap7-httpcomponents-core, p-cpe:/a:redhat:enterprise_linux:eap7-infinispan, p-cpe:/a:redhat:enterprise_linux:eap7-infinispan-cachestore-jdbc, p-cpe:/a:redhat:enterprise_linux:eap7-infinispan-cachestore-remote, p-cpe:/a:redhat:enterprise_linux:eap7-infinispan-client-hotrod, p-cpe:/a:redhat:enterprise_linux:eap7-infinispan-commons, p-cpe:/a:redhat:enterprise_linux:eap7-infinispan-core, p-cpe:/a:redhat:enterprise_linux:eap7-ironjacamar, p-cpe:/a:redhat:enterprise_linux:eap7-ironjacamar-common-api, p-cpe:/a:redhat:enterprise_linux:eap7-ironjacamar-common-impl, p-cpe:/a:redhat:enterprise_linux:eap7-ironjacamar-common-spi, p-cpe:/a:redhat:enterprise_linux:eap7-ironjacamar-core-api, p-cpe:/a:redhat:enterprise_linux:eap7-ironjacamar-core-impl, p-cpe:/a:redhat:enterprise_linux:eap7-ironjacamar-deployers-common, p-cpe:/a:redhat:enterprise_linux:eap7-ironjacamar-jdbc, p-cpe:/a:redhat:enterprise_linux:eap7-ironjacamar-validator, p-cpe:/a:redhat:enterprise_linux:eap7-jackson-annotations, p-cpe:/a:redhat:enterprise_linux:eap7-jackson-core, p-cpe:/a:redhat:enterprise_linux:eap7-jackson-databind, p-cpe:/a:redhat:enterprise_linux:eap7-jackson-datatype-jdk8, p-cpe:/a:redhat:enterprise_linux:eap7-jackson-datatype-jsr310, p-cpe:/a:redhat:enterprise_linux:eap7-jackson-jaxrs-base, p-cpe:/a:redhat:enterprise_linux:eap7-jackson-jaxrs-json-provider, p-cpe:/a:redhat:enterprise_linux:eap7-jackson-module-jaxb-annotations, p-cpe:/a:redhat:enterprise_linux:eap7-jackson-modules-java8, p-cpe:/a:redhat:enterprise_linux:eap7-jandex, p-cpe:/a:redhat:enterprise_linux:eap7-jansi, p-cpe:/a:redhat:enterprise_linux:eap7-java-classmate, p-cpe:/a:redhat:enterprise_linux:eap7-javassist, p-cpe:/a:redhat:enterprise_linux:eap7-jaxb-core, p-cpe:/a:redhat:enterprise_linux:eap7-jaxb-jxc, p-cpe:/a:redhat:enterprise_linux:eap7-jaxb-runtime, p-cpe:/a:redhat:enterprise_linux:eap7-jaxb-xjc, p-cpe:/a:redhat:enterprise_linux:eap7-jaxbintros, p-cpe:/a:redhat:enterprise_linux:eap7-jaxen, p-cpe:/a:redhat:enterprise_linux:eap7-jberet, p-cpe:/a:redhat:enterprise_linux:eap7-jberet-core, p-cpe:/a:redhat:enterprise_linux:eap7-jboss-aesh, p-cpe:/a:redhat:enterprise_linux:eap7-jboss-annotations-api_1.2_spec, p-cpe:/a:redhat:enterprise_linux:eap7-jboss-classfilewriter, p-cpe:/a:redhat:enterprise_linux:eap7-jboss-concurrency-api_1.0_spec, p-cpe:/a:redhat:enterprise_linux:eap7-jboss-connector-api_1.7_spec, p-cpe:/a:redhat:enterprise_linux:eap7-jboss-dmr, p-cpe:/a:redhat:enterprise_linux:eap7-jboss-ejb-api_3.2_spec, p-cpe:/a:redhat:enterprise_linux:eap7-jboss-ejb-client, p-cpe:/a:redhat:enterprise_linux:eap7-jboss-ejb3-ext-api, p-cpe:/a:redhat:enterprise_linux:eap7-jboss-el-api_3.0_spec, p-cpe:/a:redhat:enterprise_linux:eap7-jboss-genericjms, p-cpe:/a:redhat:enterprise_linux:eap7-jboss-iiop-client, p-cpe:/a:redhat:enterprise_linux:eap7-jboss-interceptors-api_1.2_spec, p-cpe:/a:redhat:enterprise_linux:eap7-jboss-invocation, p-cpe:/a:redhat:enterprise_linux:eap7-jboss-jacc-api_1.5_spec, p-cpe:/a:redhat:enterprise_linux:eap7-jboss-jaspi-api_1.1_spec, p-cpe:/a:redhat:enterprise_linux:eap7-jboss-jaxb-api_2.2_spec, p-cpe:/a:redhat:enterprise_linux:eap7-jboss-jaxrpc-api_1.1_spec, p-cpe:/a:redhat:enterprise_linux:eap7-jboss-jaxrs-api_2.0_spec, p-cpe:/a:redhat:enterprise_linux:eap7-jboss-jaxws-api_2.2_spec, p-cpe:/a:redhat:enterprise_linux:eap7-jboss-jms-api_2.0_spec, p-cpe:/a:redhat:enterprise_linux:eap7-jboss-jsf-api_2.2_spec, p-cpe:/a:redhat:enterprise_linux:eap7-jboss-jsp-api_2.3_spec, p-cpe:/a:redhat:enterprise_linux:eap7-jboss-logmanager, p-cpe:/a:redhat:enterprise_linux:eap7-jboss-marshalling, p-cpe:/a:redhat:enterprise_linux:eap7-jboss-marshalling-river, p-cpe:/a:redhat:enterprise_linux:eap7-jboss-metadata, p-cpe:/a:redhat:enterprise_linux:eap7-jboss-metadata-appclient, p-cpe:/a:redhat:enterprise_linux:eap7-jboss-metadata-common, p-cpe:/a:redhat:enterprise_linux:eap7-jboss-metadata-ear, p-cpe:/a:redhat:enterprise_linux:eap7-jboss-metadata-ejb, p-cpe:/a:redhat:enterprise_linux:eap7-jboss-metadata-web, p-cpe:/a:redhat:enterprise_linux:eap7-jboss-modules, p-cpe:/a:redhat:enterprise_linux:eap7-jboss-openjdk-orb, p-cpe:/a:redhat:enterprise_linux:eap7-jboss-remoting, p-cpe:/a:redhat:enterprise_linux:eap7-jboss-remoting-jmx, p-cpe:/a:redhat:enterprise_linux:eap7-jboss-saaj-api_1.3_spec, p-cpe:/a:redhat:enterprise_linux:eap7-jboss-seam-int, p-cpe:/a:redhat:enterprise_linux:eap7-jboss-security-xacml, p-cpe:/a:redhat:enterprise_linux:eap7-jboss-server-migration, p-cpe:/a:redhat:enterprise_linux:eap7-jboss-server-migration-cli, p-cpe:/a:redhat:enterprise_linux:eap7-jboss-server-migration-core, p-cpe:/a:redhat:enterprise_linux:eap7-jboss-server-migration-eap6.4, p-cpe:/a:redhat:enterprise_linux:eap7-jboss-server-migration-eap6.4-to-eap7.0, p-cpe:/a:redhat:enterprise_linux:eap7-jboss-server-migration-eap6.4-to-eap7.1, p-cpe:/a:redhat:enterprise_linux:eap7-jboss-server-migration-eap7.0, p-cpe:/a:redhat:enterprise_linux:eap7-jboss-server-migration-eap7.0-to-eap7.1, p-cpe:/a:redhat:enterprise_linux:eap7-jboss-server-migration-eap7.1, p-cpe:/a:redhat:enterprise_linux:eap7-jboss-server-migration-wildfly10.0, p-cpe:/a:redhat:enterprise_linux:eap7-jboss-server-migration-wildfly10.0-to-eap7.1, p-cpe:/a:redhat:enterprise_linux:eap7-jboss-server-migration-wildfly10.1, p-cpe:/a:redhat:enterprise_linux:eap7-jboss-server-migration-wildfly10.1-to-eap7.1, p-cpe:/a:redhat:enterprise_linux:eap7-jboss-server-migration-wildfly8.2, p-cpe:/a:redhat:enterprise_linux:eap7-jboss-server-migration-wildfly8.2-to-eap7.0, p-cpe:/a:redhat:enterprise_linux:eap7-jboss-server-migration-wildfly8.2-to-eap7.1, p-cpe:/a:redhat:enterprise_linux:eap7-jboss-server-migration-wildfly9.0, p-cpe:/a:redhat:enterprise_linux:eap7-jboss-server-migration-wildfly9.0-to-eap7.0, p-cpe:/a:redhat:enterprise_linux:eap7-jboss-server-migration-wildfly9.0-to-eap7.1, p-cpe:/a:redhat:enterprise_linux:eap7-jboss-servlet-api_3.1_spec, p-cpe:/a:redhat:enterprise_linux:eap7-jboss-transaction-api_1.2_spec, p-cpe:/a:redhat:enterprise_linux:eap7-jboss-transaction-spi, p-cpe:/a:redhat:enterprise_linux:eap7-jboss-vfs, p-cpe:/a:redhat:enterprise_linux:eap7-jboss-websocket-api_1.1_spec, p-cpe:/a:redhat:enterprise_linux:eap7-jboss-weld-2.2-api, p-cpe:/a:redhat:enterprise_linux:eap7-jboss-xnio-base, p-cpe:/a:redhat:enterprise_linux:eap7-jbossws-common-tools, p-cpe:/a:redhat:enterprise_linux:eap7-jbossws-cxf, p-cpe:/a:redhat:enterprise_linux:eap7-jbossws-jaxws-undertow-httpspi, p-cpe:/a:redhat:enterprise_linux:eap7-jbossws-spi, p-cpe:/a:redhat:enterprise_linux:eap7-jcl-over-slf4j, p-cpe:/a:redhat:enterprise_linux:eap7-jettison, p-cpe:/a:redhat:enterprise_linux:eap7-jgroups, p-cpe:/a:redhat:enterprise_linux:eap7-jgroups-azure, p-cpe:/a:redhat:enterprise_linux:eap7-joda-time, p-cpe:/a:redhat:enterprise_linux:eap7-jsoup, p-cpe:/a:redhat:enterprise_linux:eap7-jul-to-slf4j-stub, p-cpe:/a:redhat:enterprise_linux:eap7-mod_cluster, p-cpe:/a:redhat:enterprise_linux:eap7-mustache-java, p-cpe:/a:redhat:enterprise_linux:eap7-mustache-java-compiler, p-cpe:/a:redhat:enterprise_linux:eap7-narayana, p-cpe:/a:redhat:enterprise_linux:eap7-narayana-compensations, p-cpe:/a:redhat:enterprise_linux:eap7-narayana-jbosstxbridge, p-cpe:/a:redhat:enterprise_linux:eap7-narayana-jbossxts, p-cpe:/a:redhat:enterprise_linux:eap7-narayana-jts-idlj, p-cpe:/a:redhat:enterprise_linux:eap7-narayana-jts-integration, p-cpe:/a:redhat:enterprise_linux:eap7-narayana-restat-api, p-cpe:/a:redhat:enterprise_linux:eap7-narayana-restat-bridge, p-cpe:/a:redhat:enterprise_linux:eap7-narayana-restat-integration, p-cpe:/a:redhat:enterprise_linux:eap7-narayana-restat-util, p-cpe:/a:redhat:enterprise_linux:eap7-narayana-txframework, p-cpe:/a:redhat:enterprise_linux:eap7-neethi, p-cpe:/a:redhat:enterprise_linux:eap7-netty, p-cpe:/a:redhat:enterprise_linux:eap7-netty-all, p-cpe:/a:redhat:enterprise_linux:eap7-netty-xnio-transport, p-cpe:/a:redhat:enterprise_linux:eap7-objectweb-asm, p-cpe:/a:redhat:enterprise_linux:eap7-picketbox, p-cpe:/a:redhat:enterprise_linux:eap7-picketbox-commons, p-cpe:/a:redhat:enterprise_linux:eap7-picketbox-infinispan, p-cpe:/a:redhat:enterprise_linux:eap7-resteasy, p-cpe:/a:redhat:enterprise_linux:eap7-resteasy-atom-provider, p-cpe:/a:redhat:enterprise_linux:eap7-resteasy-cdi, p-cpe:/a:redhat:enterprise_linux:eap7-resteasy-client, p-cpe:/a:redhat:enterprise_linux:eap7-resteasy-crypto, p-cpe:/a:redhat:enterprise_linux:eap7-resteasy-jackson-provider, p-cpe:/a:redhat:enterprise_linux:eap7-resteasy-jackson2-provider, p-cpe:/a:redhat:enterprise_linux:eap7-resteasy-jaxb-provider, p-cpe:/a:redhat:enterprise_linux:eap7-resteasy-jaxrs, p-cpe:/a:redhat:enterprise_linux:eap7-resteasy-jettison-provider, p-cpe:/a:redhat:enterprise_linux:eap7-resteasy-jose-jwt, p-cpe:/a:redhat:enterprise_linux:eap7-resteasy-jsapi, p-cpe:/a:redhat:enterprise_linux:eap7-resteasy-json-p-provider, p-cpe:/a:redhat:enterprise_linux:eap7-resteasy-multipart-provider, p-cpe:/a:redhat:enterprise_linux:eap7-resteasy-spring, p-cpe:/a:redhat:enterprise_linux:eap7-resteasy-validator-provider-11, p-cpe:/a:redhat:enterprise_linux:eap7-resteasy-yaml-provider, p-cpe:/a:redhat:enterprise_linux:eap7-rngom, p-cpe:/a:redhat:enterprise_linux:eap7-shibboleth-java-support, p-cpe:/a:redhat:enterprise_linux:eap7-slf4j, p-cpe:/a:redhat:enterprise_linux:eap7-slf4j-api, p-cpe:/a:redhat:enterprise_linux:eap7-slf4j-ext, p-cpe:/a:redhat:enterprise_linux:eap7-snakeyaml, p-cpe:/a:redhat:enterprise_linux:eap7-staxmapper, p-cpe:/a:redhat:enterprise_linux:eap7-sun-saaj-1.3-impl, p-cpe:/a:redhat:enterprise_linux:eap7-sun-ws-metadata-2.0-api, p-cpe:/a:redhat:enterprise_linux:eap7-taglibs-standard-compat, p-cpe:/a:redhat:enterprise_linux:eap7-taglibs-standard-impl, p-cpe:/a:redhat:enterprise_linux:eap7-taglibs-standard-spec, p-cpe:/a:redhat:enterprise_linux:eap7-txw2, p-cpe:/a:redhat:enterprise_linux:eap7-undertow, p-cpe:/a:redhat:enterprise_linux:eap7-undertow-jastow, p-cpe:/a:redhat:enterprise_linux:eap7-undertow-server, p-cpe:/a:redhat:enterprise_linux:eap7-vdx-core, p-cpe:/a:redhat:enterprise_linux:eap7-vdx-wildfly, p-cpe:/a:redhat:enterprise_linux:eap7-weld-core, p-cpe:/a:redhat:enterprise_linux:eap7-weld-core-impl, p-cpe:/a:redhat:enterprise_linux:eap7-weld-core-jsf, p-cpe:/a:redhat:enterprise_linux:eap7-weld-probe-core, p-cpe:/a:redhat:enterprise_linux:eap7-wildfly, p-cpe:/a:redhat:enterprise_linux:eap7-wildfly-client-config, p-cpe:/a:redhat:enterprise_linux:eap7-wildfly-common, p-cpe:/a:redhat:enterprise_linux:eap7-wildfly-discovery-client, p-cpe:/a:redhat:enterprise_linux:eap7-wildfly-elytron, p-cpe:/a:redhat:enterprise_linux:eap7-wildfly-elytron-tool, p-cpe:/a:redhat:enterprise_linux:eap7-wildfly-http-client-common, p-cpe:/a:redhat:enterprise_linux:eap7-wildfly-http-ejb-client, p-cpe:/a:redhat:enterprise_linux:eap7-wildfly-http-naming-client, p-cpe:/a:redhat:enterprise_linux:eap7-wildfly-http-transaction-client, p-cpe:/a:redhat:enterprise_linux:eap7-wildfly-javadocs, p-cpe:/a:redhat:enterprise_linux:eap7-wildfly-modules, p-cpe:/a:redhat:enterprise_linux:eap7-wildfly-naming-client, p-cpe:/a:redhat:enterprise_linux:eap7-wildfly-openssl, p-cpe:/a:redhat:enterprise_linux:eap7-wildfly-openssl-java, p-cpe:/a:redhat:enterprise_linux:eap7-wildfly-openssl-linux, p-cpe:/a:redhat:enterprise_linux:eap7-wildfly-openssl-linux-debuginfo, p-cpe:/a:redhat:enterprise_linux:eap7-wildfly-transaction-client, p-cpe:/a:redhat:enterprise_linux:eap7-wildfly-web-console-eap, p-cpe:/a:redhat:enterprise_linux:eap7-woodstox-core, p-cpe:/a:redhat:enterprise_linux:eap7-wss4j, p-cpe:/a:redhat:enterprise_linux:eap7-wss4j-bindings, p-cpe:/a:redhat:enterprise_linux:eap7-wss4j-policy, p-cpe:/a:redhat:enterprise_linux:eap7-wss4j-ws-security-common, p-cpe:/a:redhat:enterprise_linux:eap7-wss4j-ws-security-dom, p-cpe:/a:redhat:enterprise_linux:eap7-wss4j-ws-security-policy-stax, p-cpe:/a:redhat:enterprise_linux:eap7-wss4j-ws-security-stax, p-cpe:/a:redhat:enterprise_linux:eap7-xml-security, p-cpe:/a:redhat:enterprise_linux:eap7-xom, cpe:/o:redhat:enterprise_linux:7",
        "Required KB Items": "Host/local_checks_enabled, Host/RedHat/release, Host/RedHat/rpm-list, Host/cpu",
        "Exploit Ease": "No known exploits are available",
        "Patch Publication Date": "12/13/2017",
        "Vulnerability Publication Date": "9/26/2016"
    },
    "Reference Information": {
        "CVE": "[CVE-2016-4978](/cve/CVE-2016-4978), [CVE-2016-4993](/cve/CVE-2016-4993), [CVE-2016-5406](/cve/CVE-2016-5406), [CVE-2016-6311](/cve/CVE-2016-6311), [CVE-2016-7046](/cve/CVE-2016-7046), [CVE-2016-7061](/cve/CVE-2016-7061), [CVE-2016-8627](/cve/CVE-2016-8627), [CVE-2016-8656](/cve/CVE-2016-8656), [CVE-2016-9589](/cve/CVE-2016-9589), [CVE-2017-12165](/cve/CVE-2017-12165), [CVE-2017-12167](/cve/CVE-2017-12167), [CVE-2017-2595](/cve/CVE-2017-2595), [CVE-2017-2666](/cve/CVE-2017-2666), [CVE-2017-2670](/cve/CVE-2017-2670), [CVE-2017-7525](/cve/CVE-2017-7525), [CVE-2017-7536](/cve/CVE-2017-7536), [CVE-2017-7559](/cve/CVE-2017-7559)",
        "RHSA": "[2017:3455](https://access.redhat.com/errata/RHSA-2017:3455)"
    }
}