{
    "Title": "RHEL 6 / 7 : eap7-jboss-ec2-eap (RHSA-2017:3458)",
    "Synopsis": "The remote Red Hat host is missing one or more security updates.",
    "Description": "An update for eap7-jboss-ec2-eap is now available for Red Hat JBoss Enterprise Application Platform 7.1 for Red Hat Enterprise Linux 6 and Red Hat JBoss Enterprise Application Platform 7.1 for Red Hat Enterprise Linux 7.\nRed Hat Product Security has rated this update as having a security impact of Important. A Common Vulnerability Scoring System (CVSS) base score, which gives a detailed severity rating, is available for each vulnerability from the CVE link(s) in the References section.\nThe eap7-jboss-ec2-eap packages provide scripts for Red Hat JBoss Enterprise Application Platform running on the Amazon Web Services (AWS) Elastic Compute Cloud (EC2).\nWith this update, the eap7-jboss-ec2-eap package has been updated to ensure compatibility with Red Hat JBoss Enterprise Application Platform 7.1.\nRefer to the JBoss Enterprise Application Platform 7.1 Release Notes, linked to in the References section, for information on the most significant bug fixes and enhancements included in this release.\nSecurity Fix(es) :\n* A Denial of Service can be caused when a long request is sent to EAP 7. (CVE-2016-7046)\n* The jboss init script unsafe file handling resulting in local privilege escalation. (CVE-2016-8656)\n* A deserialization vulnerability via readValue method of ObjectMapper which allows arbitrary code execution. (CVE-2017-7525)\n* JMSObjectMessage deserializes potentially malicious objects allowing Remote Code Execution. (CVE-2016-4978)\n* Undertow is vulnerable to the injection of arbitrary HTTP headers, and also response splitting. (CVE-2016-4993)\n* The domain controller will not propagate its administrative RBAC configuration to some slaves leading to escalate their privileges.\n(CVE-2016-5406)\n* Internal IP address disclosed on redirect when request header Host field is not set. (CVE-2016-6311)\n* Potential EAP resource starvation DOS attack via GET requests for server log files. (CVE-2016-8627)\n* Inefficient Header Cache could cause denial of service.\n(CVE-2016-9589)\n* The log file viewer allows arbitrary file read to authenticated user via path traversal. (CVE-2017-2595)\n* HTTP Request smuggling vulnerability due to permitting invalid characters in HTTP requests. (CVE-2017-2666)\n* Websocket non clean close can cause IO thread to get stuck in a loop. (CVE-2017-2670)\n* Privilege escalation with security manager's reflective permissions when granted to Hibernate Validator. (CVE-2017-7536)\n* Potential http request smuggling as Undertow parses the http headers with unusual whitespaces. (CVE-2017-7559)\n* Properties based files of the management and the application realm are world readable allowing access to users and roles information to all the users logged in to the system. (CVE-2017-12167)\n* RBAC configuration allows users with a Monitor role to view the sensitive information. (CVE-2016-7061)\n* Improper whitespace parsing leading to potential HTTP request smuggling. (CVE-2017-12165)\nRed Hat would like to thank Liao Xinxi (NSFOCUS) for reporting CVE-2017-7525; Calum Hutton (NCC Group) and Mikhail Egorov (Odin) for reporting CVE-2016-4993; Luca Bueti for reporting CVE-2016-6311;\nGabriel Lavoie (Halogen Software) for reporting CVE-2016-9589; and Gregory Ramsperger and Ryan Moak for reporting CVE-2017-2670. The CVE-2016-5406 issue was discovered by Tomaz Cerar (Red Hat); the CVE-2016-8627 issue was discovered by Darran Lofthouse (Red Hat) and Brian Stansberry (Red Hat); the CVE-2017-2666 issue was discovered by Radim Hatlapatka (Red Hat); the CVE-2017-7536 issue was discovered by Gunnar Morling (Red Hat); the CVE-2017-7559 and CVE-2017-12165 issues were discovered by Stuart Douglas (Red Hat); and the CVE-2017-12167 issue was discovered by Brian Stansberry (Red Hat) and Jeremy Choi (Red Hat). Upstream acknowledges WildFly as the original reporter of CVE-2016-6311.",
    "Solution": "Update the affected eap7-jboss-ec2-eap and / or eap7-jboss-ec2-eap-samples packages.",
    "See Also": [
        "[https://access.redhat.com/documentation/en-us/](https://access.redhat.com/documentation/en-us/)",
        "[https://access.redhat.com/errata/RHSA-2017:3458](https://access.redhat.com/errata/RHSA-2017:3458)",
        "[https://access.redhat.com/security/cve/cve-2016-4978](https://access.redhat.com/security/cve/cve-2016-4978)",
        "[https://access.redhat.com/security/cve/cve-2016-4993](https://access.redhat.com/security/cve/cve-2016-4993)",
        "[https://access.redhat.com/security/cve/cve-2016-5406](https://access.redhat.com/security/cve/cve-2016-5406)",
        "[https://access.redhat.com/security/cve/cve-2016-6311](https://access.redhat.com/security/cve/cve-2016-6311)",
        "[https://access.redhat.com/security/cve/cve-2016-7046](https://access.redhat.com/security/cve/cve-2016-7046)",
        "[https://access.redhat.com/security/cve/cve-2016-7061](https://access.redhat.com/security/cve/cve-2016-7061)",
        "[https://access.redhat.com/security/cve/cve-2016-8627](https://access.redhat.com/security/cve/cve-2016-8627)",
        "[https://access.redhat.com/security/cve/cve-2016-8656](https://access.redhat.com/security/cve/cve-2016-8656)",
        "[https://access.redhat.com/security/cve/cve-2016-9589](https://access.redhat.com/security/cve/cve-2016-9589)",
        "[https://access.redhat.com/security/cve/cve-2017-2595](https://access.redhat.com/security/cve/cve-2017-2595)",
        "[https://access.redhat.com/security/cve/cve-2017-2666](https://access.redhat.com/security/cve/cve-2017-2666)",
        "[https://access.redhat.com/security/cve/cve-2017-2670](https://access.redhat.com/security/cve/cve-2017-2670)",
        "[https://access.redhat.com/security/cve/cve-2017-7525](https://access.redhat.com/security/cve/cve-2017-7525)",
        "[https://access.redhat.com/security/cve/cve-2017-7536](https://access.redhat.com/security/cve/cve-2017-7536)",
        "[https://access.redhat.com/security/cve/cve-2017-7559](https://access.redhat.com/security/cve/cve-2017-7559)",
        "[https://access.redhat.com/security/cve/cve-2017-12165](https://access.redhat.com/security/cve/cve-2017-12165)",
        "[https://access.redhat.com/security/cve/cve-2017-12167](https://access.redhat.com/security/cve/cve-2017-12167)"
    ],
    "Plugin Details": {
        "Severity": "Critical",
        "ID": "105252",
        "File Name": "redhat-RHSA-2017-3458.nasl",
        "Version": "3.11",
        "Type": "local",
        "Agent": "unix",
        "Family": "[Red Hat Local Security Checks](https://www.tenable.com/plugins/nessus/families/Red%20Hat%20Local%20Security%20Checks)",
        "Published": "12/14/2017",
        "Updated": "10/24/2019",
        "Supported Sensors": "Agentless Assessment, Frictionless Assessment Agent, Frictionless Assessment AWS, Frictionless Assessment Azure, Nessus Agent"
    },
    "Risk Information": [
        {
            "Name": "[VPR](https://www.tenable.com/blog/what-is-vpr-and-how-is-it-different-from-cvss)",
            "Risk Factor": "Medium",
            "Score": "6.7"
        },
        {
            "Name": "[CVSS v2](https://nvd.nist.gov/vuln-metrics/cvss/v2-calculator?vector=AV:N/AC:L/Au:N/C:P/I:P/A:P)",
            "Risk Factor": "High",
            "Base Score": "7.5",
            "Temporal Score": "5.5",
            "Vector": "CVSS2#AV:N/AC:L/Au:N/C:P/I:P/A:P"
        },
        {
            "Name": "[CVSS v3](https://nvd.nist.gov/vuln-metrics/cvss/v3-calculator?vector=AV:N/AC:L/PR:N/UI:N/S:U/C:H/I:H/A:H/E:U/RL:O/RC:C&version=3.0)",
            "Risk Factor": "Critical",
            "Base Score": "9.8",
            "Temporal Score": "8.5",
            "Vector": "CVSS:3.0/AV:N/AC:L/PR:N/UI:N/S:U/C:H/I:H/A:H",
            "Temporal Vector": "CVSS:3.0/E:U/RL:O/RC:C"
        }
    ],
    "Vulnerability Information": {
        "CPE": "p-cpe:/a:redhat:enterprise_linux:eap7-jboss-ec2-eap, p-cpe:/a:redhat:enterprise_linux:eap7-jboss-ec2-eap-samples, cpe:/o:redhat:enterprise_linux:6, cpe:/o:redhat:enterprise_linux:7",
        "Required KB Items": "Host/local_checks_enabled, Host/RedHat/release, Host/RedHat/rpm-list, Host/cpu",
        "Exploit Ease": "No known exploits are available",
        "Patch Publication Date": "12/13/2017",
        "Vulnerability Publication Date": "9/26/2016"
    },
    "Reference Information": {
        "CVE": "[CVE-2016-4978](/cve/CVE-2016-4978), [CVE-2016-4993](/cve/CVE-2016-4993), [CVE-2016-5406](/cve/CVE-2016-5406), [CVE-2016-6311](/cve/CVE-2016-6311), [CVE-2016-7046](/cve/CVE-2016-7046), [CVE-2016-7061](/cve/CVE-2016-7061), [CVE-2016-8627](/cve/CVE-2016-8627), [CVE-2016-8656](/cve/CVE-2016-8656), [CVE-2016-9589](/cve/CVE-2016-9589), [CVE-2017-12165](/cve/CVE-2017-12165), [CVE-2017-12167](/cve/CVE-2017-12167), [CVE-2017-2595](/cve/CVE-2017-2595), [CVE-2017-2666](/cve/CVE-2017-2666), [CVE-2017-2670](/cve/CVE-2017-2670), [CVE-2017-7525](/cve/CVE-2017-7525), [CVE-2017-7536](/cve/CVE-2017-7536), [CVE-2017-7559](/cve/CVE-2017-7559)",
        "RHSA": "[2017:3458](https://access.redhat.com/errata/RHSA-2017:3458)"
    }
}