{
    "Title": "RHEL 7 : Red Hat JBoss Core Services Apache HTTP Server 2.4.23...",
    "Synopsis": "The remote Red Hat host is missing one or more security updates.",
    "Description": "An update is now available for JBoss Core Services on RHEL 7.\nRed Hat Product Security has rated this update as having a security impact of Important. A Common Vulnerability Scoring System (CVSS) base score, which gives a detailed severity rating, is available for each vulnerability from the CVE link(s) in the References section.\nRed Hat JBoss Core Services is a set of supplementary software for Red Hat JBoss middleware products. This software, such as Apache HTTP Server, is common to multiple JBoss middleware products, and is packaged under Red Hat JBoss Core Services to allow for faster distribution of updates, and for a more consistent update experience.\nThis release of Red Hat JBoss Core Services Apache HTTP Server 2.4.23 Service Pack 3 serves as an update to Red Hat JBoss Core Services Apache HTTP Server 2.4.23 Service Pack 2, and includes bug fixes, which are documented in the Release Notes document linked to in the References.\nSecurity Fix(es) :\n* An out-of-bounds array dereference was found in apr_time_exp_get().\nAn attacker could abuse an unvalidated usage of this function to cause a denial of service or potentially lead to data leak. (CVE-2017-12613)\n* It was discovered that the use of httpd's ap_get_basic_auth_pw() API function outside of the authentication phase could lead to authentication bypass. A remote attacker could possibly use this flaw to bypass required authentication if the API was used incorrectly by one of the modules used by httpd. (CVE-2017-3167)\n* A NULL pointer dereference flaw was found in the httpd's mod_ssl module. A remote attacker could use this flaw to cause an httpd child process to crash if another module used by httpd called a certain API function during the processing of an HTTPS request. (CVE-2017-3169)\n* A buffer over-read flaw was found in the httpd's mod_mime module. A user permitted to modify httpd's MIME configuration could use this flaw to cause httpd child process to crash. (CVE-2017-7679)\n* A use-after-free flaw was found in the way httpd handled invalid and previously unregistered HTTP methods specified in the Limit directive used in an .htaccess file. A remote attacker could possibly use this flaw to disclose portions of the server memory, or cause httpd child process to crash. (CVE-2017-9798)\nRed Hat would like to thank Hanno Bock for reporting CVE-2017-9798.",
    "Solution": "Update the affected packages.",
    "See Also": [
        "[http://www.nessus.org/u?75d9eb14](http://www.nessus.org/u?75d9eb14)",
        "[https://access.redhat.com/errata/RHSA-2017:3476](https://access.redhat.com/errata/RHSA-2017:3476)",
        "[https://access.redhat.com/security/cve/cve-2017-3167](https://access.redhat.com/security/cve/cve-2017-3167)",
        "[https://access.redhat.com/security/cve/cve-2017-3169](https://access.redhat.com/security/cve/cve-2017-3169)",
        "[https://access.redhat.com/security/cve/cve-2017-7679](https://access.redhat.com/security/cve/cve-2017-7679)",
        "[https://access.redhat.com/security/cve/cve-2017-9798](https://access.redhat.com/security/cve/cve-2017-9798)",
        "[https://access.redhat.com/security/cve/cve-2017-12613](https://access.redhat.com/security/cve/cve-2017-12613)"
    ],
    "Plugin Details": {
        "Severity": "Critical",
        "ID": "105368",
        "File Name": "redhat-RHSA-2017-3476.nasl",
        "Version": "3.7",
        "Type": "local",
        "Agent": "unix",
        "Family": "[Red Hat Local Security Checks](https://www.tenable.com/plugins/nessus/families/Red%20Hat%20Local%20Security%20Checks)",
        "Published": "12/19/2017",
        "Updated": "10/24/2019",
        "Supported Sensors": "Frictionless Assessment AWS, Frictionless Assessment Azure, Frictionless Assessment Agent, Nessus Agent, Agentless Assessment"
    },
    "Risk Information": [
        {
            "Name": "[VPR](https://www.tenable.com/blog/what-is-vpr-and-how-is-it-different-from-cvss)",
            "Risk Factor": "Medium",
            "Score": "6.7"
        },
        {
            "Name": "[CVSS v2](https://nvd.nist.gov/vuln-metrics/cvss/v2-calculator?vector=AV:N/AC:L/Au:N/C:P/I:P/A:P)",
            "Risk Factor": "High",
            "Base Score": "7.5",
            "Temporal Score": "5.9",
            "Vector": "CVSS2#AV:N/AC:L/Au:N/C:P/I:P/A:P"
        },
        {
            "Name": "[CVSS v3](https://nvd.nist.gov/vuln-metrics/cvss/v3-calculator?vector=AV:N/AC:L/PR:N/UI:N/S:U/C:H/I:H/A:H/E:P/RL:O/RC:C&version=3.0)",
            "Risk Factor": "Critical",
            "Base Score": "9.8",
            "Temporal Score": "8.8",
            "Vector": "CVSS:3.0/AV:N/AC:L/PR:N/UI:N/S:U/C:H/I:H/A:H",
            "Temporal Vector": "CVSS:3.0/E:P/RL:O/RC:C"
        }
    ],
    "Vulnerability Information": {
        "CPE": "p-cpe:/a:redhat:enterprise_linux:jbcs-httpd24-httpd, p-cpe:/a:redhat:enterprise_linux:jbcs-httpd24-httpd-debuginfo, p-cpe:/a:redhat:enterprise_linux:jbcs-httpd24-httpd-devel, p-cpe:/a:redhat:enterprise_linux:jbcs-httpd24-httpd-libs, p-cpe:/a:redhat:enterprise_linux:jbcs-httpd24-httpd-manual, p-cpe:/a:redhat:enterprise_linux:jbcs-httpd24-httpd-selinux, p-cpe:/a:redhat:enterprise_linux:jbcs-httpd24-httpd-tools, p-cpe:/a:redhat:enterprise_linux:jbcs-httpd24-mod_bmx, p-cpe:/a:redhat:enterprise_linux:jbcs-httpd24-mod_bmx-debuginfo, p-cpe:/a:redhat:enterprise_linux:jbcs-httpd24-mod_cluster-native, p-cpe:/a:redhat:enterprise_linux:jbcs-httpd24-mod_cluster-native-debuginfo, p-cpe:/a:redhat:enterprise_linux:jbcs-httpd24-mod_ldap, p-cpe:/a:redhat:enterprise_linux:jbcs-httpd24-mod_proxy_html, p-cpe:/a:redhat:enterprise_linux:jbcs-httpd24-mod_session, p-cpe:/a:redhat:enterprise_linux:jbcs-httpd24-mod_ssl, cpe:/o:redhat:enterprise_linux:7",
        "Required KB Items": "Host/local_checks_enabled, Host/RedHat/release, Host/RedHat/rpm-list, Host/cpu",
        "Exploit Available": "true",
        "Exploit Ease": "Exploits are available",
        "Patch Publication Date": "12/15/2017",
        "Vulnerability Publication Date": "6/20/2017"
    },
    "Reference Information": {
        "CVE": "[CVE-2017-12613](/cve/CVE-2017-12613), [CVE-2017-3167](/cve/CVE-2017-3167), [CVE-2017-3169](/cve/CVE-2017-3169), [CVE-2017-7679](/cve/CVE-2017-7679), [CVE-2017-9798](/cve/CVE-2017-9798)",
        "RHSA": "[2017:3476](https://access.redhat.com/errata/RHSA-2017:3476)"
    }
}