{
    "Title": "SUSE SLES11 Security Update : java-1_6_0-ibm (SUSE-SU-2017:336...",
    "Synopsis": "The remote SUSE host is missing one or more security updates.",
    "Description": "This update for java-1_6_0-ibm fixes the following issues: Security issues fixed :\n  - Security update to version 6.0.16.50 (bsc#1070162)\n  - CVE-2017-10346 CVE-2017-10285 CVE-2017-10388     CVE-2017-10356 CVE-2017-10293 CVE-2016-9841     CVE-2017-10355 CVE-2017-10357 CVE-2017-10348     CVE-2017-10349 CVE-2017-10347 CVE-2017-10350     CVE-2017-10281 CVE-2017-10295 CVE-2017-10345\nNote that Tenable Network Security has extracted the preceding description block directly from the SUSE security advisory. Tenable has attempted to automatically clean and format it as much as possible without introducing additional issues.",
    "Solution": "To install this SUSE Security Update use YaST online_update.\nAlternatively you can run the command listed for your product :\nSUSE Linux Enterprise Server 11-SP3-LTSS:zypper in -t patch slessp3-java-1_6_0-ibm-13378=1\nSUSE Linux Enterprise Point of Sale 11-SP3:zypper in -t patch sleposp3-java-1_6_0-ibm-13378=1\nTo bring your system up-to-date, use 'zypper patch'.",
    "See Also": [
        "[https://bugzilla.suse.com/show_bug.cgi?id=1070162](https://bugzilla.suse.com/show_bug.cgi?id=1070162)",
        "[https://www.suse.com/security/cve/CVE-2016-9841/](https://www.suse.com/security/cve/CVE-2016-9841/)",
        "[https://www.suse.com/security/cve/CVE-2017-10281/](https://www.suse.com/security/cve/CVE-2017-10281/)",
        "[https://www.suse.com/security/cve/CVE-2017-10285/](https://www.suse.com/security/cve/CVE-2017-10285/)",
        "[https://www.suse.com/security/cve/CVE-2017-10293/](https://www.suse.com/security/cve/CVE-2017-10293/)",
        "[https://www.suse.com/security/cve/CVE-2017-10295/](https://www.suse.com/security/cve/CVE-2017-10295/)",
        "[https://www.suse.com/security/cve/CVE-2017-10345/](https://www.suse.com/security/cve/CVE-2017-10345/)",
        "[https://www.suse.com/security/cve/CVE-2017-10346/](https://www.suse.com/security/cve/CVE-2017-10346/)",
        "[https://www.suse.com/security/cve/CVE-2017-10347/](https://www.suse.com/security/cve/CVE-2017-10347/)",
        "[https://www.suse.com/security/cve/CVE-2017-10348/](https://www.suse.com/security/cve/CVE-2017-10348/)",
        "[https://www.suse.com/security/cve/CVE-2017-10349/](https://www.suse.com/security/cve/CVE-2017-10349/)",
        "[https://www.suse.com/security/cve/CVE-2017-10350/](https://www.suse.com/security/cve/CVE-2017-10350/)",
        "[https://www.suse.com/security/cve/CVE-2017-10355/](https://www.suse.com/security/cve/CVE-2017-10355/)",
        "[https://www.suse.com/security/cve/CVE-2017-10356/](https://www.suse.com/security/cve/CVE-2017-10356/)",
        "[https://www.suse.com/security/cve/CVE-2017-10357/](https://www.suse.com/security/cve/CVE-2017-10357/)",
        "[https://www.suse.com/security/cve/CVE-2017-10388/](https://www.suse.com/security/cve/CVE-2017-10388/)",
        "[http://www.nessus.org/u?cdf5f79f](http://www.nessus.org/u?cdf5f79f)"
    ],
    "Plugin Details": {
        "Severity": "Critical",
        "ID": "105388",
        "File Name": "suse_SU-2017-3369-1.nasl",
        "Version": "3.7",
        "Type": "local",
        "Agent": "unix",
        "Family": "[SuSE Local Security Checks](https://www.tenable.com/plugins/nessus/families/SuSE%20Local%20Security%20Checks)",
        "Published": "12/20/2017",
        "Updated": "1/19/2021",
        "Supported Sensors": "Frictionless Assessment AWS, Frictionless Assessment Azure, Frictionless Assessment Agent, Nessus Agent, Agentless Assessment"
    },
    "Risk Information": [
        {
            "Name": "[VPR](https://www.tenable.com/blog/what-is-vpr-and-how-is-it-different-from-cvss)",
            "Risk Factor": "High",
            "Score": "7.3"
        },
        {
            "Name": "[CVSS v2](https://nvd.nist.gov/vuln-metrics/cvss/v2-calculator?vector=AV:N/AC:L/Au:N/C:P/I:P/A:P)",
            "Risk Factor": "High",
            "Base Score": "7.5",
            "Temporal Score": "5.9",
            "Vector": "CVSS2#AV:N/AC:L/Au:N/C:P/I:P/A:P"
        },
        {
            "Name": "[CVSS v3](https://nvd.nist.gov/vuln-metrics/cvss/v3-calculator?vector=AV:N/AC:L/PR:N/UI:N/S:U/C:H/I:H/A:H/E:P/RL:O/RC:C&version=3.0)",
            "Risk Factor": "Critical",
            "Base Score": "9.8",
            "Temporal Score": "8.8",
            "Vector": "CVSS:3.0/AV:N/AC:L/PR:N/UI:N/S:U/C:H/I:H/A:H",
            "Temporal Vector": "CVSS:3.0/E:P/RL:O/RC:C"
        }
    ],
    "Vulnerability Information": {
        "CPE": "p-cpe:/a:novell:suse_linux:java-1_6_0-ibm, p-cpe:/a:novell:suse_linux:java-1_6_0-ibm-alsa, p-cpe:/a:novell:suse_linux:java-1_6_0-ibm-devel, p-cpe:/a:novell:suse_linux:java-1_6_0-ibm-fonts, p-cpe:/a:novell:suse_linux:java-1_6_0-ibm-jdbc, p-cpe:/a:novell:suse_linux:java-1_6_0-ibm-plugin, cpe:/o:novell:suse_linux:11",
        "Required KB Items": "Host/local_checks_enabled, Host/cpu, Host/SuSE/release, Host/SuSE/rpm-list",
        "Exploit Available": "true",
        "Exploit Ease": "Exploits are available",
        "Patch Publication Date": "12/19/2017",
        "Vulnerability Publication Date": "5/23/2017"
    },
    "Reference Information": {
        "CVE": "[CVE-2016-9841](/cve/CVE-2016-9841), [CVE-2017-10281](/cve/CVE-2017-10281), [CVE-2017-10285](/cve/CVE-2017-10285), [CVE-2017-10293](/cve/CVE-2017-10293), [CVE-2017-10295](/cve/CVE-2017-10295), [CVE-2017-10345](/cve/CVE-2017-10345), [CVE-2017-10346](/cve/CVE-2017-10346), [CVE-2017-10347](/cve/CVE-2017-10347), [CVE-2017-10348](/cve/CVE-2017-10348), [CVE-2017-10349](/cve/CVE-2017-10349), [CVE-2017-10350](/cve/CVE-2017-10350), [CVE-2017-10355](/cve/CVE-2017-10355), [CVE-2017-10356](/cve/CVE-2017-10356), [CVE-2017-10357](/cve/CVE-2017-10357), [CVE-2017-10388](/cve/CVE-2017-10388)"
    }
}