{
    "Title": "Debian DSA-4067-1 : openafs - security update",
    "Synopsis": "The remote Debian host is missing a security-related update.",
    "Description": "It was discovered that malformed jumbogram packets could result in denial of service against OpenAFS, an implementation of the Andrew distributed file system.",
    "Solution": "Upgrade the openafs packages.\nFor the oldstable distribution (jessie), this problem has been fixed in version 1.6.9-2+deb8u6. This update also provides corrections for CVE-2016-4536 and CVE-2016-9772.\nFor the stable distribution (stretch), this problem has been fixed in version 1.6.20-2+deb9u1.",
    "See Also": [
        "[https://security-tracker.debian.org/tracker/CVE-2016-4536](https://security-tracker.debian.org/tracker/CVE-2016-4536)",
        "[https://security-tracker.debian.org/tracker/CVE-2016-9772](https://security-tracker.debian.org/tracker/CVE-2016-9772)",
        "[https://security-tracker.debian.org/tracker/source-package/openafs](https://security-tracker.debian.org/tracker/source-package/openafs)",
        "[https://packages.debian.org/source/jessie/openafs](https://packages.debian.org/source/jessie/openafs)",
        "[https://packages.debian.org/source/stretch/openafs](https://packages.debian.org/source/stretch/openafs)",
        "[https://www.debian.org/security/2017/dsa-4067](https://www.debian.org/security/2017/dsa-4067)"
    ],
    "Plugin Details": {
        "Severity": "High",
        "ID": "105331",
        "File Name": "debian_DSA-4067.nasl",
        "Version": "3.6",
        "Type": "local",
        "Agent": "unix",
        "Family": "[Debian Local Security Checks](https://www.tenable.com/plugins/nessus/families/Debian%20Local%20Security%20Checks)",
        "Published": "12/18/2017",
        "Updated": "1/4/2021",
        "Supported Sensors": "Agentless Assessment, Frictionless Assessment Agent, Nessus Agent"
    },
    "Risk Information": [
        {
            "Name": "[VPR](https://www.tenable.com/blog/what-is-vpr-and-how-is-it-different-from-cvss)",
            "Risk Factor": "Low",
            "Score": "3.6"
        },
        {
            "Name": "[CVSS v2](https://nvd.nist.gov/vuln-metrics/cvss/v2-calculator?vector=AV:N/AC:L/Au:N/C:N/I:N/A:C)",
            "Risk Factor": "High",
            "Base Score": "7.8",
            "Vector": "CVSS2#AV:N/AC:L/Au:N/C:N/I:N/A:C"
        },
        {
            "Name": "[CVSS v3](https://nvd.nist.gov/vuln-metrics/cvss/v3-calculator?vector=AV:N/AC:L/PR:N/UI:N/S:U/C:N/I:N/A:H&version=3.0)",
            "Risk Factor": "High",
            "Base Score": "7.5",
            "Vector": "CVSS:3.0/AV:N/AC:L/PR:N/UI:N/S:U/C:N/I:N/A:H"
        }
    ],
    "Vulnerability Information": {
        "CPE": "p-cpe:/a:debian:debian_linux:openafs, cpe:/o:debian:debian_linux:8.0, cpe:/o:debian:debian_linux:9.0",
        "Required KB Items": "Host/local_checks_enabled, Host/Debian/release, Host/Debian/dpkg-l",
        "Patch Publication Date": "12/17/2017"
    },
    "Reference Information": {
        "CVE": "[CVE-2017-17432](/cve/CVE-2017-17432)",
        "DSA": "4067"
    }
}