{
    "Title": "SUSE SLED12 / SLES12 Security Update : ImageMagick (SUSE-SU-20...",
    "Synopsis": "The remote SUSE host is missing one or more security updates.",
    "Description": "This update for ImageMagick fixes the following issues :\n  - security update (xcf.c) :\n  - CVE-2017-14343: Memory leak vulnerability in     ReadXCFImage could lead to denial of service via a     crafted file. CVE-2017-12691: The ReadOneLayer function     in coders/xcf.c allows remote attackers to cause a     denial of service (memory consumption) via a crafted     file. [bsc#1058422]\n  - security update (pnm.c) :\n  - CVE-2017-14042: A memory allocation failure was     discovered in the ReadPNMImage function in coders/pnm.c     and could lead to remote denial of service [bsc#1056550]\n  - security update (psd.c) :\n  - CVE-2017-15281: ReadPSDImage allows remote attackers to     cause a denial of service (application crash) or     possibly have unspecified other impact via a crafted     file [bsc#1063049]\n  - CVE-2017-13061: A length-validation vulnerability was     found in the function ReadPSDLayersInternal in     coders/psd.c, which allows attackers to cause a denial     of service (ReadPSDImage memory exhaustion) via a     crafted file. [bsc#1055063]\n  - CVE-2017-12563: A Memory exhaustion vulnerability was     found in the function ReadPSDImage in coders/psd.c,     which allows attackers to cause a denial of service.\n    [bsc#1052460]\n  - CVE-2017-14174: Due to a lack of an EOF check (End of     File) in ReadPSDLayersInternal could cause huge CPU     consumption, when a crafted PSD file, which claims a     large 'length' field in the header but does not contain     sufficient backing data, is provided, the loop over     \\'length\\' would consume huge CPU resources, since there     is no EOF check inside the loop.[bsc#1057723]\n  - security update (meta.c) :\n  - CVE-2017-13062: Amemory leak vulnerability was found in     the function formatIPTC in coders/meta.c, which allows     attackers to cause a denial of service (WriteMETAImage     memory consumption) via a crafted file [bsc#1055053]\n  - security update (gif.c) :\n  - CVE-2017-15277: ReadGIFImage in coders/gif.c leaves the     palette uninitialized when processing a GIF file that     has neither a global nor local palette. If the affected     product is used as a library loaded into a process that     operates on interesting data, this data sometimes can be     leaked via the uninitialized palette.[bsc#1063050]\nNote that Tenable Network Security has extracted the preceding description block directly from the SUSE security advisory. Tenable has attempted to automatically clean and format it as much as possible without introducing additional issues.",
    "Solution": "To install this SUSE Security Update use YaST online_update.\nAlternatively you can run the command listed for your product :\nSUSE Linux Enterprise Workstation Extension 12-SP3:zypper in -t patch SUSE-SLE-WE-12-SP3-2018-14=1\nSUSE Linux Enterprise Workstation Extension 12-SP2:zypper in -t patch SUSE-SLE-WE-12-SP2-2018-14=1\nSUSE Linux Enterprise Software Development Kit 12-SP3:zypper in -t patch SUSE-SLE-SDK-12-SP3-2018-14=1\nSUSE Linux Enterprise Software Development Kit 12-SP2:zypper in -t patch SUSE-SLE-SDK-12-SP2-2018-14=1\nSUSE Linux Enterprise Server for Raspberry Pi 12-SP2:zypper in -t patch SUSE-SLE-RPI-12-SP2-2018-14=1\nSUSE Linux Enterprise Server 12-SP3:zypper in -t patch SUSE-SLE-SERVER-12-SP3-2018-14=1\nSUSE Linux Enterprise Server 12-SP2:zypper in -t patch SUSE-SLE-SERVER-12-SP2-2018-14=1\nSUSE Linux Enterprise Desktop 12-SP3:zypper in -t patch SUSE-SLE-DESKTOP-12-SP3-2018-14=1\nSUSE Linux Enterprise Desktop 12-SP2:zypper in -t patch SUSE-SLE-DESKTOP-12-SP2-2018-14=1\nTo bring your system up-to-date, use 'zypper patch'.",
    "See Also": [
        "[https://bugzilla.suse.com/show_bug.cgi?id=1052460](https://bugzilla.suse.com/show_bug.cgi?id=1052460)",
        "[https://bugzilla.suse.com/show_bug.cgi?id=1055053](https://bugzilla.suse.com/show_bug.cgi?id=1055053)",
        "[https://bugzilla.suse.com/show_bug.cgi?id=1055063](https://bugzilla.suse.com/show_bug.cgi?id=1055063)",
        "[https://bugzilla.suse.com/show_bug.cgi?id=1056550](https://bugzilla.suse.com/show_bug.cgi?id=1056550)",
        "[https://bugzilla.suse.com/show_bug.cgi?id=1057723](https://bugzilla.suse.com/show_bug.cgi?id=1057723)",
        "[https://bugzilla.suse.com/show_bug.cgi?id=1058422](https://bugzilla.suse.com/show_bug.cgi?id=1058422)",
        "[https://bugzilla.suse.com/show_bug.cgi?id=1063049](https://bugzilla.suse.com/show_bug.cgi?id=1063049)",
        "[https://bugzilla.suse.com/show_bug.cgi?id=1063050](https://bugzilla.suse.com/show_bug.cgi?id=1063050)",
        "[https://www.suse.com/security/cve/CVE-2017-12563/](https://www.suse.com/security/cve/CVE-2017-12563/)",
        "[https://www.suse.com/security/cve/CVE-2017-12691/](https://www.suse.com/security/cve/CVE-2017-12691/)",
        "[https://www.suse.com/security/cve/CVE-2017-13061/](https://www.suse.com/security/cve/CVE-2017-13061/)",
        "[https://www.suse.com/security/cve/CVE-2017-13062/](https://www.suse.com/security/cve/CVE-2017-13062/)",
        "[https://www.suse.com/security/cve/CVE-2017-14042/](https://www.suse.com/security/cve/CVE-2017-14042/)",
        "[https://www.suse.com/security/cve/CVE-2017-14174/](https://www.suse.com/security/cve/CVE-2017-14174/)",
        "[https://www.suse.com/security/cve/CVE-2017-14343/](https://www.suse.com/security/cve/CVE-2017-14343/)",
        "[https://www.suse.com/security/cve/CVE-2017-15277/](https://www.suse.com/security/cve/CVE-2017-15277/)",
        "[https://www.suse.com/security/cve/CVE-2017-15281/](https://www.suse.com/security/cve/CVE-2017-15281/)",
        "[http://www.nessus.org/u?7664446c](http://www.nessus.org/u?7664446c)"
    ],
    "Plugin Details": {
        "Severity": "High",
        "ID": "105579",
        "File Name": "suse_SU-2018-0017-1.nasl",
        "Version": "3.5",
        "Type": "local",
        "Agent": "unix",
        "Family": "[SuSE Local Security Checks](https://www.tenable.com/plugins/nessus/families/SuSE%20Local%20Security%20Checks)",
        "Published": "1/4/2018",
        "Updated": "9/10/2019",
        "Supported Sensors": "Frictionless Assessment Azure, Agentless Assessment, Frictionless Assessment Agent, Frictionless Assessment AWS, Nessus Agent"
    },
    "Risk Information": [
        {
            "Name": "[VPR](https://www.tenable.com/blog/what-is-vpr-and-how-is-it-different-from-cvss)",
            "Risk Factor": "Medium",
            "Score": "5.9"
        },
        {
            "Name": "[CVSS v2](https://nvd.nist.gov/vuln-metrics/cvss/v2-calculator?vector=AV:N/AC:M/Au:N/C:N/I:N/A:C)",
            "Risk Factor": "High",
            "Base Score": "7.1",
            "Temporal Score": "5.3",
            "Vector": "CVSS2#AV:N/AC:M/Au:N/C:N/I:N/A:C"
        },
        {
            "Name": "[CVSS v3](https://nvd.nist.gov/vuln-metrics/cvss/v3-calculator?vector=AV:N/AC:L/PR:N/UI:R/S:U/C:H/I:H/A:H/E:U/RL:O/RC:C&version=3.0)",
            "Risk Factor": "High",
            "Base Score": "8.8",
            "Temporal Score": "7.7",
            "Vector": "CVSS:3.0/AV:N/AC:L/PR:N/UI:R/S:U/C:H/I:H/A:H",
            "Temporal Vector": "CVSS:3.0/E:U/RL:O/RC:C"
        }
    ],
    "Vulnerability Information": {
        "CPE": "p-cpe:/a:novell:suse_linux:imagemagick, p-cpe:/a:novell:suse_linux:imagemagick-debuginfo, p-cpe:/a:novell:suse_linux:imagemagick-debugsource, p-cpe:/a:novell:suse_linux:libmagick%2b%2b-6_q16, p-cpe:/a:novell:suse_linux:libmagick%2b%2b-6_q16-3-debuginfo, p-cpe:/a:novell:suse_linux:libmagickcore-6_q16, p-cpe:/a:novell:suse_linux:libmagickcore-6_q16-1, p-cpe:/a:novell:suse_linux:libmagickcore-6_q16-1-debuginfo, p-cpe:/a:novell:suse_linux:libmagickwand-6_q16, p-cpe:/a:novell:suse_linux:libmagickwand-6_q16-1-debuginfo, cpe:/o:novell:suse_linux:12",
        "Required KB Items": "Host/local_checks_enabled, Host/SuSE/rpm-list, Host/cpu, Host/SuSE/release",
        "Exploit Ease": "No known exploits are available",
        "Patch Publication Date": "1/4/2018",
        "Vulnerability Publication Date": "8/5/2017"
    },
    "Reference Information": {
        "CVE": "[CVE-2017-12563](/cve/CVE-2017-12563), [CVE-2017-12691](/cve/CVE-2017-12691), [CVE-2017-13061](/cve/CVE-2017-13061), [CVE-2017-13062](/cve/CVE-2017-13062), [CVE-2017-14042](/cve/CVE-2017-14042), [CVE-2017-14174](/cve/CVE-2017-14174), [CVE-2017-14343](/cve/CVE-2017-14343), [CVE-2017-15277](/cve/CVE-2017-15277), [CVE-2017-15281](/cve/CVE-2017-15281)"
    }
}