{
    "Title": "FreeBSD : The Bouncy Castle Crypto APIs: CVE-2017-13098 ('ROBO...",
    "Synopsis": "The remote FreeBSD host is missing a security-related update.",
    "Description": "The Legion of the Bouncy Castle reports :\nRelease: 1.59\nCVE-2017-13098 ('ROBOT'), a Bleichenbacher oracle in TLS when RSA key exchange is negotiated. This potentially affected BCJSSE servers and any other TLS servers configured to use JCE for the underlying crypto\n- note the two TLS implementations using the BC lightweight APIs are not affected by this.",
    "Solution": "Update the affected package.",
    "See Also": [
        "[https://www.bouncycastle.org/releasenotes.html](https://www.bouncycastle.org/releasenotes.html)",
        "[http://www.nessus.org/u?737e93b0](http://www.nessus.org/u?737e93b0)"
    ],
    "Plugin Details": {
        "Severity": "Medium",
        "ID": "105502",
        "File Name": "freebsd_pkg_6a131fbfec7611e7aa65001b216d295b.nasl",
        "Version": "3.5",
        "Type": "local",
        "Family": "[FreeBSD Local Security Checks](https://www.tenable.com/plugins/nessus/families/FreeBSD%20Local%20Security%20Checks)",
        "Published": "1/2/2018",
        "Updated": "1/4/2021"
    },
    "Risk Information": [
        {
            "Name": "[VPR](https://www.tenable.com/blog/what-is-vpr-and-how-is-it-different-from-cvss)",
            "Risk Factor": "Low",
            "Score": "3.6"
        },
        {
            "Name": "[CVSS v2](https://nvd.nist.gov/vuln-metrics/cvss/v2-calculator?vector=AV:N/AC:M/Au:N/C:P/I:N/A:N)",
            "Risk Factor": "Medium",
            "Base Score": "4.3",
            "Vector": "CVSS2#AV:N/AC:M/Au:N/C:P/I:N/A:N"
        },
        {
            "Name": "[CVSS v3](https://nvd.nist.gov/vuln-metrics/cvss/v3-calculator?vector=AV:N/AC:H/PR:N/UI:N/S:U/C:H/I:N/A:N&version=3.0)",
            "Risk Factor": "Medium",
            "Base Score": "5.9",
            "Vector": "CVSS:3.0/AV:N/AC:H/PR:N/UI:N/S:U/C:H/I:N/A:N"
        }
    ],
    "Vulnerability Information": {
        "CPE": "p-cpe:/a:freebsd:freebsd:bouncycastle15, cpe:/o:freebsd:freebsd",
        "Required KB Items": "Host/local_checks_enabled, Host/FreeBSD/release, Host/FreeBSD/pkg_info",
        "Patch Publication Date": "12/29/2017",
        "Vulnerability Publication Date": "12/12/2017"
    },
    "Reference Information": {
        "CVE": "[CVE-2017-13098](/cve/CVE-2017-13098)"
    }
}