{
    "Title": "RHEL 6 / 7 : eap7-jboss-ec2-eap (RHSA-2018:0005)",
    "Synopsis": "The remote Red Hat host is missing one or more security updates.",
    "Description": "An update for eap7-jboss-ec2-eap is now available for Red Hat JBoss Enterprise Application Platform 7.0 for Red Hat Enterprise Linux 6 and Red Hat JBoss Enterprise Application Platform 7.0 for Red Hat Enterprise Linux 7.\nRed Hat Product Security has rated this update as having a security impact of Important. A Common Vulnerability Scoring System (CVSS) base score, which gives a detailed severity rating, is available for each vulnerability from the CVE link(s) in the References section.\nThe eap7-jboss-ec2-eap packages provide scripts for Red Hat JBoss Enterprise Application Platform running on the Amazon Web Services (AWS) Elastic Compute Cloud (EC2).\nWith this update, the eap7-jboss-ec2-eap package has been updated to ensure compatibility with Red Hat JBoss Enterprise Application Platform 7.0.9.\nRefer to the JBoss Enterprise Application Platform 7.0.9 Release Notes, linked to in the References section, for information on the most significant bug fixes and enhancements included in this release.\nSecurity Fix(es) :\n* It was found that Apache Lucene would accept an object from an unauthenticated user that could be manipulated through subsequent post requests. An attacker could use this flaw to assemble an object that could permit execution of arbitrary code if the server enabled Apache Solr's Config API. (CVE-2017-12629)\n* It was discovered that the jboss init script performed unsafe file handling which could result in local privilege escalation.\n(CVE-2017-12189)\n* It was found that GZIPInterceptor is enabled when not necessarily required in RESTEasy. An attacker could use this flaw to launch a Denial of Service attack. (CVE-2016-6346)\n* It was found that the fix for CVE-2017-2666 was incomplete and invalid characters are still allowed in the query string and path parameters. This could be exploited, in conjunction with a proxy that also permitted the invalid characters but with a different interpretation, to inject data into the HTTP response. By manipulating the HTTP response the attacker could poison a web-cache, perform an XSS attack, or obtain sensitive information from requests other than their own. (CVE-2017-7559)\n* It was discovered that the CORS Filter did not add an HTTP Vary header indicating that the response varies depending on Origin. This permitted client and server side cache poisoning in some circumstances. (CVE-2017-7561)\n* It was found that properties based files of the management and the application realm configuration that contain user to role mapping are world readable allowing access to users and roles information to all the users logged in to the system. (CVE-2017-12167)\n* It was discovered that Undertow processes http request headers with unusual whitespaces which can cause possible http request smuggling.\n(CVE-2017-12165)\nRed Hat would like to thank Mikhail Egorov (Odin) for reporting CVE-2016-6346. The CVE-2017-7559 and CVE-2017-12165 issues were discovered by Stuart Douglas (Red Hat); the CVE-2017-7561 issue was discovered by Jason Shepherd (Red Hat Product Security); and the CVE-2017-12167 issue was discovered by Brian Stansberry (Red Hat) and Jeremy Choi (Red Hat).",
    "Solution": "Update the affected eap7-jboss-ec2-eap and / or eap7-jboss-ec2-eap-samples packages.",
    "See Also": [
        "[https://access.redhat.com/documentation/en-us/](https://access.redhat.com/documentation/en-us/)",
        "[https://access.redhat.com/errata/RHSA-2018:0005](https://access.redhat.com/errata/RHSA-2018:0005)",
        "[https://access.redhat.com/security/cve/cve-2016-6346](https://access.redhat.com/security/cve/cve-2016-6346)",
        "[https://access.redhat.com/security/cve/cve-2017-7559](https://access.redhat.com/security/cve/cve-2017-7559)",
        "[https://access.redhat.com/security/cve/cve-2017-7561](https://access.redhat.com/security/cve/cve-2017-7561)",
        "[https://access.redhat.com/security/cve/cve-2017-12165](https://access.redhat.com/security/cve/cve-2017-12165)",
        "[https://access.redhat.com/security/cve/cve-2017-12167](https://access.redhat.com/security/cve/cve-2017-12167)",
        "[https://access.redhat.com/security/cve/cve-2017-12189](https://access.redhat.com/security/cve/cve-2017-12189)",
        "[https://access.redhat.com/security/cve/cve-2017-12629](https://access.redhat.com/security/cve/cve-2017-12629)"
    ],
    "Plugin Details": {
        "Severity": "Critical",
        "ID": "105522",
        "File Name": "redhat-RHSA-2018-0005.nasl",
        "Version": "3.15",
        "Type": "local",
        "Agent": "unix",
        "Family": "[Red Hat Local Security Checks](https://www.tenable.com/plugins/nessus/families/Red%20Hat%20Local%20Security%20Checks)",
        "Published": "1/4/2018",
        "Updated": "10/24/2019",
        "Supported Sensors": "Frictionless Assessment Azure, Agentless Assessment, Frictionless Assessment Agent, Frictionless Assessment AWS, Nessus Agent"
    },
    "Risk Information": [
        {
            "Name": "[VPR](https://www.tenable.com/blog/what-is-vpr-and-how-is-it-different-from-cvss)",
            "Risk Factor": "High",
            "Score": "7.4"
        },
        {
            "Name": "[CVSS v2](https://nvd.nist.gov/vuln-metrics/cvss/v2-calculator?vector=AV:N/AC:L/Au:N/C:P/I:P/A:P)",
            "Risk Factor": "High",
            "Base Score": "7.5",
            "Temporal Score": "5.9",
            "Vector": "CVSS2#AV:N/AC:L/Au:N/C:P/I:P/A:P"
        },
        {
            "Name": "[CVSS v3](https://nvd.nist.gov/vuln-metrics/cvss/v3-calculator?vector=AV:N/AC:L/PR:N/UI:N/S:U/C:H/I:H/A:H/E:P/RL:O/RC:C&version=3.0)",
            "Risk Factor": "Critical",
            "Base Score": "9.8",
            "Temporal Score": "8.8",
            "Vector": "CVSS:3.0/AV:N/AC:L/PR:N/UI:N/S:U/C:H/I:H/A:H",
            "Temporal Vector": "CVSS:3.0/E:P/RL:O/RC:C"
        }
    ],
    "Vulnerability Information": {
        "CPE": "p-cpe:/a:redhat:enterprise_linux:eap7-jboss-ec2-eap, p-cpe:/a:redhat:enterprise_linux:eap7-jboss-ec2-eap-samples, cpe:/o:redhat:enterprise_linux:6, cpe:/o:redhat:enterprise_linux:7",
        "Required KB Items": "Host/local_checks_enabled, Host/RedHat/rpm-list, Host/cpu, Host/RedHat/release",
        "Exploit Available": "true",
        "Exploit Ease": "Exploits are available",
        "Patch Publication Date": "1/3/2018",
        "Vulnerability Publication Date": "9/7/2016"
    },
    "Reference Information": {
        "CVE": "[CVE-2016-6346](/cve/CVE-2016-6346), [CVE-2017-12165](/cve/CVE-2017-12165), [CVE-2017-12167](/cve/CVE-2017-12167), [CVE-2017-12189](/cve/CVE-2017-12189), [CVE-2017-12629](/cve/CVE-2017-12629), [CVE-2017-7559](/cve/CVE-2017-7559), [CVE-2017-7561](/cve/CVE-2017-7561)",
        "RHSA": "[2018:0005](https://access.redhat.com/errata/RHSA-2018:0005)",
        "IAVA": "2017-A-0319"
    }
}