{
    "Title": "RHEL 6 / 7 : thunderbird (RHSA-2018:0061)",
    "Synopsis": "The remote Red Hat host is missing one or more security updates.",
    "Description": "An update for thunderbird is now available for Red Hat Enterprise Linux 6 and Red Hat Enterprise Linux 7.\nRed Hat Product Security has rated this update as having a security impact of Important. A Common Vulnerability Scoring System (CVSS) base score, which gives a detailed severity rating, is available for each vulnerability from the CVE link(s) in the References section.\nMozilla Thunderbird is a standalone mail and newsgroup client.\nThis update upgrades Thunderbird to version 52.5.2.\nSecurity Fix(es) :\n* Multiple flaws were found in the processing of malformed web content. A web page containing malicious content could cause Thunderbird to crash or, potentially, execute arbitrary code with the privileges of the user running Thunderbird. (CVE-2017-7846, CVE-2017-7847, CVE-2017-7848, CVE-2017-7829)\nRed Hat would like to thank the Mozilla project for reporting these issues. Upstream acknowledges cure53 and Sabri Haddouche as the original reporters.",
    "Solution": "Update the affected thunderbird and / or thunderbird-debuginfo packages.",
    "See Also": [
        "[https://www.mozilla.org/en-US/security/advisories/mfsa2017-30/](https://www.mozilla.org/en-US/security/advisories/mfsa2017-30/)",
        "[https://access.redhat.com/errata/RHSA-2018:0061](https://access.redhat.com/errata/RHSA-2018:0061)",
        "[https://access.redhat.com/security/cve/cve-2017-7829](https://access.redhat.com/security/cve/cve-2017-7829)",
        "[https://access.redhat.com/security/cve/cve-2017-7846](https://access.redhat.com/security/cve/cve-2017-7846)",
        "[https://access.redhat.com/security/cve/cve-2017-7847](https://access.redhat.com/security/cve/cve-2017-7847)",
        "[https://access.redhat.com/security/cve/cve-2017-7848](https://access.redhat.com/security/cve/cve-2017-7848)"
    ],
    "Plugin Details": {
        "Severity": "High",
        "ID": "105646",
        "File Name": "redhat-RHSA-2018-0061.nasl",
        "Version": "3.10",
        "Type": "local",
        "Agent": "unix",
        "Family": "[Red Hat Local Security Checks](https://www.tenable.com/plugins/nessus/families/Red%20Hat%20Local%20Security%20Checks)",
        "Published": "1/8/2018",
        "Updated": "5/29/2020",
        "Supported Sensors": "Frictionless Assessment Azure, Agentless Assessment, Frictionless Assessment Agent, Frictionless Assessment AWS, Nessus Agent"
    },
    "Risk Information": [
        {
            "Name": "[VPR](https://www.tenable.com/blog/what-is-vpr-and-how-is-it-different-from-cvss)",
            "Risk Factor": "Medium",
            "Score": "5.9"
        },
        {
            "Name": "[CVSS v2](https://nvd.nist.gov/vuln-metrics/cvss/v2-calculator?vector=AV:N/AC:M/Au:N/C:P/I:P/A:P)",
            "Risk Factor": "Medium",
            "Base Score": "6.8",
            "Vector": "CVSS2#AV:N/AC:M/Au:N/C:P/I:P/A:P"
        },
        {
            "Name": "[CVSS v3](https://nvd.nist.gov/vuln-metrics/cvss/v3-calculator?vector=AV:N/AC:L/PR:N/UI:R/S:U/C:H/I:H/A:H&version=3.0)",
            "Risk Factor": "High",
            "Base Score": "8.8",
            "Vector": "CVSS:3.0/AV:N/AC:L/PR:N/UI:R/S:U/C:H/I:H/A:H"
        }
    ],
    "Vulnerability Information": {
        "CPE": "p-cpe:/a:redhat:enterprise_linux:thunderbird, p-cpe:/a:redhat:enterprise_linux:thunderbird-debuginfo, cpe:/o:redhat:enterprise_linux:6, cpe:/o:redhat:enterprise_linux:7, cpe:/o:redhat:enterprise_linux:7.4, cpe:/o:redhat:enterprise_linux:7.5, cpe:/o:redhat:enterprise_linux:7.6, cpe:/o:redhat:enterprise_linux:7.7",
        "Required KB Items": "Host/local_checks_enabled, Host/RedHat/rpm-list, Host/cpu, Host/RedHat/release",
        "Patch Publication Date": "1/8/2018",
        "Vulnerability Publication Date": "6/11/2018"
    },
    "Reference Information": {
        "CVE": "[CVE-2017-7829](/cve/CVE-2017-7829), [CVE-2017-7846](/cve/CVE-2017-7846), [CVE-2017-7847](/cve/CVE-2017-7847), [CVE-2017-7848](/cve/CVE-2017-7848)",
        "RHSA": "[2018:0061](https://access.redhat.com/errata/RHSA-2018:0061)"
    }
}