{
    "Title": "Debian DSA-4088-1 : gdk-pixbuf - security update",
    "Synopsis": "The remote Debian host is missing a security-related update.",
    "Description": "It was discovered that multiple integer overflows in the GIF image loader in the GDK Pixbuf library may result in denial of service and potentially the execution of arbitrary code if a malformed image file is opened.",
    "Solution": "Upgrade the gdk-pixbuf packages.\nFor the oldstable distribution (jessie), this problem has been fixed in version 2.31.1-2+deb8u7.\nFor the stable distribution (stretch), this problem has been fixed in version 2.36.5-2+deb9u2. In addition this update provides fixes for CVE-2017-6312, CVE-2017-6313 and CVE-2017-6314.",
    "See Also": [
        "[https://security-tracker.debian.org/tracker/CVE-2017-6312](https://security-tracker.debian.org/tracker/CVE-2017-6312)",
        "[https://security-tracker.debian.org/tracker/CVE-2017-6313](https://security-tracker.debian.org/tracker/CVE-2017-6313)",
        "[https://security-tracker.debian.org/tracker/CVE-2017-6314](https://security-tracker.debian.org/tracker/CVE-2017-6314)",
        "[https://security-tracker.debian.org/tracker/source-package/gdk-pixbuf](https://security-tracker.debian.org/tracker/source-package/gdk-pixbuf)",
        "[https://packages.debian.org/source/jessie/gdk-pixbuf](https://packages.debian.org/source/jessie/gdk-pixbuf)",
        "[https://packages.debian.org/source/stretch/gdk-pixbuf](https://packages.debian.org/source/stretch/gdk-pixbuf)",
        "[https://www.debian.org/security/2018/dsa-4088](https://www.debian.org/security/2018/dsa-4088)"
    ],
    "Plugin Details": {
        "Severity": "High",
        "ID": "106056",
        "File Name": "debian_DSA-4088.nasl",
        "Version": "3.5",
        "Type": "local",
        "Agent": "unix",
        "Family": "[Debian Local Security Checks](https://www.tenable.com/plugins/nessus/families/Debian%20Local%20Security%20Checks)",
        "Published": "1/16/2018",
        "Updated": "11/13/2018",
        "Supported Sensors": "Agentless Assessment, Frictionless Assessment Agent, Nessus Agent"
    },
    "Risk Information": [
        {
            "Name": "[VPR](https://www.tenable.com/blog/what-is-vpr-and-how-is-it-different-from-cvss)",
            "Risk Factor": "Medium",
            "Score": "5.9"
        },
        {
            "Name": "[CVSS v2](https://nvd.nist.gov/vuln-metrics/cvss/v2-calculator?vector=AV:N/AC:M/Au:N/C:P/I:P/A:P)",
            "Risk Factor": "Medium",
            "Base Score": "6.8",
            "Vector": "CVSS2#AV:N/AC:M/Au:N/C:P/I:P/A:P"
        },
        {
            "Name": "[CVSS v3](https://nvd.nist.gov/vuln-metrics/cvss/v3-calculator?vector=AV:N/AC:L/PR:N/UI:R/S:U/C:H/I:H/A:H&version=3.0)",
            "Risk Factor": "High",
            "Base Score": "8.8",
            "Vector": "CVSS:3.0/AV:N/AC:L/PR:N/UI:R/S:U/C:H/I:H/A:H"
        }
    ],
    "Vulnerability Information": {
        "CPE": "p-cpe:/a:debian:debian_linux:gdk-pixbuf, cpe:/o:debian:debian_linux:8.0, cpe:/o:debian:debian_linux:9.0",
        "Required KB Items": "Host/local_checks_enabled, Host/Debian/release, Host/Debian/dpkg-l",
        "Patch Publication Date": "1/15/2018"
    },
    "Reference Information": {
        "CVE": "[CVE-2017-1000422](/cve/CVE-2017-1000422)",
        "DSA": "4088"
    }
}