{
    "Title": "RHEL 6 / 7 : java-1.8.0-oracle (RHSA-2018:0099)",
    "Synopsis": "The remote Red Hat host is missing one or more security updates.",
    "Description": "An update for java-1.8.0-oracle is now available for Oracle Java for Red Hat Enterprise Linux 6 and Oracle Java for Red Hat Enterprise Linux 7.\nRed Hat Product Security has rated this update as having a security impact of Critical. A Common Vulnerability Scoring System (CVSS) base score, which gives a detailed severity rating, is available for each vulnerability from the CVE link(s) in the References section.\nOracle Java SE version 8 includes the Oracle Java Runtime Environment and the Oracle Java Software Development Kit.\nThis update upgrades Oracle Java SE 8 to version 8 Update 161.\nSecurity Fix(es) :\n* This update fixes multiple vulnerabilities in the Oracle Java Runtime Environment and the Oracle Java Software Development Kit.\nFurther information about these flaws can be found on the Oracle Java SE Critical Patch Update Advisory page listed in the References section. (CVE-2018-2579, CVE-2018-2581, CVE-2018-2582, CVE-2018-2588, CVE-2018-2599, CVE-2018-2602, CVE-2018-2603, CVE-2018-2618, CVE-2018-2627, CVE-2018-2629, CVE-2018-2633, CVE-2018-2634, CVE-2018-2637, CVE-2018-2638, CVE-2018-2639, CVE-2018-2641, CVE-2018-2663, CVE-2018-2677, CVE-2018-2678)",
    "Solution": "Update the affected packages.",
    "See Also": [
        "[http://www.nessus.org/u?ae82f1b1](http://www.nessus.org/u?ae82f1b1)",
        "[http://www.nessus.org/u?a5f698aa](http://www.nessus.org/u?a5f698aa)",
        "[https://access.redhat.com/errata/RHSA-2018:0099](https://access.redhat.com/errata/RHSA-2018:0099)",
        "[https://access.redhat.com/security/cve/cve-2018-2579](https://access.redhat.com/security/cve/cve-2018-2579)",
        "[https://access.redhat.com/security/cve/cve-2018-2581](https://access.redhat.com/security/cve/cve-2018-2581)",
        "[https://access.redhat.com/security/cve/cve-2018-2582](https://access.redhat.com/security/cve/cve-2018-2582)",
        "[https://access.redhat.com/security/cve/cve-2018-2588](https://access.redhat.com/security/cve/cve-2018-2588)",
        "[https://access.redhat.com/security/cve/cve-2018-2599](https://access.redhat.com/security/cve/cve-2018-2599)",
        "[https://access.redhat.com/security/cve/cve-2018-2602](https://access.redhat.com/security/cve/cve-2018-2602)",
        "[https://access.redhat.com/security/cve/cve-2018-2603](https://access.redhat.com/security/cve/cve-2018-2603)",
        "[https://access.redhat.com/security/cve/cve-2018-2618](https://access.redhat.com/security/cve/cve-2018-2618)",
        "[https://access.redhat.com/security/cve/cve-2018-2627](https://access.redhat.com/security/cve/cve-2018-2627)",
        "[https://access.redhat.com/security/cve/cve-2018-2629](https://access.redhat.com/security/cve/cve-2018-2629)",
        "[https://access.redhat.com/security/cve/cve-2018-2633](https://access.redhat.com/security/cve/cve-2018-2633)",
        "[https://access.redhat.com/security/cve/cve-2018-2634](https://access.redhat.com/security/cve/cve-2018-2634)",
        "[https://access.redhat.com/security/cve/cve-2018-2637](https://access.redhat.com/security/cve/cve-2018-2637)",
        "[https://access.redhat.com/security/cve/cve-2018-2638](https://access.redhat.com/security/cve/cve-2018-2638)",
        "[https://access.redhat.com/security/cve/cve-2018-2639](https://access.redhat.com/security/cve/cve-2018-2639)",
        "[https://access.redhat.com/security/cve/cve-2018-2641](https://access.redhat.com/security/cve/cve-2018-2641)",
        "[https://access.redhat.com/security/cve/cve-2018-2663](https://access.redhat.com/security/cve/cve-2018-2663)",
        "[https://access.redhat.com/security/cve/cve-2018-2677](https://access.redhat.com/security/cve/cve-2018-2677)",
        "[https://access.redhat.com/security/cve/cve-2018-2678](https://access.redhat.com/security/cve/cve-2018-2678)",
        "[https://access.redhat.com/security/cve/cve-2018-2783](https://access.redhat.com/security/cve/cve-2018-2783)"
    ],
    "Plugin Details": {
        "Severity": "High",
        "ID": "106182",
        "File Name": "redhat-RHSA-2018-0099.nasl",
        "Version": "3.11",
        "Type": "local",
        "Agent": "unix",
        "Family": "[Red Hat Local Security Checks](https://www.tenable.com/plugins/nessus/families/Red%20Hat%20Local%20Security%20Checks)",
        "Published": "1/19/2018",
        "Updated": "3/11/2021",
        "Supported Sensors": "Frictionless Assessment AWS, Frictionless Assessment Azure, Frictionless Assessment Agent, Nessus Agent, Agentless Assessment"
    },
    "Risk Information": [
        {
            "Name": "[VPR](https://www.tenable.com/blog/what-is-vpr-and-how-is-it-different-from-cvss)",
            "Risk Factor": "High",
            "Score": "7.3"
        },
        {
            "Name": "[CVSS v2](https://nvd.nist.gov/vuln-metrics/cvss/v2-calculator?vector=AV:N/AC:M/Au:N/C:P/I:P/A:P)",
            "Risk Factor": "Medium",
            "Base Score": "6.8",
            "Temporal Score": "5",
            "Vector": "CVSS2#AV:N/AC:M/Au:N/C:P/I:P/A:P"
        },
        {
            "Name": "[CVSS v3](https://nvd.nist.gov/vuln-metrics/cvss/v3-calculator?vector=AV:N/AC:H/PR:N/UI:R/S:C/C:H/I:H/A:H/E:U/RL:O/RC:C&version=3.0)",
            "Risk Factor": "High",
            "Base Score": "8.3",
            "Temporal Score": "7.2",
            "Vector": "CVSS:3.0/AV:N/AC:H/PR:N/UI:R/S:C/C:H/I:H/A:H",
            "Temporal Vector": "CVSS:3.0/E:U/RL:O/RC:C"
        }
    ],
    "Vulnerability Information": {
        "CPE": "p-cpe:/a:redhat:enterprise_linux:java-1.8.0-oracle-src, cpe:/o:redhat:enterprise_linux:6, cpe:/o:redhat:enterprise_linux:7, cpe:/o:redhat:enterprise_linux:7.4, p-cpe:/a:redhat:enterprise_linux:java-1.8.0-oracle, p-cpe:/a:redhat:enterprise_linux:java-1.8.0-oracle-devel, p-cpe:/a:redhat:enterprise_linux:java-1.8.0-oracle-javafx, p-cpe:/a:redhat:enterprise_linux:java-1.8.0-oracle-jdbc, p-cpe:/a:redhat:enterprise_linux:java-1.8.0-oracle-plugin",
        "Required KB Items": "Host/local_checks_enabled, Host/RedHat/release, Host/RedHat/rpm-list, Host/cpu",
        "Exploit Ease": "No known exploits are available",
        "Patch Publication Date": "1/18/2018",
        "Vulnerability Publication Date": "1/17/2018"
    },
    "Reference Information": {
        "CVE": "[CVE-2018-2579](/cve/CVE-2018-2579), [CVE-2018-2581](/cve/CVE-2018-2581), [CVE-2018-2582](/cve/CVE-2018-2582), [CVE-2018-2588](/cve/CVE-2018-2588), [CVE-2018-2599](/cve/CVE-2018-2599), [CVE-2018-2602](/cve/CVE-2018-2602), [CVE-2018-2603](/cve/CVE-2018-2603), [CVE-2018-2618](/cve/CVE-2018-2618), [CVE-2018-2627](/cve/CVE-2018-2627), [CVE-2018-2629](/cve/CVE-2018-2629), [CVE-2018-2633](/cve/CVE-2018-2633), [CVE-2018-2634](/cve/CVE-2018-2634), [CVE-2018-2637](/cve/CVE-2018-2637), [CVE-2018-2638](/cve/CVE-2018-2638), [CVE-2018-2639](/cve/CVE-2018-2639), [CVE-2018-2641](/cve/CVE-2018-2641), [CVE-2018-2663](/cve/CVE-2018-2663), [CVE-2018-2677](/cve/CVE-2018-2677), [CVE-2018-2678](/cve/CVE-2018-2678), [CVE-2018-2783](/cve/CVE-2018-2783)",
        "RHSA": "[2018:0099](https://access.redhat.com/errata/RHSA-2018:0099)"
    }
}