{
    "Title": "Knot DNS 2.4.x < 2.4.4 / 2.5.x < 2.5.2 TSIG Authentication Byp...",
    "Synopsis": "The remote DNS server is affected by an authentication bypass vulnerability.",
    "Description": "The Knot DNS server running on the remote host is version 2.4.x prior to 2.4.5 or 2.5.x prior to 2.5.2. It is, therefore, affected by a TSIG authentication bypass vulnerability.",
    "Solution": "Upgrade to Knot DNS version 2.4.5 / 2.5.2 or later.",
    "See Also": [
        "[https://gitlab.labs.nic.cz/knot/knot-dns/raw/v2.4.5/NEWS](https://gitlab.labs.nic.cz/knot/knot-dns/raw/v2.4.5/NEWS)",
        "[https://gitlab.labs.nic.cz/knot/knot-dns/raw/v2.5.2/NEWS](https://gitlab.labs.nic.cz/knot/knot-dns/raw/v2.5.2/NEWS)",
        "[http://www.nessus.org/u?42ae186b](http://www.nessus.org/u?42ae186b)",
        "[http://www.nessus.org/u?8ee559d2](http://www.nessus.org/u?8ee559d2)"
    ],
    "Plugin Details": {
        "Severity": "Medium",
        "ID": "106196",
        "File Name": "knot_dns_2_5_2.nasl",
        "Version": "1.4",
        "Type": "remote",
        "Family": "[DNS](https://www.tenable.com/plugins/nessus/families/DNS)",
        "Published": "1/19/2018",
        "Updated": "7/13/2018",
        "Configuration": "Enable paranoid mode"
    },
    "Risk Information": [
        {
            "Name": "[VPR](https://www.tenable.com/blog/what-is-vpr-and-how-is-it-different-from-cvss)",
            "Risk Factor": "Medium",
            "Score": "4.4"
        },
        {
            "Name": "[CVSS v2](https://nvd.nist.gov/vuln-metrics/cvss/v2-calculator?vector=AV:N/AC:M/Au:N/C:N/I:P/A:N)",
            "Risk Factor": "Medium",
            "Base Score": "4.3",
            "Temporal Score": "3.2",
            "Vector": "CVSS2#AV:N/AC:M/Au:N/C:N/I:P/A:N"
        },
        {
            "Name": "[CVSS v3](https://nvd.nist.gov/vuln-metrics/cvss/v3-calculator?vector=AV:N/AC:H/PR:N/UI:N/S:U/C:N/I:H/A:N/E:U/RL:O/RC:C&version=3.0)",
            "Risk Factor": "Medium",
            "Base Score": "5.9",
            "Temporal Score": "5.2",
            "Vector": "CVSS:3.0/AV:N/AC:H/PR:N/UI:N/S:U/C:N/I:H/A:N",
            "Temporal Vector": "CVSS:3.0/E:U/RL:O/RC:C"
        }
    ],
    "Vulnerability Information": {
        "CPE": "x-cpe:/a:cz.nic:knot_dns",
        "Required KB Items": "knot_dns/proto, Settings/ParanoidReport",
        "Exploit Ease": "No known exploits are available",
        "Patch Publication Date": "6/23/2017",
        "Vulnerability Publication Date": "6/23/2017"
    },
    "Reference Information": {
        "CVE": "[CVE-2017-11104](/cve/CVE-2017-11104)",
        "BID": "[99598](http://www.securityfocus.com/bid/99598)"
    }
}