{
    "Title": "SUSE SLED12 / SLES12 Security Update : ImageMagick (SUSE-SU-20...",
    "Synopsis": "The remote SUSE host is missing one or more security updates.",
    "Description": "This update for ImageMagick fixes several issues. These security issues were fixed :\n  - CVE-2018-5246: Fixed memory leak vulnerability in     ReadPATTERNImage in coders/pattern.c (bsc#1074973)\n  - CVE-2017-18022: Fixed memory leak vulnerability in     MontageImageCommand in MagickWand/montage.c     (bsc#1074975)\n  - CVE-2018-5247: Fixed memory leak vulnerability in     ReadRLAImage in coders/rla.c (bsc#1074969)\n  - CVE-2017-12672: Fixed a memory leak vulnerability in the     function ReadMATImage in coders/mat.c, which allowed     attackers to cause a denial of service (bsc#1052720)\n  - CVE-2017-13060: Fixed a memory leak vulnerability in the     function ReadMATImage in coders/mat.c, which allowed     attackers to cause a denial of service via a crafted     file (bsc#1055065)\n  - CVE-2017-11724: Fixed a memory leak vulnerability in the     function ReadMATImage in coders/mat.c involving the     quantum_info and clone_info data structures     (bsc#1051446)\n  - CVE-2017-12670: Added validation in coders/mat.c to     prevent an assertion failure in the function     DestroyImage in MagickCore/image.c, which allowed     attackers to cause a denial of service (bsc#1052731)\n  - CVE-2017-12667: Fixed a memory leak vulnerability in the     function ReadMATImage in coders/mat.c (bsc#1052732)\n  - CVE-2017-13146: Fixed a memory leak vulnerability in the     function ReadMATImage in coders/mat.c (bsc#1055323)\n  - CVE-2017-10800: Processing MATLAB images in coders/mat.c     could have lead to a denial of service (OOM) in     ReadMATImage() if the size specified for a MAT Object     was larger than the actual amount of data (bsc#1047044)\n  - CVE-2017-13648: Fixed a memory leak vulnerability in the     function ReadMATImage in coders/mat.c (bsc#1055434)\n  - CVE-2017-11141: Fixed a memory leak vulnerability in the     function ReadMATImage in coders\\mat.c that could have     caused memory exhaustion via a crafted MAT file, related     to incorrect ordering of a SetImageExtent call     (bsc#1047898)\n  - CVE-2017-11529: The ReadMATImage function in     coders/mat.c allowed remote attackers to cause a denial     of service (memory leak) via a crafted file     (bsc#1050120)\n  - CVE-2017-12564: Fixed a memory leak vulnerability in the     function ReadMATImage in coders/mat.c, which allowed     attackers to cause a denial of service (bsc#1052468)\n  - CVE-2017-12434: Added a missing NULL check in the     function ReadMATImage in coders/mat.c, which allowed     attackers to cause a denial of service (assertion     failure) in DestroyImageInfo in image.c (bsc#1052550)\n  - CVE-2017-12675: Added a missing check for     multidimensional data coders/mat.c, that could have lead     to a memory leak in the function ReadImage in     MagickCore/constitute.c, which allowed attackers to     cause a denial of service (bsc#1052710)\n  - CVE-2017-14326: Fixed a memory leak vulnerability in the     function ReadMATImage in coders/mat.c, which allowed     attackers to cause a denial of service via a crafted     file (bsc#1058640)\n  - CVE-2017-11644: Processesing a crafted file in convert     could have lead to a memory leak in the ReadMATImage()     function in coders/mat.c (bsc#1050606)\n  - CVE-2017-13658: Added a missing NULL check in the     ReadMATImage function in coders/mat.c, which could have     lead to a denial of service (assertion failure and     application exit) in the DestroyImageInfo function in     MagickCore/image.c (bsc#1055855)\n  - CVE-2017-14533: Fixed a memory leak vulnerability in the     function ReadMATImage in coders/mat.c (bsc#1059751)\n  - CVE-2017-17881: Fixed a memory leak vulnerability in the     function ReadMATImage in coders/mat.c, which allowed     attackers to cause a denial of service via a crafted MAT     image file (bsc#1074123)\nNote that Tenable Network Security has extracted the preceding description block directly from the SUSE security advisory. Tenable has attempted to automatically clean and format it as much as possible without introducing additional issues.",
    "Solution": "To install this SUSE Security Update use YaST online_update.\nAlternatively you can run the command listed for your product :\nSUSE Linux Enterprise Workstation Extension 12-SP3:zypper in -t patch SUSE-SLE-WE-12-SP3-2018-97=1\nSUSE Linux Enterprise Workstation Extension 12-SP2:zypper in -t patch SUSE-SLE-WE-12-SP2-2018-97=1\nSUSE Linux Enterprise Software Development Kit 12-SP3:zypper in -t patch SUSE-SLE-SDK-12-SP3-2018-97=1\nSUSE Linux Enterprise Software Development Kit 12-SP2:zypper in -t patch SUSE-SLE-SDK-12-SP2-2018-97=1\nSUSE Linux Enterprise Server for Raspberry Pi 12-SP2:zypper in -t patch SUSE-SLE-RPI-12-SP2-2018-97=1\nSUSE Linux Enterprise Server 12-SP3:zypper in -t patch SUSE-SLE-SERVER-12-SP3-2018-97=1\nSUSE Linux Enterprise Server 12-SP2:zypper in -t patch SUSE-SLE-SERVER-12-SP2-2018-97=1\nSUSE Linux Enterprise Desktop 12-SP3:zypper in -t patch SUSE-SLE-DESKTOP-12-SP3-2018-97=1\nSUSE Linux Enterprise Desktop 12-SP2:zypper in -t patch SUSE-SLE-DESKTOP-12-SP2-2018-97=1\nTo bring your system up-to-date, use 'zypper patch'.",
    "See Also": [
        "[https://bugzilla.suse.com/show_bug.cgi?id=1047898](https://bugzilla.suse.com/show_bug.cgi?id=1047898)",
        "[https://bugzilla.suse.com/show_bug.cgi?id=1047044](https://bugzilla.suse.com/show_bug.cgi?id=1047044)",
        "[https://bugzilla.suse.com/show_bug.cgi?id=1052731](https://bugzilla.suse.com/show_bug.cgi?id=1052731)",
        "[https://bugzilla.suse.com/show_bug.cgi?id=1050120](https://bugzilla.suse.com/show_bug.cgi?id=1050120)",
        "[https://bugzilla.suse.com/show_bug.cgi?id=1052732](https://bugzilla.suse.com/show_bug.cgi?id=1052732)",
        "[https://bugzilla.suse.com/show_bug.cgi?id=1050606](https://bugzilla.suse.com/show_bug.cgi?id=1050606)",
        "[https://bugzilla.suse.com/show_bug.cgi?id=1055065](https://bugzilla.suse.com/show_bug.cgi?id=1055065)",
        "[https://bugzilla.suse.com/show_bug.cgi?id=1051446](https://bugzilla.suse.com/show_bug.cgi?id=1051446)",
        "[https://bugzilla.suse.com/show_bug.cgi?id=1055323](https://bugzilla.suse.com/show_bug.cgi?id=1055323)",
        "[https://bugzilla.suse.com/show_bug.cgi?id=1052468](https://bugzilla.suse.com/show_bug.cgi?id=1052468)",
        "[https://bugzilla.suse.com/show_bug.cgi?id=1055434](https://bugzilla.suse.com/show_bug.cgi?id=1055434)",
        "[https://bugzilla.suse.com/show_bug.cgi?id=1052550](https://bugzilla.suse.com/show_bug.cgi?id=1052550)",
        "[https://bugzilla.suse.com/show_bug.cgi?id=1055855](https://bugzilla.suse.com/show_bug.cgi?id=1055855)",
        "[https://bugzilla.suse.com/show_bug.cgi?id=1052710](https://bugzilla.suse.com/show_bug.cgi?id=1052710)",
        "[https://bugzilla.suse.com/show_bug.cgi?id=1058640](https://bugzilla.suse.com/show_bug.cgi?id=1058640)",
        "[https://bugzilla.suse.com/show_bug.cgi?id=1059751](https://bugzilla.suse.com/show_bug.cgi?id=1059751)",
        "[https://bugzilla.suse.com/show_bug.cgi?id=1052720](https://bugzilla.suse.com/show_bug.cgi?id=1052720)",
        "[https://bugzilla.suse.com/show_bug.cgi?id=1074123](https://bugzilla.suse.com/show_bug.cgi?id=1074123)",
        "[https://www.suse.com/security/cve/CVE-2017-12675/](https://www.suse.com/security/cve/CVE-2017-12675/)",
        "[https://bugzilla.suse.com/show_bug.cgi?id=1074969](https://bugzilla.suse.com/show_bug.cgi?id=1074969)",
        "[https://bugzilla.suse.com/show_bug.cgi?id=1074973](https://bugzilla.suse.com/show_bug.cgi?id=1074973)",
        "[https://bugzilla.suse.com/show_bug.cgi?id=1074975](https://bugzilla.suse.com/show_bug.cgi?id=1074975)",
        "[https://www.suse.com/security/cve/CVE-2017-10800/](https://www.suse.com/security/cve/CVE-2017-10800/)",
        "[https://www.suse.com/security/cve/CVE-2017-13060/](https://www.suse.com/security/cve/CVE-2017-13060/)",
        "[https://www.suse.com/security/cve/CVE-2017-11141/](https://www.suse.com/security/cve/CVE-2017-11141/)",
        "[https://www.suse.com/security/cve/CVE-2017-13146/](https://www.suse.com/security/cve/CVE-2017-13146/)",
        "[https://www.suse.com/security/cve/CVE-2017-11529/](https://www.suse.com/security/cve/CVE-2017-11529/)",
        "[https://www.suse.com/security/cve/CVE-2017-11644/](https://www.suse.com/security/cve/CVE-2017-11644/)",
        "[https://www.suse.com/security/cve/CVE-2017-11724/](https://www.suse.com/security/cve/CVE-2017-11724/)",
        "[https://www.suse.com/security/cve/CVE-2017-13648/](https://www.suse.com/security/cve/CVE-2017-13648/)",
        "[https://www.suse.com/security/cve/CVE-2017-12434/](https://www.suse.com/security/cve/CVE-2017-12434/)",
        "[https://www.suse.com/security/cve/CVE-2017-13658/](https://www.suse.com/security/cve/CVE-2017-13658/)",
        "[https://www.suse.com/security/cve/CVE-2017-12564/](https://www.suse.com/security/cve/CVE-2017-12564/)",
        "[https://www.suse.com/security/cve/CVE-2017-12667/](https://www.suse.com/security/cve/CVE-2017-12667/)",
        "[https://www.suse.com/security/cve/CVE-2017-12670/](https://www.suse.com/security/cve/CVE-2017-12670/)",
        "[https://www.suse.com/security/cve/CVE-2017-12672/](https://www.suse.com/security/cve/CVE-2017-12672/)",
        "[https://www.suse.com/security/cve/CVE-2017-14326/](https://www.suse.com/security/cve/CVE-2017-14326/)",
        "[https://www.suse.com/security/cve/CVE-2018-5247/](https://www.suse.com/security/cve/CVE-2018-5247/)",
        "[https://www.suse.com/security/cve/CVE-2017-14533/](https://www.suse.com/security/cve/CVE-2017-14533/)",
        "[https://www.suse.com/security/cve/CVE-2017-17881/](https://www.suse.com/security/cve/CVE-2017-17881/)",
        "[https://www.suse.com/security/cve/CVE-2017-18022/](https://www.suse.com/security/cve/CVE-2017-18022/)",
        "[http://www.nessus.org/u?0613eb7f](http://www.nessus.org/u?0613eb7f)",
        "[https://www.suse.com/security/cve/CVE-2018-5246/](https://www.suse.com/security/cve/CVE-2018-5246/)"
    ],
    "Plugin Details": {
        "Severity": "High",
        "ID": "106184",
        "File Name": "suse_SU-2018-0130-1.nasl",
        "Version": "3.5",
        "Type": "local",
        "Agent": "unix",
        "Family": "[SuSE Local Security Checks](https://www.tenable.com/plugins/nessus/families/SuSE%20Local%20Security%20Checks)",
        "Published": "1/19/2018",
        "Updated": "9/10/2019",
        "Supported Sensors": "Frictionless Assessment Azure, Agentless Assessment, Frictionless Assessment Agent, Frictionless Assessment AWS, Nessus Agent"
    },
    "Risk Information": [
        {
            "Name": "[VPR](https://www.tenable.com/blog/what-is-vpr-and-how-is-it-different-from-cvss)",
            "Risk Factor": "Medium",
            "Score": "5.9"
        },
        {
            "Name": "[CVSS v2](https://nvd.nist.gov/vuln-metrics/cvss/v2-calculator?vector=AV:N/AC:M/Au:N/C:N/I:N/A:C)",
            "Risk Factor": "High",
            "Base Score": "7.1",
            "Temporal Score": "5.3",
            "Vector": "CVSS2#AV:N/AC:M/Au:N/C:N/I:N/A:C"
        },
        {
            "Name": "[CVSS v3](https://nvd.nist.gov/vuln-metrics/cvss/v3-calculator?vector=AV:N/AC:L/PR:N/UI:R/S:U/C:H/I:H/A:H/E:U/RL:O/RC:C&version=3.0)",
            "Risk Factor": "High",
            "Base Score": "8.8",
            "Temporal Score": "7.7",
            "Vector": "CVSS:3.0/AV:N/AC:L/PR:N/UI:R/S:U/C:H/I:H/A:H",
            "Temporal Vector": "CVSS:3.0/E:U/RL:O/RC:C"
        }
    ],
    "Vulnerability Information": {
        "CPE": "p-cpe:/a:novell:suse_linux:imagemagick, p-cpe:/a:novell:suse_linux:imagemagick-debuginfo, p-cpe:/a:novell:suse_linux:imagemagick-debugsource, p-cpe:/a:novell:suse_linux:libmagick%2b%2b-6_q16, p-cpe:/a:novell:suse_linux:libmagick%2b%2b-6_q16-3-debuginfo, p-cpe:/a:novell:suse_linux:libmagickcore-6_q16, p-cpe:/a:novell:suse_linux:libmagickcore-6_q16-1, p-cpe:/a:novell:suse_linux:libmagickcore-6_q16-1-debuginfo, p-cpe:/a:novell:suse_linux:libmagickwand-6_q16, p-cpe:/a:novell:suse_linux:libmagickwand-6_q16-1-debuginfo, cpe:/o:novell:suse_linux:12",
        "Required KB Items": "Host/local_checks_enabled, Host/SuSE/rpm-list, Host/cpu, Host/SuSE/release",
        "Exploit Ease": "No known exploits are available",
        "Patch Publication Date": "1/18/2018",
        "Vulnerability Publication Date": "7/3/2017"
    },
    "Reference Information": {
        "CVE": "[CVE-2017-10800](/cve/CVE-2017-10800), [CVE-2017-11141](/cve/CVE-2017-11141), [CVE-2017-11529](/cve/CVE-2017-11529), [CVE-2017-11644](/cve/CVE-2017-11644), [CVE-2017-11724](/cve/CVE-2017-11724), [CVE-2017-12434](/cve/CVE-2017-12434), [CVE-2017-12564](/cve/CVE-2017-12564), [CVE-2017-12667](/cve/CVE-2017-12667), [CVE-2017-12670](/cve/CVE-2017-12670), [CVE-2017-12672](/cve/CVE-2017-12672), [CVE-2017-12675](/cve/CVE-2017-12675), [CVE-2017-13060](/cve/CVE-2017-13060), [CVE-2017-13146](/cve/CVE-2017-13146), [CVE-2017-13648](/cve/CVE-2017-13648), [CVE-2017-13658](/cve/CVE-2017-13658), [CVE-2017-14326](/cve/CVE-2017-14326), [CVE-2017-14533](/cve/CVE-2017-14533), [CVE-2017-17881](/cve/CVE-2017-17881), [CVE-2017-18022](/cve/CVE-2017-18022), [CVE-2018-5246](/cve/CVE-2018-5246), [CVE-2018-5247](/cve/CVE-2018-5247)"
    }
}