{
    "Title": "PowerDNS Recursor 4.0.x < 4.0.8 CNAME Parser DoS (CVE-2017-15120)",
    "Synopsis": "The remote name server is affected by a denial of service vulnerability.",
    "Description": "According to its self-reported version number, the version of the PowerDNS Recursor listening on the remote host is version 4.0.x prior to 4.0.8. It is, therefore, affected by a denial of service vulnerability in the CNAME parser.\nNote that Nessus has not attempted to exploit these issues but has instead relied only on the application's self-reported version number.\nAlso, Nessus has not checked for the presence of the patch.",
    "Solution": "Upgrade to PowerDNS Recursor 4.0.8 or later. Alternatively, apply the patches referenced in the vendor advisories.",
    "See Also": [
        "[http://www.nessus.org/u?61da09f5](http://www.nessus.org/u?61da09f5)",
        "[http://www.nessus.org/u?74450c2e](http://www.nessus.org/u?74450c2e)",
        "[https://seclists.org/oss-sec/2017/q4/382](https://seclists.org/oss-sec/2017/q4/382)"
    ],
    "Plugin Details": {
        "Severity": "High",
        "ID": "106195",
        "File Name": "powerdns_recursor_4_0_8.nasl",
        "Version": "1.6",
        "Type": "remote",
        "Family": "[DNS](https://www.tenable.com/plugins/nessus/families/DNS)",
        "Published": "1/19/2018",
        "Updated": "11/8/2019",
        "Configuration": "Enable paranoid mode"
    },
    "Risk Information": [
        {
            "Name": "[VPR](https://www.tenable.com/blog/what-is-vpr-and-how-is-it-different-from-cvss)",
            "Risk Factor": "Low",
            "Score": "3.6"
        },
        {
            "Name": "[CVSS v2](https://nvd.nist.gov/vuln-metrics/cvss/v2-calculator?vector=AV:N/AC:L/Au:N/C:N/I:N/A:P)",
            "Risk Factor": "Medium",
            "Base Score": "5",
            "Temporal Score": "3.7",
            "Vector": "CVSS2#AV:N/AC:L/Au:N/C:N/I:N/A:P",
            "CVSS Score Source": "[CVE-2017-15120](https://www.tenable.com/cve/CVE-2017-15120)"
        },
        {
            "Name": "[CVSS v3](https://nvd.nist.gov/vuln-metrics/cvss/v3-calculator?vector=AV:N/AC:L/PR:N/UI:N/S:U/C:N/I:N/A:H/E:U/RL:O/RC:C&version=3.0)",
            "Risk Factor": "High",
            "Base Score": "7.5",
            "Temporal Score": "6.5",
            "Vector": "CVSS:3.0/AV:N/AC:L/PR:N/UI:N/S:U/C:N/I:N/A:H",
            "Temporal Vector": "CVSS:3.0/E:U/RL:O/RC:C"
        }
    ],
    "Vulnerability Information": {
        "CPE": "cpe:/a:powerdns:powerdns, cpe:/a:powerdns:recursor",
        "Required KB Items": "Settings/ParanoidReport, pdns/version_full, pdns/version_source, pdns/type",
        "Exploit Ease": "No known exploits are available",
        "Patch Publication Date": "12/11/2017",
        "Vulnerability Publication Date": "12/11/2017"
    },
    "Reference Information": {
        "CVE": "[CVE-2017-15120](/cve/CVE-2017-15120)"
    }
}