{
    "Title": "RHEL 6 : kernel (RHSA-2018:0169)",
    "Synopsis": "The remote Red Hat host is missing one or more security updates.",
    "Description": "An update for kernel is now available for Red Hat Enterprise Linux 6.\nRed Hat Product Security has rated this update as having a security impact of Important. A Common Vulnerability Scoring System (CVSS) base score, which gives a detailed severity rating, is available for each vulnerability from the CVE link(s) in the References section.\nThe kernel packages contain the Linux kernel, the core of any Linux operating system.\nSecurity Fix(es) :\n* An integer overflow vulnerability in ip6_find_1stfragopt() function was found. A local attacker that has privileges (of CAP_NET_RAW) to open raw socket can cause an infinite loop inside the ip6_find_1stfragopt() function. (CVE-2017-7542, Moderate)\n* The IPv6 fragmentation implementation in the Linux kernel does not consider that the nexthdr field may be associated with an invalid option, which allows local users to cause a denial of service (out-of-bounds read and BUG) or possibly have unspecified other impact via crafted socket and send system calls. Due to the nature of the flaw, privilege escalation cannot be fully ruled out, although we believe it is unlikely. (CVE-2017-9074, Moderate)\n* A use-after-free flaw was found in the Netlink functionality of the Linux kernel networking subsystem. Due to the insufficient cleanup in the mq_notify function, a local attacker could potentially use this flaw to escalate their privileges on the system. (CVE-2017-11176, Moderate)\nBug Fix(es) :\n* Previously, the default timeout and retry settings in the VMBus driver were insufficient in some cases, for example when a Hyper-V host was under a significant load. Consequently, in Windows Server 2016, Hyper-V Server 2016, and Windows Azure Platform, when running a Red Hat Enterprise Linux Guest on the Hyper-V hypervisor, the guest failed to boot or booted with certain Hyper-V devices missing. This update alters the timeout and retry settings in VMBus, and Red Hat Enterprise Linux guests now boot as expected under the described conditions. (BZ#1506145)\n* Previously, an incorrect external declaration in the be2iscsi driver caused a kernel panic when using the systool utility. With this update, the external declaration in be2iscsi has been fixed, and the kernel no longer panics when using systool. (BZ#1507512)\n* Under high usage of the NFSD file system and memory pressure, if many tasks in the Linux kernel attempted to obtain the global spinlock to clean the Duplicate Reply Cache (DRC), these tasks stayed in an active wait in the nfsd_reply_cache_shrink() function for up to 99% of time. Consequently, a high load average occurred. This update fixes the bug by separating the DRC in several parts, each with an independent spinlock. As a result, the load and CPU utilization is no longer excessive under the described circumstances. (BZ#1509876)\n* When attempting to attach multiple SCSI devices simultaneously, Red Hat Enterprise Linux 6.9 on IBM z Systems sometimes became unresponsive. This update fixes the zfcp device driver, and attaching multiple SCSI devices simultaneously now works as expected in the described scenario. (BZ# 1512425)\n* On IBM z Systems, the tiqdio_call_inq_handlers() function in the Linux kernel incorrectly cleared the device state change indicator (DSCI) for the af_iucv devices using the HiperSockets transport with multiple input queues. Consequently, queue stalls on such devices occasionally occurred. With this update, tiqdio_call_inq_handlers() has been fixed to clear the DSCI only once, prior to scanning the queues. As a result, queue stalls for af_iucv devices using the HiperSockets transport no longer occur under the described circumstances. (BZ#1513314)\n* Previously, small data chunks caused the Stream Control Transmission Protocol (SCTP) to account the receiver_window (rwnd) values incorrectly when recovering from a 'zero-window situation'. As a consequence, window updates were not sent to the peer, and an artificial growth of rwnd could lead to packet drops. This update properly accounts such small data chunks and ignores the rwnd pressure values when reopening a window. As a result, window updates are now sent, and the announced rwnd reflects better the real state of the receive buffer. (BZ#1514443)",
    "Solution": "Update the affected packages.",
    "See Also": [
        "[https://access.redhat.com/errata/RHSA-2018:0169](https://access.redhat.com/errata/RHSA-2018:0169)",
        "[https://access.redhat.com/security/cve/cve-2017-7542](https://access.redhat.com/security/cve/cve-2017-7542)",
        "[https://access.redhat.com/security/cve/cve-2017-9074](https://access.redhat.com/security/cve/cve-2017-9074)",
        "[https://access.redhat.com/security/cve/cve-2017-11176](https://access.redhat.com/security/cve/cve-2017-11176)"
    ],
    "Plugin Details": {
        "Severity": "High",
        "ID": "106334",
        "File Name": "redhat-RHSA-2018-0169.nasl",
        "Version": "1.12",
        "Type": "local",
        "Agent": "unix",
        "Family": "[Red Hat Local Security Checks](https://www.tenable.com/plugins/nessus/families/Red%20Hat%20Local%20Security%20Checks)",
        "Published": "1/25/2018",
        "Updated": "10/24/2019",
        "Supported Sensors": "Agentless Assessment, Frictionless Assessment Agent, Frictionless Assessment AWS, Frictionless Assessment Azure, Nessus Agent"
    },
    "Risk Information": [
        {
            "Name": "[VPR](https://www.tenable.com/blog/what-is-vpr-and-how-is-it-different-from-cvss)",
            "Risk Factor": "Critical",
            "Score": "9.2"
        },
        {
            "Name": "[CVSS v2](https://nvd.nist.gov/vuln-metrics/cvss/v2-calculator?vector=AV:L/AC:L/Au:N/C:C/I:C/A:C)",
            "Risk Factor": "High",
            "Base Score": "7.2",
            "Temporal Score": "5.6",
            "Vector": "CVSS2#AV:L/AC:L/Au:N/C:C/I:C/A:C"
        },
        {
            "Name": "[CVSS v3](https://nvd.nist.gov/vuln-metrics/cvss/v3-calculator?vector=AV:L/AC:L/PR:L/UI:N/S:U/C:H/I:H/A:H/E:P/RL:O/RC:C&version=3.0)",
            "Risk Factor": "High",
            "Base Score": "7.8",
            "Temporal Score": "7",
            "Vector": "CVSS:3.0/AV:L/AC:L/PR:L/UI:N/S:U/C:H/I:H/A:H",
            "Temporal Vector": "CVSS:3.0/E:P/RL:O/RC:C"
        }
    ],
    "Vulnerability Information": {
        "CPE": "p-cpe:/a:redhat:enterprise_linux:kernel, p-cpe:/a:redhat:enterprise_linux:kernel-abi-whitelists, p-cpe:/a:redhat:enterprise_linux:kernel-debug, p-cpe:/a:redhat:enterprise_linux:kernel-debug-debuginfo, p-cpe:/a:redhat:enterprise_linux:kernel-debug-devel, p-cpe:/a:redhat:enterprise_linux:kernel-debuginfo, p-cpe:/a:redhat:enterprise_linux:kernel-debuginfo-common-i686, p-cpe:/a:redhat:enterprise_linux:kernel-debuginfo-common-s390x, p-cpe:/a:redhat:enterprise_linux:kernel-debuginfo-common-x86_64, p-cpe:/a:redhat:enterprise_linux:kernel-devel, p-cpe:/a:redhat:enterprise_linux:kernel-doc, p-cpe:/a:redhat:enterprise_linux:kernel-firmware, p-cpe:/a:redhat:enterprise_linux:kernel-headers, p-cpe:/a:redhat:enterprise_linux:kernel-kdump, p-cpe:/a:redhat:enterprise_linux:kernel-kdump-debuginfo, p-cpe:/a:redhat:enterprise_linux:kernel-kdump-devel, p-cpe:/a:redhat:enterprise_linux:perf, p-cpe:/a:redhat:enterprise_linux:perf-debuginfo, p-cpe:/a:redhat:enterprise_linux:python-perf, p-cpe:/a:redhat:enterprise_linux:python-perf-debuginfo, cpe:/o:redhat:enterprise_linux:6",
        "Required KB Items": "Host/local_checks_enabled, Host/RedHat/release, Host/RedHat/rpm-list, Host/cpu",
        "Exploit Available": "true",
        "Exploit Ease": "Exploits are available",
        "Patch Publication Date": "1/25/2018",
        "Vulnerability Publication Date": "5/19/2017"
    },
    "Reference Information": {
        "CVE": "[CVE-2017-11176](/cve/CVE-2017-11176), [CVE-2017-7542](/cve/CVE-2017-7542), [CVE-2017-9074](/cve/CVE-2017-9074)",
        "RHSA": "[2018:0169](https://access.redhat.com/errata/RHSA-2018:0169)"
    }
}