{
    "Title": "Unbound < 1.4.3 'sock_list' Structure Allocation Remote Denial...",
    "Synopsis": "The remote name server is affected by a remote denial of service vulnerability.",
    "Description": "According to its self-reported version number, the remote Unbound DNS resolver is affected by a remote denial of service vulnerability when allocating 'sock_list' structures.",
    "Solution": "Upgrade to Unbound version 1.4.3 or later.",
    "See Also": [
        "[https://nlnetlabs.nl/projects/unbound/download/](https://nlnetlabs.nl/projects/unbound/download/)"
    ],
    "Plugin Details": {
        "Severity": "Medium",
        "ID": "106380",
        "File Name": "unbound_1_4_3.nasl",
        "Version": "1.4",
        "Type": "remote",
        "Family": "[DNS](https://www.tenable.com/plugins/nessus/families/DNS)",
        "Published": "1/26/2018",
        "Updated": "11/8/2019",
        "Configuration": "Enable paranoid mode"
    },
    "Risk Information": [
        {
            "Name": "[VPR](https://www.tenable.com/blog/what-is-vpr-and-how-is-it-different-from-cvss)",
            "Risk Factor": "Low",
            "Score": "1.4"
        },
        {
            "Name": "[CVSS v2](https://nvd.nist.gov/vuln-metrics/cvss/v2-calculator?vector=AV:N/AC:L/Au:N/C:N/I:N/A:P)",
            "Risk Factor": "Medium",
            "Base Score": "5",
            "Temporal Score": "4.1",
            "Vector": "CVSS2#AV:N/AC:L/Au:N/C:N/I:N/A:P",
            "CVSS Score Source": "[CVE-2010-0969](https://www.tenable.com/cve/CVE-2010-0969)"
        },
        {
            "Name": "[CVSS v3](https://nvd.nist.gov/vuln-metrics/cvss/v3-calculator?vector=AV:N/AC:L/PR:N/UI:N/S:U/C:N/I:N/A:L/E:U/RL:O/RC:C&version=3.0)",
            "Risk Factor": "Medium",
            "Base Score": "5.3",
            "Temporal Score": "4.6",
            "Vector": "CVSS:3.0/AV:N/AC:L/PR:N/UI:N/S:U/C:N/I:N/A:L",
            "Temporal Vector": "CVSS:3.0/E:U/RL:O/RC:C"
        }
    ],
    "Vulnerability Information": {
        "CPE": "cpe:/a:unbound:unbound",
        "Required KB Items": "Settings/ParanoidReport, unbound/version",
        "Exploit Available": "true",
        "Exploit Ease": "Exploits are available",
        "Patch Publication Date": "3/11/2010",
        "Vulnerability Publication Date": "3/11/2010"
    },
    "Reference Information": {
        "CVE": "[CVE-2010-0969](/cve/CVE-2010-0969)",
        "BID": "[38701](http://www.securityfocus.com/bid/38701)"
    }
}