{
    "Title": "Unbound < 1.3.4 NSEC3 Signature Verification DNS Spoofing Vuln...",
    "Synopsis": "The remote name server is affected by a remote DNS spoofing vulnerability.",
    "Description": "According to its self-reported version number, the remote Unbound DNS resolver is affected by a remote DNS spoofing vulnerability when verifying NSEC3 signatures.",
    "Solution": "Upgrade to Unbound version 1.3.4 or later.",
    "See Also": [
        "[https://nlnetlabs.nl/projects/unbound/download/](https://nlnetlabs.nl/projects/unbound/download/)"
    ],
    "Plugin Details": {
        "Severity": "High",
        "ID": "106379",
        "File Name": "unbound_1_3_4.nasl",
        "Version": "1.5",
        "Type": "remote",
        "Family": "[DNS](https://www.tenable.com/plugins/nessus/families/DNS)",
        "Published": "1/26/2018",
        "Updated": "11/15/2018",
        "Configuration": "Enable paranoid mode"
    },
    "Risk Information": [
        {
            "Name": "[VPR](https://www.tenable.com/blog/what-is-vpr-and-how-is-it-different-from-cvss)",
            "Risk Factor": "Low",
            "Score": "3.4"
        },
        {
            "Name": "[CVSS v2](https://nvd.nist.gov/vuln-metrics/cvss/v2-calculator?vector=AV:N/AC:L/Au:N/C:P/I:P/A:P)",
            "Risk Factor": "High",
            "Base Score": "7.5",
            "Temporal Score": "5.5",
            "Vector": "CVSS2#AV:N/AC:L/Au:N/C:P/I:P/A:P"
        },
        {
            "Name": "[CVSS v3](https://nvd.nist.gov/vuln-metrics/cvss/v3-calculator?vector=AV:N/AC:L/PR:N/UI:N/S:U/C:L/I:L/A:L/E:U/RL:O/RC:C&version=3.0)",
            "Risk Factor": "High",
            "Base Score": "7.3",
            "Temporal Score": "6.4",
            "Vector": "CVSS:3.0/AV:N/AC:L/PR:N/UI:N/S:U/C:L/I:L/A:L",
            "Temporal Vector": "CVSS:3.0/E:U/RL:O/RC:C"
        }
    ],
    "Vulnerability Information": {
        "CPE": "cpe:/a:unbound:unbound",
        "Required KB Items": "Settings/ParanoidReport, unbound/version",
        "Exploit Ease": "No known exploits are available",
        "Patch Publication Date": "10/7/2009",
        "Vulnerability Publication Date": "10/7/2009"
    },
    "Reference Information": {
        "CVE": "[CVE-2009-3602](/cve/CVE-2009-3602)",
        "BID": "[37459](http://www.securityfocus.com/bid/37459)",
        "CWE": "[310](http://cwe.mitre.org/data/definitions/310)"
    }
}