{
    "Title": "RHEL 6 / 7 : firefox (RHSA-2018:0122)",
    "Synopsis": "The remote Red Hat host is missing one or more security updates.",
    "Description": "An update for firefox is now available for Red Hat Enterprise Linux 6 and Red Hat Enterprise Linux 7.\nRed Hat Product Security has rated this update as having a security impact of Critical. A Common Vulnerability Scoring System (CVSS) base score, which gives a detailed severity rating, is available for each vulnerability from the CVE link(s) in the References section.\nMozilla Firefox is an open source web browser.\nThis update upgrades Firefox to version 52.6.0 ESR.\nSecurity Fix(es) :\n* Multiple flaws were found in the processing of malformed web content. A web page containing malicious content could cause Firefox to crash or, potentially, execute arbitrary code with the privileges of the user running Firefox. (CVE-2018-5089, CVE-2018-5091, CVE-2018-5095, CVE-2018-5096, CVE-2018-5097, CVE-2018-5098, CVE-2018-5099, CVE-2018-5102, CVE-2018-5103, CVE-2018-5104, CVE-2018-5117)\n* To mitigate timing-based side-channel attacks similar to 'Spectre' and 'Meltdown', the resolution of performance.now() has been reduced from 5ms to 20ms.\nRed Hat would like to thank the Mozilla project for reporting these issues. Upstream acknowledges Christian Holler, Jason Kratzer, Marcia Knous, Nathan Froyd, Oriol Brufau, Ronald Crane, Randell Jesup, Tyson Smith, Cobos Alvarez, Ryan VanderMeulen, Sebastian Hengst, Karl Tomlinson, Xidorn Quan, Ludovic Hirlimann, Jason Orendorff, Looben Yang, Anonymous, Nils, and Xisigr as the original reporters.",
    "Solution": "Update the affected firefox and / or firefox-debuginfo packages.",
    "See Also": [
        "[https://www.mozilla.org/en-US/security/advisories/mfsa2018-03/](https://www.mozilla.org/en-US/security/advisories/mfsa2018-03/)",
        "[https://www.mozilla.org/en-US/security/advisories/mfsa2018-01/](https://www.mozilla.org/en-US/security/advisories/mfsa2018-01/)",
        "[https://access.redhat.com/errata/RHSA-2018:0122](https://access.redhat.com/errata/RHSA-2018:0122)",
        "[https://access.redhat.com/security/cve/cve-2018-5089](https://access.redhat.com/security/cve/cve-2018-5089)",
        "[https://access.redhat.com/security/cve/cve-2018-5091](https://access.redhat.com/security/cve/cve-2018-5091)",
        "[https://access.redhat.com/security/cve/cve-2018-5095](https://access.redhat.com/security/cve/cve-2018-5095)",
        "[https://access.redhat.com/security/cve/cve-2018-5096](https://access.redhat.com/security/cve/cve-2018-5096)",
        "[https://access.redhat.com/security/cve/cve-2018-5097](https://access.redhat.com/security/cve/cve-2018-5097)",
        "[https://access.redhat.com/security/cve/cve-2018-5098](https://access.redhat.com/security/cve/cve-2018-5098)",
        "[https://access.redhat.com/security/cve/cve-2018-5099](https://access.redhat.com/security/cve/cve-2018-5099)",
        "[https://access.redhat.com/security/cve/cve-2018-5102](https://access.redhat.com/security/cve/cve-2018-5102)",
        "[https://access.redhat.com/security/cve/cve-2018-5103](https://access.redhat.com/security/cve/cve-2018-5103)",
        "[https://access.redhat.com/security/cve/cve-2018-5104](https://access.redhat.com/security/cve/cve-2018-5104)",
        "[https://access.redhat.com/security/cve/cve-2018-5117](https://access.redhat.com/security/cve/cve-2018-5117)"
    ],
    "Plugin Details": {
        "Severity": "Critical",
        "ID": "106329",
        "File Name": "redhat-RHSA-2018-0122.nasl",
        "Version": "1.15",
        "Type": "local",
        "Agent": "unix",
        "Family": "[Red Hat Local Security Checks](https://www.tenable.com/plugins/nessus/families/Red%20Hat%20Local%20Security%20Checks)",
        "Published": "1/25/2018",
        "Updated": "5/29/2020",
        "Supported Sensors": "Agentless Assessment, Frictionless Assessment Agent, Frictionless Assessment AWS, Frictionless Assessment Azure, Nessus Agent"
    },
    "Risk Information": [
        {
            "Name": "[VPR](https://www.tenable.com/blog/what-is-vpr-and-how-is-it-different-from-cvss)",
            "Risk Factor": "Medium",
            "Score": "6.7"
        },
        {
            "Name": "[CVSS v2](https://nvd.nist.gov/vuln-metrics/cvss/v2-calculator?vector=AV:N/AC:L/Au:N/C:P/I:P/A:P)",
            "Risk Factor": "High",
            "Base Score": "7.5",
            "Temporal Score": "5.5",
            "Vector": "CVSS2#AV:N/AC:L/Au:N/C:P/I:P/A:P"
        },
        {
            "Name": "[CVSS v3](https://nvd.nist.gov/vuln-metrics/cvss/v3-calculator?vector=AV:N/AC:L/PR:N/UI:N/S:U/C:H/I:H/A:H/E:U/RL:O/RC:C&version=3.0)",
            "Risk Factor": "Critical",
            "Base Score": "9.8",
            "Temporal Score": "8.5",
            "Vector": "CVSS:3.0/AV:N/AC:L/PR:N/UI:N/S:U/C:H/I:H/A:H",
            "Temporal Vector": "CVSS:3.0/E:U/RL:O/RC:C"
        }
    ],
    "Vulnerability Information": {
        "CPE": "p-cpe:/a:redhat:enterprise_linux:firefox, p-cpe:/a:redhat:enterprise_linux:firefox-debuginfo, cpe:/o:redhat:enterprise_linux:6, cpe:/o:redhat:enterprise_linux:7, cpe:/o:redhat:enterprise_linux:7.4, cpe:/o:redhat:enterprise_linux:7.5, cpe:/o:redhat:enterprise_linux:7.6, cpe:/o:redhat:enterprise_linux:7.7",
        "Required KB Items": "Host/local_checks_enabled, Host/RedHat/release, Host/RedHat/rpm-list, Host/cpu",
        "Exploit Ease": "No known exploits are available",
        "Patch Publication Date": "1/24/2018",
        "Vulnerability Publication Date": "6/11/2018"
    },
    "Reference Information": {
        "CVE": "[CVE-2018-5089](/cve/CVE-2018-5089), [CVE-2018-5091](/cve/CVE-2018-5091), [CVE-2018-5095](/cve/CVE-2018-5095), [CVE-2018-5096](/cve/CVE-2018-5096), [CVE-2018-5097](/cve/CVE-2018-5097), [CVE-2018-5098](/cve/CVE-2018-5098), [CVE-2018-5099](/cve/CVE-2018-5099), [CVE-2018-5102](/cve/CVE-2018-5102), [CVE-2018-5103](/cve/CVE-2018-5103), [CVE-2018-5104](/cve/CVE-2018-5104), [CVE-2018-5117](/cve/CVE-2018-5117)",
        "RHSA": "[2018:0122](https://access.redhat.com/errata/RHSA-2018:0122)"
    }
}