{
    "Title": "SUSE SLED12 / SLES12 Security Update : webkit2gtk3 (SUSE-SU-20...",
    "Synopsis": "The remote SUSE host is missing one or more security updates.",
    "Description": "This update for webkit2gtk3 fixes the following issues: Update to version 2.18.5 :\n  + Disable SharedArrayBuffers from Web API.\n  + Reduce the precision of 'high' resolution time to 1ms.\n  + bsc#1075419 - Security fixes: includes improvements to     mitigate the effects of Spectre and Meltdown     (CVE-2017-5753 and CVE-2017-5715). Update to version     2.18.4 :\n  + Make WebDriver implementation more spec compliant.\n  + Fix a bug when trying to remove cookies before a web     process is spawned.\n  + WebKitWebDriver process no longer links to     libjavascriptcoregtk.\n  + Fix several memory leaks in GStreamer media backend.\n  + bsc#1073654 - Security fixes: CVE-2017-13866,     CVE-2017-13870, CVE-2017-7156, CVE-2017-13856. Update to     version 2.18.3 :\n  + Improve calculation of font metrics to prevent     scrollbars from being shown unnecessarily in some cases.\n  + Fix handling of null capabilities in WebDriver     implementation.\n  + Security fixes: CVE-2017-13798, CVE-2017-13788,     CVE-2017-13803. Update to version 2.18.2 :\n  + Fix rendering of arabic text.\n  + Fix a crash in the web process when decoding GIF images.\n  + Fix rendering of wind in Windy.com.\n  + Fix several crashes and rendering issues. Update to     version 2.18.1 :\n  + Improve performance of GIF animations.\n  + Fix garbled display in GMail.\n  + Fix rendering of several material design icons when     using the web font.\n  + Fix flickering when resizing the window in Wayland.\n  + Prevent default kerberos authentication credentials from     being used in ephemeral sessions.\n  + Fix a crash when webkit_web_resource_get_data() is     cancelled.\n  + Correctly handle touchmove and touchend events in     WebKitWebView.\n  + Fix the build with enchant 2.1.1.\n  + Fix the build in HPPA and Alpha.\n  + Fix several crashes and rendering issues.\n  + Security fixes: CVE-2017-7081, CVE-2017-7087,     CVE-2017-7089, CVE-2017-7090, CVE-2017-7091,     CVE-2017-7092, CVE-2017-7093, CVE-2017-7094,     CVE-2017-7095, CVE-2017-7096, CVE-2017-7098,     CVE-2017-7099, CVE-2017-7100, CVE-2017-7102,     CVE-2017-7104, CVE-2017-7107, CVE-2017-7109,     CVE-2017-7111, CVE-2017-7117, CVE-2017-7120,     CVE-2017-7142.\n  - Enable gold linker on s390/s390x on SLE15/Tumbleweed.\nNote that Tenable Network Security has extracted the preceding description block directly from the SUSE security advisory. Tenable has attempted to automatically clean and format it as much as possible without introducing additional issues.",
    "Solution": "To install this SUSE Security Update use YaST online_update.\nAlternatively you can run the command listed for your product :\nSUSE Linux Enterprise Workstation Extension 12-SP3:zypper in -t patch SUSE-SLE-WE-12-SP3-2018-150=1\nSUSE Linux Enterprise Workstation Extension 12-SP2:zypper in -t patch SUSE-SLE-WE-12-SP2-2018-150=1\nSUSE Linux Enterprise Software Development Kit 12-SP3:zypper in -t patch SUSE-SLE-SDK-12-SP3-2018-150=1\nSUSE Linux Enterprise Software Development Kit 12-SP2:zypper in -t patch SUSE-SLE-SDK-12-SP2-2018-150=1\nSUSE Linux Enterprise Server for Raspberry Pi 12-SP2:zypper in -t patch SUSE-SLE-RPI-12-SP2-2018-150=1\nSUSE Linux Enterprise Server 12-SP3:zypper in -t patch SUSE-SLE-SERVER-12-SP3-2018-150=1\nSUSE Linux Enterprise Server 12-SP2:zypper in -t patch SUSE-SLE-SERVER-12-SP2-2018-150=1\nSUSE Linux Enterprise Desktop 12-SP3:zypper in -t patch SUSE-SLE-DESKTOP-12-SP3-2018-150=1\nSUSE Linux Enterprise Desktop 12-SP2:zypper in -t patch SUSE-SLE-DESKTOP-12-SP2-2018-150=1\nTo bring your system up-to-date, use 'zypper patch'.",
    "See Also": [
        "[https://bugzilla.suse.com/show_bug.cgi?id=1020950](https://bugzilla.suse.com/show_bug.cgi?id=1020950)",
        "[https://bugzilla.suse.com/show_bug.cgi?id=1024749](https://bugzilla.suse.com/show_bug.cgi?id=1024749)",
        "[https://bugzilla.suse.com/show_bug.cgi?id=1050469](https://bugzilla.suse.com/show_bug.cgi?id=1050469)",
        "[https://bugzilla.suse.com/show_bug.cgi?id=1066892](https://bugzilla.suse.com/show_bug.cgi?id=1066892)",
        "[https://bugzilla.suse.com/show_bug.cgi?id=1069925](https://bugzilla.suse.com/show_bug.cgi?id=1069925)",
        "[https://bugzilla.suse.com/show_bug.cgi?id=1073654](https://bugzilla.suse.com/show_bug.cgi?id=1073654)",
        "[https://bugzilla.suse.com/show_bug.cgi?id=1075419](https://bugzilla.suse.com/show_bug.cgi?id=1075419)",
        "[https://www.suse.com/security/cve/CVE-2016-4692/](https://www.suse.com/security/cve/CVE-2016-4692/)",
        "[https://www.suse.com/security/cve/CVE-2016-4743/](https://www.suse.com/security/cve/CVE-2016-4743/)",
        "[https://www.suse.com/security/cve/CVE-2016-7586/](https://www.suse.com/security/cve/CVE-2016-7586/)",
        "[https://www.suse.com/security/cve/CVE-2016-7587/](https://www.suse.com/security/cve/CVE-2016-7587/)",
        "[https://www.suse.com/security/cve/CVE-2016-7589/](https://www.suse.com/security/cve/CVE-2016-7589/)",
        "[https://www.suse.com/security/cve/CVE-2016-7592/](https://www.suse.com/security/cve/CVE-2016-7592/)",
        "[https://www.suse.com/security/cve/CVE-2016-7598/](https://www.suse.com/security/cve/CVE-2016-7598/)",
        "[https://www.suse.com/security/cve/CVE-2016-7599/](https://www.suse.com/security/cve/CVE-2016-7599/)",
        "[https://www.suse.com/security/cve/CVE-2016-7610/](https://www.suse.com/security/cve/CVE-2016-7610/)",
        "[https://www.suse.com/security/cve/CVE-2016-7623/](https://www.suse.com/security/cve/CVE-2016-7623/)",
        "[https://www.suse.com/security/cve/CVE-2016-7632/](https://www.suse.com/security/cve/CVE-2016-7632/)",
        "[https://www.suse.com/security/cve/CVE-2016-7635/](https://www.suse.com/security/cve/CVE-2016-7635/)",
        "[https://www.suse.com/security/cve/CVE-2016-7639/](https://www.suse.com/security/cve/CVE-2016-7639/)",
        "[https://www.suse.com/security/cve/CVE-2016-7641/](https://www.suse.com/security/cve/CVE-2016-7641/)",
        "[https://www.suse.com/security/cve/CVE-2016-7645/](https://www.suse.com/security/cve/CVE-2016-7645/)",
        "[https://www.suse.com/security/cve/CVE-2016-7652/](https://www.suse.com/security/cve/CVE-2016-7652/)",
        "[https://www.suse.com/security/cve/CVE-2016-7654/](https://www.suse.com/security/cve/CVE-2016-7654/)",
        "[https://www.suse.com/security/cve/CVE-2016-7656/](https://www.suse.com/security/cve/CVE-2016-7656/)",
        "[https://www.suse.com/security/cve/CVE-2017-13788/](https://www.suse.com/security/cve/CVE-2017-13788/)",
        "[https://www.suse.com/security/cve/CVE-2017-13798/](https://www.suse.com/security/cve/CVE-2017-13798/)",
        "[https://www.suse.com/security/cve/CVE-2017-13803/](https://www.suse.com/security/cve/CVE-2017-13803/)",
        "[https://www.suse.com/security/cve/CVE-2017-13856/](https://www.suse.com/security/cve/CVE-2017-13856/)",
        "[https://www.suse.com/security/cve/CVE-2017-13866/](https://www.suse.com/security/cve/CVE-2017-13866/)",
        "[https://www.suse.com/security/cve/CVE-2017-13870/](https://www.suse.com/security/cve/CVE-2017-13870/)",
        "[https://www.suse.com/security/cve/CVE-2017-2350/](https://www.suse.com/security/cve/CVE-2017-2350/)",
        "[https://www.suse.com/security/cve/CVE-2017-2354/](https://www.suse.com/security/cve/CVE-2017-2354/)",
        "[https://www.suse.com/security/cve/CVE-2017-2355/](https://www.suse.com/security/cve/CVE-2017-2355/)",
        "[https://www.suse.com/security/cve/CVE-2017-2356/](https://www.suse.com/security/cve/CVE-2017-2356/)",
        "[https://www.suse.com/security/cve/CVE-2017-2362/](https://www.suse.com/security/cve/CVE-2017-2362/)",
        "[https://www.suse.com/security/cve/CVE-2017-2363/](https://www.suse.com/security/cve/CVE-2017-2363/)",
        "[https://www.suse.com/security/cve/CVE-2017-2364/](https://www.suse.com/security/cve/CVE-2017-2364/)",
        "[https://www.suse.com/security/cve/CVE-2017-2365/](https://www.suse.com/security/cve/CVE-2017-2365/)",
        "[https://www.suse.com/security/cve/CVE-2017-2366/](https://www.suse.com/security/cve/CVE-2017-2366/)",
        "[https://www.suse.com/security/cve/CVE-2017-2369/](https://www.suse.com/security/cve/CVE-2017-2369/)",
        "[https://www.suse.com/security/cve/CVE-2017-2371/](https://www.suse.com/security/cve/CVE-2017-2371/)",
        "[https://www.suse.com/security/cve/CVE-2017-2373/](https://www.suse.com/security/cve/CVE-2017-2373/)",
        "[https://www.suse.com/security/cve/CVE-2017-2496/](https://www.suse.com/security/cve/CVE-2017-2496/)",
        "[https://www.suse.com/security/cve/CVE-2017-2510/](https://www.suse.com/security/cve/CVE-2017-2510/)",
        "[https://www.suse.com/security/cve/CVE-2017-2539/](https://www.suse.com/security/cve/CVE-2017-2539/)",
        "[https://www.suse.com/security/cve/CVE-2017-5715/](https://www.suse.com/security/cve/CVE-2017-5715/)",
        "[https://www.suse.com/security/cve/CVE-2017-5753/](https://www.suse.com/security/cve/CVE-2017-5753/)",
        "[https://www.suse.com/security/cve/CVE-2017-5754/](https://www.suse.com/security/cve/CVE-2017-5754/)",
        "[https://www.suse.com/security/cve/CVE-2017-7006/](https://www.suse.com/security/cve/CVE-2017-7006/)",
        "[https://www.suse.com/security/cve/CVE-2017-7011/](https://www.suse.com/security/cve/CVE-2017-7011/)",
        "[https://www.suse.com/security/cve/CVE-2017-7012/](https://www.suse.com/security/cve/CVE-2017-7012/)",
        "[https://www.suse.com/security/cve/CVE-2017-7018/](https://www.suse.com/security/cve/CVE-2017-7018/)",
        "[https://www.suse.com/security/cve/CVE-2017-7019/](https://www.suse.com/security/cve/CVE-2017-7019/)",
        "[https://www.suse.com/security/cve/CVE-2017-7020/](https://www.suse.com/security/cve/CVE-2017-7020/)",
        "[https://www.suse.com/security/cve/CVE-2017-7030/](https://www.suse.com/security/cve/CVE-2017-7030/)",
        "[https://www.suse.com/security/cve/CVE-2017-7034/](https://www.suse.com/security/cve/CVE-2017-7034/)",
        "[https://www.suse.com/security/cve/CVE-2017-7037/](https://www.suse.com/security/cve/CVE-2017-7037/)",
        "[https://www.suse.com/security/cve/CVE-2017-7038/](https://www.suse.com/security/cve/CVE-2017-7038/)",
        "[https://www.suse.com/security/cve/CVE-2017-7039/](https://www.suse.com/security/cve/CVE-2017-7039/)",
        "[https://www.suse.com/security/cve/CVE-2017-7040/](https://www.suse.com/security/cve/CVE-2017-7040/)",
        "[https://www.suse.com/security/cve/CVE-2017-7041/](https://www.suse.com/security/cve/CVE-2017-7041/)",
        "[https://www.suse.com/security/cve/CVE-2017-7042/](https://www.suse.com/security/cve/CVE-2017-7042/)",
        "[https://www.suse.com/security/cve/CVE-2017-7043/](https://www.suse.com/security/cve/CVE-2017-7043/)",
        "[https://www.suse.com/security/cve/CVE-2017-7046/](https://www.suse.com/security/cve/CVE-2017-7046/)",
        "[https://www.suse.com/security/cve/CVE-2017-7048/](https://www.suse.com/security/cve/CVE-2017-7048/)",
        "[https://www.suse.com/security/cve/CVE-2017-7049/](https://www.suse.com/security/cve/CVE-2017-7049/)",
        "[https://www.suse.com/security/cve/CVE-2017-7052/](https://www.suse.com/security/cve/CVE-2017-7052/)",
        "[https://www.suse.com/security/cve/CVE-2017-7055/](https://www.suse.com/security/cve/CVE-2017-7055/)",
        "[https://www.suse.com/security/cve/CVE-2017-7056/](https://www.suse.com/security/cve/CVE-2017-7056/)",
        "[https://www.suse.com/security/cve/CVE-2017-7059/](https://www.suse.com/security/cve/CVE-2017-7059/)",
        "[https://www.suse.com/security/cve/CVE-2017-7061/](https://www.suse.com/security/cve/CVE-2017-7061/)",
        "[https://www.suse.com/security/cve/CVE-2017-7064/](https://www.suse.com/security/cve/CVE-2017-7064/)",
        "[https://www.suse.com/security/cve/CVE-2017-7081/](https://www.suse.com/security/cve/CVE-2017-7081/)",
        "[https://www.suse.com/security/cve/CVE-2017-7087/](https://www.suse.com/security/cve/CVE-2017-7087/)",
        "[https://www.suse.com/security/cve/CVE-2017-7089/](https://www.suse.com/security/cve/CVE-2017-7089/)",
        "[https://www.suse.com/security/cve/CVE-2017-7090/](https://www.suse.com/security/cve/CVE-2017-7090/)",
        "[https://www.suse.com/security/cve/CVE-2017-7091/](https://www.suse.com/security/cve/CVE-2017-7091/)",
        "[https://www.suse.com/security/cve/CVE-2017-7092/](https://www.suse.com/security/cve/CVE-2017-7092/)",
        "[https://www.suse.com/security/cve/CVE-2017-7093/](https://www.suse.com/security/cve/CVE-2017-7093/)",
        "[https://www.suse.com/security/cve/CVE-2017-7094/](https://www.suse.com/security/cve/CVE-2017-7094/)",
        "[https://www.suse.com/security/cve/CVE-2017-7095/](https://www.suse.com/security/cve/CVE-2017-7095/)",
        "[https://www.suse.com/security/cve/CVE-2017-7096/](https://www.suse.com/security/cve/CVE-2017-7096/)",
        "[https://www.suse.com/security/cve/CVE-2017-7098/](https://www.suse.com/security/cve/CVE-2017-7098/)",
        "[https://www.suse.com/security/cve/CVE-2017-7099/](https://www.suse.com/security/cve/CVE-2017-7099/)",
        "[https://www.suse.com/security/cve/CVE-2017-7100/](https://www.suse.com/security/cve/CVE-2017-7100/)",
        "[https://www.suse.com/security/cve/CVE-2017-7102/](https://www.suse.com/security/cve/CVE-2017-7102/)",
        "[https://www.suse.com/security/cve/CVE-2017-7104/](https://www.suse.com/security/cve/CVE-2017-7104/)",
        "[https://www.suse.com/security/cve/CVE-2017-7107/](https://www.suse.com/security/cve/CVE-2017-7107/)",
        "[https://www.suse.com/security/cve/CVE-2017-7109/](https://www.suse.com/security/cve/CVE-2017-7109/)",
        "[https://www.suse.com/security/cve/CVE-2017-7111/](https://www.suse.com/security/cve/CVE-2017-7111/)",
        "[https://www.suse.com/security/cve/CVE-2017-7117/](https://www.suse.com/security/cve/CVE-2017-7117/)",
        "[https://www.suse.com/security/cve/CVE-2017-7120/](https://www.suse.com/security/cve/CVE-2017-7120/)",
        "[https://www.suse.com/security/cve/CVE-2017-7142/](https://www.suse.com/security/cve/CVE-2017-7142/)",
        "[https://www.suse.com/security/cve/CVE-2017-7156/](https://www.suse.com/security/cve/CVE-2017-7156/)",
        "[https://www.suse.com/security/cve/CVE-2017-7157/](https://www.suse.com/security/cve/CVE-2017-7157/)",
        "[http://www.nessus.org/u?df2168e5](http://www.nessus.org/u?df2168e5)"
    ],
    "Plugin Details": {
        "Severity": "High",
        "ID": "106370",
        "File Name": "suse_SU-2018-0219-1.nasl",
        "Version": "3.8",
        "Type": "local",
        "Agent": "unix",
        "Family": "[SuSE Local Security Checks](https://www.tenable.com/plugins/nessus/families/SuSE%20Local%20Security%20Checks)",
        "Published": "1/26/2018",
        "Updated": "9/10/2019",
        "Supported Sensors": "Frictionless Assessment AWS, Frictionless Assessment Azure, Frictionless Assessment Agent, Nessus Agent, Agentless Assessment"
    },
    "Risk Information": [
        {
            "Name": "[VPR](https://www.tenable.com/blog/what-is-vpr-and-how-is-it-different-from-cvss)",
            "Risk Factor": "High",
            "Score": "8.4"
        },
        {
            "Name": "[CVSS v2](https://nvd.nist.gov/vuln-metrics/cvss/v2-calculator?vector=AV:N/AC:M/Au:N/C:C/I:C/A:C)",
            "Risk Factor": "High",
            "Base Score": "9.3",
            "Temporal Score": "8.1",
            "Vector": "CVSS2#AV:N/AC:M/Au:N/C:C/I:C/A:C"
        },
        {
            "Name": "[CVSS v3](https://nvd.nist.gov/vuln-metrics/cvss/v3-calculator?vector=AV:N/AC:L/PR:N/UI:R/S:U/C:H/I:H/A:H/E:H/RL:O/RC:C&version=3.0)",
            "Risk Factor": "High",
            "Base Score": "8.8",
            "Temporal Score": "8.4",
            "Vector": "CVSS:3.0/AV:N/AC:L/PR:N/UI:R/S:U/C:H/I:H/A:H",
            "Temporal Vector": "CVSS:3.0/E:H/RL:O/RC:C"
        }
    ],
    "Vulnerability Information": {
        "CPE": "p-cpe:/a:novell:suse_linux:libjavascriptcoregtk-4_0, p-cpe:/a:novell:suse_linux:libjavascriptcoregtk-4_0-18-debuginfo, p-cpe:/a:novell:suse_linux:libwebkit2gtk-4_0, p-cpe:/a:novell:suse_linux:libwebkit2gtk-4_0-37-debuginfo, p-cpe:/a:novell:suse_linux:typelib-1_0-javascriptcore, p-cpe:/a:novell:suse_linux:typelib-1_0-webkit2, p-cpe:/a:novell:suse_linux:webkit2gtk-4_0-injected-bundles, p-cpe:/a:novell:suse_linux:webkit2gtk-4_0-injected-bundles-debuginfo, p-cpe:/a:novell:suse_linux:webkit2gtk3-debugsource, cpe:/o:novell:suse_linux:12",
        "Required KB Items": "Host/local_checks_enabled, Host/cpu, Host/SuSE/release, Host/SuSE/rpm-list",
        "Exploit Available": "true",
        "Exploit Ease": "Exploits are available",
        "Patch Publication Date": "1/25/2018",
        "Vulnerability Publication Date": "2/20/2017"
    },
    "Exploitable With": "CANVAS  (CANVAS)",
    "Reference Information": {
        "CVE": "[CVE-2016-4692](/cve/CVE-2016-4692), [CVE-2016-4743](/cve/CVE-2016-4743), [CVE-2016-7586](/cve/CVE-2016-7586), [CVE-2016-7587](/cve/CVE-2016-7587), [CVE-2016-7589](/cve/CVE-2016-7589), [CVE-2016-7592](/cve/CVE-2016-7592), [CVE-2016-7598](/cve/CVE-2016-7598), [CVE-2016-7599](/cve/CVE-2016-7599), [CVE-2016-7610](/cve/CVE-2016-7610), [CVE-2016-7623](/cve/CVE-2016-7623), [CVE-2016-7632](/cve/CVE-2016-7632), [CVE-2016-7635](/cve/CVE-2016-7635), [CVE-2016-7639](/cve/CVE-2016-7639), [CVE-2016-7641](/cve/CVE-2016-7641), [CVE-2016-7645](/cve/CVE-2016-7645), [CVE-2016-7652](/cve/CVE-2016-7652), [CVE-2016-7654](/cve/CVE-2016-7654), [CVE-2016-7656](/cve/CVE-2016-7656), [CVE-2017-13788](/cve/CVE-2017-13788), [CVE-2017-13798](/cve/CVE-2017-13798), [CVE-2017-13803](/cve/CVE-2017-13803), [CVE-2017-13856](/cve/CVE-2017-13856), [CVE-2017-13866](/cve/CVE-2017-13866), [CVE-2017-13870](/cve/CVE-2017-13870), [CVE-2017-2350](/cve/CVE-2017-2350), [CVE-2017-2354](/cve/CVE-2017-2354), [CVE-2017-2355](/cve/CVE-2017-2355), [CVE-2017-2356](/cve/CVE-2017-2356), [CVE-2017-2362](/cve/CVE-2017-2362), [CVE-2017-2363](/cve/CVE-2017-2363), [CVE-2017-2364](/cve/CVE-2017-2364), [CVE-2017-2365](/cve/CVE-2017-2365), [CVE-2017-2366](/cve/CVE-2017-2366), [CVE-2017-2369](/cve/CVE-2017-2369), [CVE-2017-2371](/cve/CVE-2017-2371), [CVE-2017-2373](/cve/CVE-2017-2373), [CVE-2017-2496](/cve/CVE-2017-2496), [CVE-2017-2510](/cve/CVE-2017-2510), [CVE-2017-2539](/cve/CVE-2017-2539), [CVE-2017-5715](/cve/CVE-2017-5715), [CVE-2017-5753](/cve/CVE-2017-5753), [CVE-2017-5754](/cve/CVE-2017-5754), [CVE-2017-7006](/cve/CVE-2017-7006), [CVE-2017-7011](/cve/CVE-2017-7011), [CVE-2017-7012](/cve/CVE-2017-7012), [CVE-2017-7018](/cve/CVE-2017-7018), [CVE-2017-7019](/cve/CVE-2017-7019), [CVE-2017-7020](/cve/CVE-2017-7020), [CVE-2017-7030](/cve/CVE-2017-7030), [CVE-2017-7034](/cve/CVE-2017-7034), [CVE-2017-7037](/cve/CVE-2017-7037), [CVE-2017-7038](/cve/CVE-2017-7038), [CVE-2017-7039](/cve/CVE-2017-7039), [CVE-2017-7040](/cve/CVE-2017-7040), [CVE-2017-7041](/cve/CVE-2017-7041), [CVE-2017-7042](/cve/CVE-2017-7042), [CVE-2017-7043](/cve/CVE-2017-7043), [CVE-2017-7046](/cve/CVE-2017-7046), [CVE-2017-7048](/cve/CVE-2017-7048), [CVE-2017-7049](/cve/CVE-2017-7049), [CVE-2017-7052](/cve/CVE-2017-7052), [CVE-2017-7055](/cve/CVE-2017-7055), [CVE-2017-7056](/cve/CVE-2017-7056), [CVE-2017-7059](/cve/CVE-2017-7059), [CVE-2017-7061](/cve/CVE-2017-7061), [CVE-2017-7064](/cve/CVE-2017-7064), [CVE-2017-7081](/cve/CVE-2017-7081), [CVE-2017-7087](/cve/CVE-2017-7087), [CVE-2017-7089](/cve/CVE-2017-7089), [CVE-2017-7090](/cve/CVE-2017-7090), [CVE-2017-7091](/cve/CVE-2017-7091), [CVE-2017-7092](/cve/CVE-2017-7092), [CVE-2017-7093](/cve/CVE-2017-7093), [CVE-2017-7094](/cve/CVE-2017-7094), [CVE-2017-7095](/cve/CVE-2017-7095), [CVE-2017-7096](/cve/CVE-2017-7096), [CVE-2017-7098](/cve/CVE-2017-7098), [CVE-2017-7099](/cve/CVE-2017-7099), [CVE-2017-7100](/cve/CVE-2017-7100), [CVE-2017-7102](/cve/CVE-2017-7102), [CVE-2017-7104](/cve/CVE-2017-7104), [CVE-2017-7107](/cve/CVE-2017-7107), [CVE-2017-7109](/cve/CVE-2017-7109), [CVE-2017-7111](/cve/CVE-2017-7111), [CVE-2017-7117](/cve/CVE-2017-7117), [CVE-2017-7120](/cve/CVE-2017-7120), [CVE-2017-7142](/cve/CVE-2017-7142), [CVE-2017-7156](/cve/CVE-2017-7156), [CVE-2017-7157](/cve/CVE-2017-7157)",
        "IAVA": "2018-A-0019, 2018-A-0020"
    }
}