{
    "Title": "RHEL 6 : kernel-rt (RHSA-2018:0181)",
    "Synopsis": "The remote Red Hat host is missing one or more security updates.",
    "Description": "An update for kernel-rt is now available for Red Hat Enterprise MRG 2.\nRed Hat Product Security has rated this update as having a security impact of Important. A Common Vulnerability Scoring System (CVSS) base score, which gives a detailed severity rating, is available for each vulnerability from the CVE link(s) in the References section.\nThe kernel-rt packages provide the Real Time Linux Kernel, which enables fine-tuning for systems with extremely high determinism requirements.\nSecurity Fix(es) :\n* A flaw was found in the Linux kernel's key management system where it was possible for an attacker to escalate privileges or crash the machine. If a user key gets negatively instantiated, an error code is cached in the payload area. A negatively instantiated key may be then be positively instantiated by updating it with valid data. However, the ->update key type method must be aware that the error code may be there. (CVE-2015-8539, Important)\n* It was found that fanout_add() in 'net/packet/af_packet.c' in the Linux kernel, before version 4.13.6, allows local users to gain privileges via crafted system calls that trigger mishandling of packet_fanout data structures, because of a race condition (involving fanout_add and packet_do_bind) that leads to a use-after-free bug.\n(CVE-2017-15649, Important)\n* A vulnerability was found in the Linux kernel where the keyctl_set_reqkey_keyring() function leaks the thread keyring. This allows an unprivileged local user to exhaust kernel memory and thus cause a DoS. (CVE-2017-7472, Moderate)\nRed Hat would like to thank Dmitry Vyukov of Google engineering for reporting CVE-2015-8539.\nBug Fix(es) :\n* The mlx5 driver has a number of configuration options, including the selective support for network protocols, such as InfiniBand and Ethernet. Due to a regression in the configuration of the MRG-RT kernel, the Ethernet mode of the driver was turned off. The regression has been resolved by enabling the mlx5 Ethernet mode, making the Ethernet protocol to work again. (BZ#1422778)\n* The migrate_disable/enable() kernel operations are used to pin a thread to a CPU temporarily. This method is a kernel-rt specific. To keep RHEL-RT's kernel up-to-date with the latest real-time kernel, the migrate_disable/ enable routine was updated to the version present on kernel v4.9-rt. However, this version showed to be problematic. The changes in the migrate_disable/enabled have been thus reverted to a stable version, avoiding the kernel BUG. (BZ#1507831)\n* The kernel-rt packages have been upgraded to version 3.10.0-693.15.1.rt56.601, which provides a number of security and bug fixes over the previous version. (BZ#1519504)",
    "Solution": "Update the affected packages.",
    "See Also": [
        "[https://access.redhat.com/errata/RHSA-2018:0181](https://access.redhat.com/errata/RHSA-2018:0181)",
        "[https://access.redhat.com/security/cve/cve-2015-8539](https://access.redhat.com/security/cve/cve-2015-8539)",
        "[https://access.redhat.com/security/cve/cve-2017-7472](https://access.redhat.com/security/cve/cve-2017-7472)",
        "[https://access.redhat.com/security/cve/cve-2017-12192](https://access.redhat.com/security/cve/cve-2017-12192)",
        "[https://access.redhat.com/security/cve/cve-2017-12193](https://access.redhat.com/security/cve/cve-2017-12193)",
        "[https://access.redhat.com/security/cve/cve-2017-15649](https://access.redhat.com/security/cve/cve-2017-15649)"
    ],
    "Plugin Details": {
        "Severity": "High",
        "ID": "106525",
        "File Name": "redhat-RHSA-2018-0181.nasl",
        "Version": "3.10",
        "Type": "local",
        "Agent": "unix",
        "Family": "[Red Hat Local Security Checks](https://www.tenable.com/plugins/nessus/families/Red%20Hat%20Local%20Security%20Checks)",
        "Published": "1/31/2018",
        "Updated": "10/24/2019",
        "Supported Sensors": "Frictionless Assessment Azure, Agentless Assessment, Frictionless Assessment Agent, Frictionless Assessment AWS, Nessus Agent"
    },
    "Risk Information": [
        {
            "Name": "[VPR](https://www.tenable.com/blog/what-is-vpr-and-how-is-it-different-from-cvss)",
            "Risk Factor": "Medium",
            "Score": "6.7"
        },
        {
            "Name": "[CVSS v2](https://nvd.nist.gov/vuln-metrics/cvss/v2-calculator?vector=AV:L/AC:L/Au:N/C:C/I:C/A:C)",
            "Risk Factor": "High",
            "Base Score": "7.2",
            "Temporal Score": "5.6",
            "Vector": "CVSS2#AV:L/AC:L/Au:N/C:C/I:C/A:C"
        },
        {
            "Name": "[CVSS v3](https://nvd.nist.gov/vuln-metrics/cvss/v3-calculator?vector=AV:L/AC:L/PR:L/UI:N/S:U/C:H/I:H/A:H/E:P/RL:O/RC:C&version=3.0)",
            "Risk Factor": "High",
            "Base Score": "7.8",
            "Temporal Score": "7",
            "Vector": "CVSS:3.0/AV:L/AC:L/PR:L/UI:N/S:U/C:H/I:H/A:H",
            "Temporal Vector": "CVSS:3.0/E:P/RL:O/RC:C"
        }
    ],
    "Vulnerability Information": {
        "CPE": "p-cpe:/a:redhat:enterprise_linux:kernel-rt, p-cpe:/a:redhat:enterprise_linux:kernel-rt-debug, p-cpe:/a:redhat:enterprise_linux:kernel-rt-debug-debuginfo, p-cpe:/a:redhat:enterprise_linux:kernel-rt-debug-devel, p-cpe:/a:redhat:enterprise_linux:kernel-rt-debuginfo, p-cpe:/a:redhat:enterprise_linux:kernel-rt-debuginfo-common-x86_64, p-cpe:/a:redhat:enterprise_linux:kernel-rt-devel, p-cpe:/a:redhat:enterprise_linux:kernel-rt-doc, p-cpe:/a:redhat:enterprise_linux:kernel-rt-firmware, p-cpe:/a:redhat:enterprise_linux:kernel-rt-trace, p-cpe:/a:redhat:enterprise_linux:kernel-rt-trace-debuginfo, p-cpe:/a:redhat:enterprise_linux:kernel-rt-trace-devel, p-cpe:/a:redhat:enterprise_linux:kernel-rt-vanilla, p-cpe:/a:redhat:enterprise_linux:kernel-rt-vanilla-debuginfo, p-cpe:/a:redhat:enterprise_linux:kernel-rt-vanilla-devel, cpe:/o:redhat:enterprise_linux:6",
        "Required KB Items": "Host/local_checks_enabled, Host/RedHat/rpm-list, Host/cpu, Host/RedHat/release",
        "Exploit Available": "true",
        "Exploit Ease": "Exploits are available",
        "Patch Publication Date": "1/25/2018",
        "Vulnerability Publication Date": "2/8/2016"
    },
    "Reference Information": {
        "CVE": "[CVE-2015-8539](/cve/CVE-2015-8539), [CVE-2017-12192](/cve/CVE-2017-12192), [CVE-2017-12193](/cve/CVE-2017-12193), [CVE-2017-15649](/cve/CVE-2017-15649), [CVE-2017-7472](/cve/CVE-2017-7472)",
        "RHSA": "[2018:0181](https://access.redhat.com/errata/RHSA-2018:0181)"
    }
}