{
    "Title": "Atlassian Confluence < 6.6.1 viewdefaultdecorator Reflected XS...",
    "Synopsis": "A web application running on the remote host is affected by a reflected cross-site scripting vulnerability.",
    "Description": "According to its self-reported version number, the Atlassian Confluence application running on the remote host is prior to 6.6.1.\nIt is, therefore, affected by a reflected cross-site scripting vulnerability in the viewdefaultdecorator resource.\nNote that Nessus has not tested for this issue but has instead relied only on the application's self-reported version number.",
    "Solution": "Upgrade to Atlassian Confluence version 6.6.1 or later.",
    "See Also": [
        "[https://jira.atlassian.com/browse/CONFSERVER-54905](https://jira.atlassian.com/browse/CONFSERVER-54905)"
    ],
    "Plugin Details": {
        "Severity": "Medium",
        "ID": "106949",
        "File Name": "confluence_6_6_1.nasl",
        "Version": "1.5",
        "Type": "remote",
        "Family": "[CGI abuses : XSS](https://www.tenable.com/plugins/nessus/families/CGI%20abuses%20%3A%20XSS)",
        "Published": "2/22/2018",
        "Updated": "4/11/2022",
        "Configuration": "Enable paranoid mode, Enable thorough checks"
    },
    "Risk Information": [
        {
            "Name": "[VPR](https://www.tenable.com/blog/what-is-vpr-and-how-is-it-different-from-cvss)",
            "Risk Factor": "Low",
            "Score": "3.0"
        },
        {
            "Name": "[CVSS v2](https://nvd.nist.gov/vuln-metrics/cvss/v2-calculator?vector=AV:N/AC:M/Au:N/C:N/I:P/A:N)",
            "Risk Factor": "Medium",
            "Base Score": "4.3",
            "Temporal Score": "3.7",
            "Vector": "CVSS2#AV:N/AC:M/Au:N/C:N/I:P/A:N"
        },
        {
            "Name": "[CVSS v3](https://nvd.nist.gov/vuln-metrics/cvss/v3-calculator?vector=AV:N/AC:L/PR:N/UI:R/S:C/C:L/I:L/A:N/E:H/RL:O/RC:C&version=3.0)",
            "Risk Factor": "Medium",
            "Base Score": "6.1",
            "Temporal Score": "5.8",
            "Vector": "CVSS:3.0/AV:N/AC:L/PR:N/UI:R/S:C/C:L/I:L/A:N",
            "Temporal Vector": "CVSS:3.0/E:H/RL:O/RC:C"
        }
    ],
    "Vulnerability Information": {
        "CPE": "cpe:/a:atlassian:confluence",
        "Required KB Items": "Settings/ParanoidReport, www/confluence",
        "Exploit Ease": "No exploit is required",
        "Patch Publication Date": "1/8/2018",
        "Vulnerability Publication Date": "2/2/2018"
    },
    "Reference Information": {
        "CVE": "[CVE-2017-18085](/cve/CVE-2017-18085)",
        "BID": "[103062](http://www.securityfocus.com/bid/103062)"
    }
}