{
    "Title": "RHEL 6 / 7 : java-1.7.0-openjdk (RHSA-2018:0349)",
    "Synopsis": "The remote Red Hat host is missing one or more security updates.",
    "Description": "An update for java-1.7.0-openjdk is now available for Red Hat Enterprise Linux 6 and Red Hat Enterprise Linux 7.\nRed Hat Product Security has rated this update as having a security impact of Important. A Common Vulnerability Scoring System (CVSS) base score, which gives a detailed severity rating, is available for each vulnerability from the CVE link(s) in the References section.\nThe java-1.7.0-openjdk packages provide the OpenJDK 7 Java Runtime Environment and the OpenJDK 7 Java Software Development Kit.\nSecurity Fix(es) :\n* A flaw was found in the AWT component of OpenJDK. An untrusted Java application or applet could use this flaw to bypass certain Java sandbox restrictions. (CVE-2018-2641)\n* It was discovered that the LDAPCertStore class in the JNDI component of OpenJDK failed to securely handle LDAP referrals. An attacker could possibly use this flaw to make it fetch attacker controlled certificate data. (CVE-2018-2633)\n* The JGSS component of OpenJDK ignores the value of the javax.security.auth.useSubjectCredsOnly property when using HTTP/SPNEGO authentication and always uses global credentials. It was discovered that this could cause global credentials to be unexpectedly used by an untrusted Java application. (CVE-2018-2634)\n* It was discovered that the JMX component of OpenJDK failed to properly set the deserialization filter for the SingleEntryRegistry in certain cases. A remote attacker could possibly use this flaw to bypass intended deserialization restrictions. (CVE-2018-2637)\n* It was discovered that the LDAP component of OpenJDK failed to properly encode special characters in user names when adding them to an LDAP search query. A remote attacker could possibly use this flaw to manipulate LDAP queries performed by the LdapLoginModule class.\n(CVE-2018-2588)\n* It was discovered that the DNS client implementation in the JNDI component of OpenJDK did not use random source ports when sending out DNS queries. This could make it easier for a remote attacker to spoof responses to those queries. (CVE-2018-2599)\n* It was discovered that the I18n component of OpenJDK could use an untrusted search path when loading resource bundle classes. A local attacker could possibly use this flaw to execute arbitrary code as another local user by making their Java application load an attacker controlled class file. (CVE-2018-2602)\n* It was discovered that the Libraries component of OpenJDK failed to sufficiently limit the amount of memory allocated when reading DER encoded input. A remote attacker could possibly use this flaw to make a Java application use an excessive amount of memory if it parsed attacker supplied DER encoded input. (CVE-2018-2603)\n* It was discovered that the key agreement implementations in the JCE component of OpenJDK did not guarantee sufficient strength of used keys to adequately protect generated shared secret. This could make it easier to break data encryption by attacking key agreement rather than the encryption using the negotiated secret. (CVE-2018-2618)\n* It was discovered that the JGSS component of OpenJDK failed to properly handle GSS context in the native GSS library wrapper in certain cases. A remote attacker could possibly make a Java application using JGSS to use a previously freed context.\n(CVE-2018-2629)\n* It was discovered that multiple classes in the Libraries, AWT, and JNDI components of OpenJDK did not sufficiently validate input when creating object instances from the serialized form. A specially crafted input could cause a Java application to create objects with an inconsistent state or use an excessive amount of memory when deserialized. (CVE-2018-2663, CVE-2018-2677, CVE-2018-2678)\n* It was discovered that multiple encryption key classes in the Libraries component of OpenJDK did not properly synchronize access to their internal data. This could possibly cause a multi-threaded Java application to apply weak encryption to data because of the use of a key that was zeroed out. (CVE-2018-2579)",
    "Solution": "Update the affected packages.",
    "See Also": [
        "[https://access.redhat.com/errata/RHSA-2018:0349](https://access.redhat.com/errata/RHSA-2018:0349)",
        "[https://access.redhat.com/security/cve/cve-2018-2579](https://access.redhat.com/security/cve/cve-2018-2579)",
        "[https://access.redhat.com/security/cve/cve-2018-2588](https://access.redhat.com/security/cve/cve-2018-2588)",
        "[https://access.redhat.com/security/cve/cve-2018-2599](https://access.redhat.com/security/cve/cve-2018-2599)",
        "[https://access.redhat.com/security/cve/cve-2018-2602](https://access.redhat.com/security/cve/cve-2018-2602)",
        "[https://access.redhat.com/security/cve/cve-2018-2603](https://access.redhat.com/security/cve/cve-2018-2603)",
        "[https://access.redhat.com/security/cve/cve-2018-2618](https://access.redhat.com/security/cve/cve-2018-2618)",
        "[https://access.redhat.com/security/cve/cve-2018-2629](https://access.redhat.com/security/cve/cve-2018-2629)",
        "[https://access.redhat.com/security/cve/cve-2018-2633](https://access.redhat.com/security/cve/cve-2018-2633)",
        "[https://access.redhat.com/security/cve/cve-2018-2634](https://access.redhat.com/security/cve/cve-2018-2634)",
        "[https://access.redhat.com/security/cve/cve-2018-2637](https://access.redhat.com/security/cve/cve-2018-2637)",
        "[https://access.redhat.com/security/cve/cve-2018-2641](https://access.redhat.com/security/cve/cve-2018-2641)",
        "[https://access.redhat.com/security/cve/cve-2018-2663](https://access.redhat.com/security/cve/cve-2018-2663)",
        "[https://access.redhat.com/security/cve/cve-2018-2677](https://access.redhat.com/security/cve/cve-2018-2677)",
        "[https://access.redhat.com/security/cve/cve-2018-2678](https://access.redhat.com/security/cve/cve-2018-2678)"
    ],
    "Plugin Details": {
        "Severity": "High",
        "ID": "107016",
        "File Name": "redhat-RHSA-2018-0349.nasl",
        "Version": "3.8",
        "Type": "local",
        "Agent": "unix",
        "Family": "[Red Hat Local Security Checks](https://www.tenable.com/plugins/nessus/families/Red%20Hat%20Local%20Security%20Checks)",
        "Published": "2/27/2018",
        "Updated": "10/24/2019",
        "Supported Sensors": "Frictionless Assessment AWS, Frictionless Assessment Azure, Frictionless Assessment Agent, Nessus Agent, Agentless Assessment"
    },
    "Risk Information": [
        {
            "Name": "[VPR](https://www.tenable.com/blog/what-is-vpr-and-how-is-it-different-from-cvss)",
            "Risk Factor": "High",
            "Score": "7.3"
        },
        {
            "Name": "[CVSS v2](https://nvd.nist.gov/vuln-metrics/cvss/v2-calculator?vector=AV:N/AC:M/Au:N/C:N/I:P/A:P)",
            "Risk Factor": "Medium",
            "Base Score": "5.8",
            "Vector": "CVSS2#AV:N/AC:M/Au:N/C:N/I:P/A:P"
        },
        {
            "Name": "[CVSS v3](https://nvd.nist.gov/vuln-metrics/cvss/v3-calculator?vector=AV:N/AC:H/PR:N/UI:R/S:C/C:H/I:H/A:H&version=3.0)",
            "Risk Factor": "High",
            "Base Score": "8.3",
            "Vector": "CVSS:3.0/AV:N/AC:H/PR:N/UI:R/S:C/C:H/I:H/A:H"
        }
    ],
    "Vulnerability Information": {
        "CPE": "p-cpe:/a:redhat:enterprise_linux:java-1.7.0-openjdk, p-cpe:/a:redhat:enterprise_linux:java-1.7.0-openjdk-accessibility, p-cpe:/a:redhat:enterprise_linux:java-1.7.0-openjdk-debuginfo, p-cpe:/a:redhat:enterprise_linux:java-1.7.0-openjdk-demo, p-cpe:/a:redhat:enterprise_linux:java-1.7.0-openjdk-devel, p-cpe:/a:redhat:enterprise_linux:java-1.7.0-openjdk-headless, p-cpe:/a:redhat:enterprise_linux:java-1.7.0-openjdk-javadoc, p-cpe:/a:redhat:enterprise_linux:java-1.7.0-openjdk-src, cpe:/o:redhat:enterprise_linux:6, cpe:/o:redhat:enterprise_linux:7, cpe:/o:redhat:enterprise_linux:7.4, cpe:/o:redhat:enterprise_linux:7.5, cpe:/o:redhat:enterprise_linux:7.6, cpe:/o:redhat:enterprise_linux:7.7",
        "Required KB Items": "Host/local_checks_enabled, Host/RedHat/release, Host/RedHat/rpm-list, Host/cpu",
        "Patch Publication Date": "2/26/2018",
        "Vulnerability Publication Date": "1/18/2018"
    },
    "Reference Information": {
        "CVE": "[CVE-2018-2579](/cve/CVE-2018-2579), [CVE-2018-2588](/cve/CVE-2018-2588), [CVE-2018-2599](/cve/CVE-2018-2599), [CVE-2018-2602](/cve/CVE-2018-2602), [CVE-2018-2603](/cve/CVE-2018-2603), [CVE-2018-2618](/cve/CVE-2018-2618), [CVE-2018-2629](/cve/CVE-2018-2629), [CVE-2018-2633](/cve/CVE-2018-2633), [CVE-2018-2634](/cve/CVE-2018-2634), [CVE-2018-2637](/cve/CVE-2018-2637), [CVE-2018-2641](/cve/CVE-2018-2641), [CVE-2018-2663](/cve/CVE-2018-2663), [CVE-2018-2677](/cve/CVE-2018-2677), [CVE-2018-2678](/cve/CVE-2018-2678)",
        "RHSA": "[2018:0349](https://access.redhat.com/errata/RHSA-2018:0349)"
    }
}