{
    "Title": "RHEL 7 : kernel-rt (RHSA-2018:0412)",
    "Synopsis": "The remote Red Hat host is missing one or more security updates.",
    "Description": "An update for kernel-rt is now available for Red Hat Enterprise Linux 7.\nRed Hat Product Security has rated this update as having a security impact of Important. A Common Vulnerability Scoring System (CVSS) base score, which gives a detailed severity rating, is available for each vulnerability from the CVE link(s) in the References section.\nThe kernel-rt packages provide the Real Time Linux Kernel, which enables fine-tuning for systems with extremely high determinism requirements.\nSecurity Fix(es) :\n* Kernel: KVM: MMU potential stack buffer overrun during page walks (CVE-2017-12188, Important)\n* Kernel: KVM: debug exception via syscall emulation (CVE-2017-7518, Moderate)\nBug Fix(es) :\n* The kernel-rt packages have been upgraded to the 3.10.0-693.21.1 source tree, which provides a number of bug fixes over the previous version. (BZ# 1537671)",
    "Solution": "Update the affected packages.",
    "See Also": [
        "[https://access.redhat.com/errata/RHSA-2018:0412](https://access.redhat.com/errata/RHSA-2018:0412)",
        "[https://access.redhat.com/security/cve/cve-2017-7518](https://access.redhat.com/security/cve/cve-2017-7518)",
        "[https://access.redhat.com/security/cve/cve-2017-12188](https://access.redhat.com/security/cve/cve-2017-12188)",
        "[https://access.redhat.com/security/cve/cve-2017-18270](https://access.redhat.com/security/cve/cve-2017-18270)"
    ],
    "Plugin Details": {
        "Severity": "High",
        "ID": "107189",
        "File Name": "redhat-RHSA-2018-0412.nasl",
        "Version": "1.9",
        "Type": "local",
        "Agent": "unix",
        "Family": "[Red Hat Local Security Checks](https://www.tenable.com/plugins/nessus/families/Red%20Hat%20Local%20Security%20Checks)",
        "Published": "3/7/2018",
        "Updated": "10/24/2019",
        "Supported Sensors": "Frictionless Assessment AWS, Frictionless Assessment Azure, Frictionless Assessment Agent, Nessus Agent, Agentless Assessment"
    },
    "Risk Information": [
        {
            "Name": "[VPR](https://www.tenable.com/blog/what-is-vpr-and-how-is-it-different-from-cvss)",
            "Risk Factor": "High",
            "Score": "7.3"
        },
        {
            "Name": "[CVSS v2](https://nvd.nist.gov/vuln-metrics/cvss/v2-calculator?vector=AV:L/AC:M/Au:N/C:C/I:C/A:C)",
            "Risk Factor": "Medium",
            "Base Score": "6.9",
            "Vector": "CVSS2#AV:L/AC:M/Au:N/C:C/I:C/A:C"
        },
        {
            "Name": "[CVSS v3](https://nvd.nist.gov/vuln-metrics/cvss/v3-calculator?vector=AV:L/AC:H/PR:L/UI:N/S:C/C:H/I:H/A:H&version=3.0)",
            "Risk Factor": "High",
            "Base Score": "7.8",
            "Vector": "CVSS:3.0/AV:L/AC:H/PR:L/UI:N/S:C/C:H/I:H/A:H"
        }
    ],
    "Vulnerability Information": {
        "CPE": "p-cpe:/a:redhat:enterprise_linux:kernel-rt, p-cpe:/a:redhat:enterprise_linux:kernel-rt-debug, p-cpe:/a:redhat:enterprise_linux:kernel-rt-debug-debuginfo, p-cpe:/a:redhat:enterprise_linux:kernel-rt-debug-devel, p-cpe:/a:redhat:enterprise_linux:kernel-rt-debug-kvm, p-cpe:/a:redhat:enterprise_linux:kernel-rt-debug-kvm-debuginfo, p-cpe:/a:redhat:enterprise_linux:kernel-rt-debuginfo, p-cpe:/a:redhat:enterprise_linux:kernel-rt-debuginfo-common-x86_64, p-cpe:/a:redhat:enterprise_linux:kernel-rt-devel, p-cpe:/a:redhat:enterprise_linux:kernel-rt-doc, p-cpe:/a:redhat:enterprise_linux:kernel-rt-kvm, p-cpe:/a:redhat:enterprise_linux:kernel-rt-kvm-debuginfo, p-cpe:/a:redhat:enterprise_linux:kernel-rt-trace, p-cpe:/a:redhat:enterprise_linux:kernel-rt-trace-debuginfo, p-cpe:/a:redhat:enterprise_linux:kernel-rt-trace-devel, p-cpe:/a:redhat:enterprise_linux:kernel-rt-trace-kvm, p-cpe:/a:redhat:enterprise_linux:kernel-rt-trace-kvm-debuginfo, cpe:/o:redhat:enterprise_linux:7",
        "Required KB Items": "Host/local_checks_enabled, Host/RedHat/release, Host/RedHat/rpm-list, Host/cpu",
        "Patch Publication Date": "3/6/2018",
        "Vulnerability Publication Date": "10/11/2017"
    },
    "Reference Information": {
        "CVE": "[CVE-2017-12188](/cve/CVE-2017-12188), [CVE-2017-18270](/cve/CVE-2017-18270), [CVE-2017-7518](/cve/CVE-2017-7518)",
        "RHSA": "[2018:0412](https://access.redhat.com/errata/RHSA-2018:0412)"
    }
}