{
    "Title": "SUSE SLED12 / SLES12 Security Update : wavpack (SUSE-SU-2018:0...",
    "Synopsis": "The remote SUSE host is missing one or more security updates.",
    "Description": "This update for wavpack fixes the following issues :\n  - CVE-2016-10169 CVE-2016-10170 CVE-2016-10171     CVE-2016-10172: Make sure upper and lower boundaries     make sense, to avoid out of bounds memory reads that     could lead to crashes or disclosing memory.\n    (bsc#1021483)\nNote that Tenable Network Security has extracted the preceding description block directly from the SUSE security advisory. Tenable has attempted to automatically clean and format it as much as possible without introducing additional issues.",
    "Solution": "To install this SUSE Security Update use YaST online_update.\nAlternatively you can run the command listed for your product :\nSUSE Linux Enterprise Software Development Kit 12-SP3:zypper in -t patch SUSE-SLE-SDK-12-SP3-2018-414=1\nSUSE Linux Enterprise Software Development Kit 12-SP2:zypper in -t patch SUSE-SLE-SDK-12-SP2-2018-414=1\nSUSE Linux Enterprise Server for Raspberry Pi 12-SP2:zypper in -t patch SUSE-SLE-RPI-12-SP2-2018-414=1\nSUSE Linux Enterprise Server 12-SP3:zypper in -t patch SUSE-SLE-SERVER-12-SP3-2018-414=1\nSUSE Linux Enterprise Server 12-SP2:zypper in -t patch SUSE-SLE-SERVER-12-SP2-2018-414=1\nSUSE Linux Enterprise Desktop 12-SP3:zypper in -t patch SUSE-SLE-DESKTOP-12-SP3-2018-414=1\nSUSE Linux Enterprise Desktop 12-SP2:zypper in -t patch SUSE-SLE-DESKTOP-12-SP2-2018-414=1\nTo bring your system up-to-date, use 'zypper patch'.",
    "See Also": [
        "[https://bugzilla.suse.com/show_bug.cgi?id=1021483](https://bugzilla.suse.com/show_bug.cgi?id=1021483)",
        "[https://www.suse.com/security/cve/CVE-2016-10169/](https://www.suse.com/security/cve/CVE-2016-10169/)",
        "[https://www.suse.com/security/cve/CVE-2016-10170/](https://www.suse.com/security/cve/CVE-2016-10170/)",
        "[https://www.suse.com/security/cve/CVE-2016-10171/](https://www.suse.com/security/cve/CVE-2016-10171/)",
        "[https://www.suse.com/security/cve/CVE-2016-10172/](https://www.suse.com/security/cve/CVE-2016-10172/)",
        "[http://www.nessus.org/u?5a8d1f82](http://www.nessus.org/u?5a8d1f82)"
    ],
    "Plugin Details": {
        "Severity": "Medium",
        "ID": "107143",
        "File Name": "suse_SU-2018-0608-1.nasl",
        "Version": "3.5",
        "Type": "local",
        "Agent": "unix",
        "Family": "[SuSE Local Security Checks](https://www.tenable.com/plugins/nessus/families/SuSE%20Local%20Security%20Checks)",
        "Published": "3/6/2018",
        "Updated": "9/10/2019",
        "Supported Sensors": "Agentless Assessment, Frictionless Assessment Agent, Frictionless Assessment AWS, Frictionless Assessment Azure, Nessus Agent"
    },
    "Risk Information": [
        {
            "Name": "[VPR](https://www.tenable.com/blog/what-is-vpr-and-how-is-it-different-from-cvss)",
            "Risk Factor": "Medium",
            "Score": "4.4"
        },
        {
            "Name": "[CVSS v2](https://nvd.nist.gov/vuln-metrics/cvss/v2-calculator?vector=AV:N/AC:M/Au:N/C:N/I:N/A:P)",
            "Risk Factor": "Medium",
            "Base Score": "4.3",
            "Temporal Score": "3.2",
            "Vector": "CVSS2#AV:N/AC:M/Au:N/C:N/I:N/A:P"
        },
        {
            "Name": "[CVSS v3](https://nvd.nist.gov/vuln-metrics/cvss/v3-calculator?vector=AV:L/AC:L/PR:N/UI:R/S:U/C:N/I:N/A:H/E:U/RL:O/RC:C&version=3.0)",
            "Risk Factor": "Medium",
            "Base Score": "5.5",
            "Temporal Score": "4.8",
            "Vector": "CVSS:3.0/AV:L/AC:L/PR:N/UI:R/S:U/C:N/I:N/A:H",
            "Temporal Vector": "CVSS:3.0/E:U/RL:O/RC:C"
        }
    ],
    "Vulnerability Information": {
        "CPE": "p-cpe:/a:novell:suse_linux:libwavpack1, p-cpe:/a:novell:suse_linux:libwavpack1-debuginfo, p-cpe:/a:novell:suse_linux:wavpack-debuginfo, p-cpe:/a:novell:suse_linux:wavpack-debugsource, cpe:/o:novell:suse_linux:12",
        "Required KB Items": "Host/local_checks_enabled, Host/cpu, Host/SuSE/release, Host/SuSE/rpm-list",
        "Exploit Ease": "No known exploits are available",
        "Patch Publication Date": "3/5/2018",
        "Vulnerability Publication Date": "3/14/2017"
    },
    "Reference Information": {
        "CVE": "[CVE-2016-10169](/cve/CVE-2016-10169), [CVE-2016-10170](/cve/CVE-2016-10170), [CVE-2016-10171](/cve/CVE-2016-10171), [CVE-2016-10172](/cve/CVE-2016-10172)"
    }
}