{
    "Title": "RHEL 6 / 7 : JBoss EAP (RHSA-2018:0481)",
    "Synopsis": "The remote Red Hat host is missing one or more security updates.",
    "Description": "An update for eap7-jboss-ec2-eap is now available for Red Hat JBoss Enterprise Application Platform 7.1.1 for Red Hat Enterprise Linux 6 and Red Hat JBoss Enterprise Application Platform 7.1.1 for Red Hat Enterprise Linux 7.\nRed Hat Product Security has rated this update as having a security impact of Important. A Common Vulnerability Scoring System (CVSS) base score, which gives a detailed severity rating, is available for each vulnerability from the CVE link(s) in the References section.\nThe eap7-jboss-ec2-eap packages provide scripts for Red Hat JBoss Enterprise Application Platform running on the Amazon Web Services (AWS) Elastic Compute Cloud (EC2).\nWith this update, the eap7-jboss-ec2-eap package has been updated to ensure compatibility with Red Hat JBoss Enterprise Application Platform 7.1.1\nRefer to the JBoss Enterprise Application Platform 7.1 Release Notes, linked to in the References section, for information on the most significant bug fixes and enhancements included in this release.\nSecurity Fix(es) :\n* artemis/hornetq: memory exhaustion via UDP and JGroups discovery (CVE-2017-12174)\n* infinispan: Unsafe deserialization of malicious object injected into data cache (CVE-2017-15089)\n* jackson-databind: Unsafe deserialization due to incomplete black list (incomplete fix for CVE-2017-7525) (CVE-2017-15095)\n* jackson-databind: Unsafe deserialization due to incomplete black list (incomplete fix for CVE-2017-15095) (CVE-2017-17485)\n* resteasy: Vary header not added by CORS filter leading to cache poisoning (CVE-2017-7561)\n* undertow: Client can use bogus uri in Digest authentication (CVE-2017-12196)\n* undertow: ALLOW_ENCODED_SLASH option not taken into account in the AjpRequestParser (CVE-2018-1048)\n* jackson-databind: unsafe deserialization due to incomplete blacklist (incomplete fix for CVE-2017-7525 and CVE-2017-17485) (CVE-2018-5968)\nFor more details about the security issue(s), including the impact, a CVSS score, acknowledgments, and other related information, refer to the CVE page(s) listed in the References section.",
    "Solution": "Update the affected eap7-jboss-ec2-eap and / or eap7-jboss-ec2-eap-samples packages.",
    "See Also": [
        "[https://access.redhat.com/documentation/en-us/](https://access.redhat.com/documentation/en-us/)",
        "[https://access.redhat.com/errata/RHSA-2018:0481](https://access.redhat.com/errata/RHSA-2018:0481)",
        "[https://access.redhat.com/security/cve/cve-2017-7561](https://access.redhat.com/security/cve/cve-2017-7561)",
        "[https://access.redhat.com/security/cve/cve-2017-12174](https://access.redhat.com/security/cve/cve-2017-12174)",
        "[https://access.redhat.com/security/cve/cve-2017-12196](https://access.redhat.com/security/cve/cve-2017-12196)",
        "[https://access.redhat.com/security/cve/cve-2017-15089](https://access.redhat.com/security/cve/cve-2017-15089)",
        "[https://access.redhat.com/security/cve/cve-2017-15095](https://access.redhat.com/security/cve/cve-2017-15095)",
        "[https://access.redhat.com/security/cve/cve-2017-17485](https://access.redhat.com/security/cve/cve-2017-17485)",
        "[https://access.redhat.com/security/cve/cve-2018-1048](https://access.redhat.com/security/cve/cve-2018-1048)",
        "[https://access.redhat.com/security/cve/cve-2018-5968](https://access.redhat.com/security/cve/cve-2018-5968)"
    ],
    "Plugin Details": {
        "Severity": "Critical",
        "ID": "108325",
        "File Name": "redhat-RHSA-2018-0481.nasl",
        "Version": "1.6",
        "Type": "local",
        "Agent": "unix",
        "Family": "[Red Hat Local Security Checks](https://www.tenable.com/plugins/nessus/families/Red%20Hat%20Local%20Security%20Checks)",
        "Published": "3/14/2018",
        "Updated": "10/24/2019"
    },
    "Risk Information": [
        {
            "Name": "[VPR](https://www.tenable.com/blog/what-is-vpr-and-how-is-it-different-from-cvss)",
            "Risk Factor": "Medium",
            "Score": "6.7"
        },
        {
            "Name": "[CVSS v2](https://nvd.nist.gov/vuln-metrics/cvss/v2-calculator?vector=AV:N/AC:L/Au:N/C:N/I:N/A:C)",
            "Risk Factor": "High",
            "Base Score": "7.8",
            "Vector": "CVSS2#AV:N/AC:L/Au:N/C:N/I:N/A:C"
        },
        {
            "Name": "[CVSS v3](https://nvd.nist.gov/vuln-metrics/cvss/v3-calculator?vector=AV:N/AC:L/PR:N/UI:N/S:U/C:H/I:H/A:H&version=3.0)",
            "Risk Factor": "Critical",
            "Base Score": "9.8",
            "Vector": "CVSS:3.0/AV:N/AC:L/PR:N/UI:N/S:U/C:H/I:H/A:H"
        }
    ],
    "Vulnerability Information": {
        "CPE": "p-cpe:/a:redhat:enterprise_linux:eap7-jboss-ec2-eap, p-cpe:/a:redhat:enterprise_linux:eap7-jboss-ec2-eap-samples, cpe:/o:redhat:enterprise_linux:6, cpe:/o:redhat:enterprise_linux:7",
        "Required KB Items": "Host/local_checks_enabled, Host/RedHat/release, Host/RedHat/rpm-list, Host/cpu",
        "Patch Publication Date": "3/12/2018",
        "Vulnerability Publication Date": "9/13/2017"
    },
    "Reference Information": {
        "CVE": "[CVE-2017-12174](/cve/CVE-2017-12174), [CVE-2017-12196](/cve/CVE-2017-12196), [CVE-2017-15089](/cve/CVE-2017-15089), [CVE-2017-15095](/cve/CVE-2017-15095), [CVE-2017-17485](/cve/CVE-2017-17485), [CVE-2017-7561](/cve/CVE-2017-7561), [CVE-2018-1048](/cve/CVE-2018-1048), [CVE-2018-5968](/cve/CVE-2018-5968)",
        "RHSA": "[2018:0481](https://access.redhat.com/errata/RHSA-2018:0481)"
    }
}