{
    "Title": "Debian DSA-4135-1 : samba - security update",
    "Synopsis": "The remote Debian host is missing a security-related update.",
    "Description": "Several vulnerabilities have been discovered in Samba, a SMB/CIFS file, print, and login server for Unix. The Common Vulnerabilities and Exposures project identifies the following issues :\n  - CVE-2018-1050     It was discovered that Samba is prone to a denial of     service attack when the RPC spoolss service is     configured to be run as an external daemon.\n    https://www.samba.org/samba/security/CVE-2018-1050.html\n  - CVE-2018-1057     Bjoern Baumbach from Sernet discovered that on Samba 4     AD DC the LDAP server incorrectly validates permissions     to modify passwords over LDAP allowing authenticated     users to change any other users passwords, including     administrative users.\n    https://www.samba.org/samba/security/CVE-2018-1057.html\n    https://wiki.samba.org/index.php/CVE-2018-1057",
    "Solution": "Upgrade the samba packages.\nFor the oldstable distribution (jessie), CVE-2018-1050 will be addressed in a later update. Unfortunately the changes required to fix CVE-2018-1057 for Debian oldstable are too invasive to be backported.\nUsers using Samba as an AD-compatible domain controller are encouraged to apply the workaround described in the Samba wiki and upgrade to Debian stretch.\nFor the stable distribution (stretch), these problems have been fixed in version 2:4.5.12+dfsg-2+deb9u2.",
    "See Also": [
        "[https://security-tracker.debian.org/tracker/CVE-2018-1050](https://security-tracker.debian.org/tracker/CVE-2018-1050)",
        "[https://www.samba.org/samba/security/CVE-2018-1050.html](https://www.samba.org/samba/security/CVE-2018-1050.html)",
        "[https://security-tracker.debian.org/tracker/CVE-2018-1057](https://security-tracker.debian.org/tracker/CVE-2018-1057)",
        "[https://www.samba.org/samba/security/CVE-2018-1057.html](https://www.samba.org/samba/security/CVE-2018-1057.html)",
        "[https://wiki.samba.org/index.php/CVE-2018-1057](https://wiki.samba.org/index.php/CVE-2018-1057)",
        "[https://security-tracker.debian.org/tracker/source-package/samba](https://security-tracker.debian.org/tracker/source-package/samba)",
        "[https://packages.debian.org/source/stretch/samba](https://packages.debian.org/source/stretch/samba)",
        "[https://www.debian.org/security/2018/dsa-4135](https://www.debian.org/security/2018/dsa-4135)"
    ],
    "Plugin Details": {
        "Severity": "High",
        "ID": "108304",
        "File Name": "debian_DSA-4135.nasl",
        "Version": "1.6",
        "Type": "local",
        "Agent": "unix",
        "Family": "[Debian Local Security Checks](https://www.tenable.com/plugins/nessus/families/Debian%20Local%20Security%20Checks)",
        "Published": "3/14/2018",
        "Updated": "11/13/2018",
        "Supported Sensors": "Agentless Assessment, Frictionless Assessment Agent, Nessus Agent"
    },
    "Risk Information": [
        {
            "Name": "[VPR](https://www.tenable.com/blog/what-is-vpr-and-how-is-it-different-from-cvss)",
            "Risk Factor": "Medium",
            "Score": "6.7"
        },
        {
            "Name": "[CVSS v2](https://nvd.nist.gov/vuln-metrics/cvss/v2-calculator?vector=AV:N/AC:L/Au:S/C:P/I:P/A:P)",
            "Risk Factor": "Medium",
            "Base Score": "6.5",
            "Vector": "CVSS2#AV:N/AC:L/Au:S/C:P/I:P/A:P"
        },
        {
            "Name": "[CVSS v3](https://nvd.nist.gov/vuln-metrics/cvss/v3-calculator?vector=AV:N/AC:L/PR:L/UI:N/S:U/C:H/I:H/A:H&version=3.0)",
            "Risk Factor": "High",
            "Base Score": "8.8",
            "Vector": "CVSS:3.0/AV:N/AC:L/PR:L/UI:N/S:U/C:H/I:H/A:H"
        }
    ],
    "Vulnerability Information": {
        "CPE": "p-cpe:/a:debian:debian_linux:samba, cpe:/o:debian:debian_linux:9.0",
        "Required KB Items": "Host/local_checks_enabled, Host/Debian/release, Host/Debian/dpkg-l",
        "Patch Publication Date": "3/13/2018"
    },
    "Reference Information": {
        "CVE": "[CVE-2018-1050](/cve/CVE-2018-1050), [CVE-2018-1057](/cve/CVE-2018-1057)",
        "DSA": "4135"
    }
}