{
    "Title": "SUSE SLES11 Security Update : xen (SUSE-SU-2018:0678-1) (Meltd...",
    "Synopsis": "The remote SUSE host is missing one or more security updates.",
    "Description": "This update for xen fixes several issues. These security issues were fixed :\n  - CVE-2017-5753, CVE-2017-5715, CVE-2017-5754: Prevent     information leaks via side effects of speculative     execution, aka 'Spectre' and 'Meltdown' attacks     (bsc#1074562, bsc#1068032)\n  - CVE-2018-5683: The vga_draw_text function allowed local     OS guest privileged users to cause a denial of service     (out-of-bounds read and QEMU process crash) by     leveraging improper memory address validation     (bsc#1076116).\n  - CVE-2017-18030: The cirrus_invalidate_region function     allowed local OS guest privileged users to cause a     denial of service (out-of-bounds array access and QEMU     process crash) via vectors related to negative pitch     (bsc#1076180).\n  - CVE-2017-15595: x86 PV guest OS users were able to cause     a DoS (unbounded recursion, stack consumption, and     hypervisor crash) or possibly gain privileges via     crafted page-table stacking (bsc#1061081)\n  - CVE-2017-17566: Prevent PV guest OS users to cause a     denial of service (host OS crash) or gain host OS     privileges in shadow mode by mapping a certain auxiliary     page (bsc#1070158).\n  - CVE-2017-17563: Prevent guest OS users to cause a denial     of service (host OS crash) or gain host OS privileges by     leveraging an incorrect mask for reference-count     overflow checking in shadow mode (bsc#1070159).\n  - CVE-2017-17564: Prevent guest OS users to cause a denial     of service (host OS crash) or gain host OS privileges by     leveraging incorrect error handling for reference     counting in shadow mode (bsc#1070160).\n  - CVE-2017-17565: Prevent PV guest OS users to cause a     denial of service (host OS crash) if shadow mode and     log-dirty mode are in place, because of an incorrect     assertion related to M2P (bsc#1070163).\n  - Added missing intermediate preemption checks for guest     requesting removal of memory. This allowed malicious     guest administrator to cause denial of service due to     the high cost of this operation (bsc#1080635).\n  - Because of XEN not returning the proper error messages     when transitioning grant tables from v2 to v1 a     malicious guest was able to cause DoS or potentially     allowed for privilege escalation as well as information     leaks (bsc#1080662).\n  - CVE-2017-5898: The CCID Card device emulator support was     vulnerable to an integer overflow flaw allowing a     privileged user to crash the Qemu process on the host     resulting in DoS (bsc#1024307)\n  - Unprivileged domains could have issued well-timed writes     to xenstore which conflict with transactions to stall     progress of the control domain or driver domain,     possibly leading to DoS (bsc#1030144, XSA-206).\nNote that Tenable Network Security has extracted the preceding description block directly from the SUSE security advisory. Tenable has attempted to automatically clean and format it as much as possible without introducing additional issues.",
    "Solution": "To install this SUSE Security Update use YaST online_update.\nAlternatively you can run the command listed for your product :\nSUSE Linux Enterprise Server 11-SP3-LTSS:zypper in -t patch slessp3-xen-13511=1\nSUSE Linux Enterprise Point of Sale 11-SP3:zypper in -t patch sleposp3-xen-13511=1\nSUSE Linux Enterprise Debuginfo 11-SP3:zypper in -t patch dbgsp3-xen-13511=1\nTo bring your system up-to-date, use 'zypper patch'.",
    "See Also": [
        "[https://bugzilla.suse.com/show_bug.cgi?id=1024307](https://bugzilla.suse.com/show_bug.cgi?id=1024307)",
        "[https://bugzilla.suse.com/show_bug.cgi?id=1030144](https://bugzilla.suse.com/show_bug.cgi?id=1030144)",
        "[https://bugzilla.suse.com/show_bug.cgi?id=1061081](https://bugzilla.suse.com/show_bug.cgi?id=1061081)",
        "[https://bugzilla.suse.com/show_bug.cgi?id=1068032](https://bugzilla.suse.com/show_bug.cgi?id=1068032)",
        "[https://bugzilla.suse.com/show_bug.cgi?id=1070158](https://bugzilla.suse.com/show_bug.cgi?id=1070158)",
        "[https://bugzilla.suse.com/show_bug.cgi?id=1070159](https://bugzilla.suse.com/show_bug.cgi?id=1070159)",
        "[https://bugzilla.suse.com/show_bug.cgi?id=1070160](https://bugzilla.suse.com/show_bug.cgi?id=1070160)",
        "[https://bugzilla.suse.com/show_bug.cgi?id=1070163](https://bugzilla.suse.com/show_bug.cgi?id=1070163)",
        "[https://bugzilla.suse.com/show_bug.cgi?id=1074562](https://bugzilla.suse.com/show_bug.cgi?id=1074562)",
        "[https://bugzilla.suse.com/show_bug.cgi?id=1076116](https://bugzilla.suse.com/show_bug.cgi?id=1076116)",
        "[https://bugzilla.suse.com/show_bug.cgi?id=1076180](https://bugzilla.suse.com/show_bug.cgi?id=1076180)",
        "[https://bugzilla.suse.com/show_bug.cgi?id=1080635](https://bugzilla.suse.com/show_bug.cgi?id=1080635)",
        "[https://bugzilla.suse.com/show_bug.cgi?id=1080662](https://bugzilla.suse.com/show_bug.cgi?id=1080662)",
        "[https://www.suse.com/security/cve/CVE-2017-11334/](https://www.suse.com/security/cve/CVE-2017-11334/)",
        "[https://www.suse.com/security/cve/CVE-2017-15595/](https://www.suse.com/security/cve/CVE-2017-15595/)",
        "[https://www.suse.com/security/cve/CVE-2017-17563/](https://www.suse.com/security/cve/CVE-2017-17563/)",
        "[https://www.suse.com/security/cve/CVE-2017-17564/](https://www.suse.com/security/cve/CVE-2017-17564/)",
        "[https://www.suse.com/security/cve/CVE-2017-17565/](https://www.suse.com/security/cve/CVE-2017-17565/)",
        "[https://www.suse.com/security/cve/CVE-2017-17566/](https://www.suse.com/security/cve/CVE-2017-17566/)",
        "[https://www.suse.com/security/cve/CVE-2017-18030/](https://www.suse.com/security/cve/CVE-2017-18030/)",
        "[https://www.suse.com/security/cve/CVE-2017-5715/](https://www.suse.com/security/cve/CVE-2017-5715/)",
        "[https://www.suse.com/security/cve/CVE-2017-5753/](https://www.suse.com/security/cve/CVE-2017-5753/)",
        "[https://www.suse.com/security/cve/CVE-2017-5754/](https://www.suse.com/security/cve/CVE-2017-5754/)",
        "[https://www.suse.com/security/cve/CVE-2017-5898/](https://www.suse.com/security/cve/CVE-2017-5898/)",
        "[https://www.suse.com/security/cve/CVE-2018-5683/](https://www.suse.com/security/cve/CVE-2018-5683/)",
        "[https://www.suse.com/security/cve/CVE-2018-7540/](https://www.suse.com/security/cve/CVE-2018-7540/)",
        "[https://www.suse.com/security/cve/CVE-2018-7541/](https://www.suse.com/security/cve/CVE-2018-7541/)",
        "[http://www.nessus.org/u?39d89a0f](http://www.nessus.org/u?39d89a0f)"
    ],
    "Plugin Details": {
        "Severity": "High",
        "ID": "108369",
        "File Name": "suse_SU-2018-0678-1.nasl",
        "Version": "1.9",
        "Type": "local",
        "Agent": "unix",
        "Family": "[SuSE Local Security Checks](https://www.tenable.com/plugins/nessus/families/SuSE%20Local%20Security%20Checks)",
        "Published": "3/15/2018",
        "Updated": "1/19/2021",
        "Supported Sensors": "Frictionless Assessment AWS, Frictionless Assessment Azure, Frictionless Assessment Agent, Nessus Agent, Agentless Assessment"
    },
    "Risk Information": [
        {
            "Name": "[VPR](https://www.tenable.com/blog/what-is-vpr-and-how-is-it-different-from-cvss)",
            "Risk Factor": "High",
            "Score": "8.4"
        },
        {
            "Name": "[CVSS v2](https://nvd.nist.gov/vuln-metrics/cvss/v2-calculator?vector=AV:L/AC:L/Au:N/C:C/I:C/A:C)",
            "Risk Factor": "High",
            "Base Score": "7.2",
            "Temporal Score": "6.3",
            "Vector": "CVSS2#AV:L/AC:L/Au:N/C:C/I:C/A:C"
        },
        {
            "Name": "[CVSS v3](https://nvd.nist.gov/vuln-metrics/cvss/v3-calculator?vector=AV:L/AC:L/PR:L/UI:N/S:C/C:H/I:H/A:H/E:H/RL:O/RC:C&version=3.0)",
            "Risk Factor": "High",
            "Base Score": "8.8",
            "Temporal Score": "8.4",
            "Vector": "CVSS:3.0/AV:L/AC:L/PR:L/UI:N/S:C/C:H/I:H/A:H",
            "Temporal Vector": "CVSS:3.0/E:H/RL:O/RC:C"
        }
    ],
    "Vulnerability Information": {
        "CPE": "p-cpe:/a:novell:suse_linux:xen, p-cpe:/a:novell:suse_linux:xen-doc-html, p-cpe:/a:novell:suse_linux:xen-doc-pdf, p-cpe:/a:novell:suse_linux:xen-kmp-default, p-cpe:/a:novell:suse_linux:xen-kmp-pae, p-cpe:/a:novell:suse_linux:xen-libs, p-cpe:/a:novell:suse_linux:xen-tools, p-cpe:/a:novell:suse_linux:xen-tools-domu, cpe:/o:novell:suse_linux:11",
        "Required KB Items": "Host/local_checks_enabled, Host/cpu, Host/SuSE/release, Host/SuSE/rpm-list",
        "Exploit Available": "true",
        "Exploit Ease": "Exploits are available",
        "Patch Publication Date": "3/14/2018",
        "Vulnerability Publication Date": "3/15/2017"
    },
    "Exploitable With": "CANVAS  (CANVAS)",
    "Reference Information": {
        "CVE": "[CVE-2017-11334](/cve/CVE-2017-11334), [CVE-2017-15595](/cve/CVE-2017-15595), [CVE-2017-17563](/cve/CVE-2017-17563), [CVE-2017-17564](/cve/CVE-2017-17564), [CVE-2017-17565](/cve/CVE-2017-17565), [CVE-2017-17566](/cve/CVE-2017-17566), [CVE-2017-18030](/cve/CVE-2017-18030), [CVE-2017-5715](/cve/CVE-2017-5715), [CVE-2017-5753](/cve/CVE-2017-5753), [CVE-2017-5754](/cve/CVE-2017-5754), [CVE-2017-5898](/cve/CVE-2017-5898), [CVE-2018-5683](/cve/CVE-2018-5683), [CVE-2018-7540](/cve/CVE-2018-7540), [CVE-2018-7541](/cve/CVE-2018-7541)",
        "IAVA": "2018-A-0019, 2018-A-0020"
    }
}