{
    "Title": "RHEL 6 : JBoss EAP (RHSA-2018:0479)",
    "Synopsis": "The remote Red Hat host is missing one or more security updates.",
    "Description": "An update is now available for Red Hat JBoss Enterprise Application Platform 7.1 for Red Hat Enterprise Linux 6.\nRed Hat Product Security has rated this update as having a security impact of Important. A Common Vulnerability Scoring System (CVSS) base score, which gives a detailed severity rating, is available for each vulnerability from the CVE link(s) in the References section.\nRed Hat JBoss Enterprise Application Platform is a platform for Java applications based on the JBoss Application Server.\nThis release of Red Hat JBoss Enterprise Application Platform 7.1.1 serves as a replacement for Red Hat JBoss Enterprise Application Platform 7.1.0, and includes bug fixes and enhancements, which are documented in the Release Notes document linked to in the References.\nSecurity Fix(es) :\n* artemis/hornetq: memory exhaustion via UDP and JGroups discovery (CVE-2017-12174)\n* infinispan: Unsafe deserialization of malicious object injected into data cache (CVE-2017-15089)\n* jackson-databind: Unsafe deserialization due to incomplete black list (incomplete fix for CVE-2017-7525) (CVE-2017-15095)\n* jackson-databind: Unsafe deserialization due to incomplete black list (incomplete fix for CVE-2017-15095) (CVE-2017-17485)\n* resteasy: Vary header not added by CORS filter leading to cache poisoning (CVE-2017-7561)\n* undertow: Client can use bogus uri in Digest authentication (CVE-2017-12196)\n* undertow: ALLOW_ENCODED_SLASH option not taken into account in the AjpRequestParser (CVE-2018-1048)\n* jackson-databind: unsafe deserialization due to incomplete blacklist (incomplete fix for CVE-2017-7525 and CVE-2017-17485) (CVE-2018-5968)\nFor more details about the security issue(s), including the impact, a CVSS score, acknowledgments, and other related information, refer to the CVE page(s) listed in the References section.",
    "Solution": "Update the affected packages.",
    "See Also": [
        "[https://access.redhat.com/documentation/en-us/](https://access.redhat.com/documentation/en-us/)",
        "[https://access.redhat.com/errata/RHSA-2018:0479](https://access.redhat.com/errata/RHSA-2018:0479)",
        "[https://access.redhat.com/security/cve/cve-2017-7561](https://access.redhat.com/security/cve/cve-2017-7561)",
        "[https://access.redhat.com/security/cve/cve-2017-12174](https://access.redhat.com/security/cve/cve-2017-12174)",
        "[https://access.redhat.com/security/cve/cve-2017-12196](https://access.redhat.com/security/cve/cve-2017-12196)",
        "[https://access.redhat.com/security/cve/cve-2017-15089](https://access.redhat.com/security/cve/cve-2017-15089)",
        "[https://access.redhat.com/security/cve/cve-2017-15095](https://access.redhat.com/security/cve/cve-2017-15095)",
        "[https://access.redhat.com/security/cve/cve-2017-17485](https://access.redhat.com/security/cve/cve-2017-17485)",
        "[https://access.redhat.com/security/cve/cve-2018-1048](https://access.redhat.com/security/cve/cve-2018-1048)",
        "[https://access.redhat.com/security/cve/cve-2018-5968](https://access.redhat.com/security/cve/cve-2018-5968)"
    ],
    "Plugin Details": {
        "Severity": "Critical",
        "ID": "108323",
        "File Name": "redhat-RHSA-2018-0479.nasl",
        "Version": "1.6",
        "Type": "local",
        "Agent": "unix",
        "Family": "[Red Hat Local Security Checks](https://www.tenable.com/plugins/nessus/families/Red%20Hat%20Local%20Security%20Checks)",
        "Published": "3/14/2018",
        "Updated": "10/24/2019"
    },
    "Risk Information": [
        {
            "Name": "[VPR](https://www.tenable.com/blog/what-is-vpr-and-how-is-it-different-from-cvss)",
            "Risk Factor": "Medium",
            "Score": "6.7"
        },
        {
            "Name": "[CVSS v2](https://nvd.nist.gov/vuln-metrics/cvss/v2-calculator?vector=AV:N/AC:L/Au:N/C:N/I:N/A:C)",
            "Risk Factor": "High",
            "Base Score": "7.8",
            "Vector": "CVSS2#AV:N/AC:L/Au:N/C:N/I:N/A:C"
        },
        {
            "Name": "[CVSS v3](https://nvd.nist.gov/vuln-metrics/cvss/v3-calculator?vector=AV:N/AC:L/PR:N/UI:N/S:U/C:H/I:H/A:H&version=3.0)",
            "Risk Factor": "Critical",
            "Base Score": "9.8",
            "Vector": "CVSS:3.0/AV:N/AC:L/PR:N/UI:N/S:U/C:H/I:H/A:H"
        }
    ],
    "Vulnerability Information": {
        "CPE": "p-cpe:/a:redhat:enterprise_linux:eap7-activemq-artemis, p-cpe:/a:redhat:enterprise_linux:eap7-activemq-artemis-cli, p-cpe:/a:redhat:enterprise_linux:eap7-activemq-artemis-commons, p-cpe:/a:redhat:enterprise_linux:eap7-activemq-artemis-core-client, p-cpe:/a:redhat:enterprise_linux:eap7-activemq-artemis-dto, p-cpe:/a:redhat:enterprise_linux:eap7-activemq-artemis-hornetq-protocol, p-cpe:/a:redhat:enterprise_linux:eap7-activemq-artemis-hqclient-protocol, p-cpe:/a:redhat:enterprise_linux:eap7-activemq-artemis-jdbc-store, p-cpe:/a:redhat:enterprise_linux:eap7-activemq-artemis-jms-client, p-cpe:/a:redhat:enterprise_linux:eap7-activemq-artemis-jms-server, p-cpe:/a:redhat:enterprise_linux:eap7-activemq-artemis-journal, p-cpe:/a:redhat:enterprise_linux:eap7-activemq-artemis-native, p-cpe:/a:redhat:enterprise_linux:eap7-activemq-artemis-ra, p-cpe:/a:redhat:enterprise_linux:eap7-activemq-artemis-selector, p-cpe:/a:redhat:enterprise_linux:eap7-activemq-artemis-server, p-cpe:/a:redhat:enterprise_linux:eap7-activemq-artemis-service-extensions, p-cpe:/a:redhat:enterprise_linux:eap7-apache-cxf, p-cpe:/a:redhat:enterprise_linux:eap7-apache-cxf-rt, p-cpe:/a:redhat:enterprise_linux:eap7-apache-cxf-services, p-cpe:/a:redhat:enterprise_linux:eap7-apache-cxf-tools, p-cpe:/a:redhat:enterprise_linux:eap7-glassfish-jsf, p-cpe:/a:redhat:enterprise_linux:eap7-hibernate, p-cpe:/a:redhat:enterprise_linux:eap7-hibernate-core, p-cpe:/a:redhat:enterprise_linux:eap7-hibernate-entitymanager, p-cpe:/a:redhat:enterprise_linux:eap7-hibernate-envers, p-cpe:/a:redhat:enterprise_linux:eap7-hibernate-infinispan, p-cpe:/a:redhat:enterprise_linux:eap7-hibernate-java8, p-cpe:/a:redhat:enterprise_linux:eap7-infinispan, p-cpe:/a:redhat:enterprise_linux:eap7-infinispan-cachestore-jdbc, p-cpe:/a:redhat:enterprise_linux:eap7-infinispan-cachestore-remote, p-cpe:/a:redhat:enterprise_linux:eap7-infinispan-client-hotrod, p-cpe:/a:redhat:enterprise_linux:eap7-infinispan-commons, p-cpe:/a:redhat:enterprise_linux:eap7-infinispan-core, p-cpe:/a:redhat:enterprise_linux:eap7-ironjacamar, p-cpe:/a:redhat:enterprise_linux:eap7-ironjacamar-common-api, p-cpe:/a:redhat:enterprise_linux:eap7-ironjacamar-common-impl, p-cpe:/a:redhat:enterprise_linux:eap7-ironjacamar-common-spi, p-cpe:/a:redhat:enterprise_linux:eap7-ironjacamar-core-api, p-cpe:/a:redhat:enterprise_linux:eap7-ironjacamar-core-impl, p-cpe:/a:redhat:enterprise_linux:eap7-ironjacamar-deployers-common, p-cpe:/a:redhat:enterprise_linux:eap7-ironjacamar-jdbc, p-cpe:/a:redhat:enterprise_linux:eap7-ironjacamar-validator, p-cpe:/a:redhat:enterprise_linux:eap7-jackson-annotations, p-cpe:/a:redhat:enterprise_linux:eap7-jackson-core, p-cpe:/a:redhat:enterprise_linux:eap7-jackson-databind, p-cpe:/a:redhat:enterprise_linux:eap7-jackson-datatype-jdk8, p-cpe:/a:redhat:enterprise_linux:eap7-jackson-datatype-jsr310, p-cpe:/a:redhat:enterprise_linux:eap7-jackson-jaxrs-base, p-cpe:/a:redhat:enterprise_linux:eap7-jackson-jaxrs-json-provider, p-cpe:/a:redhat:enterprise_linux:eap7-jackson-module-jaxb-annotations, p-cpe:/a:redhat:enterprise_linux:eap7-jackson-modules-java8, p-cpe:/a:redhat:enterprise_linux:eap7-jboss-logmanager, p-cpe:/a:redhat:enterprise_linux:eap7-jboss-server-migration, p-cpe:/a:redhat:enterprise_linux:eap7-jboss-server-migration-cli, p-cpe:/a:redhat:enterprise_linux:eap7-jboss-server-migration-core, p-cpe:/a:redhat:enterprise_linux:eap7-jboss-server-migration-eap6.4, p-cpe:/a:redhat:enterprise_linux:eap7-jboss-server-migration-eap6.4-to-eap7.0, p-cpe:/a:redhat:enterprise_linux:eap7-jboss-server-migration-eap6.4-to-eap7.1, p-cpe:/a:redhat:enterprise_linux:eap7-jboss-server-migration-eap7.0, p-cpe:/a:redhat:enterprise_linux:eap7-jboss-server-migration-eap7.0-to-eap7.1, p-cpe:/a:redhat:enterprise_linux:eap7-jboss-server-migration-eap7.1, p-cpe:/a:redhat:enterprise_linux:eap7-jboss-server-migration-wildfly10.0, p-cpe:/a:redhat:enterprise_linux:eap7-jboss-server-migration-wildfly10.0-to-eap7.1, p-cpe:/a:redhat:enterprise_linux:eap7-jboss-server-migration-wildfly10.1, p-cpe:/a:redhat:enterprise_linux:eap7-jboss-server-migration-wildfly10.1-to-eap7.1, p-cpe:/a:redhat:enterprise_linux:eap7-jboss-server-migration-wildfly8.2, p-cpe:/a:redhat:enterprise_linux:eap7-jboss-server-migration-wildfly8.2-to-eap7.0, p-cpe:/a:redhat:enterprise_linux:eap7-jboss-server-migration-wildfly8.2-to-eap7.1, p-cpe:/a:redhat:enterprise_linux:eap7-jboss-server-migration-wildfly9.0, p-cpe:/a:redhat:enterprise_linux:eap7-jboss-server-migration-wildfly9.0-to-eap7.0, p-cpe:/a:redhat:enterprise_linux:eap7-jboss-server-migration-wildfly9.0-to-eap7.1, p-cpe:/a:redhat:enterprise_linux:eap7-jbossws-cxf, p-cpe:/a:redhat:enterprise_linux:eap7-narayana, p-cpe:/a:redhat:enterprise_linux:eap7-narayana-compensations, p-cpe:/a:redhat:enterprise_linux:eap7-narayana-jbosstxbridge, p-cpe:/a:redhat:enterprise_linux:eap7-narayana-jbossxts, p-cpe:/a:redhat:enterprise_linux:eap7-narayana-jts-idlj, p-cpe:/a:redhat:enterprise_linux:eap7-narayana-jts-integration, p-cpe:/a:redhat:enterprise_linux:eap7-narayana-restat-api, p-cpe:/a:redhat:enterprise_linux:eap7-narayana-restat-bridge, p-cpe:/a:redhat:enterprise_linux:eap7-narayana-restat-integration, p-cpe:/a:redhat:enterprise_linux:eap7-narayana-restat-util, p-cpe:/a:redhat:enterprise_linux:eap7-narayana-txframework, p-cpe:/a:redhat:enterprise_linux:eap7-picketlink-api, p-cpe:/a:redhat:enterprise_linux:eap7-picketlink-bindings, p-cpe:/a:redhat:enterprise_linux:eap7-picketlink-common, p-cpe:/a:redhat:enterprise_linux:eap7-picketlink-config, p-cpe:/a:redhat:enterprise_linux:eap7-picketlink-federation, p-cpe:/a:redhat:enterprise_linux:eap7-picketlink-idm-api, p-cpe:/a:redhat:enterprise_linux:eap7-picketlink-idm-impl, p-cpe:/a:redhat:enterprise_linux:eap7-picketlink-idm-simple-schema, p-cpe:/a:redhat:enterprise_linux:eap7-picketlink-impl, p-cpe:/a:redhat:enterprise_linux:eap7-picketlink-wildfly8, p-cpe:/a:redhat:enterprise_linux:eap7-resteasy, p-cpe:/a:redhat:enterprise_linux:eap7-resteasy-atom-provider, p-cpe:/a:redhat:enterprise_linux:eap7-resteasy-cdi, p-cpe:/a:redhat:enterprise_linux:eap7-resteasy-client, p-cpe:/a:redhat:enterprise_linux:eap7-resteasy-crypto, p-cpe:/a:redhat:enterprise_linux:eap7-resteasy-jackson-provider, p-cpe:/a:redhat:enterprise_linux:eap7-resteasy-jackson2-provider, p-cpe:/a:redhat:enterprise_linux:eap7-resteasy-jaxb-provider, p-cpe:/a:redhat:enterprise_linux:eap7-resteasy-jaxrs, p-cpe:/a:redhat:enterprise_linux:eap7-resteasy-jettison-provider, p-cpe:/a:redhat:enterprise_linux:eap7-resteasy-jose-jwt, p-cpe:/a:redhat:enterprise_linux:eap7-resteasy-jsapi, p-cpe:/a:redhat:enterprise_linux:eap7-resteasy-json-p-provider, p-cpe:/a:redhat:enterprise_linux:eap7-resteasy-multipart-provider, p-cpe:/a:redhat:enterprise_linux:eap7-resteasy-spring, p-cpe:/a:redhat:enterprise_linux:eap7-resteasy-validator-provider-11, p-cpe:/a:redhat:enterprise_linux:eap7-resteasy-yaml-provider, p-cpe:/a:redhat:enterprise_linux:eap7-undertow, p-cpe:/a:redhat:enterprise_linux:eap7-undertow-jastow, p-cpe:/a:redhat:enterprise_linux:eap7-wildfly, p-cpe:/a:redhat:enterprise_linux:eap7-wildfly-elytron, p-cpe:/a:redhat:enterprise_linux:eap7-wildfly-http-client-common, p-cpe:/a:redhat:enterprise_linux:eap7-wildfly-http-ejb-client, p-cpe:/a:redhat:enterprise_linux:eap7-wildfly-http-naming-client, p-cpe:/a:redhat:enterprise_linux:eap7-wildfly-http-transaction-client, p-cpe:/a:redhat:enterprise_linux:eap7-wildfly-javadocs, p-cpe:/a:redhat:enterprise_linux:eap7-wildfly-modules, p-cpe:/a:redhat:enterprise_linux:eap7-wss4j, p-cpe:/a:redhat:enterprise_linux:eap7-wss4j-bindings, p-cpe:/a:redhat:enterprise_linux:eap7-wss4j-policy, p-cpe:/a:redhat:enterprise_linux:eap7-wss4j-ws-security-common, p-cpe:/a:redhat:enterprise_linux:eap7-wss4j-ws-security-dom, p-cpe:/a:redhat:enterprise_linux:eap7-wss4j-ws-security-policy-stax, p-cpe:/a:redhat:enterprise_linux:eap7-wss4j-ws-security-stax, p-cpe:/a:redhat:enterprise_linux:eap7-xml-security, cpe:/o:redhat:enterprise_linux:6",
        "Required KB Items": "Host/local_checks_enabled, Host/RedHat/release, Host/RedHat/rpm-list, Host/cpu",
        "Patch Publication Date": "3/12/2018",
        "Vulnerability Publication Date": "9/13/2017"
    },
    "Reference Information": {
        "CVE": "[CVE-2017-12174](/cve/CVE-2017-12174), [CVE-2017-12196](/cve/CVE-2017-12196), [CVE-2017-15089](/cve/CVE-2017-15089), [CVE-2017-15095](/cve/CVE-2017-15095), [CVE-2017-17485](/cve/CVE-2017-17485), [CVE-2017-7561](/cve/CVE-2017-7561), [CVE-2018-1048](/cve/CVE-2018-1048), [CVE-2018-5968](/cve/CVE-2018-5968)",
        "RHSA": "[2018:0479](https://access.redhat.com/errata/RHSA-2018:0479)"
    }
}