{
    "Title": "SUSE SLED12 / SLES12 Security Update : wireshark (SUSE-SU-2018...",
    "Synopsis": "The remote SUSE host is missing one or more security updates.",
    "Description": "This update for wireshark fixes the following issues: Security issue fixed (bsc#1082692) :\n  - CVE-2018-7335: The IEEE 802.11 dissector could crash     (wnpa-sec-2018-05)\n  - CVE-2018-7321: thrift long dissector loop     (dissect_thrift_map)\n  - CVE-2018-7322: DICOM: inifinite loop (dissect_dcm_tag)\n  - CVE-2018-7323: WCCP: very long loop     (dissect_wccp2_alternate_mask_value_set_element)\n  - CVE-2018-7324: SCCP: infinite loop     (dissect_sccp_optional_parameters)\n  - CVE-2018-7325: RPKI-Router Protocol: infinite loop     (dissect_rpkirtr_pdu)\n  - CVE-2018-7326: LLTD: infinite loop (dissect_lltd_tlv)\n  - CVE-2018-7327: openflow_v6: infinite loop     (dissect_openflow_bundle_control_v6)\n  - CVE-2018-7328: USB-DARWIN: long loop     (dissect_darwin_usb_iso_transfer)\n  - CVE-2018-7329: S7COMM: infinite loop     (s7comm_decode_ud_cpu_alarm_main)\n  - CVE-2018-7330: thread_meshcop: infinite loop     (get_chancount)\n  - CVE-2018-7331: GTP: infinite loop     (dissect_gprscdr_GGSNPDPRecord, dissect_ber_set)\n  - CVE-2018-7332: RELOAD: infinite loop (dissect_statans)\n  - CVE-2018-7333: RPCoRDMA: infinite loop in     get_write_list_chunk_count\n  - CVE-2018-7421: Multiple dissectors could go into large     infinite loops (wnpa-sec-2018-06)\n  - CVE-2018-7334: The UMTS MAC dissector could crash     (wnpa-sec-2018-07)\n  - CVE-2018-7337: The DOCSIS dissector could crash     (wnpa-sec-2018-08)\n  - CVE-2018-7336: The FCP dissector could crash     (wnpa-sec-2018-09)\n  - CVE-2018-7320: The SIGCOMP dissector could crash     (wnpa-sec-2018-10)\n  - CVE-2018-7420: The pcapng file parser could crash     (wnpa-sec-2018-11)\n  - CVE-2018-7417: The IPMI dissector could crash     (wnpa-sec-2018-12)\n  - CVE-2018-7418: The SIGCOMP dissector could crash     (wnpa-sec-2018-13)\n  - CVE-2018-7419: The NBAP disssector could crash     (wnpa-sec-2018-14)\n  - CVE-2017-17997: Misuse of NULL pointer in MRDISC     dissector (bsc#1077080).\nNote that Tenable Network Security has extracted the preceding description block directly from the SUSE security advisory. Tenable has attempted to automatically clean and format it as much as possible without introducing additional issues.",
    "Solution": "To install this SUSE Security Update use the SUSE recommended installation methods like YaST online_update or 'zypper patch'.\nAlternatively you can run the command listed for your product :\nSUSE Linux Enterprise Software Development Kit 12-SP3:zypper in -t patch SUSE-SLE-SDK-12-SP3-2018-546=1\nSUSE Linux Enterprise Software Development Kit 12-SP2:zypper in -t patch SUSE-SLE-SDK-12-SP2-2018-546=1\nSUSE Linux Enterprise Server for Raspberry Pi 12-SP2:zypper in -t patch SUSE-SLE-RPI-12-SP2-2018-546=1\nSUSE Linux Enterprise Server 12-SP3:zypper in -t patch SUSE-SLE-SERVER-12-SP3-2018-546=1\nSUSE Linux Enterprise Server 12-SP2:zypper in -t patch SUSE-SLE-SERVER-12-SP2-2018-546=1\nSUSE Linux Enterprise Desktop 12-SP3:zypper in -t patch SUSE-SLE-DESKTOP-12-SP3-2018-546=1\nSUSE Linux Enterprise Desktop 12-SP2:zypper in -t patch SUSE-SLE-DESKTOP-12-SP2-2018-546=1",
    "See Also": [
        "[https://bugzilla.suse.com/show_bug.cgi?id=1077080](https://bugzilla.suse.com/show_bug.cgi?id=1077080)",
        "[https://bugzilla.suse.com/show_bug.cgi?id=1082692](https://bugzilla.suse.com/show_bug.cgi?id=1082692)",
        "[https://www.suse.com/security/cve/CVE-2017-17997/](https://www.suse.com/security/cve/CVE-2017-17997/)",
        "[https://www.suse.com/security/cve/CVE-2018-7320/](https://www.suse.com/security/cve/CVE-2018-7320/)",
        "[https://www.suse.com/security/cve/CVE-2018-7321/](https://www.suse.com/security/cve/CVE-2018-7321/)",
        "[https://www.suse.com/security/cve/CVE-2018-7322/](https://www.suse.com/security/cve/CVE-2018-7322/)",
        "[https://www.suse.com/security/cve/CVE-2018-7323/](https://www.suse.com/security/cve/CVE-2018-7323/)",
        "[https://www.suse.com/security/cve/CVE-2018-7324/](https://www.suse.com/security/cve/CVE-2018-7324/)",
        "[https://www.suse.com/security/cve/CVE-2018-7325/](https://www.suse.com/security/cve/CVE-2018-7325/)",
        "[https://www.suse.com/security/cve/CVE-2018-7326/](https://www.suse.com/security/cve/CVE-2018-7326/)",
        "[https://www.suse.com/security/cve/CVE-2018-7327/](https://www.suse.com/security/cve/CVE-2018-7327/)",
        "[https://www.suse.com/security/cve/CVE-2018-7328/](https://www.suse.com/security/cve/CVE-2018-7328/)",
        "[https://www.suse.com/security/cve/CVE-2018-7329/](https://www.suse.com/security/cve/CVE-2018-7329/)",
        "[https://www.suse.com/security/cve/CVE-2018-7330/](https://www.suse.com/security/cve/CVE-2018-7330/)",
        "[https://www.suse.com/security/cve/CVE-2018-7331/](https://www.suse.com/security/cve/CVE-2018-7331/)",
        "[https://www.suse.com/security/cve/CVE-2018-7332/](https://www.suse.com/security/cve/CVE-2018-7332/)",
        "[https://www.suse.com/security/cve/CVE-2018-7333/](https://www.suse.com/security/cve/CVE-2018-7333/)",
        "[https://www.suse.com/security/cve/CVE-2018-7334/](https://www.suse.com/security/cve/CVE-2018-7334/)",
        "[https://www.suse.com/security/cve/CVE-2018-7335/](https://www.suse.com/security/cve/CVE-2018-7335/)",
        "[https://www.suse.com/security/cve/CVE-2018-7336/](https://www.suse.com/security/cve/CVE-2018-7336/)",
        "[https://www.suse.com/security/cve/CVE-2018-7337/](https://www.suse.com/security/cve/CVE-2018-7337/)",
        "[https://www.suse.com/security/cve/CVE-2018-7417/](https://www.suse.com/security/cve/CVE-2018-7417/)",
        "[https://www.suse.com/security/cve/CVE-2018-7418/](https://www.suse.com/security/cve/CVE-2018-7418/)",
        "[https://www.suse.com/security/cve/CVE-2018-7419/](https://www.suse.com/security/cve/CVE-2018-7419/)",
        "[https://www.suse.com/security/cve/CVE-2018-7420/](https://www.suse.com/security/cve/CVE-2018-7420/)",
        "[https://www.suse.com/security/cve/CVE-2018-7421/](https://www.suse.com/security/cve/CVE-2018-7421/)",
        "[http://www.nessus.org/u?053c4f45](http://www.nessus.org/u?053c4f45)"
    ],
    "Plugin Details": {
        "Severity": "High",
        "ID": "108654",
        "File Name": "suse_SU-2018-0811-1.nasl",
        "Version": "1.7",
        "Type": "local",
        "Agent": "unix",
        "Family": "[SuSE Local Security Checks](https://www.tenable.com/plugins/nessus/families/SuSE%20Local%20Security%20Checks)",
        "Published": "3/27/2018",
        "Updated": "9/10/2019",
        "Supported Sensors": "Agentless Assessment, Frictionless Assessment Agent, Frictionless Assessment AWS, Frictionless Assessment Azure, Nessus Agent"
    },
    "Risk Information": [
        {
            "Name": "[VPR](https://www.tenable.com/blog/what-is-vpr-and-how-is-it-different-from-cvss)",
            "Risk Factor": "Medium",
            "Score": "4.4"
        },
        {
            "Name": "[CVSS v2](https://nvd.nist.gov/vuln-metrics/cvss/v2-calculator?vector=AV:N/AC:L/Au:N/C:N/I:N/A:P)",
            "Risk Factor": "Medium",
            "Base Score": "5",
            "Temporal Score": "3.7",
            "Vector": "CVSS2#AV:N/AC:L/Au:N/C:N/I:N/A:P"
        },
        {
            "Name": "[CVSS v3](https://nvd.nist.gov/vuln-metrics/cvss/v3-calculator?vector=AV:N/AC:L/PR:N/UI:N/S:U/C:N/I:N/A:H/E:U/RL:O/RC:C&version=3.0)",
            "Risk Factor": "High",
            "Base Score": "7.5",
            "Temporal Score": "6.5",
            "Vector": "CVSS:3.0/AV:N/AC:L/PR:N/UI:N/S:U/C:N/I:N/A:H",
            "Temporal Vector": "CVSS:3.0/E:U/RL:O/RC:C"
        }
    ],
    "Vulnerability Information": {
        "CPE": "p-cpe:/a:novell:suse_linux:libwireshark8, p-cpe:/a:novell:suse_linux:libwireshark8-debuginfo, p-cpe:/a:novell:suse_linux:libwiretap6, p-cpe:/a:novell:suse_linux:libwiretap6-debuginfo, p-cpe:/a:novell:suse_linux:libwscodecs1, p-cpe:/a:novell:suse_linux:libwscodecs1-debuginfo, p-cpe:/a:novell:suse_linux:libwsutil7, p-cpe:/a:novell:suse_linux:libwsutil7-debuginfo, p-cpe:/a:novell:suse_linux:wireshark, p-cpe:/a:novell:suse_linux:wireshark-debuginfo, p-cpe:/a:novell:suse_linux:wireshark-debugsource, p-cpe:/a:novell:suse_linux:wireshark-gtk, p-cpe:/a:novell:suse_linux:wireshark-gtk-debuginfo, cpe:/o:novell:suse_linux:12",
        "Required KB Items": "Host/local_checks_enabled, Host/cpu, Host/SuSE/release, Host/SuSE/rpm-list",
        "Exploit Ease": "No known exploits are available",
        "Patch Publication Date": "3/26/2018",
        "Vulnerability Publication Date": "12/30/2017"
    },
    "Reference Information": {
        "CVE": "[CVE-2017-17997](/cve/CVE-2017-17997), [CVE-2018-7320](/cve/CVE-2018-7320), [CVE-2018-7321](/cve/CVE-2018-7321), [CVE-2018-7322](/cve/CVE-2018-7322), [CVE-2018-7323](/cve/CVE-2018-7323), [CVE-2018-7324](/cve/CVE-2018-7324), [CVE-2018-7325](/cve/CVE-2018-7325), [CVE-2018-7326](/cve/CVE-2018-7326), [CVE-2018-7327](/cve/CVE-2018-7327), [CVE-2018-7328](/cve/CVE-2018-7328), [CVE-2018-7329](/cve/CVE-2018-7329), [CVE-2018-7330](/cve/CVE-2018-7330), [CVE-2018-7331](/cve/CVE-2018-7331), [CVE-2018-7332](/cve/CVE-2018-7332), [CVE-2018-7333](/cve/CVE-2018-7333), [CVE-2018-7334](/cve/CVE-2018-7334), [CVE-2018-7335](/cve/CVE-2018-7335), [CVE-2018-7336](/cve/CVE-2018-7336), [CVE-2018-7337](/cve/CVE-2018-7337), [CVE-2018-7417](/cve/CVE-2018-7417), [CVE-2018-7418](/cve/CVE-2018-7418), [CVE-2018-7419](/cve/CVE-2018-7419), [CVE-2018-7420](/cve/CVE-2018-7420), [CVE-2018-7421](/cve/CVE-2018-7421)"
    }
}