{
    "Title": "SUSE SLED12 / SLES12 Security Update : MozillaFirefox (SUSE-SU...",
    "Synopsis": "The remote SUSE host is missing one or more security updates.",
    "Description": "This update for MozillaFirefox fixes the following issues: Security issues fixed in Firefox ESR 52.7.3 (bsc#1085130) :\n  - CVE-2018-5125: Memory safety bugs fixed in Firefox 59     and Firefox ESR 52.7\n  - CVE-2018-5127: Buffer overflow manipulating SVG     animatedPathSegList\n  - CVE-2018-5129: Out-of-bounds write with malformed IPC     messages\n  - CVE-2018-5130: Mismatched RTP payload type can trigger     memory corruption\n  - CVE-2018-5131: Fetch API improperly returns cached     copies of no-store/no-cache resources\n  - CVE-2018-5144: Integer overflow during Unicode     conversion\n  - CVE-2018-5145: Memory safety bugs fixed in Firefox ESR     52.7\n  - CVE-2018-5146: Out of bounds memory write in libvorbis     (bsc#1085671)\n  - CVE-2018-5147: Out of bounds memory write in libtremor     (bsc#1085671)\n  - CVE-2018-5148: Use-after-free in compositor (MFSA     2018-10) (bsc#1087059)\nNote that Tenable Network Security has extracted the preceding description block directly from the SUSE security advisory. Tenable has attempted to automatically clean and format it as much as possible without introducing additional issues.",
    "Solution": "To install this SUSE Security Update use the SUSE recommended installation methods like YaST online_update or 'zypper patch'.\nAlternatively you can run the command listed for your product :\nSUSE Linux Enterprise Software Development Kit 12-SP3:zypper in -t patch SUSE-SLE-SDK-12-SP3-2018-569=1\nSUSE Linux Enterprise Software Development Kit 12-SP2:zypper in -t patch SUSE-SLE-SDK-12-SP2-2018-569=1\nSUSE Linux Enterprise Server for Raspberry Pi 12-SP2:zypper in -t patch SUSE-SLE-RPI-12-SP2-2018-569=1\nSUSE Linux Enterprise Server 12-SP3:zypper in -t patch SUSE-SLE-SERVER-12-SP3-2018-569=1\nSUSE Linux Enterprise Server 12-SP2:zypper in -t patch SUSE-SLE-SERVER-12-SP2-2018-569=1\nSUSE Linux Enterprise Desktop 12-SP3:zypper in -t patch SUSE-SLE-DESKTOP-12-SP3-2018-569=1\nSUSE Linux Enterprise Desktop 12-SP2:zypper in -t patch SUSE-SLE-DESKTOP-12-SP2-2018-569=1",
    "See Also": [
        "[https://bugzilla.suse.com/show_bug.cgi?id=1085130](https://bugzilla.suse.com/show_bug.cgi?id=1085130)",
        "[https://bugzilla.suse.com/show_bug.cgi?id=1085671](https://bugzilla.suse.com/show_bug.cgi?id=1085671)",
        "[https://bugzilla.suse.com/show_bug.cgi?id=1087059](https://bugzilla.suse.com/show_bug.cgi?id=1087059)",
        "[https://www.suse.com/security/cve/CVE-2018-5125/](https://www.suse.com/security/cve/CVE-2018-5125/)",
        "[https://www.suse.com/security/cve/CVE-2018-5127/](https://www.suse.com/security/cve/CVE-2018-5127/)",
        "[https://www.suse.com/security/cve/CVE-2018-5129/](https://www.suse.com/security/cve/CVE-2018-5129/)",
        "[https://www.suse.com/security/cve/CVE-2018-5130/](https://www.suse.com/security/cve/CVE-2018-5130/)",
        "[https://www.suse.com/security/cve/CVE-2018-5131/](https://www.suse.com/security/cve/CVE-2018-5131/)",
        "[https://www.suse.com/security/cve/CVE-2018-5144/](https://www.suse.com/security/cve/CVE-2018-5144/)",
        "[https://www.suse.com/security/cve/CVE-2018-5145/](https://www.suse.com/security/cve/CVE-2018-5145/)",
        "[https://www.suse.com/security/cve/CVE-2018-5146/](https://www.suse.com/security/cve/CVE-2018-5146/)",
        "[https://www.suse.com/security/cve/CVE-2018-5147/](https://www.suse.com/security/cve/CVE-2018-5147/)",
        "[https://www.suse.com/security/cve/CVE-2018-5148/](https://www.suse.com/security/cve/CVE-2018-5148/)",
        "[http://www.nessus.org/u?9fc94ef6](http://www.nessus.org/u?9fc94ef6)"
    ],
    "Plugin Details": {
        "Severity": "Critical",
        "ID": "108749",
        "File Name": "suse_SU-2018-0850-1.nasl",
        "Version": "1.7",
        "Type": "local",
        "Agent": "unix",
        "Family": "[SuSE Local Security Checks](https://www.tenable.com/plugins/nessus/families/SuSE%20Local%20Security%20Checks)",
        "Published": "3/30/2018",
        "Updated": "9/10/2019",
        "Supported Sensors": "Agentless Assessment, Frictionless Assessment Agent, Frictionless Assessment AWS, Frictionless Assessment Azure, Nessus Agent"
    },
    "Risk Information": [
        {
            "Name": "[VPR](https://www.tenable.com/blog/what-is-vpr-and-how-is-it-different-from-cvss)",
            "Risk Factor": "Medium",
            "Score": "6.0"
        },
        {
            "Name": "[CVSS v2](https://nvd.nist.gov/vuln-metrics/cvss/v2-calculator?vector=AV:N/AC:L/Au:N/C:P/I:P/A:P)",
            "Risk Factor": "High",
            "Base Score": "7.5",
            "Vector": "CVSS2#AV:N/AC:L/Au:N/C:P/I:P/A:P"
        },
        {
            "Name": "[CVSS v3](https://nvd.nist.gov/vuln-metrics/cvss/v3-calculator?vector=AV:N/AC:L/PR:N/UI:N/S:U/C:H/I:H/A:H&version=3.0)",
            "Risk Factor": "Critical",
            "Base Score": "9.8",
            "Vector": "CVSS:3.0/AV:N/AC:L/PR:N/UI:N/S:U/C:H/I:H/A:H"
        }
    ],
    "Vulnerability Information": {
        "CPE": "p-cpe:/a:novell:suse_linux:mozillafirefox, p-cpe:/a:novell:suse_linux:mozillafirefox-debuginfo, p-cpe:/a:novell:suse_linux:mozillafirefox-debugsource, p-cpe:/a:novell:suse_linux:mozillafirefox-translations, cpe:/o:novell:suse_linux:12",
        "Required KB Items": "Host/local_checks_enabled, Host/cpu, Host/SuSE/release, Host/SuSE/rpm-list",
        "Patch Publication Date": "3/29/2018",
        "Vulnerability Publication Date": "6/11/2018"
    },
    "Reference Information": {
        "CVE": "[CVE-2018-5125](/cve/CVE-2018-5125), [CVE-2018-5127](/cve/CVE-2018-5127), [CVE-2018-5129](/cve/CVE-2018-5129), [CVE-2018-5130](/cve/CVE-2018-5130), [CVE-2018-5131](/cve/CVE-2018-5131), [CVE-2018-5144](/cve/CVE-2018-5144), [CVE-2018-5145](/cve/CVE-2018-5145), [CVE-2018-5146](/cve/CVE-2018-5146), [CVE-2018-5147](/cve/CVE-2018-5147), [CVE-2018-5148](/cve/CVE-2018-5148)"
    }
}