{
    "Title": "RHEL 6 : thunderbird (RHSA-2018:0647)",
    "Synopsis": "The remote Red Hat host is missing one or more security updates.",
    "Description": "An update for thunderbird is now available for Red Hat Enterprise Linux 6.\nRed Hat Product Security has rated this update as having a security impact of Important. A Common Vulnerability Scoring System (CVSS) base score, which gives a detailed severity rating, is available for each vulnerability from the CVE link(s) in the References section.\nMozilla Thunderbird is a standalone mail and newsgroup client.\nThis update upgrades Thunderbird to version 52.7.0.\nSecurity Fix(es) :\n* Mozilla: Memory safety bugs fixed in Firefox 59 and Firefox ESR 52.7 (MFSA 2018-07) (CVE-2018-5125)\n* Mozilla: Memory safety bugs fixed in Firefox ESR 52.7 (MFSA 2018-07) (CVE-2018-5145)\n* Mozilla: Vorbis audio processing out of bounds write (MFSA 2018-08) (CVE-2018-5146)\n* Mozilla: Buffer overflow manipulating SVG animatedPathSegList (MFSA 2018-07) (CVE-2018-5127)\n* Mozilla: Out-of-bounds write with malformed IPC messages (MFSA 2018-07) (CVE-2018-5129)\n* Mozilla: Integer overflow during Unicode conversion (MFSA 2018-07) (CVE-2018-5144)\nFor more details about the security issue(s), including the impact, a CVSS score, and other related information, refer to the CVE page(s) listed in the References section.\nRed Hat would like to thank the Mozilla project for reporting these issues. Upstream acknowledges Bob Clary, Olli Pettay, Christian Holler, Nils Ohlmeier, Randell Jesup, Tyson Smith, Ralph Giles, Philipp, Jet Villegas, Richard Zhu via Trend Micro's Zero Day Initiative, Nils, James Grant, and Root Object as the original reporters.",
    "Solution": "Update the affected thunderbird and / or thunderbird-debuginfo packages.",
    "See Also": [
        "[https://www.mozilla.org/en-US/security/advisories/mfsa2018-09/](https://www.mozilla.org/en-US/security/advisories/mfsa2018-09/)",
        "[https://access.redhat.com/errata/RHSA-2018:0647](https://access.redhat.com/errata/RHSA-2018:0647)",
        "[https://access.redhat.com/security/cve/cve-2018-5125](https://access.redhat.com/security/cve/cve-2018-5125)",
        "[https://access.redhat.com/security/cve/cve-2018-5127](https://access.redhat.com/security/cve/cve-2018-5127)",
        "[https://access.redhat.com/security/cve/cve-2018-5129](https://access.redhat.com/security/cve/cve-2018-5129)",
        "[https://access.redhat.com/security/cve/cve-2018-5144](https://access.redhat.com/security/cve/cve-2018-5144)",
        "[https://access.redhat.com/security/cve/cve-2018-5145](https://access.redhat.com/security/cve/cve-2018-5145)",
        "[https://access.redhat.com/security/cve/cve-2018-5146](https://access.redhat.com/security/cve/cve-2018-5146)"
    ],
    "Plugin Details": {
        "Severity": "Critical",
        "ID": "108867",
        "File Name": "redhat-RHSA-2018-0647.nasl",
        "Version": "1.11",
        "Type": "local",
        "Agent": "unix",
        "Family": "[Red Hat Local Security Checks](https://www.tenable.com/plugins/nessus/families/Red%20Hat%20Local%20Security%20Checks)",
        "Published": "4/6/2018",
        "Updated": "1/28/2022",
        "Supported Sensors": "Frictionless Assessment AWS, Frictionless Assessment Azure, Frictionless Assessment Agent, Nessus Agent, Agentless Assessment"
    },
    "Risk Information": [
        {
            "Name": "[VPR](https://www.tenable.com/blog/what-is-vpr-and-how-is-it-different-from-cvss)",
            "Risk Factor": "Medium",
            "Score": "6.0"
        },
        {
            "Name": "[CVSS v2](https://nvd.nist.gov/vuln-metrics/cvss/v2-calculator?vector=AV:N/AC:L/Au:N/C:P/I:P/A:P)",
            "Risk Factor": "High",
            "Base Score": "7.5",
            "Vector": "CVSS2#AV:N/AC:L/Au:N/C:P/I:P/A:P"
        },
        {
            "Name": "[CVSS v3](https://nvd.nist.gov/vuln-metrics/cvss/v3-calculator?vector=AV:N/AC:L/PR:N/UI:N/S:U/C:H/I:H/A:H&version=3.0)",
            "Risk Factor": "Critical",
            "Base Score": "9.8",
            "Vector": "CVSS:3.0/AV:N/AC:L/PR:N/UI:N/S:U/C:H/I:H/A:H"
        }
    ],
    "Vulnerability Information": {
        "CPE": "p-cpe:/a:redhat:enterprise_linux:thunderbird, p-cpe:/a:redhat:enterprise_linux:thunderbird-debuginfo, cpe:/o:redhat:enterprise_linux:6",
        "Required KB Items": "Host/local_checks_enabled, Host/RedHat/release, Host/RedHat/rpm-list, Host/cpu",
        "Patch Publication Date": "4/5/2018",
        "Vulnerability Publication Date": "6/11/2018"
    },
    "Reference Information": {
        "CVE": "[CVE-2018-5125](/cve/CVE-2018-5125), [CVE-2018-5127](/cve/CVE-2018-5127), [CVE-2018-5129](/cve/CVE-2018-5129), [CVE-2018-5144](/cve/CVE-2018-5144), [CVE-2018-5145](/cve/CVE-2018-5145), [CVE-2018-5146](/cve/CVE-2018-5146)",
        "RHSA": "[2018:0647](https://access.redhat.com/errata/RHSA-2018:0647)"
    }
}