{
    "Title": "SUSE SLES11 Security Update : unrar (SUSE-SU-2018:0862-1)",
    "Synopsis": "The remote SUSE host is missing one or more security updates.",
    "Description": "This update for unrar to version 5.6.1 fixes several issues. These security issues were fixed :\n  - CVE-2017-12938: Prevent remote attackers to bypass a     directory-traversal protection mechanism via vectors     involving a symlink to the . directory, a symlink to the     .. directory, and a regular file (bsc#1054038).\n  - CVE-2017-12940: Prevent out-of-bounds read in the     EncodeFileName::Decode call within the     Archive::ReadHeader15 function (bsc#1054038).\n  - CVE-2017-12941: Prevent an out-of-bounds read in the     Unpack::Unpack20 function (bsc#1054038).\n  - CVE-2017-12942: Prevent a buffer overflow in the     Unpack::LongLZ function (bsc#1054038).\nThe update package also includes non-security fixes. See advisory for details.\nNote that Tenable Network Security has extracted the preceding description block directly from the SUSE security advisory. Tenable has attempted to automatically clean and format it as much as possible without introducing additional issues.",
    "Solution": "To install this SUSE Security Update use the SUSE recommended installation methods like YaST online_update or 'zypper patch'.\nAlternatively you can run the command listed for your product :\nSUSE Linux Enterprise Server 11-SP4:zypper in -t patch slessp4-unrar-13542=1\nSUSE Linux Enterprise Debuginfo 11-SP4:zypper in -t patch dbgsp4-unrar-13542=1",
    "See Also": [
        "[https://bugzilla.suse.com/show_bug.cgi?id=1046882](https://bugzilla.suse.com/show_bug.cgi?id=1046882)",
        "[https://bugzilla.suse.com/show_bug.cgi?id=1054038](https://bugzilla.suse.com/show_bug.cgi?id=1054038)",
        "[https://bugzilla.suse.com/show_bug.cgi?id=513804](https://bugzilla.suse.com/show_bug.cgi?id=513804)",
        "[https://bugzilla.suse.com/show_bug.cgi?id=693890](https://bugzilla.suse.com/show_bug.cgi?id=693890)",
        "[https://www.suse.com/security/cve/CVE-2012-6706/](https://www.suse.com/security/cve/CVE-2012-6706/)",
        "[https://www.suse.com/security/cve/CVE-2017-12938/](https://www.suse.com/security/cve/CVE-2017-12938/)",
        "[https://www.suse.com/security/cve/CVE-2017-12940/](https://www.suse.com/security/cve/CVE-2017-12940/)",
        "[https://www.suse.com/security/cve/CVE-2017-12941/](https://www.suse.com/security/cve/CVE-2017-12941/)",
        "[https://www.suse.com/security/cve/CVE-2017-12942/](https://www.suse.com/security/cve/CVE-2017-12942/)",
        "[http://www.nessus.org/u?183f5d82](http://www.nessus.org/u?183f5d82)"
    ],
    "Plugin Details": {
        "Severity": "Critical",
        "ID": "108828",
        "File Name": "suse_SU-2018-0862-1.nasl",
        "Version": "1.6",
        "Type": "local",
        "Agent": "unix",
        "Family": "[SuSE Local Security Checks](https://www.tenable.com/plugins/nessus/families/SuSE%20Local%20Security%20Checks)",
        "Published": "4/4/2018",
        "Updated": "1/19/2021",
        "Supported Sensors": "Agentless Assessment, Frictionless Assessment Agent, Frictionless Assessment AWS, Frictionless Assessment Azure, Nessus Agent"
    },
    "Risk Information": [
        {
            "Name": "[VPR](https://www.tenable.com/blog/what-is-vpr-and-how-is-it-different-from-cvss)",
            "Risk Factor": "Medium",
            "Score": "6.7"
        },
        {
            "Name": "[CVSS v2](https://nvd.nist.gov/vuln-metrics/cvss/v2-calculator?vector=AV:N/AC:L/Au:N/C:C/I:C/A:C)",
            "Risk Factor": "Critical",
            "Base Score": "10",
            "Temporal Score": "7.4",
            "Vector": "CVSS2#AV:N/AC:L/Au:N/C:C/I:C/A:C"
        },
        {
            "Name": "[CVSS v3](https://nvd.nist.gov/vuln-metrics/cvss/v3-calculator?vector=AV:N/AC:L/PR:N/UI:N/S:U/C:H/I:H/A:H/E:U/RL:O/RC:C&version=3.0)",
            "Risk Factor": "Critical",
            "Base Score": "9.8",
            "Temporal Score": "8.5",
            "Vector": "CVSS:3.0/AV:N/AC:L/PR:N/UI:N/S:U/C:H/I:H/A:H",
            "Temporal Vector": "CVSS:3.0/E:U/RL:O/RC:C"
        }
    ],
    "Vulnerability Information": {
        "CPE": "p-cpe:/a:novell:suse_linux:unrar, cpe:/o:novell:suse_linux:11",
        "Required KB Items": "Host/local_checks_enabled, Host/cpu, Host/SuSE/release, Host/SuSE/rpm-list",
        "Exploit Ease": "No known exploits are available",
        "Patch Publication Date": "4/3/2018",
        "Vulnerability Publication Date": "6/22/2017"
    },
    "Reference Information": {
        "CVE": "[CVE-2012-6706](/cve/CVE-2012-6706), [CVE-2017-12938](/cve/CVE-2017-12938), [CVE-2017-12940](/cve/CVE-2017-12940), [CVE-2017-12941](/cve/CVE-2017-12941), [CVE-2017-12942](/cve/CVE-2017-12942)"
    }
}