{
    "Title": "RHEL 7 : kernel (RHSA-2018:1062)",
    "Synopsis": "The remote Red Hat host is missing one or more security updates.",
    "Description": "An update for kernel is now available for Red Hat Enterprise Linux 7.\nRed Hat Product Security has rated this update as having a security impact of Important. A Common Vulnerability Scoring System (CVSS) base score, which gives a detailed severity rating, is available for each vulnerability from the CVE link(s) in the References section.\nThe kernel packages contain the Linux kernel, the core of any Linux operating system.\nSecurity Fix(es) :\n* hw: cpu: speculative execution permission faults handling (CVE-2017-5754, Important, KVM for Power)\n* kernel: Buffer overflow in firewire driver via crafted incoming packets (CVE-2016-8633, Important)\n* kernel: Use-after-free vulnerability in DCCP socket (CVE-2017-8824, Important)\n* Kernel: kvm: nVMX: L2 guest could access hardware(L0) CR8 register (CVE-2017-12154, Important)\n* kernel: v4l2: disabled memory access protection mechanism allowing privilege escalation (CVE-2017-13166, Important)\n* kernel: media: use-after-free in [tuner-xc2028] media driver (CVE-2016-7913, Moderate)\n* kernel: drm/vmwgfx: fix integer overflow in vmw_surface_define_ioctl() (CVE-2017-7294, Moderate)\n* kernel: Incorrect type conversion for size during dma allocation (CVE-2017-9725, Moderate)\n* kernel: memory leak when merging buffers in SCSI IO vectors (CVE-2017-12190, Moderate)\n* kernel: vfs: BUG in truncate_inode_pages_range() and fuse client (CVE-2017-15121, Moderate)\n* kernel: Use-after-free in userfaultfd_event_wait_completion function in userfaultfd.c (CVE-2017-15126, Moderate)\n* kernel: net: double-free and memory corruption in get_net_ns_by_id() (CVE-2017-15129, Moderate)\n* kernel: Use-after-free in snd_seq_ioctl_create_port() (CVE-2017-15265, Moderate)\n* kernel: Missing capabilities check in net/netfilter/nfnetlink_cthelper.c allows for unprivileged access to systemwide nfnl_cthelper_list structure (CVE-2017-17448, Moderate)\n* kernel: Missing namespace check in net/netlink/af_netlink.c allows for network monitors to observe systemwide activity (CVE-2017-17449, Moderate)\n* kernel: Unallocated memory access by malicious USB device via bNumInterfaces overflow (CVE-2017-17558, Moderate)\n* kernel: netfilter: use-after-free in tcpmss_mangle_packet function in net/ netfilter/xt_TCPMSS.c (CVE-2017-18017, Moderate)\n* kernel: Race condition in drivers/md/dm.c:dm_get_from_kobject() allows local users to cause a denial of service (CVE-2017-18203, Moderate)\n* kernel: kvm: Reachable BUG() on out-of-bounds guest IRQ (CVE-2017-1000252, Moderate)\n* Kernel: KVM: DoS via write flood to I/O port 0x80 (CVE-2017-1000407, Moderate)\n* kernel: Stack information leak in the EFS element (CVE-2017-1000410, Moderate)\n* kernel: Kernel address information leak in drivers/acpi/ sbshc.c:acpi_smbus_hc_add() function potentially allowing KASLR bypass (CVE-2018-5750, Moderate)\n* kernel: Race condition in sound system can lead to denial of service (CVE-2018-1000004, Moderate)\n* kernel: multiple Low security impact security issues (CVE-2016-3672, CVE-2017-14140, CVE-2017-15116, CVE-2017-15127, CVE-2018-6927, Low)\nRed Hat would like to thank Eyal Itkin for reporting CVE-2016-8633;\nGoogle Project Zero for reporting CVE-2017-5754; Mohamed Ghannam for reporting CVE-2017-8824; Jim Mattson (Google.com) for reporting CVE-2017-12154; Vitaly Mayatskih for reporting CVE-2017-12190; Andrea Arcangeli (Engineering) for reporting CVE-2017-15126; Kirill Tkhai for reporting CVE-2017-15129; Jan H. Schonherr (Amazon) for reporting CVE-2017-1000252; and Armis Labs for reporting CVE-2017-1000410. The CVE-2017-15121 issue was discovered by Miklos Szeredi (Red Hat) and the CVE-2017-15116 issue was discovered by ChunYu Wang (Red Hat).\nFor more details about the security issue(s), including the impact, a CVSS score, and other related information, refer to the CVE page(s) listed in the References section.\nAdditional Changes :\nFor detailed information on changes in this release, see the Red Hat Enterprise Linux 7.5 Release Notes linked from the References section.",
    "Solution": "Update the affected packages.",
    "See Also": [
        "[http://www.nessus.org/u?3395ff0b](http://www.nessus.org/u?3395ff0b)",
        "[https://access.redhat.com/errata/RHSA-2018:1062](https://access.redhat.com/errata/RHSA-2018:1062)",
        "[https://access.redhat.com/security/cve/cve-2016-3672](https://access.redhat.com/security/cve/cve-2016-3672)",
        "[https://access.redhat.com/security/cve/cve-2016-7913](https://access.redhat.com/security/cve/cve-2016-7913)",
        "[https://access.redhat.com/security/cve/cve-2016-8633](https://access.redhat.com/security/cve/cve-2016-8633)",
        "[https://access.redhat.com/security/cve/cve-2017-7294](https://access.redhat.com/security/cve/cve-2017-7294)",
        "[https://access.redhat.com/security/cve/cve-2017-8824](https://access.redhat.com/security/cve/cve-2017-8824)",
        "[https://access.redhat.com/security/cve/cve-2017-9725](https://access.redhat.com/security/cve/cve-2017-9725)",
        "[https://access.redhat.com/security/cve/cve-2017-12154](https://access.redhat.com/security/cve/cve-2017-12154)",
        "[https://access.redhat.com/security/cve/cve-2017-12190](https://access.redhat.com/security/cve/cve-2017-12190)",
        "[https://access.redhat.com/security/cve/cve-2017-13166](https://access.redhat.com/security/cve/cve-2017-13166)",
        "[https://access.redhat.com/security/cve/cve-2017-13305](https://access.redhat.com/security/cve/cve-2017-13305)",
        "[https://access.redhat.com/security/cve/cve-2017-14140](https://access.redhat.com/security/cve/cve-2017-14140)",
        "[https://access.redhat.com/security/cve/cve-2017-15116](https://access.redhat.com/security/cve/cve-2017-15116)",
        "[https://access.redhat.com/security/cve/cve-2017-15121](https://access.redhat.com/security/cve/cve-2017-15121)",
        "[https://access.redhat.com/security/cve/cve-2017-15126](https://access.redhat.com/security/cve/cve-2017-15126)",
        "[https://access.redhat.com/security/cve/cve-2017-15127](https://access.redhat.com/security/cve/cve-2017-15127)",
        "[https://access.redhat.com/security/cve/cve-2017-15129](https://access.redhat.com/security/cve/cve-2017-15129)",
        "[https://access.redhat.com/security/cve/cve-2017-15265](https://access.redhat.com/security/cve/cve-2017-15265)",
        "[https://access.redhat.com/security/cve/cve-2017-15274](https://access.redhat.com/security/cve/cve-2017-15274)",
        "[https://access.redhat.com/security/cve/cve-2017-17448](https://access.redhat.com/security/cve/cve-2017-17448)",
        "[https://access.redhat.com/security/cve/cve-2017-17449](https://access.redhat.com/security/cve/cve-2017-17449)",
        "[https://access.redhat.com/security/cve/cve-2017-17558](https://access.redhat.com/security/cve/cve-2017-17558)",
        "[https://access.redhat.com/security/cve/cve-2017-18017](https://access.redhat.com/security/cve/cve-2017-18017)",
        "[https://access.redhat.com/security/cve/cve-2017-18203](https://access.redhat.com/security/cve/cve-2017-18203)",
        "[https://access.redhat.com/security/cve/cve-2017-18270](https://access.redhat.com/security/cve/cve-2017-18270)",
        "[https://access.redhat.com/security/cve/cve-2017-1000252](https://access.redhat.com/security/cve/cve-2017-1000252)",
        "[https://access.redhat.com/security/cve/cve-2017-1000407](https://access.redhat.com/security/cve/cve-2017-1000407)",
        "[https://access.redhat.com/security/cve/cve-2017-1000410](https://access.redhat.com/security/cve/cve-2017-1000410)",
        "[https://access.redhat.com/security/cve/cve-2018-5750](https://access.redhat.com/security/cve/cve-2018-5750)",
        "[https://access.redhat.com/security/cve/cve-2018-6927](https://access.redhat.com/security/cve/cve-2018-6927)",
        "[https://access.redhat.com/security/cve/cve-2018-1000004](https://access.redhat.com/security/cve/cve-2018-1000004)"
    ],
    "Plugin Details": {
        "Severity": "Critical",
        "ID": "108997",
        "File Name": "redhat-RHSA-2018-1062.nasl",
        "Version": "1.13",
        "Type": "local",
        "Agent": "unix",
        "Family": "[Red Hat Local Security Checks](https://www.tenable.com/plugins/nessus/families/Red%20Hat%20Local%20Security%20Checks)",
        "Published": "4/11/2018",
        "Updated": "10/24/2019",
        "Supported Sensors": "Agentless Assessment, Frictionless Assessment Agent, Frictionless Assessment AWS, Frictionless Assessment Azure, Nessus Agent"
    },
    "Risk Information": [
        {
            "Name": "[VPR](https://www.tenable.com/blog/what-is-vpr-and-how-is-it-different-from-cvss)",
            "Risk Factor": "High",
            "Score": "7.4"
        },
        {
            "Name": "[CVSS v2](https://nvd.nist.gov/vuln-metrics/cvss/v2-calculator?vector=AV:N/AC:L/Au:N/C:C/I:C/A:C)",
            "Risk Factor": "Critical",
            "Base Score": "10",
            "Temporal Score": "7.8",
            "Vector": "CVSS2#AV:N/AC:L/Au:N/C:C/I:C/A:C"
        },
        {
            "Name": "[CVSS v3](https://nvd.nist.gov/vuln-metrics/cvss/v3-calculator?vector=AV:N/AC:L/PR:N/UI:N/S:U/C:H/I:H/A:H/E:P/RL:O/RC:C&version=3.0)",
            "Risk Factor": "Critical",
            "Base Score": "9.8",
            "Temporal Score": "8.8",
            "Vector": "CVSS:3.0/AV:N/AC:L/PR:N/UI:N/S:U/C:H/I:H/A:H",
            "Temporal Vector": "CVSS:3.0/E:P/RL:O/RC:C"
        }
    ],
    "Vulnerability Information": {
        "CPE": "cpe:/o:redhat:enterprise_linux:7, cpe:/o:redhat:enterprise_linux:7.6, cpe:/o:redhat:enterprise_linux:7.7, p-cpe:/a:redhat:enterprise_linux:kernel, p-cpe:/a:redhat:enterprise_linux:kernel-abi-whitelists, p-cpe:/a:redhat:enterprise_linux:kernel-debug, p-cpe:/a:redhat:enterprise_linux:kernel-debug-debuginfo, p-cpe:/a:redhat:enterprise_linux:kernel-debug-devel, p-cpe:/a:redhat:enterprise_linux:kernel-debuginfo, p-cpe:/a:redhat:enterprise_linux:kernel-debuginfo-common-s390x, p-cpe:/a:redhat:enterprise_linux:kernel-debuginfo-common-x86_64, p-cpe:/a:redhat:enterprise_linux:kernel-devel, p-cpe:/a:redhat:enterprise_linux:kernel-doc, p-cpe:/a:redhat:enterprise_linux:kernel-headers, p-cpe:/a:redhat:enterprise_linux:kernel-kdump, p-cpe:/a:redhat:enterprise_linux:kernel-kdump-debuginfo, p-cpe:/a:redhat:enterprise_linux:kernel-kdump-devel, p-cpe:/a:redhat:enterprise_linux:kernel-tools, p-cpe:/a:redhat:enterprise_linux:kernel-tools-debuginfo, p-cpe:/a:redhat:enterprise_linux:kernel-tools-libs, p-cpe:/a:redhat:enterprise_linux:kernel-tools-libs-devel, p-cpe:/a:redhat:enterprise_linux:perf, p-cpe:/a:redhat:enterprise_linux:perf-debuginfo, p-cpe:/a:redhat:enterprise_linux:python-perf, p-cpe:/a:redhat:enterprise_linux:python-perf-debuginfo",
        "Required KB Items": "Host/local_checks_enabled, Host/RedHat/release, Host/RedHat/rpm-list, Host/cpu",
        "Exploit Available": "true",
        "Exploit Ease": "Exploits are available",
        "Patch Publication Date": "4/10/2018",
        "Vulnerability Publication Date": "4/27/2016"
    },
    "Reference Information": {
        "CVE": "[CVE-2016-3672](/cve/CVE-2016-3672), [CVE-2016-7913](/cve/CVE-2016-7913), [CVE-2016-8633](/cve/CVE-2016-8633), [CVE-2017-1000252](/cve/CVE-2017-1000252), [CVE-2017-1000407](/cve/CVE-2017-1000407), [CVE-2017-1000410](/cve/CVE-2017-1000410), [CVE-2017-12154](/cve/CVE-2017-12154), [CVE-2017-12190](/cve/CVE-2017-12190), [CVE-2017-13166](/cve/CVE-2017-13166), [CVE-2017-13305](/cve/CVE-2017-13305), [CVE-2017-14140](/cve/CVE-2017-14140), [CVE-2017-15116](/cve/CVE-2017-15116), [CVE-2017-15121](/cve/CVE-2017-15121), [CVE-2017-15126](/cve/CVE-2017-15126), [CVE-2017-15127](/cve/CVE-2017-15127), [CVE-2017-15129](/cve/CVE-2017-15129), [CVE-2017-15265](/cve/CVE-2017-15265), [CVE-2017-15274](/cve/CVE-2017-15274), [CVE-2017-17448](/cve/CVE-2017-17448), [CVE-2017-17449](/cve/CVE-2017-17449), [CVE-2017-17558](/cve/CVE-2017-17558), [CVE-2017-18017](/cve/CVE-2017-18017), [CVE-2017-18203](/cve/CVE-2017-18203), [CVE-2017-18270](/cve/CVE-2017-18270), [CVE-2017-7294](/cve/CVE-2017-7294), [CVE-2017-8824](/cve/CVE-2017-8824), [CVE-2017-9725](/cve/CVE-2017-9725), [CVE-2018-1000004](/cve/CVE-2018-1000004), [CVE-2018-5750](/cve/CVE-2018-5750), [CVE-2018-6927](/cve/CVE-2018-6927)",
        "RHSA": "[2018:1062](https://access.redhat.com/errata/RHSA-2018:1062)"
    }
}