{
    "Title": "RHEL 7 : kernel-alt (RHSA-2018:0654)",
    "Synopsis": "The remote Red Hat host is missing one or more security updates.",
    "Description": "An update for kernel-alt is now available for Red Hat Enterprise Linux 7.\nRed Hat Product Security has rated this update as having a security impact of Important. A Common Vulnerability Scoring System (CVSS) base score, which gives a detailed severity rating, is available for each vulnerability from the CVE link(s) in the References section.\nThe kernel-alt packages provide the Linux kernel version 4.x.\nThe following packages have been upgraded to a later upstream version:\nkernel-alt (4.14.0). (BZ#1492717)\nSecurity Fix(es) :\n* An industry-wide issue was found in the way many modern microprocessor designs have implemented speculative execution of instructions (a commonly used performance optimization). There are three primary variants of the issue which differ in the way the speculative execution can be exploited.\nVariant CVE-2017-5715 triggers the speculative execution by utilizing branch target injection. It relies on the presence of a precisely-defined instruction sequence in the privileged code as well as the fact that memory accesses may cause allocation into the microprocessor's data cache even for speculatively executed instructions that never actually commit (retire). As a result, an unprivileged attacker could use this flaw to cross the syscall and guest/host boundaries and read privileged memory by conducting targeted cache side-channel attacks. (CVE-2017-5715, Important, ARM)\nVariant CVE-2017-5753 triggers the speculative execution by performing a bounds-check bypass. It relies on the presence of a precisely-defined instruction sequence in the privileged code as well as the fact that memory accesses may cause allocation into the microprocessor's data cache even for speculatively executed instructions that never actually commit (retire). As a result, an unprivileged attacker could use this flaw to cross the syscall boundary and read privileged memory by conducting targeted cache side-channel attacks. (CVE-2017-5753, Important, ARM)\nVariant CVE-2017-5754 relies on the fact that, on impacted microprocessors, during speculative execution of instruction permission faults, exception generation triggered by a faulting access is suppressed until the retirement of the whole instruction block. In a combination with the fact that memory accesses may populate the cache even when the block is being dropped and never committed (executed), an unprivileged local attacker could use this flaw to read privileged (kernel space) memory by conducting targeted cache side-channel attacks. (CVE-2017-5754, Important, ARM)\n* kernel: memory leak when merging buffers in SCSI IO vectors (CVE-2017-12190, Moderate)\n* kernel: net: double-free and memory corruption in get_net_ns_by_id() (CVE-2017-15129, Moderate)\n* kernel: Incorrect updates of uninstantiated keys crash the kernel (CVE-2017-15299, Moderate)\n* kernel: Missing capabilities check in net/netfilter/nfnetlink_cthelper.c allows for unprivileged access to systemwide nfnl_cthelper_list structure (CVE-2017-17448, Moderate)\n* kernel: Missing namespace check in net/netlink/af_netlink.c allows for network monitors to observe systemwide activity (CVE-2017-17449, Moderate)\n* kernel: Arbitrary stack overwrite causing oops via crafted signal frame (CVE-2017-1000255, Moderate)\n* kernel: Stack information leak in the EFS element (CVE-2017-1000410, Moderate)\n* kernel: Race condition in sound system can lead to denial of service (CVE-2018-1000004, Moderate)\n* kernel: Buffer overflow in mp_override_legacy_irq() (CVE-2017-11473, Low)\n* kernel: Integer overflow in futex.c:futux_requeue can lead to denial of service or unspecified impact (CVE-2018-6927, Low)\nFor more details about the security issue(s), including the impact, a CVSS score, and other related information, refer to the CVE page(s) listed in the References section.\nRed Hat would like to thank Google Project Zero for reporting CVE-2017-5715, CVE-2017-5753, and CVE-2017-5754; Vitaly Mayatskih for reporting CVE-2017-12190; Kirill Tkhai for reporting CVE-2017-15129;\nMichael Ellerman, Gustavo Romero, Breno Leitao, Paul Mackerras, and Cyril Bur for reporting CVE-2017-1000255; and Armis Labs for reporting CVE-2017-1000410.\nAdditional Changes :\nSee the Red Hat Enterprise Linux 7.5 Release Notes linked from References.",
    "Solution": "Update the affected packages.",
    "See Also": [
        "[http://www.nessus.org/u?3395ff0b](http://www.nessus.org/u?3395ff0b)",
        "[https://access.redhat.com/errata/RHSA-2018:0654](https://access.redhat.com/errata/RHSA-2018:0654)",
        "[https://access.redhat.com/security/cve/cve-2017-11473](https://access.redhat.com/security/cve/cve-2017-11473)",
        "[https://access.redhat.com/security/cve/cve-2017-12190](https://access.redhat.com/security/cve/cve-2017-12190)",
        "[https://access.redhat.com/security/cve/cve-2017-12192](https://access.redhat.com/security/cve/cve-2017-12192)",
        "[https://access.redhat.com/security/cve/cve-2017-15129](https://access.redhat.com/security/cve/cve-2017-15129)",
        "[https://access.redhat.com/security/cve/cve-2017-15299](https://access.redhat.com/security/cve/cve-2017-15299)",
        "[https://access.redhat.com/security/cve/cve-2017-15306](https://access.redhat.com/security/cve/cve-2017-15306)",
        "[https://access.redhat.com/security/cve/cve-2017-16939](https://access.redhat.com/security/cve/cve-2017-16939)",
        "[https://access.redhat.com/security/cve/cve-2017-17448](https://access.redhat.com/security/cve/cve-2017-17448)",
        "[https://access.redhat.com/security/cve/cve-2017-17449](https://access.redhat.com/security/cve/cve-2017-17449)",
        "[https://access.redhat.com/security/cve/cve-2017-1000255](https://access.redhat.com/security/cve/cve-2017-1000255)",
        "[https://access.redhat.com/security/cve/cve-2017-1000410](https://access.redhat.com/security/cve/cve-2017-1000410)",
        "[https://access.redhat.com/security/cve/cve-2018-6927](https://access.redhat.com/security/cve/cve-2018-6927)",
        "[https://access.redhat.com/security/cve/cve-2018-1000004](https://access.redhat.com/security/cve/cve-2018-1000004)"
    ],
    "Plugin Details": {
        "Severity": "High",
        "ID": "108942",
        "File Name": "redhat-RHSA-2018-0654.nasl",
        "Version": "1.12",
        "Type": "local",
        "Agent": "unix",
        "Family": "[Red Hat Local Security Checks](https://www.tenable.com/plugins/nessus/families/Red%20Hat%20Local%20Security%20Checks)",
        "Published": "4/10/2018",
        "Updated": "10/24/2019",
        "Supported Sensors": "Frictionless Assessment AWS, Frictionless Assessment Azure, Frictionless Assessment Agent, Nessus Agent, Agentless Assessment"
    },
    "Risk Information": [
        {
            "Name": "[VPR](https://www.tenable.com/blog/what-is-vpr-and-how-is-it-different-from-cvss)",
            "Risk Factor": "Medium",
            "Score": "6.7"
        },
        {
            "Name": "[CVSS v2](https://nvd.nist.gov/vuln-metrics/cvss/v2-calculator?vector=AV:L/AC:L/Au:N/C:C/I:C/A:C)",
            "Risk Factor": "High",
            "Base Score": "7.2",
            "Temporal Score": "5.6",
            "Vector": "CVSS2#AV:L/AC:L/Au:N/C:C/I:C/A:C"
        },
        {
            "Name": "[CVSS v3](https://nvd.nist.gov/vuln-metrics/cvss/v3-calculator?vector=AV:L/AC:L/PR:L/UI:N/S:U/C:H/I:H/A:H/E:P/RL:O/RC:C&version=3.0)",
            "Risk Factor": "High",
            "Base Score": "7.8",
            "Temporal Score": "7",
            "Vector": "CVSS:3.0/AV:L/AC:L/PR:L/UI:N/S:U/C:H/I:H/A:H",
            "Temporal Vector": "CVSS:3.0/E:P/RL:O/RC:C"
        }
    ],
    "Vulnerability Information": {
        "CPE": "p-cpe:/a:redhat:enterprise_linux:kernel, p-cpe:/a:redhat:enterprise_linux:kernel-abi-whitelists, p-cpe:/a:redhat:enterprise_linux:kernel-debug, p-cpe:/a:redhat:enterprise_linux:kernel-debug-debuginfo, p-cpe:/a:redhat:enterprise_linux:kernel-debug-devel, p-cpe:/a:redhat:enterprise_linux:kernel-debuginfo, p-cpe:/a:redhat:enterprise_linux:kernel-debuginfo-common-s390x, p-cpe:/a:redhat:enterprise_linux:kernel-devel, p-cpe:/a:redhat:enterprise_linux:kernel-doc, p-cpe:/a:redhat:enterprise_linux:kernel-headers, p-cpe:/a:redhat:enterprise_linux:kernel-kdump, p-cpe:/a:redhat:enterprise_linux:kernel-kdump-debuginfo, p-cpe:/a:redhat:enterprise_linux:kernel-kdump-devel, p-cpe:/a:redhat:enterprise_linux:perf, p-cpe:/a:redhat:enterprise_linux:perf-debuginfo, p-cpe:/a:redhat:enterprise_linux:python-perf, p-cpe:/a:redhat:enterprise_linux:python-perf-debuginfo, cpe:/o:redhat:enterprise_linux:7",
        "Required KB Items": "Host/local_checks_enabled, Host/RedHat/release, Host/RedHat/rpm-list, Host/cpu",
        "Exploit Available": "true",
        "Exploit Ease": "Exploits are available",
        "Patch Publication Date": "4/10/2018",
        "Vulnerability Publication Date": "7/20/2017"
    },
    "Reference Information": {
        "CVE": "[CVE-2017-1000255](/cve/CVE-2017-1000255), [CVE-2017-1000410](/cve/CVE-2017-1000410), [CVE-2017-11473](/cve/CVE-2017-11473), [CVE-2017-12190](/cve/CVE-2017-12190), [CVE-2017-12192](/cve/CVE-2017-12192), [CVE-2017-15129](/cve/CVE-2017-15129), [CVE-2017-15299](/cve/CVE-2017-15299), [CVE-2017-15306](/cve/CVE-2017-15306), [CVE-2017-16939](/cve/CVE-2017-16939), [CVE-2017-17448](/cve/CVE-2017-17448), [CVE-2017-17449](/cve/CVE-2017-17449), [CVE-2018-1000004](/cve/CVE-2018-1000004), [CVE-2018-6927](/cve/CVE-2018-6927)",
        "RHSA": "[2018:0654](https://access.redhat.com/errata/RHSA-2018:0654)"
    }
}