{
    "Title": "RHEL 7 : golang (RHSA-2018:0878)",
    "Synopsis": "The remote Red Hat host is missing one or more security updates.",
    "Description": "An update for golang is now available for Red Hat Enterprise Linux 7.\nRed Hat Product Security has rated this update as having a security impact of Moderate. A Common Vulnerability Scoring System (CVSS) base score, which gives a detailed severity rating, is available for each vulnerability from the CVE link(s) in the References section.\nThe golang packages provide the Go programming language compiler.\nThe following packages have been upgraded to a later upstream version:\ngolang (1.9.4). (BZ#1479095, BZ#1499827)\nSecurity Fix(es) :\n* golang: arbitrary code execution during 'go get' or 'go get -d' (CVE-2017-15041)\n* golang: smtp.PlainAuth susceptible to man-in-the-middle password harvesting (CVE-2017-15042)\n* golang: arbitrary code execution during 'go get' via C compiler options (CVE-2018-6574)\nFor more details about the security issue(s), including the impact, a CVSS score, and other related information, refer to the CVE page(s) listed in the References section.\nAdditional Changes :\nFor detailed information on changes in this release, see the Red Hat Enterprise Linux 7.5 Release Notes linked from the References section.",
    "Solution": "Update the affected packages.",
    "See Also": [
        "[http://www.nessus.org/u?dde41582](http://www.nessus.org/u?dde41582)",
        "[https://access.redhat.com/errata/RHSA-2018:0878](https://access.redhat.com/errata/RHSA-2018:0878)",
        "[https://access.redhat.com/security/cve/cve-2017-15041](https://access.redhat.com/security/cve/cve-2017-15041)",
        "[https://access.redhat.com/security/cve/cve-2017-15042](https://access.redhat.com/security/cve/cve-2017-15042)",
        "[https://access.redhat.com/security/cve/cve-2018-6574](https://access.redhat.com/security/cve/cve-2018-6574)"
    ],
    "Plugin Details": {
        "Severity": "Critical",
        "ID": "108990",
        "File Name": "redhat-RHSA-2018-0878.nasl",
        "Version": "1.7",
        "Type": "local",
        "Agent": "unix",
        "Family": "[Red Hat Local Security Checks](https://www.tenable.com/plugins/nessus/families/Red%20Hat%20Local%20Security%20Checks)",
        "Published": "4/11/2018",
        "Updated": "10/24/2019",
        "Supported Sensors": "Agentless Assessment, Frictionless Assessment Agent, Frictionless Assessment AWS, Frictionless Assessment Azure, Nessus Agent"
    },
    "Risk Information": [
        {
            "Name": "[VPR](https://www.tenable.com/blog/what-is-vpr-and-how-is-it-different-from-cvss)",
            "Risk Factor": "Medium",
            "Score": "6.7"
        },
        {
            "Name": "[CVSS v2](https://nvd.nist.gov/vuln-metrics/cvss/v2-calculator?vector=AV:N/AC:L/Au:N/C:P/I:P/A:P)",
            "Risk Factor": "High",
            "Base Score": "7.5",
            "Vector": "CVSS2#AV:N/AC:L/Au:N/C:P/I:P/A:P"
        },
        {
            "Name": "[CVSS v3](https://nvd.nist.gov/vuln-metrics/cvss/v3-calculator?vector=AV:N/AC:L/PR:N/UI:N/S:U/C:H/I:H/A:H&version=3.0)",
            "Risk Factor": "Critical",
            "Base Score": "9.8",
            "Vector": "CVSS:3.0/AV:N/AC:L/PR:N/UI:N/S:U/C:H/I:H/A:H"
        }
    ],
    "Vulnerability Information": {
        "CPE": "p-cpe:/a:redhat:enterprise_linux:golang, p-cpe:/a:redhat:enterprise_linux:golang-bin, p-cpe:/a:redhat:enterprise_linux:golang-docs, p-cpe:/a:redhat:enterprise_linux:golang-misc, p-cpe:/a:redhat:enterprise_linux:golang-src, p-cpe:/a:redhat:enterprise_linux:golang-tests, cpe:/o:redhat:enterprise_linux:7, cpe:/o:redhat:enterprise_linux:7.6, cpe:/o:redhat:enterprise_linux:7.7",
        "Required KB Items": "Host/local_checks_enabled, Host/RedHat/release, Host/RedHat/rpm-list, Host/cpu",
        "Patch Publication Date": "4/10/2018",
        "Vulnerability Publication Date": "10/5/2017"
    },
    "Reference Information": {
        "CVE": "[CVE-2017-15041](/cve/CVE-2017-15041), [CVE-2017-15042](/cve/CVE-2017-15042), [CVE-2018-6574](/cve/CVE-2018-6574)",
        "RHSA": "[2018:0878](https://access.redhat.com/errata/RHSA-2018:0878)"
    }
}