{
    "Title": "RHEL 7 : qemu-kvm (RHSA-2018:0816)",
    "Synopsis": "The remote Red Hat host is missing one or more security updates.",
    "Description": "An update for qemu-kvm is now available for Red Hat Enterprise Linux 7.\nRed Hat Product Security has rated this update as having a security impact of Low. A Common Vulnerability Scoring System (CVSS) base score, which gives a detailed severity rating, is available for each vulnerability from the CVE link (s) in the References section.\nKernel-based Virtual Machine (KVM) is a full virtualization solution for Linux on a variety of architectures. The qemu-kvm packages provide the user-space component for running virtual machines that use KVM.\nSecurity Fix(es) :\n* Qemu: vga: OOB read access during display update (CVE-2017-13672)\n* Qemu: Slirp: use-after-free when sending response (CVE-2017-13711)\n* Qemu: memory exhaustion through framebuffer update request message in VNC server (CVE-2017-15124)\n* Qemu: I/O: potential memory exhaustion via websock connection to VNC (CVE-2017-15268)\n* Qemu: Out-of-bounds read in vga_draw_text routine (CVE-2018-5683)\nFor more details about the security issue(s), including the impact, a CVSS score, and other related information, refer to the CVE page(s) listed in the References section.\nRed Hat would like to thank David Buchanan for reporting CVE-2017-13672; Wjjzhang (Tencent.com) for reporting CVE-2017-13711;\nand Jiang Xin and Lin ZheCheng for reporting CVE-2018-5683. The CVE-2017-15124 issue was discovered by Daniel Berrange (Red Hat).\nAdditional Changes :\nFor detailed information on changes in this release, see the Red Hat Enterprise Linux 7.5 Release Notes linked from the References section.",
    "Solution": "Update the affected packages.",
    "See Also": [
        "[http://www.nessus.org/u?dde41582](http://www.nessus.org/u?dde41582)",
        "[https://access.redhat.com/errata/RHSA-2018:0816](https://access.redhat.com/errata/RHSA-2018:0816)",
        "[https://access.redhat.com/security/cve/cve-2017-13672](https://access.redhat.com/security/cve/cve-2017-13672)",
        "[https://access.redhat.com/security/cve/cve-2017-13711](https://access.redhat.com/security/cve/cve-2017-13711)",
        "[https://access.redhat.com/security/cve/cve-2017-15124](https://access.redhat.com/security/cve/cve-2017-15124)",
        "[https://access.redhat.com/security/cve/cve-2017-15268](https://access.redhat.com/security/cve/cve-2017-15268)",
        "[https://access.redhat.com/security/cve/cve-2018-5683](https://access.redhat.com/security/cve/cve-2018-5683)"
    ],
    "Plugin Details": {
        "Severity": "High",
        "ID": "108986",
        "File Name": "redhat-RHSA-2018-0816.nasl",
        "Version": "1.7",
        "Type": "local",
        "Agent": "unix",
        "Family": "[Red Hat Local Security Checks](https://www.tenable.com/plugins/nessus/families/Red%20Hat%20Local%20Security%20Checks)",
        "Published": "4/11/2018",
        "Updated": "10/24/2019",
        "Supported Sensors": "Frictionless Assessment Azure, Agentless Assessment, Frictionless Assessment Agent, Frictionless Assessment AWS, Nessus Agent"
    },
    "Risk Information": [
        {
            "Name": "[VPR](https://www.tenable.com/blog/what-is-vpr-and-how-is-it-different-from-cvss)",
            "Risk Factor": "Medium",
            "Score": "5.2"
        },
        {
            "Name": "[CVSS v2](https://nvd.nist.gov/vuln-metrics/cvss/v2-calculator?vector=AV:N/AC:L/Au:N/C:N/I:N/A:C)",
            "Risk Factor": "High",
            "Base Score": "7.8",
            "Vector": "CVSS2#AV:N/AC:L/Au:N/C:N/I:N/A:C"
        },
        {
            "Name": "[CVSS v3](https://nvd.nist.gov/vuln-metrics/cvss/v3-calculator?vector=AV:N/AC:L/PR:N/UI:N/S:U/C:N/I:N/A:H&version=3.0)",
            "Risk Factor": "High",
            "Base Score": "7.5",
            "Vector": "CVSS:3.0/AV:N/AC:L/PR:N/UI:N/S:U/C:N/I:N/A:H"
        }
    ],
    "Vulnerability Information": {
        "CPE": "p-cpe:/a:redhat:enterprise_linux:qemu-img, p-cpe:/a:redhat:enterprise_linux:qemu-kvm, p-cpe:/a:redhat:enterprise_linux:qemu-kvm-common, p-cpe:/a:redhat:enterprise_linux:qemu-kvm-debuginfo, p-cpe:/a:redhat:enterprise_linux:qemu-kvm-tools, cpe:/o:redhat:enterprise_linux:7, cpe:/o:redhat:enterprise_linux:7.6, cpe:/o:redhat:enterprise_linux:7.7",
        "Required KB Items": "Host/local_checks_enabled, Host/RedHat/rpm-list, Host/cpu, Host/RedHat/release",
        "Patch Publication Date": "4/10/2018",
        "Vulnerability Publication Date": "9/1/2017"
    },
    "Reference Information": {
        "CVE": "[CVE-2017-13672](/cve/CVE-2017-13672), [CVE-2017-13711](/cve/CVE-2017-13711), [CVE-2017-15124](/cve/CVE-2017-15124), [CVE-2017-15268](/cve/CVE-2017-15268), [CVE-2018-5683](/cve/CVE-2018-5683)",
        "RHSA": "[2018:0816](https://access.redhat.com/errata/RHSA-2018:0816)"
    }
}