{
    "Title": "RHEL 6 : flash-plugin (RHSA-2018:1119)",
    "Synopsis": "The remote Red Hat host is missing a security update.",
    "Description": "An update for flash-plugin is now available for Red Hat Enterprise Linux 6 Supplementary.\nRed Hat Product Security has rated this update as having a security impact of Critical. A Common Vulnerability Scoring System (CVSS) base score, which gives a detailed severity rating, is available for each vulnerability from the CVE link(s) in the References section.\nThe flash-plugin package contains a Mozilla Firefox compatible Adobe Flash Player web browser plug-in.\nThis update upgrades Flash Player to version 29.0.0.140.\nSecurity Fix(es) :\n* flash-plugin: Remote Code Execution vulnerabilities (APSB18-08) (CVE-2018-4932, CVE-2018-4935, CVE-2018-4937)\n* flash-plugin: Information Disclosure vulnerabilities (APSB18-08) (CVE-2018-4933, CVE-2018-4934, CVE-2018-4936)\nFor more details about the security issue(s), including the impact, a CVSS score, and other related information, refer to the CVE page(s) listed in the References section.",
    "Solution": "Update the affected flash-plugin package.",
    "See Also": [
        "[https://helpx.adobe.com/security/products/flash-player/apsb18-08.html](https://helpx.adobe.com/security/products/flash-player/apsb18-08.html)",
        "[https://access.redhat.com/errata/RHSA-2018:1119](https://access.redhat.com/errata/RHSA-2018:1119)",
        "[https://access.redhat.com/security/cve/cve-2018-4932](https://access.redhat.com/security/cve/cve-2018-4932)",
        "[https://access.redhat.com/security/cve/cve-2018-4933](https://access.redhat.com/security/cve/cve-2018-4933)",
        "[https://access.redhat.com/security/cve/cve-2018-4934](https://access.redhat.com/security/cve/cve-2018-4934)",
        "[https://access.redhat.com/security/cve/cve-2018-4935](https://access.redhat.com/security/cve/cve-2018-4935)",
        "[https://access.redhat.com/security/cve/cve-2018-4936](https://access.redhat.com/security/cve/cve-2018-4936)",
        "[https://access.redhat.com/security/cve/cve-2018-4937](https://access.redhat.com/security/cve/cve-2018-4937)"
    ],
    "Plugin Details": {
        "Severity": "Critical",
        "ID": "109009",
        "File Name": "redhat-RHSA-2018-1119.nasl",
        "Version": "1.13",
        "Type": "local",
        "Agent": "unix",
        "Family": "[Red Hat Local Security Checks](https://www.tenable.com/plugins/nessus/families/Red%20Hat%20Local%20Security%20Checks)",
        "Published": "4/12/2018",
        "Updated": "1/28/2022",
        "Supported Sensors": "Frictionless Assessment AWS, Frictionless Assessment Azure, Frictionless Assessment Agent, Nessus Agent, Agentless Assessment"
    },
    "Risk Information": [
        {
            "Name": "[VPR](https://www.tenable.com/blog/what-is-vpr-and-how-is-it-different-from-cvss)",
            "Risk Factor": "Critical",
            "Score": "9.0"
        },
        {
            "Name": "[CVSS v2](https://nvd.nist.gov/vuln-metrics/cvss/v2-calculator?vector=AV:N/AC:L/Au:N/C:C/I:C/A:C)",
            "Risk Factor": "Critical",
            "Base Score": "10",
            "Temporal Score": "8.7",
            "Vector": "CVSS2#AV:N/AC:L/Au:N/C:C/I:C/A:C"
        },
        {
            "Name": "[CVSS v3](https://nvd.nist.gov/vuln-metrics/cvss/v3-calculator?vector=AV:N/AC:L/PR:N/UI:N/S:U/C:H/I:H/A:H/E:H/RL:O/RC:C&version=3.0)",
            "Risk Factor": "Critical",
            "Base Score": "9.8",
            "Temporal Score": "9.4",
            "Vector": "CVSS:3.0/AV:N/AC:L/PR:N/UI:N/S:U/C:H/I:H/A:H",
            "Temporal Vector": "CVSS:3.0/E:H/RL:O/RC:C"
        }
    ],
    "Vulnerability Information": {
        "CPE": "p-cpe:/a:redhat:enterprise_linux:flash-plugin, cpe:/o:redhat:enterprise_linux:6",
        "Required KB Items": "Host/local_checks_enabled, Host/RedHat/release, Host/RedHat/rpm-list, Host/cpu",
        "Exploit Available": "true",
        "Exploit Ease": "Exploits are available",
        "Patch Publication Date": "4/11/2018",
        "Vulnerability Publication Date": "5/19/2018"
    },
    "Reference Information": {
        "CVE": "[CVE-2018-4932](/cve/CVE-2018-4932), [CVE-2018-4933](/cve/CVE-2018-4933), [CVE-2018-4934](/cve/CVE-2018-4934), [CVE-2018-4935](/cve/CVE-2018-4935), [CVE-2018-4936](/cve/CVE-2018-4936), [CVE-2018-4937](/cve/CVE-2018-4937)",
        "RHSA": "[2018:1119](https://access.redhat.com/errata/RHSA-2018:1119)"
    }
}