{
    "Title": "RHEL 7 : java-1.8.0-openjdk (RHSA-2018:1191)",
    "Synopsis": "The remote Red Hat host is missing one or more security updates.",
    "Description": "An update for java-1.8.0-openjdk is now available for Red Hat Enterprise Linux 7.\nRed Hat Product Security has rated this update as having a security impact of Critical. A Common Vulnerability Scoring System (CVSS) base score, which gives a detailed severity rating, is available for each vulnerability from the CVE link(s) in the References section.\nThe java-1.8.0-openjdk packages provide the OpenJDK 8 Java Runtime Environment and the OpenJDK 8 Java Software Development Kit.\nSecurity Fix(es) :\n* OpenJDK: incorrect handling of Reference clones can lead to sandbox bypass (Hotspot, 8192025) (CVE-2018-2814)\n* OpenJDK: unrestricted deserialization of data from JCEKS key stores (Security, 8189997) (CVE-2018-2794)\n* OpenJDK: insufficient consistency checks in deserialization of multiple classes (Security, 8189977) (CVE-2018-2795)\n* OpenJDK: unbounded memory allocation during deserialization in PriorityBlockingQueue (Concurrency, 8189981) (CVE-2018-2796)\n* OpenJDK: unbounded memory allocation during deserialization in TabularDataSupport (JMX, 8189985) (CVE-2018-2797)\n* OpenJDK: unbounded memory allocation during deserialization in Container (AWT, 8189989) (CVE-2018-2798)\n* OpenJDK: unbounded memory allocation during deserialization in NamedNodeMapImpl (JAXP, 8189993) (CVE-2018-2799)\n* OpenJDK: RMI HTTP transport enabled by default (RMI, 8193833) (CVE-2018-2800)\n* OpenJDK: unbounded memory allocation during deserialization in StubIORImpl (Serialization, 8192757) (CVE-2018-2815)\n* OpenJDK: incorrect merging of sections in the JAR manifest (Security, 8189969) (CVE-2018-2790)\nFor more details about the security issue(s), including the impact, a CVSS score, and other related information, refer to the CVE page(s) listed in the References section.\nNote: If the web browser plug-in provided by the icedtea-web package was installed, the issues exposed via Java applets could have been exploited without user interaction if a user visited a malicious website.",
    "Solution": "Update the affected packages.",
    "See Also": [
        "[https://access.redhat.com/errata/RHSA-2018:1191](https://access.redhat.com/errata/RHSA-2018:1191)",
        "[https://access.redhat.com/security/cve/cve-2018-2790](https://access.redhat.com/security/cve/cve-2018-2790)",
        "[https://access.redhat.com/security/cve/cve-2018-2794](https://access.redhat.com/security/cve/cve-2018-2794)",
        "[https://access.redhat.com/security/cve/cve-2018-2795](https://access.redhat.com/security/cve/cve-2018-2795)",
        "[https://access.redhat.com/security/cve/cve-2018-2796](https://access.redhat.com/security/cve/cve-2018-2796)",
        "[https://access.redhat.com/security/cve/cve-2018-2797](https://access.redhat.com/security/cve/cve-2018-2797)",
        "[https://access.redhat.com/security/cve/cve-2018-2798](https://access.redhat.com/security/cve/cve-2018-2798)",
        "[https://access.redhat.com/security/cve/cve-2018-2799](https://access.redhat.com/security/cve/cve-2018-2799)",
        "[https://access.redhat.com/security/cve/cve-2018-2800](https://access.redhat.com/security/cve/cve-2018-2800)",
        "[https://access.redhat.com/security/cve/cve-2018-2814](https://access.redhat.com/security/cve/cve-2018-2814)",
        "[https://access.redhat.com/security/cve/cve-2018-2815](https://access.redhat.com/security/cve/cve-2018-2815)"
    ],
    "Plugin Details": {
        "Severity": "High",
        "ID": "109195",
        "File Name": "redhat-RHSA-2018-1191.nasl",
        "Version": "1.12",
        "Type": "local",
        "Agent": "unix",
        "Family": "[Red Hat Local Security Checks](https://www.tenable.com/plugins/nessus/families/Red%20Hat%20Local%20Security%20Checks)",
        "Published": "4/20/2018",
        "Updated": "10/24/2019",
        "Supported Sensors": "Agentless Assessment, Frictionless Assessment Agent, Frictionless Assessment AWS, Frictionless Assessment Azure, Nessus Agent"
    },
    "Risk Information": [
        {
            "Name": "[VPR](https://www.tenable.com/blog/what-is-vpr-and-how-is-it-different-from-cvss)",
            "Risk Factor": "High",
            "Score": "7.3"
        },
        {
            "Name": "[CVSS v2](https://nvd.nist.gov/vuln-metrics/cvss/v2-calculator?vector=AV:N/AC:H/Au:N/C:P/I:P/A:P)",
            "Risk Factor": "Medium",
            "Base Score": "5.1",
            "Vector": "CVSS2#AV:N/AC:H/Au:N/C:P/I:P/A:P"
        },
        {
            "Name": "[CVSS v3](https://nvd.nist.gov/vuln-metrics/cvss/v3-calculator?vector=AV:N/AC:H/PR:N/UI:R/S:C/C:H/I:H/A:H&version=3.0)",
            "Risk Factor": "High",
            "Base Score": "8.3",
            "Vector": "CVSS:3.0/AV:N/AC:H/PR:N/UI:R/S:C/C:H/I:H/A:H"
        }
    ],
    "Vulnerability Information": {
        "CPE": "p-cpe:/a:redhat:enterprise_linux:java-1.8.0-openjdk-javadoc-zip-debug, p-cpe:/a:redhat:enterprise_linux:java-1.8.0-openjdk-src, p-cpe:/a:redhat:enterprise_linux:java-1.8.0-openjdk-src-debug, cpe:/o:redhat:enterprise_linux:7, cpe:/o:redhat:enterprise_linux:7.5, cpe:/o:redhat:enterprise_linux:7.6, cpe:/o:redhat:enterprise_linux:7.7, p-cpe:/a:redhat:enterprise_linux:java-1.8.0-openjdk, p-cpe:/a:redhat:enterprise_linux:java-1.8.0-openjdk-accessibility, p-cpe:/a:redhat:enterprise_linux:java-1.8.0-openjdk-accessibility-debug, p-cpe:/a:redhat:enterprise_linux:java-1.8.0-openjdk-debug, p-cpe:/a:redhat:enterprise_linux:java-1.8.0-openjdk-debuginfo, p-cpe:/a:redhat:enterprise_linux:java-1.8.0-openjdk-demo, p-cpe:/a:redhat:enterprise_linux:java-1.8.0-openjdk-demo-debug, p-cpe:/a:redhat:enterprise_linux:java-1.8.0-openjdk-devel, p-cpe:/a:redhat:enterprise_linux:java-1.8.0-openjdk-devel-debug, p-cpe:/a:redhat:enterprise_linux:java-1.8.0-openjdk-headless, p-cpe:/a:redhat:enterprise_linux:java-1.8.0-openjdk-headless-debug, p-cpe:/a:redhat:enterprise_linux:java-1.8.0-openjdk-javadoc, p-cpe:/a:redhat:enterprise_linux:java-1.8.0-openjdk-javadoc-debug, p-cpe:/a:redhat:enterprise_linux:java-1.8.0-openjdk-javadoc-zip",
        "Required KB Items": "Host/local_checks_enabled, Host/RedHat/release, Host/RedHat/rpm-list, Host/cpu",
        "Patch Publication Date": "4/19/2018",
        "Vulnerability Publication Date": "4/19/2018"
    },
    "Reference Information": {
        "CVE": "[CVE-2018-2790](/cve/CVE-2018-2790), [CVE-2018-2794](/cve/CVE-2018-2794), [CVE-2018-2795](/cve/CVE-2018-2795), [CVE-2018-2796](/cve/CVE-2018-2796), [CVE-2018-2797](/cve/CVE-2018-2797), [CVE-2018-2798](/cve/CVE-2018-2798), [CVE-2018-2799](/cve/CVE-2018-2799), [CVE-2018-2800](/cve/CVE-2018-2800), [CVE-2018-2814](/cve/CVE-2018-2814), [CVE-2018-2815](/cve/CVE-2018-2815)",
        "RHSA": "[2018:1191](https://access.redhat.com/errata/RHSA-2018:1191)"
    }
}