{
    "Title": "SUSE SLED12 / SLES12 Security Update : wireshark (SUSE-SU-2018...",
    "Synopsis": "The remote SUSE host is missing one or more security updates.",
    "Description": "This update for wireshark fixes the following issues :\n  - Update to wireshark 2.2.14, fix such issues :\n  - bsc#1088200 VUL-0: wireshark: multiple vulnerabilities     fixed in 2.2.14, 2.4.6\n  - CVE-2018-9256: LWAPP dissector crash\n  - CVE-2018-9260: IEEE 802.15.4 dissector crash\n  - CVE-2018-9261: NBAP dissector crash\n  - CVE-2018-9262: VLAN dissector crash\n  - CVE-2018-9263: Kerberos dissector crash\n  - CVE-2018-9264: ADB dissector crash\n  - CVE-2018-9265: tn3270 dissector has a memory leak\n  - CVE-2018-9266: ISUP dissector memory leak\n  - CVE-2018-9267: LAPD dissector memory leak\n  - CVE-2018-9268: SMB2 dissector memory leak\n  - CVE-2018-9269: GIOP dissector memory leak\n  - CVE-2018-9270: OIDS dissector memory leak\n  - CVE-2018-9271: multipart dissector memory leak\n  - CVE-2018-9272: h223 dissector memory leak\n  - CVE-2018-9273: pcp dissector memory leak\n  - CVE-2018-9274: failure message memory leak\n  - CVE-2018-9259: MP4 dissector crash\nNote that Tenable Network Security has extracted the preceding description block directly from the SUSE security advisory. Tenable has attempted to automatically clean and format it as much as possible without introducing additional issues.",
    "Solution": "To install this SUSE Security Update use the SUSE recommended installation methods like YaST online_update or 'zypper patch'.\nAlternatively you can run the command listed for your product :\nSUSE Linux Enterprise Software Development Kit 12-SP3:zypper in -t patch SUSE-SLE-SDK-12-SP3-2018-658=1\nSUSE Linux Enterprise Server 12-SP3:zypper in -t patch SUSE-SLE-SERVER-12-SP3-2018-658=1\nSUSE Linux Enterprise Desktop 12-SP3:zypper in -t patch SUSE-SLE-DESKTOP-12-SP3-2018-658=1",
    "See Also": [
        "[https://bugzilla.suse.com/show_bug.cgi?id=1088200](https://bugzilla.suse.com/show_bug.cgi?id=1088200)",
        "[https://www.suse.com/security/cve/CVE-2018-9256/](https://www.suse.com/security/cve/CVE-2018-9256/)",
        "[https://www.suse.com/security/cve/CVE-2018-9259/](https://www.suse.com/security/cve/CVE-2018-9259/)",
        "[https://www.suse.com/security/cve/CVE-2018-9260/](https://www.suse.com/security/cve/CVE-2018-9260/)",
        "[https://www.suse.com/security/cve/CVE-2018-9261/](https://www.suse.com/security/cve/CVE-2018-9261/)",
        "[https://www.suse.com/security/cve/CVE-2018-9262/](https://www.suse.com/security/cve/CVE-2018-9262/)",
        "[https://www.suse.com/security/cve/CVE-2018-9263/](https://www.suse.com/security/cve/CVE-2018-9263/)",
        "[https://www.suse.com/security/cve/CVE-2018-9264/](https://www.suse.com/security/cve/CVE-2018-9264/)",
        "[https://www.suse.com/security/cve/CVE-2018-9265/](https://www.suse.com/security/cve/CVE-2018-9265/)",
        "[https://www.suse.com/security/cve/CVE-2018-9266/](https://www.suse.com/security/cve/CVE-2018-9266/)",
        "[https://www.suse.com/security/cve/CVE-2018-9267/](https://www.suse.com/security/cve/CVE-2018-9267/)",
        "[https://www.suse.com/security/cve/CVE-2018-9268/](https://www.suse.com/security/cve/CVE-2018-9268/)",
        "[https://www.suse.com/security/cve/CVE-2018-9269/](https://www.suse.com/security/cve/CVE-2018-9269/)",
        "[https://www.suse.com/security/cve/CVE-2018-9270/](https://www.suse.com/security/cve/CVE-2018-9270/)",
        "[https://www.suse.com/security/cve/CVE-2018-9271/](https://www.suse.com/security/cve/CVE-2018-9271/)",
        "[https://www.suse.com/security/cve/CVE-2018-9272/](https://www.suse.com/security/cve/CVE-2018-9272/)",
        "[https://www.suse.com/security/cve/CVE-2018-9273/](https://www.suse.com/security/cve/CVE-2018-9273/)",
        "[https://www.suse.com/security/cve/CVE-2018-9274/](https://www.suse.com/security/cve/CVE-2018-9274/)",
        "[http://www.nessus.org/u?45fc2dd2](http://www.nessus.org/u?45fc2dd2)"
    ],
    "Plugin Details": {
        "Severity": "High",
        "ID": "109198",
        "File Name": "suse_SU-2018-0981-1.nasl",
        "Version": "1.4",
        "Type": "local",
        "Agent": "unix",
        "Family": "[SuSE Local Security Checks](https://www.tenable.com/plugins/nessus/families/SuSE%20Local%20Security%20Checks)",
        "Published": "4/20/2018",
        "Updated": "9/10/2019",
        "Supported Sensors": "Agentless Assessment, Frictionless Assessment Agent, Frictionless Assessment AWS, Frictionless Assessment Azure, Nessus Agent"
    },
    "Risk Information": [
        {
            "Name": "[VPR](https://www.tenable.com/blog/what-is-vpr-and-how-is-it-different-from-cvss)",
            "Risk Factor": "Medium",
            "Score": "4.4"
        },
        {
            "Name": "[CVSS v2](https://nvd.nist.gov/vuln-metrics/cvss/v2-calculator?vector=AV:N/AC:L/Au:N/C:N/I:N/A:P)",
            "Risk Factor": "Medium",
            "Base Score": "5",
            "Vector": "CVSS2#AV:N/AC:L/Au:N/C:N/I:N/A:P"
        },
        {
            "Name": "[CVSS v3](https://nvd.nist.gov/vuln-metrics/cvss/v3-calculator?vector=AV:N/AC:L/PR:N/UI:N/S:U/C:N/I:N/A:H&version=3.0)",
            "Risk Factor": "High",
            "Base Score": "7.5",
            "Vector": "CVSS:3.0/AV:N/AC:L/PR:N/UI:N/S:U/C:N/I:N/A:H"
        }
    ],
    "Vulnerability Information": {
        "CPE": "p-cpe:/a:novell:suse_linux:libwireshark8, p-cpe:/a:novell:suse_linux:libwireshark8-debuginfo, p-cpe:/a:novell:suse_linux:libwiretap6, p-cpe:/a:novell:suse_linux:libwiretap6-debuginfo, p-cpe:/a:novell:suse_linux:libwscodecs1, p-cpe:/a:novell:suse_linux:libwscodecs1-debuginfo, p-cpe:/a:novell:suse_linux:libwsutil7, p-cpe:/a:novell:suse_linux:libwsutil7-debuginfo, p-cpe:/a:novell:suse_linux:wireshark, p-cpe:/a:novell:suse_linux:wireshark-debuginfo, p-cpe:/a:novell:suse_linux:wireshark-debugsource, p-cpe:/a:novell:suse_linux:wireshark-gtk, p-cpe:/a:novell:suse_linux:wireshark-gtk-debuginfo, cpe:/o:novell:suse_linux:12",
        "Required KB Items": "Host/local_checks_enabled, Host/cpu, Host/SuSE/release, Host/SuSE/rpm-list",
        "Patch Publication Date": "4/19/2018",
        "Vulnerability Publication Date": "4/4/2018"
    },
    "Reference Information": {
        "CVE": "[CVE-2018-9256](/cve/CVE-2018-9256), [CVE-2018-9259](/cve/CVE-2018-9259), [CVE-2018-9260](/cve/CVE-2018-9260), [CVE-2018-9261](/cve/CVE-2018-9261), [CVE-2018-9262](/cve/CVE-2018-9262), [CVE-2018-9263](/cve/CVE-2018-9263), [CVE-2018-9264](/cve/CVE-2018-9264), [CVE-2018-9265](/cve/CVE-2018-9265), [CVE-2018-9266](/cve/CVE-2018-9266), [CVE-2018-9267](/cve/CVE-2018-9267), [CVE-2018-9268](/cve/CVE-2018-9268), [CVE-2018-9269](/cve/CVE-2018-9269), [CVE-2018-9270](/cve/CVE-2018-9270), [CVE-2018-9271](/cve/CVE-2018-9271), [CVE-2018-9272](/cve/CVE-2018-9272), [CVE-2018-9273](/cve/CVE-2018-9273), [CVE-2018-9274](/cve/CVE-2018-9274)"
    }
}