{
    "Title": "Oracle WebLogic Server Multiple Vulnerabilities (April 2018 CPU)",
    "Synopsis": "An application server installed on the remote host is affected by multiple vulnerabilities.",
    "Description": "The version of Oracle WebLogic Server installed on the remote host is affected by multiple vulnerabilities",
    "Solution": "Apply the appropriate patch according to the April 2018 Oracle Critical Patch Update advisory.\nNote that the patch for CVE-2018-2628 is reportedly incomplete.\nRefer to Oracle for any additional patch instructions or mitigation options.",
    "See Also": [
        "[http://www.nessus.org/u?4e39ef65](http://www.nessus.org/u?4e39ef65)",
        "[http://www.nessus.org/u?9cf2dde7](http://www.nessus.org/u?9cf2dde7)"
    ],
    "Plugin Details": {
        "Severity": "Critical",
        "ID": "109201",
        "File Name": "oracle_weblogic_server_cpu_apr_2018.nasl",
        "Version": "1.21",
        "Type": "local",
        "Agent": "windows, macosx, unix",
        "Family": "[Misc.](https://www.tenable.com/plugins/nessus/families/Misc.)",
        "Published": "4/20/2018",
        "Updated": "9/8/2022",
        "Configuration": "Enable thorough checks",
        "Supported Sensors": "Nessus Agent"
    },
    "Risk Information": [
        {
            "Name": "[VPR](https://www.tenable.com/blog/what-is-vpr-and-how-is-it-different-from-cvss)",
            "Risk Factor": "High",
            "Score": "8.9"
        },
        {
            "Name": "[CVSS v2](https://nvd.nist.gov/vuln-metrics/cvss/v2-calculator?vector=AV:N/AC:L/Au:N/C:P/I:P/A:P)",
            "Risk Factor": "High",
            "Base Score": "7.5",
            "Temporal Score": "6.5",
            "Vector": "CVSS2#AV:N/AC:L/Au:N/C:P/I:P/A:P",
            "CVSS Score Source": "[CVE-2018-2628](https://www.tenable.com/cve/CVE-2018-2628)"
        },
        {
            "Name": "[CVSS v3](https://nvd.nist.gov/vuln-metrics/cvss/v3-calculator?vector=AV:N/AC:L/PR:N/UI:N/S:U/C:H/I:H/A:H/E:H/RL:O/RC:X&version=3.0)",
            "Risk Factor": "Critical",
            "Base Score": "9.8",
            "Temporal Score": "9.4",
            "Vector": "CVSS:3.0/AV:N/AC:L/PR:N/UI:N/S:U/C:H/I:H/A:H",
            "Temporal Vector": "CVSS:3.0/E:H/RL:O/RC:X"
        }
    ],
    "Vulnerability Information": {
        "CPE": "cpe:/a:oracle:fusion_middleware, cpe:/a:oracle:weblogic_server",
        "Required KB Items": "installed_sw/Oracle WebLogic Server",
        "Exploit Available": "true",
        "Exploit Ease": "Exploits are available",
        "Patch Publication Date": "4/17/2018",
        "Vulnerability Publication Date": "4/17/2018",
        "CISA Known Exploited Vulnerability Due Dates": "9/29/2022"
    },
    "Exploitable With": "Metasploit  (Oracle Weblogic Server Deserialization RCE)",
    "Reference Information": {
        "CVE": "[CVE-2013-1768](/cve/CVE-2013-1768), [CVE-2017-5645](/cve/CVE-2017-5645), [CVE-2018-2628](/cve/CVE-2018-2628)",
        "BID": "[60534](http://www.securityfocus.com/bid/60534), [97702](http://www.securityfocus.com/bid/97702)"
    }
}