{
    "Title": "SUSE SLES11 Security Update : ImageMagick (SUSE-SU-2018:1129-1)",
    "Synopsis": "The remote SUSE host is missing one or more security updates.",
    "Description": "This update for ImageMagick fixes the following issues :\n  - security update (png.c)\n  - CVE-2018-9018: divide-by-zero in the ReadMNGImage     function of coders/png.c. Attackers could leverage this     vulnerability to cause a crash and denial of service via     a crafted mng file. [bsc#1086773]\n  - CVE-2018-10177: there is an infinite loop in the     ReadOneMNGImagefunction of the coders/png.c file. Remote     attackers could leverage thisvulnerability to cause a     denial of service (bsc#1089781)\n  - security update (wand)\n  - CVE-2017-18252: The MogrifyImageList function in     MagickWand/mogrify.c could allow attackers to cause a     denial of service via a crafted file. [bsc#1087033]\n  - security update (gif.c)\n  - CVE-2017-18254: A memory leak vulnerability was found in     the function WriteGIFImage in coders/gif.c, which could     lead to denial of service via a crafted file.\n    [bsc#1087027]\n  - security update (core)\n  - CVE-2017-10928: a heap-based buffer over-read in the     GetNextToken function in token.c could allow attackers     to obtain sensitive information from process memory or     possibly have unspecified other impact via a crafted SVG     document that is mishandled in the     GetUserSpaceCoordinateValue function in coders/svg.c.\n    [bsc#1047356]\n  - security update (pcd.c)\n  - CVE-2017-18251: A memory leak vulnerability was found in     the function ReadPCDImage in coders/pcd.c, which could     lead to a denial of service via a crafted file.\n    [bsc#1087037]\n  - security update (gif.c)\n  - CVE-2017-18254: A memory leak vulnerability was found in     the function WriteGIFImage in coders/gif.c, which could     lead to denial of service via a crafted file.\n    [bsc#1087027]\n  - security update (tiff.c)\n  - CVE-2018-8960: The ReadTIFFImage function in     coders/tiff.c in ImageMagick memory allocation issue     could lead to denial of service (bsc#1086782)\nNote that Tenable Network Security has extracted the preceding description block directly from the SUSE security advisory. Tenable has attempted to automatically clean and format it as much as possible without introducing additional issues.",
    "Solution": "To install this SUSE Security Update use the SUSE recommended installation methods like YaST online_update or 'zypper patch'.\nAlternatively you can run the command listed for your product :\nSUSE Linux Enterprise Software Development Kit 11-SP4:zypper in -t patch sdksp4-ImageMagick-13586=1\nSUSE Linux Enterprise Server 11-SP4:zypper in -t patch slessp4-ImageMagick-13586=1\nSUSE Linux Enterprise Debuginfo 11-SP4:zypper in -t patch dbgsp4-ImageMagick-13586=1",
    "See Also": [
        "[https://bugzilla.suse.com/show_bug.cgi?id=1047356](https://bugzilla.suse.com/show_bug.cgi?id=1047356)",
        "[https://bugzilla.suse.com/show_bug.cgi?id=1086773](https://bugzilla.suse.com/show_bug.cgi?id=1086773)",
        "[https://bugzilla.suse.com/show_bug.cgi?id=1086782](https://bugzilla.suse.com/show_bug.cgi?id=1086782)",
        "[https://bugzilla.suse.com/show_bug.cgi?id=1087027](https://bugzilla.suse.com/show_bug.cgi?id=1087027)",
        "[https://bugzilla.suse.com/show_bug.cgi?id=1087033](https://bugzilla.suse.com/show_bug.cgi?id=1087033)",
        "[https://bugzilla.suse.com/show_bug.cgi?id=1087037](https://bugzilla.suse.com/show_bug.cgi?id=1087037)",
        "[https://bugzilla.suse.com/show_bug.cgi?id=1089781](https://bugzilla.suse.com/show_bug.cgi?id=1089781)",
        "[https://www.suse.com/security/cve/CVE-2017-1000476/](https://www.suse.com/security/cve/CVE-2017-1000476/)",
        "[https://www.suse.com/security/cve/CVE-2017-10928/](https://www.suse.com/security/cve/CVE-2017-10928/)",
        "[https://www.suse.com/security/cve/CVE-2017-18251/](https://www.suse.com/security/cve/CVE-2017-18251/)",
        "[https://www.suse.com/security/cve/CVE-2017-18252/](https://www.suse.com/security/cve/CVE-2017-18252/)",
        "[https://www.suse.com/security/cve/CVE-2017-18254/](https://www.suse.com/security/cve/CVE-2017-18254/)",
        "[https://www.suse.com/security/cve/CVE-2018-10177/](https://www.suse.com/security/cve/CVE-2018-10177/)",
        "[https://www.suse.com/security/cve/CVE-2018-8960/](https://www.suse.com/security/cve/CVE-2018-8960/)",
        "[https://www.suse.com/security/cve/CVE-2018-9018/](https://www.suse.com/security/cve/CVE-2018-9018/)",
        "[http://www.nessus.org/u?8a4a03f9](http://www.nessus.org/u?8a4a03f9)"
    ],
    "Plugin Details": {
        "Severity": "High",
        "ID": "109550",
        "File Name": "suse_SU-2018-1129-1.nasl",
        "Version": "1.6",
        "Type": "local",
        "Agent": "unix",
        "Family": "[SuSE Local Security Checks](https://www.tenable.com/plugins/nessus/families/SuSE%20Local%20Security%20Checks)",
        "Published": "5/3/2018",
        "Updated": "1/19/2021",
        "Supported Sensors": "Agentless Assessment, Frictionless Assessment Agent, Frictionless Assessment AWS, Frictionless Assessment Azure, Nessus Agent"
    },
    "Risk Information": [
        {
            "Name": "[VPR](https://www.tenable.com/blog/what-is-vpr-and-how-is-it-different-from-cvss)",
            "Risk Factor": "Medium",
            "Score": "6.7"
        },
        {
            "Name": "[CVSS v2](https://nvd.nist.gov/vuln-metrics/cvss/v2-calculator?vector=AV:N/AC:M/Au:N/C:N/I:N/A:C)",
            "Risk Factor": "High",
            "Base Score": "7.1",
            "Temporal Score": "5.3",
            "Vector": "CVSS2#AV:N/AC:M/Au:N/C:N/I:N/A:C"
        },
        {
            "Name": "[CVSS v3](https://nvd.nist.gov/vuln-metrics/cvss/v3-calculator?vector=AV:N/AC:L/PR:N/UI:R/S:U/C:H/I:H/A:H/E:U/RL:O/RC:C&version=3.0)",
            "Risk Factor": "High",
            "Base Score": "8.8",
            "Temporal Score": "7.7",
            "Vector": "CVSS:3.0/AV:N/AC:L/PR:N/UI:R/S:U/C:H/I:H/A:H",
            "Temporal Vector": "CVSS:3.0/E:U/RL:O/RC:C"
        }
    ],
    "Vulnerability Information": {
        "CPE": "p-cpe:/a:novell:suse_linux:libmagickcore1, cpe:/o:novell:suse_linux:11",
        "Required KB Items": "Host/local_checks_enabled, Host/cpu, Host/SuSE/release, Host/SuSE/rpm-list",
        "Exploit Ease": "No known exploits are available",
        "Patch Publication Date": "5/2/2018",
        "Vulnerability Publication Date": "7/5/2017"
    },
    "Reference Information": {
        "CVE": "[CVE-2017-1000476](/cve/CVE-2017-1000476), [CVE-2017-10928](/cve/CVE-2017-10928), [CVE-2017-18251](/cve/CVE-2017-18251), [CVE-2017-18252](/cve/CVE-2017-18252), [CVE-2017-18254](/cve/CVE-2017-18254), [CVE-2018-10177](/cve/CVE-2018-10177), [CVE-2018-8960](/cve/CVE-2018-8960), [CVE-2018-9018](/cve/CVE-2018-9018)"
    }
}