{
    "Title": "SUSE SLES11 Security Update : ghostscript-library (SUSE-SU-201...",
    "Synopsis": "The remote SUSE host is missing one or more security updates.",
    "Description": "This update for ghostscript-library fixes several issues. These security issues were fixed :\n  - CVE-2017-7207: The mem_get_bits_rectangle function     allowed remote attackers to cause a denial of service     (NULL pointer dereference) via a crafted PostScript     document (bsc#1030263).\n  - CVE-2016-9601: Prevent heap-buffer overflow by checking     for an integer overflow in jbig2_image_new function     (bsc#1018128).\n  - CVE-2017-9612: The Ins_IP function in base/ttinterp.c     allowed remote attackers to cause a denial of service     (use-after-free and application crash) or possibly have     unspecified other impact via a crafted document     (bsc#1050891)\n  - CVE-2017-9726: The Ins_MDRP function in base/ttinterp.c     allowed remote attackers to cause a denial of service     (heap-based buffer over-read and application crash) or     possibly have unspecified other impact via a crafted     document (bsc#1050889)\n  - CVE-2017-9727: The gx_ttfReader__Read function in     base/gxttfb.c allowed remote attackers to cause a denial     of service (heap-based buffer over-read and application     crash) or possibly have unspecified other impact via a     crafted document (bsc#1050888)\n  - CVE-2017-9739: The Ins_JMPR function in base/ttinterp.c     allowed remote attackers to cause a denial of service     (heap-based buffer over-read and application crash) or     possibly have unspecified other impact via a crafted     document (bsc#1050887)\n  - CVE-2017-11714: psi/ztoken.c mishandled references to     the scanner state structure, which allowed remote     attackers to cause a denial of service (application     crash) or possibly have unspecified other impact via a     crafted PostScript document, related to an out-of-bounds     read in the igc_reloc_struct_ptr function in psi/igc.c     (bsc#1051184)\n  - CVE-2017-9835: The gs_alloc_ref_array function allowed     remote attackers to cause a denial of service     (heap-based buffer overflow and application crash) or     possibly have unspecified other impact via a crafted     PostScript document (bsc#1050879)\n  - CVE-2016-10219: The intersect function in base/gxfill.c     allowed remote attackers to cause a denial of service     (divide-by-zero error and application crash) via a     crafted file (bsc#1032138)\n  - CVE-2017-9216: Prevent NULL pointer dereference in the     jbig2_huffman_get function in jbig2_huffman.c which     allowed for DoS (bsc#1040643)\nNote that Tenable Network Security has extracted the preceding description block directly from the SUSE security advisory. Tenable has attempted to automatically clean and format it as much as possible without introducing additional issues.",
    "Solution": "To install this SUSE Security Update use the SUSE recommended installation methods like YaST online_update or 'zypper patch'.\nAlternatively you can run the command listed for your product :\nSUSE Linux Enterprise Software Development Kit 11-SP4:zypper in -t patch sdksp4-ghostscript-library-13588=1\nSUSE Linux Enterprise Server 11-SP4:zypper in -t patch slessp4-ghostscript-library-13588=1\nSUSE Linux Enterprise Debuginfo 11-SP4:zypper in -t patch dbgsp4-ghostscript-library-13588=1",
    "See Also": [
        "[https://bugzilla.suse.com/show_bug.cgi?id=1018128](https://bugzilla.suse.com/show_bug.cgi?id=1018128)",
        "[https://bugzilla.suse.com/show_bug.cgi?id=1030263](https://bugzilla.suse.com/show_bug.cgi?id=1030263)",
        "[https://bugzilla.suse.com/show_bug.cgi?id=1032138](https://bugzilla.suse.com/show_bug.cgi?id=1032138)",
        "[https://bugzilla.suse.com/show_bug.cgi?id=1032230](https://bugzilla.suse.com/show_bug.cgi?id=1032230)",
        "[https://bugzilla.suse.com/show_bug.cgi?id=1040643](https://bugzilla.suse.com/show_bug.cgi?id=1040643)",
        "[https://bugzilla.suse.com/show_bug.cgi?id=1050879](https://bugzilla.suse.com/show_bug.cgi?id=1050879)",
        "[https://bugzilla.suse.com/show_bug.cgi?id=1050887](https://bugzilla.suse.com/show_bug.cgi?id=1050887)",
        "[https://bugzilla.suse.com/show_bug.cgi?id=1050888](https://bugzilla.suse.com/show_bug.cgi?id=1050888)",
        "[https://bugzilla.suse.com/show_bug.cgi?id=1050889](https://bugzilla.suse.com/show_bug.cgi?id=1050889)",
        "[https://bugzilla.suse.com/show_bug.cgi?id=1050891](https://bugzilla.suse.com/show_bug.cgi?id=1050891)",
        "[https://bugzilla.suse.com/show_bug.cgi?id=1051184](https://bugzilla.suse.com/show_bug.cgi?id=1051184)",
        "[https://www.suse.com/security/cve/CVE-2016-10219/](https://www.suse.com/security/cve/CVE-2016-10219/)",
        "[https://www.suse.com/security/cve/CVE-2016-9601/](https://www.suse.com/security/cve/CVE-2016-9601/)",
        "[https://www.suse.com/security/cve/CVE-2017-11714/](https://www.suse.com/security/cve/CVE-2017-11714/)",
        "[https://www.suse.com/security/cve/CVE-2017-7207/](https://www.suse.com/security/cve/CVE-2017-7207/)",
        "[https://www.suse.com/security/cve/CVE-2017-9216/](https://www.suse.com/security/cve/CVE-2017-9216/)",
        "[https://www.suse.com/security/cve/CVE-2017-9612/](https://www.suse.com/security/cve/CVE-2017-9612/)",
        "[https://www.suse.com/security/cve/CVE-2017-9726/](https://www.suse.com/security/cve/CVE-2017-9726/)",
        "[https://www.suse.com/security/cve/CVE-2017-9727/](https://www.suse.com/security/cve/CVE-2017-9727/)",
        "[https://www.suse.com/security/cve/CVE-2017-9739/](https://www.suse.com/security/cve/CVE-2017-9739/)",
        "[https://www.suse.com/security/cve/CVE-2017-9835/](https://www.suse.com/security/cve/CVE-2017-9835/)",
        "[http://www.nessus.org/u?15ef2aca](http://www.nessus.org/u?15ef2aca)"
    ],
    "Plugin Details": {
        "Severity": "High",
        "ID": "109572",
        "File Name": "suse_SU-2018-1140-1.nasl",
        "Version": "1.7",
        "Type": "local",
        "Agent": "unix",
        "Family": "[SuSE Local Security Checks](https://www.tenable.com/plugins/nessus/families/SuSE%20Local%20Security%20Checks)",
        "Published": "5/4/2018",
        "Updated": "1/19/2021",
        "Supported Sensors": "Agentless Assessment, Frictionless Assessment Agent, Frictionless Assessment AWS, Frictionless Assessment Azure, Nessus Agent"
    },
    "Risk Information": [
        {
            "Name": "[VPR](https://www.tenable.com/blog/what-is-vpr-and-how-is-it-different-from-cvss)",
            "Risk Factor": "Medium",
            "Score": "6.7"
        },
        {
            "Name": "[CVSS v2](https://nvd.nist.gov/vuln-metrics/cvss/v2-calculator?vector=AV:N/AC:M/Au:N/C:P/I:P/A:P)",
            "Risk Factor": "Medium",
            "Base Score": "6.8",
            "Temporal Score": "5",
            "Vector": "CVSS2#AV:N/AC:M/Au:N/C:P/I:P/A:P"
        },
        {
            "Name": "[CVSS v3](https://nvd.nist.gov/vuln-metrics/cvss/v3-calculator?vector=AV:L/AC:L/PR:N/UI:R/S:U/C:H/I:H/A:H/E:U/RL:O/RC:C&version=3.0)",
            "Risk Factor": "High",
            "Base Score": "7.8",
            "Temporal Score": "6.8",
            "Vector": "CVSS:3.0/AV:L/AC:L/PR:N/UI:R/S:U/C:H/I:H/A:H",
            "Temporal Vector": "CVSS:3.0/E:U/RL:O/RC:C"
        }
    ],
    "Vulnerability Information": {
        "CPE": "p-cpe:/a:novell:suse_linux:ghostscript-fonts-other, p-cpe:/a:novell:suse_linux:ghostscript-fonts-rus, p-cpe:/a:novell:suse_linux:ghostscript-fonts-std, p-cpe:/a:novell:suse_linux:ghostscript-library, p-cpe:/a:novell:suse_linux:ghostscript-omni, p-cpe:/a:novell:suse_linux:ghostscript-x11, p-cpe:/a:novell:suse_linux:libgimpprint, cpe:/o:novell:suse_linux:11",
        "Required KB Items": "Host/local_checks_enabled, Host/cpu, Host/SuSE/release, Host/SuSE/rpm-list",
        "Exploit Ease": "No known exploits are available",
        "Patch Publication Date": "5/3/2018",
        "Vulnerability Publication Date": "3/21/2017"
    },
    "Reference Information": {
        "CVE": "[CVE-2016-10219](/cve/CVE-2016-10219), [CVE-2016-9601](/cve/CVE-2016-9601), [CVE-2017-11714](/cve/CVE-2017-11714), [CVE-2017-7207](/cve/CVE-2017-7207), [CVE-2017-9216](/cve/CVE-2017-9216), [CVE-2017-9612](/cve/CVE-2017-9612), [CVE-2017-9726](/cve/CVE-2017-9726), [CVE-2017-9727](/cve/CVE-2017-9727), [CVE-2017-9739](/cve/CVE-2017-9739), [CVE-2017-9835](/cve/CVE-2017-9835)"
    }
}