{
    "Title": "SUSE SLES12 Security Update : apache2 (SUSE-SU-2018:1161-1)",
    "Synopsis": "The remote SUSE host is missing one or more security updates.",
    "Description": "This update for apache2 fixes the following issues :\n  - CVE-2018-1283: when mod_session is configured to forward     its session data to CGI applications (SessionEnv on, not     the default), a remote user may influence their content     by using a \\'Session\\' header leading to unexpected     behavior [bsc#1086814].\n  - CVE-2018-1301: due to an out of bound access after a     size limit being reached by reading the HTTP header, a     specially crafted request could lead to remote denial of     service. [bsc#1086817]\n  - CVE-2018-1303: a specially crafted HTTP request header     could lead to crash due to an out of bound read while     preparing data to be cached in shared     memory.[bsc#1086813]\n  - CVE-2017-15715: a regular expression could match '$' to     a newline character in a malicious filename, rather than     matching only the end of the filename. leading to     corruption of uploaded files.[bsc#1086774]\n  - CVE-2018-1312: when generating an HTTP Digest     authentication challenge, the nonce sent to prevent     reply attacks was not correctly generated using a     pseudo-random seed. In a cluster of servers using a     common Digest authentication configuration, HTTP     requests could be replayed across servers by an attacker     without detection. [bsc#1086775]\n  - CVE-2017-15710: mod_authnz_ldap, if configured with     AuthLDAPCharsetConfig, uses the Accept-Language header     value to lookup the right charset encoding when     verifying the user's credentials. If the header value is     not present in the charset conversion table, a fallback     mechanism is used to truncate it to a two characters     value to allow a quick retry (for example, 'en-US' is     truncated to 'en'). A header value of less than two     characters forces an out of bound write of one NUL byte     to a memory location that is not part of the string. In     the worst case, quite unlikely, the process would crash     which could be used as a Denial of Service attack. In     the more likely case, this memory is already reserved     for future use and the issue has no effect at all.\n    [bsc#1086820]\n  - CVE-2018-1302: when an HTTP/2 stream was destroyed after     being handled, it could have written a NULL pointer     potentially to an already freed memory. The memory pools     maintained by the server make this vulnerability hard to     trigger in usual configurations, the reporter and the     team could not reproduce it outside debug builds, so it     is classified as low risk. [bsc#1086820]\nNote that Tenable Network Security has extracted the preceding description block directly from the SUSE security advisory. Tenable has attempted to automatically clean and format it as much as possible without introducing additional issues.",
    "Solution": "To install this SUSE Security Update use the SUSE recommended installation methods like YaST online_update or 'zypper patch'.\nAlternatively you can run the command listed for your product :\nSUSE OpenStack Cloud 7:zypper in -t patch SUSE-OpenStack-Cloud-7-2018-803=1\nSUSE Linux Enterprise Software Development Kit 12-SP3:zypper in -t patch SUSE-SLE-SDK-12-SP3-2018-803=1\nSUSE Linux Enterprise Server for SAP 12-SP2:zypper in -t patch SUSE-SLE-SAP-12-SP2-2018-803=1\nSUSE Linux Enterprise Server 12-SP3:zypper in -t patch SUSE-SLE-SERVER-12-SP3-2018-803=1\nSUSE Linux Enterprise Server 12-SP2-LTSS:zypper in -t patch SUSE-SLE-SERVER-12-SP2-2018-803=1",
    "See Also": [
        "[https://bugzilla.suse.com/show_bug.cgi?id=1086774](https://bugzilla.suse.com/show_bug.cgi?id=1086774)",
        "[https://bugzilla.suse.com/show_bug.cgi?id=1086775](https://bugzilla.suse.com/show_bug.cgi?id=1086775)",
        "[https://bugzilla.suse.com/show_bug.cgi?id=1086813](https://bugzilla.suse.com/show_bug.cgi?id=1086813)",
        "[https://bugzilla.suse.com/show_bug.cgi?id=1086814](https://bugzilla.suse.com/show_bug.cgi?id=1086814)",
        "[https://bugzilla.suse.com/show_bug.cgi?id=1086817](https://bugzilla.suse.com/show_bug.cgi?id=1086817)",
        "[https://bugzilla.suse.com/show_bug.cgi?id=1086820](https://bugzilla.suse.com/show_bug.cgi?id=1086820)",
        "[https://www.suse.com/security/cve/CVE-2017-15710/](https://www.suse.com/security/cve/CVE-2017-15710/)",
        "[https://www.suse.com/security/cve/CVE-2017-15715/](https://www.suse.com/security/cve/CVE-2017-15715/)",
        "[https://www.suse.com/security/cve/CVE-2018-1283/](https://www.suse.com/security/cve/CVE-2018-1283/)",
        "[https://www.suse.com/security/cve/CVE-2018-1301/](https://www.suse.com/security/cve/CVE-2018-1301/)",
        "[https://www.suse.com/security/cve/CVE-2018-1302/](https://www.suse.com/security/cve/CVE-2018-1302/)",
        "[https://www.suse.com/security/cve/CVE-2018-1303/](https://www.suse.com/security/cve/CVE-2018-1303/)",
        "[https://www.suse.com/security/cve/CVE-2018-1312/](https://www.suse.com/security/cve/CVE-2018-1312/)",
        "[http://www.nessus.org/u?e5cac145](http://www.nessus.org/u?e5cac145)"
    ],
    "Plugin Details": {
        "Severity": "Critical",
        "ID": "109598",
        "File Name": "suse_SU-2018-1161-1.nasl",
        "Version": "1.6",
        "Type": "local",
        "Agent": "unix",
        "Family": "[SuSE Local Security Checks](https://www.tenable.com/plugins/nessus/families/SuSE%20Local%20Security%20Checks)",
        "Published": "5/8/2018",
        "Updated": "9/10/2019",
        "Supported Sensors": "Frictionless Assessment AWS, Frictionless Assessment Azure, Frictionless Assessment Agent, Nessus Agent, Agentless Assessment"
    },
    "Risk Information": [
        {
            "Name": "[VPR](https://www.tenable.com/blog/what-is-vpr-and-how-is-it-different-from-cvss)",
            "Risk Factor": "Medium",
            "Score": "6.7"
        },
        {
            "Name": "[CVSS v2](https://nvd.nist.gov/vuln-metrics/cvss/v2-calculator?vector=AV:N/AC:M/Au:N/C:P/I:P/A:P)",
            "Risk Factor": "Medium",
            "Base Score": "6.8",
            "Vector": "CVSS2#AV:N/AC:M/Au:N/C:P/I:P/A:P"
        },
        {
            "Name": "[CVSS v3](https://nvd.nist.gov/vuln-metrics/cvss/v3-calculator?vector=AV:N/AC:L/PR:N/UI:N/S:U/C:H/I:H/A:H&version=3.0)",
            "Risk Factor": "Critical",
            "Base Score": "9.8",
            "Vector": "CVSS:3.0/AV:N/AC:L/PR:N/UI:N/S:U/C:H/I:H/A:H"
        }
    ],
    "Vulnerability Information": {
        "CPE": "p-cpe:/a:novell:suse_linux:apache2, p-cpe:/a:novell:suse_linux:apache2-debuginfo, p-cpe:/a:novell:suse_linux:apache2-debugsource, p-cpe:/a:novell:suse_linux:apache2-example-pages, p-cpe:/a:novell:suse_linux:apache2-prefork, p-cpe:/a:novell:suse_linux:apache2-prefork-debuginfo, p-cpe:/a:novell:suse_linux:apache2-utils, p-cpe:/a:novell:suse_linux:apache2-utils-debuginfo, p-cpe:/a:novell:suse_linux:apache2-worker, p-cpe:/a:novell:suse_linux:apache2-worker-debuginfo, cpe:/o:novell:suse_linux:12",
        "Required KB Items": "Host/local_checks_enabled, Host/cpu, Host/SuSE/release, Host/SuSE/rpm-list",
        "Patch Publication Date": "5/7/2018",
        "Vulnerability Publication Date": "3/26/2018"
    },
    "Reference Information": {
        "CVE": "[CVE-2017-15710](/cve/CVE-2017-15710), [CVE-2017-15715](/cve/CVE-2017-15715), [CVE-2018-1283](/cve/CVE-2018-1283), [CVE-2018-1301](/cve/CVE-2018-1301), [CVE-2018-1302](/cve/CVE-2018-1302), [CVE-2018-1303](/cve/CVE-2018-1303), [CVE-2018-1312](/cve/CVE-2018-1312)"
    }
}