{
    "Title": "RHEL 7 : kernel (RHSA-2018:1318)",
    "Synopsis": "The remote Red Hat host is missing one or more security updates.",
    "Description": "An update for kernel is now available for Red Hat Enterprise Linux 7.\nRed Hat Product Security has rated this update as having a security impact of Important. A Common Vulnerability Scoring System (CVSS) base score, which gives a detailed severity rating, is available for each vulnerability from the CVE link(s) in the References section.\nThe kernel packages contain the Linux kernel, the core of any Linux operating system.\nSecurity Fix(es) :\n* Kernel: KVM: error in exception handling leads to wrong debug stack value (CVE-2018-1087)\n* Kernel: error in exception handling leads to DoS (CVE-2018-8897)\n* Kernel: ipsec: xfrm: use-after-free leading to potential privilege escalation (CVE-2017-16939)\n* kernel: Out-of-bounds write via userland offsets in ebt_entry struct in netfilter/ebtables.c (CVE-2018-1068)\n* kernel: ptrace() incorrect error handling leads to corruption and DoS (CVE-2018-1000199)\n* kernel: guest kernel crash during core dump on POWER9 host (CVE-2018-1091)\nFor more details about the security issue(s), including the impact, a CVSS score, and other related information, refer to the CVE page(s) listed in the References section.\nRed Hat would like to thank Andy Lutomirski for reporting CVE-2018-1087 and CVE-2018-1000199 and Nick Peterson (Everdox Tech LLC) and Andy Lutomirski for reporting CVE-2018-8897.\nBug Fix(es) :\nThese updated kernel packages include also numerous bug fixes. Space precludes documenting all of these bug fixes in this advisory. See the bug fix descriptions in the related Knowledge Article:\nhttps://access.redhat.com/ articles/3431641",
    "Solution": "Update the affected packages.",
    "See Also": [
        "[https://access.redhat.com/security/vulnerabilities/pop_ss](https://access.redhat.com/security/vulnerabilities/pop_ss)",
        "[https://access.redhat.com/articles/3431641](https://access.redhat.com/articles/3431641)",
        "[https://access.redhat.com/errata/RHSA-2018:1318](https://access.redhat.com/errata/RHSA-2018:1318)",
        "[https://access.redhat.com/security/cve/cve-2017-16939](https://access.redhat.com/security/cve/cve-2017-16939)",
        "[https://access.redhat.com/security/cve/cve-2018-1068](https://access.redhat.com/security/cve/cve-2018-1068)",
        "[https://access.redhat.com/security/cve/cve-2018-1087](https://access.redhat.com/security/cve/cve-2018-1087)",
        "[https://access.redhat.com/security/cve/cve-2018-1091](https://access.redhat.com/security/cve/cve-2018-1091)",
        "[https://access.redhat.com/security/cve/cve-2018-8897](https://access.redhat.com/security/cve/cve-2018-8897)",
        "[https://access.redhat.com/security/cve/cve-2018-1000199](https://access.redhat.com/security/cve/cve-2018-1000199)"
    ],
    "Plugin Details": {
        "Severity": "High",
        "ID": "109633",
        "File Name": "redhat-RHSA-2018-1318.nasl",
        "Version": "1.14",
        "Type": "local",
        "Agent": "unix",
        "Family": "[Red Hat Local Security Checks](https://www.tenable.com/plugins/nessus/families/Red%20Hat%20Local%20Security%20Checks)",
        "Published": "5/9/2018",
        "Updated": "10/24/2019",
        "Supported Sensors": "Agentless Assessment, Frictionless Assessment Agent, Frictionless Assessment AWS, Frictionless Assessment Azure, Nessus Agent"
    },
    "Risk Information": [
        {
            "Name": "[VPR](https://www.tenable.com/blog/what-is-vpr-and-how-is-it-different-from-cvss)",
            "Risk Factor": "Critical",
            "Score": "9.6"
        },
        {
            "Name": "[CVSS v2](https://nvd.nist.gov/vuln-metrics/cvss/v2-calculator?vector=AV:L/AC:L/Au:N/C:C/I:C/A:C)",
            "Risk Factor": "High",
            "Base Score": "7.2",
            "Temporal Score": "6.3",
            "Vector": "CVSS2#AV:L/AC:L/Au:N/C:C/I:C/A:C"
        },
        {
            "Name": "[CVSS v3](https://nvd.nist.gov/vuln-metrics/cvss/v3-calculator?vector=AV:L/AC:L/PR:L/UI:N/S:U/C:H/I:H/A:H/E:H/RL:O/RC:C&version=3.0)",
            "Risk Factor": "High",
            "Base Score": "7.8",
            "Temporal Score": "7.5",
            "Vector": "CVSS:3.0/AV:L/AC:L/PR:L/UI:N/S:U/C:H/I:H/A:H",
            "Temporal Vector": "CVSS:3.0/E:H/RL:O/RC:C"
        }
    ],
    "Vulnerability Information": {
        "CPE": "p-cpe:/a:redhat:enterprise_linux:kernel-kdump, p-cpe:/a:redhat:enterprise_linux:kernel-kdump-debuginfo, p-cpe:/a:redhat:enterprise_linux:kernel-kdump-devel, p-cpe:/a:redhat:enterprise_linux:kernel-tools, p-cpe:/a:redhat:enterprise_linux:kernel-tools-debuginfo, p-cpe:/a:redhat:enterprise_linux:kernel-tools-libs, p-cpe:/a:redhat:enterprise_linux:kernel-tools-libs-devel, p-cpe:/a:redhat:enterprise_linux:kernel, p-cpe:/a:redhat:enterprise_linux:kernel-abi-whitelists, p-cpe:/a:redhat:enterprise_linux:kernel-debug, p-cpe:/a:redhat:enterprise_linux:kernel-debug-debuginfo, p-cpe:/a:redhat:enterprise_linux:kernel-debug-devel, p-cpe:/a:redhat:enterprise_linux:kernel-debuginfo, p-cpe:/a:redhat:enterprise_linux:kernel-debuginfo-common-s390x, p-cpe:/a:redhat:enterprise_linux:kernel-debuginfo-common-x86_64, p-cpe:/a:redhat:enterprise_linux:kernel-devel, p-cpe:/a:redhat:enterprise_linux:kernel-doc, p-cpe:/a:redhat:enterprise_linux:kernel-headers, p-cpe:/a:redhat:enterprise_linux:perf, p-cpe:/a:redhat:enterprise_linux:perf-debuginfo, p-cpe:/a:redhat:enterprise_linux:python-perf, p-cpe:/a:redhat:enterprise_linux:python-perf-debuginfo, cpe:/o:redhat:enterprise_linux:7, cpe:/o:redhat:enterprise_linux:7.5, cpe:/o:redhat:enterprise_linux:7.6, cpe:/o:redhat:enterprise_linux:7.7",
        "Required KB Items": "Host/local_checks_enabled, Host/RedHat/release, Host/RedHat/rpm-list, Host/cpu",
        "Exploit Available": "true",
        "Exploit Ease": "Exploits are available",
        "Patch Publication Date": "5/8/2018",
        "Vulnerability Publication Date": "11/24/2017"
    },
    "Exploitable With": "Metasploit  (Microsoft Windows POP/MOV SS Local Privilege Elevation Vulnerability)",
    "Reference Information": {
        "CVE": "[CVE-2017-16939](/cve/CVE-2017-16939), [CVE-2018-1000199](/cve/CVE-2018-1000199), [CVE-2018-1068](/cve/CVE-2018-1068), [CVE-2018-1087](/cve/CVE-2018-1087), [CVE-2018-1091](/cve/CVE-2018-1091), [CVE-2018-8897](/cve/CVE-2018-8897)",
        "RHSA": "[2018:1318](https://access.redhat.com/errata/RHSA-2018:1318)"
    }
}