{
    "Title": "RHEL 6 : kernel (RHSA-2018:1319) (Meltdown)",
    "Synopsis": "The remote Red Hat host is missing one or more security updates.",
    "Description": "An update for kernel is now available for Red Hat Enterprise Linux 6.\nRed Hat Product Security has rated this update as having a security impact of Important. A Common Vulnerability Scoring System (CVSS) base score, which gives a detailed severity rating, is available for each vulnerability from the CVE link(s) in the References section.\nThe kernel packages contain the Linux kernel, the core of any Linux operating system.\nSecurity Fix(es) :\n* hw: cpu: speculative execution permission faults handling (CVE-2017-5754, x86 32-bit)\n* Kernel: error in exception handling leads to DoS (CVE-2018-8897)\n* kernel: nfsd: Incorrect handling of long RPC replies (CVE-2017-7645)\n* kernel: Use-after-free vulnerability in DCCP socket (CVE-2017-8824)\n* kernel: v4l2: disabled memory access protection mechanism allowing privilege escalation (CVE-2017-13166)\n* kernel: netfilter: use-after-free in tcpmss_mangle_packet function in net/ netfilter/xt_TCPMSS.c (CVE-2017-18017)\n* kernel: Stack information leak in the EFS element (CVE-2017-1000410)\nFor more details about the security issue(s), including the impact, a CVSS score, and other related information, refer to the CVE page(s) listed in the References section.\nRed Hat would like to thank Google Project Zero for reporting CVE-2017-5754; Nick Peterson (Everdox Tech LLC) and Andy Lutomirski for reporting CVE-2018-8897; Mohamed Ghannam for reporting CVE-2017-8824; and Armis Labs for reporting CVE-2017-1000410.\nBug Fix(es) :\nThese updated kernel packages include also numerous bug fixes. Space precludes documenting all of these bug fixes in this advisory. See the bug fix descriptions in the related Knowledge Article:\nhttps://access.redhat.com/ articles/3431591",
    "Solution": "Update the affected packages.",
    "See Also": [
        "[https://access.redhat.com/security/vulnerabilities/pop_ss](https://access.redhat.com/security/vulnerabilities/pop_ss)",
        "[https://access.redhat.com/articles/3431591](https://access.redhat.com/articles/3431591)",
        "[https://access.redhat.com/security/cve/cve-2017-5754](https://access.redhat.com/security/cve/cve-2017-5754)",
        "[http://www.nessus.org/u?892ef523](http://www.nessus.org/u?892ef523)",
        "[https://access.redhat.com/errata/RHSA-2018:1319](https://access.redhat.com/errata/RHSA-2018:1319)",
        "[https://access.redhat.com/security/cve/cve-2017-7645](https://access.redhat.com/security/cve/cve-2017-7645)",
        "[https://access.redhat.com/security/cve/cve-2017-8824](https://access.redhat.com/security/cve/cve-2017-8824)",
        "[https://access.redhat.com/security/cve/cve-2017-13166](https://access.redhat.com/security/cve/cve-2017-13166)",
        "[https://access.redhat.com/security/cve/cve-2017-18017](https://access.redhat.com/security/cve/cve-2017-18017)",
        "[https://access.redhat.com/security/cve/cve-2017-1000410](https://access.redhat.com/security/cve/cve-2017-1000410)",
        "[https://access.redhat.com/security/cve/cve-2018-8897](https://access.redhat.com/security/cve/cve-2018-8897)"
    ],
    "Plugin Details": {
        "Severity": "Critical",
        "ID": "109634",
        "File Name": "redhat-RHSA-2018-1319.nasl",
        "Version": "1.14",
        "Type": "local",
        "Agent": "unix",
        "Family": "[Red Hat Local Security Checks](https://www.tenable.com/plugins/nessus/families/Red%20Hat%20Local%20Security%20Checks)",
        "Published": "5/9/2018",
        "Updated": "1/28/2022",
        "Supported Sensors": "Agentless Assessment, Frictionless Assessment Agent, Frictionless Assessment AWS, Frictionless Assessment Azure, Nessus Agent"
    },
    "Risk Information": [
        {
            "Name": "[VPR](https://www.tenable.com/blog/what-is-vpr-and-how-is-it-different-from-cvss)",
            "Risk Factor": "Critical",
            "Score": "9.6"
        },
        {
            "Name": "[CVSS v2](https://nvd.nist.gov/vuln-metrics/cvss/v2-calculator?vector=AV:N/AC:L/Au:N/C:C/I:C/A:C)",
            "Risk Factor": "Critical",
            "Base Score": "10",
            "Temporal Score": "8.7",
            "Vector": "CVSS2#AV:N/AC:L/Au:N/C:C/I:C/A:C"
        },
        {
            "Name": "[CVSS v3](https://nvd.nist.gov/vuln-metrics/cvss/v3-calculator?vector=AV:N/AC:L/PR:N/UI:N/S:U/C:H/I:H/A:H/E:H/RL:O/RC:C&version=3.0)",
            "Risk Factor": "Critical",
            "Base Score": "9.8",
            "Temporal Score": "9.4",
            "Vector": "CVSS:3.0/AV:N/AC:L/PR:N/UI:N/S:U/C:H/I:H/A:H",
            "Temporal Vector": "CVSS:3.0/E:H/RL:O/RC:C"
        }
    ],
    "Vulnerability Information": {
        "CPE": "p-cpe:/a:redhat:enterprise_linux:kernel, p-cpe:/a:redhat:enterprise_linux:kernel-abi-whitelists, p-cpe:/a:redhat:enterprise_linux:kernel-debug, p-cpe:/a:redhat:enterprise_linux:kernel-debug-debuginfo, p-cpe:/a:redhat:enterprise_linux:kernel-debug-devel, p-cpe:/a:redhat:enterprise_linux:kernel-debuginfo, p-cpe:/a:redhat:enterprise_linux:kernel-debuginfo-common-i686, p-cpe:/a:redhat:enterprise_linux:kernel-debuginfo-common-s390x, p-cpe:/a:redhat:enterprise_linux:kernel-debuginfo-common-x86_64, p-cpe:/a:redhat:enterprise_linux:kernel-devel, p-cpe:/a:redhat:enterprise_linux:kernel-doc, p-cpe:/a:redhat:enterprise_linux:kernel-firmware, p-cpe:/a:redhat:enterprise_linux:kernel-headers, p-cpe:/a:redhat:enterprise_linux:kernel-kdump, p-cpe:/a:redhat:enterprise_linux:kernel-kdump-debuginfo, p-cpe:/a:redhat:enterprise_linux:kernel-kdump-devel, p-cpe:/a:redhat:enterprise_linux:perf, p-cpe:/a:redhat:enterprise_linux:perf-debuginfo, p-cpe:/a:redhat:enterprise_linux:python-perf, p-cpe:/a:redhat:enterprise_linux:python-perf-debuginfo, cpe:/o:redhat:enterprise_linux:6",
        "Required KB Items": "Host/local_checks_enabled, Host/RedHat/release, Host/RedHat/rpm-list, Host/cpu",
        "Exploit Available": "true",
        "Exploit Ease": "Exploits are available",
        "Patch Publication Date": "5/10/2018",
        "Vulnerability Publication Date": "4/18/2017"
    },
    "Exploitable With": "Metasploit  (Microsoft Windows POP/MOV SS Local Privilege Elevation Vulnerability)",
    "Reference Information": {
        "CVE": "[CVE-2017-1000410](/cve/CVE-2017-1000410), [CVE-2017-13166](/cve/CVE-2017-13166), [CVE-2017-18017](/cve/CVE-2017-18017), [CVE-2017-5754](/cve/CVE-2017-5754), [CVE-2017-7645](/cve/CVE-2017-7645), [CVE-2017-8824](/cve/CVE-2017-8824), [CVE-2018-8897](/cve/CVE-2018-8897)",
        "RHSA": "[2018:1319](https://access.redhat.com/errata/RHSA-2018:1319)"
    }
}