{
    "Title": "RHEL 6 : chromium-browser (RHSA-2018:1446)",
    "Synopsis": "The remote Red Hat host is missing one or more security updates.",
    "Description": "An update for chromium-browser is now available for Red Hat Enterprise Linux 6 Supplementary.\nRed Hat Product Security has rated this update as having a security impact of Important. A Common Vulnerability Scoring System (CVSS) base score, which gives a detailed severity rating, is available for each vulnerability from the CVE link(s) in the References section.\nChromium is an open source web browser, powered by WebKit (Blink).\nThis update upgrades Chromium to version 66.0.3359.170.\nSecurity Fix(es) :\n* chromium-browser: Heap buffer overflow in PDFium (CVE-2018-6120)\n* chromium-browser: Privilege Escalation in extensions (CVE-2018-6121)\n* chromium-browser: Type confusion in V8 (CVE-2018-6122)\nFor more details about the security issue(s), including the impact, a CVSS score, and other related information, refer to the CVE page(s) listed in the References section.",
    "Solution": "Update the affected chromium-browser and / or chromium-browser-debuginfo packages.",
    "See Also": [
        "[https://access.redhat.com/errata/RHSA-2018:1446](https://access.redhat.com/errata/RHSA-2018:1446)",
        "[https://access.redhat.com/security/cve/cve-2018-6120](https://access.redhat.com/security/cve/cve-2018-6120)",
        "[https://access.redhat.com/security/cve/cve-2018-6121](https://access.redhat.com/security/cve/cve-2018-6121)",
        "[https://access.redhat.com/security/cve/cve-2018-6122](https://access.redhat.com/security/cve/cve-2018-6122)"
    ],
    "Plugin Details": {
        "Severity": "High",
        "ID": "109837",
        "File Name": "redhat-RHSA-2018-1446.nasl",
        "Version": "1.11",
        "Type": "local",
        "Agent": "unix",
        "Family": "[Red Hat Local Security Checks](https://www.tenable.com/plugins/nessus/families/Red%20Hat%20Local%20Security%20Checks)",
        "Published": "5/16/2018",
        "Updated": "1/28/2022",
        "Supported Sensors": "Agentless Assessment, Frictionless Assessment Agent, Frictionless Assessment AWS, Frictionless Assessment Azure, Nessus Agent"
    },
    "Risk Information": [
        {
            "Name": "[VPR](https://www.tenable.com/blog/what-is-vpr-and-how-is-it-different-from-cvss)",
            "Risk Factor": "Medium",
            "Score": "6.7"
        },
        {
            "Name": "[CVSS v2](https://nvd.nist.gov/vuln-metrics/cvss/v2-calculator?vector=AV:N/AC:M/Au:N/C:P/I:P/A:P)",
            "Risk Factor": "Medium",
            "Base Score": "6.8",
            "Vector": "CVSS2#AV:N/AC:M/Au:N/C:P/I:P/A:P"
        },
        {
            "Name": "[CVSS v3](https://nvd.nist.gov/vuln-metrics/cvss/v3-calculator?vector=AV:N/AC:L/PR:N/UI:R/S:U/C:H/I:H/A:H&version=3.0)",
            "Risk Factor": "High",
            "Base Score": "8.8",
            "Vector": "CVSS:3.0/AV:N/AC:L/PR:N/UI:R/S:U/C:H/I:H/A:H"
        }
    ],
    "Vulnerability Information": {
        "CPE": "p-cpe:/a:redhat:enterprise_linux:chromium-browser, p-cpe:/a:redhat:enterprise_linux:chromium-browser-debuginfo, cpe:/o:redhat:enterprise_linux:6",
        "Required KB Items": "Host/local_checks_enabled, Host/RedHat/release, Host/RedHat/rpm-list, Host/cpu",
        "Patch Publication Date": "5/14/2018",
        "Vulnerability Publication Date": "1/9/2019"
    },
    "Reference Information": {
        "CVE": "[CVE-2018-6120](/cve/CVE-2018-6120), [CVE-2018-6121](/cve/CVE-2018-6121), [CVE-2018-6122](/cve/CVE-2018-6122)",
        "RHSA": "[2018:1446](https://access.redhat.com/errata/RHSA-2018:1446)"
    }
}