{
    "Title": "RHEL 7 : JBoss EAP (RHSA-2018:1448)",
    "Synopsis": "The remote Red Hat host is missing one or more security updates.",
    "Description": "An update is now available for Red Hat JBoss Enterprise Application Platform 6.4 for Red Hat Enterprise Linux 7.\nRed Hat Product Security has rated this update as having a security impact of Important. A Common Vulnerability Scoring System (CVSS) base score, which gives a detailed severity rating, is available for each vulnerability from the CVE link(s) in the References section.\nRed Hat JBoss Enterprise Application Platform is a platform for Java applications based on the JBoss Application Server.\nThis release of Red Hat JBoss Enterprise Application Platform 6.4.20 serves as a replacement for Red Hat JBoss Enterprise Application Platform 6.4.19, and includes bug fixes and enhancements, which are documented in the Release Notes document linked to in the References.\nSecurity Fix(es) :\n* jackson-databind: Unsafe deserialization due to incomplete black list (incomplete fix for CVE-2017-7525) (CVE-2017-15095)\n* jackson-databind: Unsafe deserialization due to incomplete black list (incomplete fix for CVE-2017-15095) (CVE-2017-17485)\n* slf4j: Deserialisation vulnerability in EventData constructor can allow for arbitrary code execution (CVE-2018-8088)\n* Apache ActiveMQ Artemis: Deserialization of untrusted input vulnerability (CVE-2016-4978)\n* solr: Directory traversal via Index Replication HTTP API (CVE-2017-3163)\n* tomcat: Incorrect handling of empty string URL in security constraints can lead to unintended exposure of resources (CVE-2018-1304)\n* jackson-databind: incomplete fix for CVE-2017-7525 permits unsafe serialization via c3p0 libraries (CVE-2018-7489)\nFor more details about the security issue(s), including the impact, a CVSS score, and other related information, refer to the CVE page(s) listed in the References section.\nRed Hat would like to thank Liao Xinxi (NSFOCUS) for reporting CVE-2017-15095; 0c0c0f from 360Guan Xing Shi Yan Shi  for reporting CVE-2017-17485; and Chris McCown for reporting CVE-2018-8088.",
    "Solution": "Update the affected packages.",
    "See Also": [
        "[https://access.redhat.com/documentation/en-us/](https://access.redhat.com/documentation/en-us/)",
        "[https://access.redhat.com/errata/RHSA-2018:1448](https://access.redhat.com/errata/RHSA-2018:1448)",
        "[https://access.redhat.com/security/cve/cve-2016-4978](https://access.redhat.com/security/cve/cve-2016-4978)",
        "[https://access.redhat.com/security/cve/cve-2017-3163](https://access.redhat.com/security/cve/cve-2017-3163)",
        "[https://access.redhat.com/security/cve/cve-2017-15095](https://access.redhat.com/security/cve/cve-2017-15095)",
        "[https://access.redhat.com/security/cve/cve-2017-17485](https://access.redhat.com/security/cve/cve-2017-17485)",
        "[https://access.redhat.com/security/cve/cve-2018-1304](https://access.redhat.com/security/cve/cve-2018-1304)",
        "[https://access.redhat.com/security/cve/cve-2018-7489](https://access.redhat.com/security/cve/cve-2018-7489)",
        "[https://access.redhat.com/security/cve/cve-2018-8088](https://access.redhat.com/security/cve/cve-2018-8088)"
    ],
    "Plugin Details": {
        "Severity": "Critical",
        "ID": "109905",
        "File Name": "redhat-RHSA-2018-1448.nasl",
        "Version": "1.7",
        "Type": "local",
        "Agent": "unix",
        "Family": "[Red Hat Local Security Checks](https://www.tenable.com/plugins/nessus/families/Red%20Hat%20Local%20Security%20Checks)",
        "Published": "5/18/2018",
        "Updated": "10/24/2019"
    },
    "Risk Information": [
        {
            "Name": "[VPR](https://www.tenable.com/blog/what-is-vpr-and-how-is-it-different-from-cvss)",
            "Risk Factor": "Medium",
            "Score": "6.7"
        },
        {
            "Name": "[CVSS v2](https://nvd.nist.gov/vuln-metrics/cvss/v2-calculator?vector=AV:N/AC:L/Au:N/C:P/I:P/A:P)",
            "Risk Factor": "High",
            "Base Score": "7.5",
            "Vector": "CVSS2#AV:N/AC:L/Au:N/C:P/I:P/A:P"
        },
        {
            "Name": "[CVSS v3](https://nvd.nist.gov/vuln-metrics/cvss/v3-calculator?vector=AV:N/AC:L/PR:N/UI:N/S:U/C:H/I:H/A:H&version=3.0)",
            "Risk Factor": "Critical",
            "Base Score": "9.8",
            "Vector": "CVSS:3.0/AV:N/AC:L/PR:N/UI:N/S:U/C:H/I:H/A:H"
        }
    ],
    "Vulnerability Information": {
        "CPE": "p-cpe:/a:redhat:enterprise_linux:codehaus-jackson, p-cpe:/a:redhat:enterprise_linux:codehaus-jackson-core-asl, p-cpe:/a:redhat:enterprise_linux:codehaus-jackson-jaxrs, p-cpe:/a:redhat:enterprise_linux:codehaus-jackson-mapper-asl, p-cpe:/a:redhat:enterprise_linux:codehaus-jackson-xc, p-cpe:/a:redhat:enterprise_linux:hornetq, p-cpe:/a:redhat:enterprise_linux:jboss-as-appclient, p-cpe:/a:redhat:enterprise_linux:jboss-as-cli, p-cpe:/a:redhat:enterprise_linux:jboss-as-client-all, p-cpe:/a:redhat:enterprise_linux:jboss-as-clustering, p-cpe:/a:redhat:enterprise_linux:jboss-as-cmp, p-cpe:/a:redhat:enterprise_linux:jboss-as-configadmin, p-cpe:/a:redhat:enterprise_linux:jboss-as-connector, p-cpe:/a:redhat:enterprise_linux:jboss-as-controller, p-cpe:/a:redhat:enterprise_linux:jboss-as-controller-client, p-cpe:/a:redhat:enterprise_linux:jboss-as-core-security, p-cpe:/a:redhat:enterprise_linux:jboss-as-deployment-repository, p-cpe:/a:redhat:enterprise_linux:jboss-as-deployment-scanner, p-cpe:/a:redhat:enterprise_linux:jboss-as-domain-http, p-cpe:/a:redhat:enterprise_linux:jboss-as-domain-management, p-cpe:/a:redhat:enterprise_linux:jboss-as-ee, p-cpe:/a:redhat:enterprise_linux:jboss-as-ee-deployment, p-cpe:/a:redhat:enterprise_linux:jboss-as-ejb3, p-cpe:/a:redhat:enterprise_linux:jboss-as-embedded, p-cpe:/a:redhat:enterprise_linux:jboss-as-host-controller, p-cpe:/a:redhat:enterprise_linux:jboss-as-jacorb, p-cpe:/a:redhat:enterprise_linux:jboss-as-jaxr, p-cpe:/a:redhat:enterprise_linux:jboss-as-jaxrs, p-cpe:/a:redhat:enterprise_linux:jboss-as-jdr, p-cpe:/a:redhat:enterprise_linux:jboss-as-jmx, p-cpe:/a:redhat:enterprise_linux:jboss-as-jpa, p-cpe:/a:redhat:enterprise_linux:jboss-as-jsf, p-cpe:/a:redhat:enterprise_linux:jboss-as-jsr77, p-cpe:/a:redhat:enterprise_linux:jboss-as-logging, p-cpe:/a:redhat:enterprise_linux:jboss-as-mail, p-cpe:/a:redhat:enterprise_linux:jboss-as-management-client-content, p-cpe:/a:redhat:enterprise_linux:jboss-as-messaging, p-cpe:/a:redhat:enterprise_linux:jboss-as-modcluster, p-cpe:/a:redhat:enterprise_linux:jboss-as-naming, p-cpe:/a:redhat:enterprise_linux:jboss-as-network, p-cpe:/a:redhat:enterprise_linux:jboss-as-osgi, p-cpe:/a:redhat:enterprise_linux:jboss-as-osgi-configadmin, p-cpe:/a:redhat:enterprise_linux:jboss-as-osgi-service, p-cpe:/a:redhat:enterprise_linux:jboss-as-picketlink, p-cpe:/a:redhat:enterprise_linux:jboss-as-platform-mbean, p-cpe:/a:redhat:enterprise_linux:jboss-as-pojo, p-cpe:/a:redhat:enterprise_linux:jboss-as-process-controller, p-cpe:/a:redhat:enterprise_linux:jboss-as-protocol, p-cpe:/a:redhat:enterprise_linux:jboss-as-remoting, p-cpe:/a:redhat:enterprise_linux:jboss-as-sar, p-cpe:/a:redhat:enterprise_linux:jboss-as-security, p-cpe:/a:redhat:enterprise_linux:jboss-as-server, p-cpe:/a:redhat:enterprise_linux:jboss-as-system-jmx, p-cpe:/a:redhat:enterprise_linux:jboss-as-threads, p-cpe:/a:redhat:enterprise_linux:jboss-as-transactions, p-cpe:/a:redhat:enterprise_linux:jboss-as-version, p-cpe:/a:redhat:enterprise_linux:jboss-as-web, p-cpe:/a:redhat:enterprise_linux:jboss-as-webservices, p-cpe:/a:redhat:enterprise_linux:jboss-as-weld, p-cpe:/a:redhat:enterprise_linux:jboss-as-xts, p-cpe:/a:redhat:enterprise_linux:jbossas-appclient, p-cpe:/a:redhat:enterprise_linux:jbossas-bundles, p-cpe:/a:redhat:enterprise_linux:jbossas-core, p-cpe:/a:redhat:enterprise_linux:jbossas-domain, p-cpe:/a:redhat:enterprise_linux:jbossas-javadocs, p-cpe:/a:redhat:enterprise_linux:jbossas-modules-eap, p-cpe:/a:redhat:enterprise_linux:jbossas-product-eap, p-cpe:/a:redhat:enterprise_linux:jbossas-standalone, p-cpe:/a:redhat:enterprise_linux:jbossas-welcome-content-eap, p-cpe:/a:redhat:enterprise_linux:jbossts, p-cpe:/a:redhat:enterprise_linux:jbossweb, p-cpe:/a:redhat:enterprise_linux:jgroups, p-cpe:/a:redhat:enterprise_linux:lucene-solr, p-cpe:/a:redhat:enterprise_linux:picketbox, cpe:/o:redhat:enterprise_linux:7",
        "Required KB Items": "Host/local_checks_enabled, Host/RedHat/release, Host/RedHat/rpm-list, Host/cpu",
        "Patch Publication Date": "5/14/2018",
        "Vulnerability Publication Date": "9/27/2016"
    },
    "Reference Information": {
        "CVE": "[CVE-2016-4978](/cve/CVE-2016-4978), [CVE-2017-15095](/cve/CVE-2017-15095), [CVE-2017-17485](/cve/CVE-2017-17485), [CVE-2017-3163](/cve/CVE-2017-3163), [CVE-2018-1304](/cve/CVE-2018-1304), [CVE-2018-7489](/cve/CVE-2018-7489), [CVE-2018-8088](/cve/CVE-2018-8088)",
        "RHSA": "[2018:1448](https://access.redhat.com/errata/RHSA-2018:1448)"
    }
}