{
    "Title": "RHEL 7 : Virtualization (RHSA-2018:1524)",
    "Synopsis": "The remote Red Hat host is missing one or more security updates.",
    "Description": "Updated redhat-virtualization-host packages that fix several bugs and add various enhancements are now available.\nThe redhat-virtualization-host packages provide the Red Hat Virtualization Host. These packages include redhat-release-virtualization-host, ovirt-node, and rhev-hypervisor.\nRed Hat Virtualization Hosts (RHVH) are installed using a special build of Red Hat Enterprise Linux with only the packages required to host virtual machines. RHVH features a Cockpit user interface for monitoring the host's resources and performing administrative tasks.\nIncludes GlusterFS fixes for CVE-2018-1088, dhcp fixes for CVE-2018-1111, kernel fixes for CVE-2018-1087, and kernel fixes for CVE-2018-8897.\nA list of bugs fixed in this update is available in the Technical Notes book:\nhttps://access.redhat.com/documentation/en-us/red_hat_virtualization/4 .2/html/ technical_notes/",
    "Solution": "Update the affected packages.",
    "See Also": [
        "[https://access.redhat.com/errata/RHSA-2018:1524](https://access.redhat.com/errata/RHSA-2018:1524)",
        "[https://access.redhat.com/security/cve/cve-2018-1087](https://access.redhat.com/security/cve/cve-2018-1087)",
        "[https://access.redhat.com/security/cve/cve-2018-1088](https://access.redhat.com/security/cve/cve-2018-1088)",
        "[https://access.redhat.com/security/cve/cve-2018-1111](https://access.redhat.com/security/cve/cve-2018-1111)",
        "[https://access.redhat.com/security/cve/cve-2018-8897](https://access.redhat.com/security/cve/cve-2018-8897)"
    ],
    "Plugin Details": {
        "Severity": "High",
        "ID": "109909",
        "File Name": "redhat-RHSA-2018-1524.nasl",
        "Version": "1.18",
        "Type": "local",
        "Agent": "unix",
        "Family": "[Red Hat Local Security Checks](https://www.tenable.com/plugins/nessus/families/Red%20Hat%20Local%20Security%20Checks)",
        "Published": "5/18/2018",
        "Updated": "10/24/2019",
        "Supported Sensors": "Agentless Assessment, Frictionless Assessment Agent, Frictionless Assessment AWS, Frictionless Assessment Azure, Nessus Agent"
    },
    "Risk Information": [
        {
            "Name": "[VPR](https://www.tenable.com/blog/what-is-vpr-and-how-is-it-different-from-cvss)",
            "Risk Factor": "Critical",
            "Score": "9.6"
        },
        {
            "Name": "[CVSS v2](https://nvd.nist.gov/vuln-metrics/cvss/v2-calculator?vector=AV:A/AC:M/Au:N/C:C/I:C/A:C)",
            "Risk Factor": "High",
            "Base Score": "7.9",
            "Temporal Score": "6.9",
            "Vector": "CVSS2#AV:A/AC:M/Au:N/C:C/I:C/A:C"
        },
        {
            "Name": "[CVSS v3](https://nvd.nist.gov/vuln-metrics/cvss/v3-calculator?vector=AV:N/AC:H/PR:N/UI:N/S:U/C:H/I:H/A:H/E:H/RL:O/RC:C&version=3.0)",
            "Risk Factor": "High",
            "Base Score": "8.1",
            "Temporal Score": "7.7",
            "Vector": "CVSS:3.0/AV:N/AC:H/PR:N/UI:N/S:U/C:H/I:H/A:H",
            "Temporal Vector": "CVSS:3.0/E:H/RL:O/RC:C"
        }
    ],
    "Vulnerability Information": {
        "CPE": "p-cpe:/a:redhat:enterprise_linux:imgbased, p-cpe:/a:redhat:enterprise_linux:ovirt-node-ng-nodectl, p-cpe:/a:redhat:enterprise_linux:python-imgbased, p-cpe:/a:redhat:enterprise_linux:redhat-release-virtualization-host, p-cpe:/a:redhat:enterprise_linux:redhat-virtualization-host-image-update, p-cpe:/a:redhat:enterprise_linux:redhat-virtualization-host-image-update-placeholder, cpe:/o:redhat:enterprise_linux:7",
        "Required KB Items": "Host/local_checks_enabled, Host/RedHat/release, Host/RedHat/rpm-list, Host/cpu",
        "Exploit Available": "true",
        "Exploit Ease": "Exploits are available",
        "Patch Publication Date": "5/15/2018",
        "Vulnerability Publication Date": "4/18/2018"
    },
    "Exploitable With": "Metasploit  (Microsoft Windows POP/MOV SS Local Privilege Elevation Vulnerability)",
    "Reference Information": {
        "CVE": "[CVE-2018-1087](/cve/CVE-2018-1087), [CVE-2018-1088](/cve/CVE-2018-1088), [CVE-2018-1111](/cve/CVE-2018-1111), [CVE-2018-8897](/cve/CVE-2018-8897)",
        "IAVA": "2018-A-0162",
        "RHSA": "[2018:1524](https://access.redhat.com/errata/RHSA-2018:1524)"
    }
}