{
    "Title": "RHEL 7 : procps-ng (RHSA-2018:1700)",
    "Synopsis": "The remote Red Hat host is missing one or more security updates.",
    "Description": "An update for procps-ng is now available for Red Hat Enterprise Linux 7.\nRed Hat Product Security has rated this update as having a security impact of Important. A Common Vulnerability Scoring System (CVSS) base score, which gives a detailed severity rating, is available for each vulnerability from the CVE link(s) in the References section.\nThe procps-ng packages contain a set of system utilities that provide system information, including ps, free, skill, pkill, pgrep, snice, tload, top, uptime, vmstat, w, watch, and pwdx.\nSecurity Fix(es) :\n* procps-ng, procps: Integer overflows leading to heap overflow in file2strvec (CVE-2018-1124)\n* procps-ng, procps: incorrect integer size in proc/alloc.* leading to truncation / integer overflow issues (CVE-2018-1126)\nFor more details about the security issue(s), including the impact, a CVSS score, and other related information, refer to the CVE page(s) listed in the References section.\nRed Hat would like to thank Qualys Research Labs for reporting these issues.",
    "Solution": "Update the affected packages.",
    "See Also": [
        "[https://access.redhat.com/errata/RHSA-2018:1700](https://access.redhat.com/errata/RHSA-2018:1700)",
        "[https://access.redhat.com/security/cve/cve-2018-1124](https://access.redhat.com/security/cve/cve-2018-1124)",
        "[https://access.redhat.com/security/cve/cve-2018-1126](https://access.redhat.com/security/cve/cve-2018-1126)"
    ],
    "Plugin Details": {
        "Severity": "Critical",
        "ID": "110082",
        "File Name": "redhat-RHSA-2018-1700.nasl",
        "Version": "1.14",
        "Type": "local",
        "Agent": "unix",
        "Family": "[Red Hat Local Security Checks](https://www.tenable.com/plugins/nessus/families/Red%20Hat%20Local%20Security%20Checks)",
        "Published": "5/24/2018",
        "Updated": "8/24/2023",
        "Supported Sensors": "Agentless Assessment, Frictionless Assessment Agent, Frictionless Assessment AWS, Frictionless Assessment Azure, Nessus Agent"
    },
    "Risk Information": [
        {
            "Name": "[VPR](https://www.tenable.com/blog/what-is-vpr-and-how-is-it-different-from-cvss)",
            "Risk Factor": "Medium",
            "Score": "6.7"
        },
        {
            "Name": "[CVSS v2](https://nvd.nist.gov/vuln-metrics/cvss/v2-calculator?vector=AV:N/AC:L/Au:N/C:P/I:P/A:P)",
            "Risk Factor": "High",
            "Base Score": "7.5",
            "Temporal Score": "5.9",
            "Vector": "CVSS2#AV:N/AC:L/Au:N/C:P/I:P/A:P"
        },
        {
            "Name": "[CVSS v3](https://nvd.nist.gov/vuln-metrics/cvss/v3-calculator?vector=AV:N/AC:L/PR:N/UI:N/S:U/C:H/I:H/A:H/E:P/RL:O/RC:C&version=3.0)",
            "Risk Factor": "Critical",
            "Base Score": "9.8",
            "Temporal Score": "8.8",
            "Vector": "CVSS:3.0/AV:N/AC:L/PR:N/UI:N/S:U/C:H/I:H/A:H",
            "Temporal Vector": "CVSS:3.0/E:P/RL:O/RC:C"
        }
    ],
    "Vulnerability Information": {
        "CPE": "p-cpe:/a:redhat:enterprise_linux:procps-ng, p-cpe:/a:redhat:enterprise_linux:procps-ng-debuginfo, p-cpe:/a:redhat:enterprise_linux:procps-ng-devel, p-cpe:/a:redhat:enterprise_linux:procps-ng-i18n, cpe:/o:redhat:enterprise_linux:7, cpe:/o:redhat:enterprise_linux:7.5, cpe:/o:redhat:enterprise_linux:7.6, cpe:/o:redhat:enterprise_linux:7.7",
        "Required KB Items": "Host/local_checks_enabled, Host/RedHat/release, Host/RedHat/rpm-list, Host/cpu",
        "Exploit Available": "true",
        "Exploit Ease": "Exploits are available",
        "Patch Publication Date": "5/23/2018",
        "Vulnerability Publication Date": "5/23/2018"
    },
    "Reference Information": {
        "CVE": "[CVE-2018-1124](/cve/CVE-2018-1124), [CVE-2018-1126](/cve/CVE-2018-1126)",
        "IAVA": "2018-A-0174-S",
        "RHSA": "[2018:1700](https://access.redhat.com/errata/RHSA-2018:1700)"
    }
}