{
    "Title": "SUSE SLES12 Security Update : mariadb (SUSE-SU-2018:1382-1)",
    "Synopsis": "The remote SUSE host is missing one or more security updates.",
    "Description": "MariaDB was updated to 10.0.35 (bsc#1090518) Notable changes :\n  - PCRE updated to 8.42\n  - XtraDB updated to 5.6.39-83.1\n  - TokuDB updated to 5.6.39-83.1\n  - InnoDB updated to 5.6.40\n  - The embedded server library now supports SSL when     connecting to remote servers [bsc#1088681],     [CVE-2018-2767]\n  - MDEV-15249 - Crash in MVCC read after IMPORT TABLESPACE\n  - MDEV-14988 - innodb_read_only tries to modify files if     transactions were recovered in COMMITTED state\n  - MDEV-14773 - DROP TABLE hangs for InnoDB table with     FULLTEXT index\n  - MDEV-15723 - Crash in     INFORMATION_SCHEMA.INNODB_SYS_TABLES when accessing     corrupted record\n  - fixes for the following security vulnerabilities:\n    CVE-2018-2782, CVE-2018-2784, CVE-2018-2787,     CVE-2018-2766, CVE-2018-2755, CVE-2018-2819,     CVE-2018-2817, CVE-2018-2761, CVE-2018-2781,     CVE-2018-2771, CVE-2018-2813\n  - Release notes and changelog :\n    - https://kb.askmonty.org/en/mariadb-10035-release-notes\n    - https://kb.askmonty.org/en/mariadb-10035-changelog\nNote that Tenable Network Security has extracted the preceding description block directly from the SUSE security advisory. Tenable has attempted to automatically clean and format it as much as possible without introducing additional issues.",
    "Solution": "To install this SUSE Security Update use the SUSE recommended installation methods like YaST online_update or 'zypper patch'.\nAlternatively you can run the command listed for your product :\nSUSE Linux Enterprise Server 12-LTSS:zypper in -t patch SUSE-SLE-SERVER-12-2018-966=1",
    "See Also": [
        "[https://bugzilla.suse.com/show_bug.cgi?id=1088681](https://bugzilla.suse.com/show_bug.cgi?id=1088681)",
        "[https://bugzilla.suse.com/show_bug.cgi?id=1090518](https://bugzilla.suse.com/show_bug.cgi?id=1090518)",
        "[https://mariadb.com/kb/en/library/mariadb-10035-changelog/](https://mariadb.com/kb/en/library/mariadb-10035-changelog/)",
        "[https://mariadb.com/kb/en/library/mariadb-10035-release-notes/](https://mariadb.com/kb/en/library/mariadb-10035-release-notes/)",
        "[https://www.suse.com/security/cve/CVE-2018-2755/](https://www.suse.com/security/cve/CVE-2018-2755/)",
        "[https://www.suse.com/security/cve/CVE-2018-2761/](https://www.suse.com/security/cve/CVE-2018-2761/)",
        "[https://www.suse.com/security/cve/CVE-2018-2766/](https://www.suse.com/security/cve/CVE-2018-2766/)",
        "[https://www.suse.com/security/cve/CVE-2018-2767/](https://www.suse.com/security/cve/CVE-2018-2767/)",
        "[https://www.suse.com/security/cve/CVE-2018-2771/](https://www.suse.com/security/cve/CVE-2018-2771/)",
        "[https://www.suse.com/security/cve/CVE-2018-2781/](https://www.suse.com/security/cve/CVE-2018-2781/)",
        "[https://www.suse.com/security/cve/CVE-2018-2782/](https://www.suse.com/security/cve/CVE-2018-2782/)",
        "[https://www.suse.com/security/cve/CVE-2018-2784/](https://www.suse.com/security/cve/CVE-2018-2784/)",
        "[https://www.suse.com/security/cve/CVE-2018-2787/](https://www.suse.com/security/cve/CVE-2018-2787/)",
        "[https://www.suse.com/security/cve/CVE-2018-2813/](https://www.suse.com/security/cve/CVE-2018-2813/)",
        "[https://www.suse.com/security/cve/CVE-2018-2817/](https://www.suse.com/security/cve/CVE-2018-2817/)",
        "[https://www.suse.com/security/cve/CVE-2018-2819/](https://www.suse.com/security/cve/CVE-2018-2819/)",
        "[http://www.nessus.org/u?36a87777](http://www.nessus.org/u?36a87777)"
    ],
    "Plugin Details": {
        "Severity": "High",
        "ID": "110089",
        "File Name": "suse_SU-2018-1382-1.nasl",
        "Version": "1.5",
        "Type": "local",
        "Agent": "unix",
        "Family": "[SuSE Local Security Checks](https://www.tenable.com/plugins/nessus/families/SuSE%20Local%20Security%20Checks)",
        "Published": "5/24/2018",
        "Updated": "1/13/2021",
        "Supported Sensors": "Agentless Assessment, Frictionless Assessment Agent, Frictionless Assessment AWS, Frictionless Assessment Azure, Nessus Agent"
    },
    "Risk Information": [
        {
            "Name": "[VPR](https://www.tenable.com/blog/what-is-vpr-and-how-is-it-different-from-cvss)",
            "Risk Factor": "High",
            "Score": "7.3"
        },
        {
            "Name": "[CVSS v2](https://nvd.nist.gov/vuln-metrics/cvss/v2-calculator?vector=AV:N/AC:L/Au:S/C:N/I:N/A:C)",
            "Risk Factor": "Medium",
            "Base Score": "6.8",
            "Vector": "CVSS2#AV:N/AC:L/Au:S/C:N/I:N/A:C"
        },
        {
            "Name": "[CVSS v3](https://nvd.nist.gov/vuln-metrics/cvss/v3-calculator?vector=AV:L/AC:H/PR:N/UI:R/S:C/C:H/I:H/A:H&version=3.0)",
            "Risk Factor": "High",
            "Base Score": "7.7",
            "Vector": "CVSS:3.0/AV:L/AC:H/PR:N/UI:R/S:C/C:H/I:H/A:H"
        }
    ],
    "Vulnerability Information": {
        "CPE": "p-cpe:/a:novell:suse_linux:libmysqlclient-devel, p-cpe:/a:novell:suse_linux:libmysqlclient18, p-cpe:/a:novell:suse_linux:libmysqlclient18-debuginfo, p-cpe:/a:novell:suse_linux:libmysqlclient_r18, p-cpe:/a:novell:suse_linux:libmysqld-devel, p-cpe:/a:novell:suse_linux:libmysqld18, p-cpe:/a:novell:suse_linux:libmysqld18-debuginfo, p-cpe:/a:novell:suse_linux:mariadb, p-cpe:/a:novell:suse_linux:mariadb-client, p-cpe:/a:novell:suse_linux:mariadb-client-debuginfo, p-cpe:/a:novell:suse_linux:mariadb-debuginfo, p-cpe:/a:novell:suse_linux:mariadb-debugsource, p-cpe:/a:novell:suse_linux:mariadb-errormessages, p-cpe:/a:novell:suse_linux:mariadb-tools, p-cpe:/a:novell:suse_linux:mariadb-tools-debuginfo, cpe:/o:novell:suse_linux:12",
        "Required KB Items": "Host/local_checks_enabled, Host/cpu, Host/SuSE/release, Host/SuSE/rpm-list",
        "Patch Publication Date": "5/23/2018",
        "Vulnerability Publication Date": "4/19/2018"
    },
    "Reference Information": {
        "CVE": "[CVE-2018-2755](/cve/CVE-2018-2755), [CVE-2018-2761](/cve/CVE-2018-2761), [CVE-2018-2766](/cve/CVE-2018-2766), [CVE-2018-2767](/cve/CVE-2018-2767), [CVE-2018-2771](/cve/CVE-2018-2771), [CVE-2018-2781](/cve/CVE-2018-2781), [CVE-2018-2782](/cve/CVE-2018-2782), [CVE-2018-2784](/cve/CVE-2018-2784), [CVE-2018-2787](/cve/CVE-2018-2787), [CVE-2018-2813](/cve/CVE-2018-2813), [CVE-2018-2817](/cve/CVE-2018-2817), [CVE-2018-2819](/cve/CVE-2018-2819)"
    }
}