{
    "Title": "RHEL 6 / 7 : Virtualization (RHSA-2018:1711) (Spectre)",
    "Synopsis": "The remote Red Hat host is missing a security update.",
    "Description": "An update for rhev-hypervisor7 is now available for RHEV 3.X Hypervisor and Agents Extended Lifecycle Support for Red Hat Enterprise Linux 6 and RHEV 3.X Hypervisor and Agents Extended Lifecycle Support for Red Hat Enterprise Linux 7.\nRed Hat Product Security has rated this update as having a security impact of Important. A Common Vulnerability Scoring System (CVSS) base score, which gives a detailed severity rating, is available for each vulnerability from the CVE link(s) in the References section.\nThe rhev-hypervisor7 package provides a Red Hat Enterprise Virtualization Hypervisor ISO disk image. The Red Hat Enterprise Virtualization Hypervisor is a dedicated Kernel-based Virtual Machine (KVM) hypervisor. It includes everything necessary to run and manage virtual machines: A subset of the Red Hat Enterprise Linux operating environment and the Red Hat Enterprise Virtualization Agent.\nSecurity Fix(es) :\n* An industry-wide issue was found in the way many modern microprocessor designs have implemented speculative execution of Load & Store instructions (a commonly used performance optimization). It relies on the presence of a precisely-defined instruction sequence in the privileged code as well as the fact that memory read from address to which a recent memory write has occurred may see an older value and subsequently cause an update into the microprocessor's data cache even for speculatively executed instructions that never actually commit (retire). As a result, an unprivileged attacker could use this flaw to read privileged memory by conducting targeted cache side-channel attacks. (CVE-2018-3639)\nNote: This is the rhev-hypervisor7 side of the CVE-2018-3639 mitigation.\nRed Hat would like to thank Ken Johnson (Microsoft Security Response Center) and Jann Horn (Google Project Zero) for reporting this issue.",
    "Solution": "Update the affected rhev-hypervisor7 package.",
    "See Also": [
        "[https://access.redhat.com/security/vulnerabilities/ssbd](https://access.redhat.com/security/vulnerabilities/ssbd)",
        "[https://access.redhat.com/errata/RHSA-2018:1711](https://access.redhat.com/errata/RHSA-2018:1711)",
        "[https://access.redhat.com/security/cve/cve-2018-1087](https://access.redhat.com/security/cve/cve-2018-1087)",
        "[https://access.redhat.com/security/cve/cve-2018-3639](https://access.redhat.com/security/cve/cve-2018-3639)",
        "[https://access.redhat.com/security/cve/cve-2018-8897](https://access.redhat.com/security/cve/cve-2018-8897)"
    ],
    "Plugin Details": {
        "Severity": "High",
        "ID": "110113",
        "File Name": "redhat-RHSA-2018-1711.nasl",
        "Version": "1.14",
        "Type": "local",
        "Agent": "unix",
        "Family": "[Red Hat Local Security Checks](https://www.tenable.com/plugins/nessus/families/Red%20Hat%20Local%20Security%20Checks)",
        "Published": "5/25/2018",
        "Updated": "10/24/2019",
        "Supported Sensors": "Agentless Assessment, Frictionless Assessment Agent, Frictionless Assessment AWS, Frictionless Assessment Azure, Nessus Agent"
    },
    "Risk Information": [
        {
            "Name": "[VPR](https://www.tenable.com/blog/what-is-vpr-and-how-is-it-different-from-cvss)",
            "Risk Factor": "Critical",
            "Score": "9.6"
        },
        {
            "Name": "[CVSS v2](https://nvd.nist.gov/vuln-metrics/cvss/v2-calculator?vector=AV:L/AC:L/Au:N/C:C/I:C/A:C)",
            "Risk Factor": "High",
            "Base Score": "7.2",
            "Temporal Score": "6.3",
            "Vector": "CVSS2#AV:L/AC:L/Au:N/C:C/I:C/A:C"
        },
        {
            "Name": "[CVSS v3](https://nvd.nist.gov/vuln-metrics/cvss/v3-calculator?vector=AV:L/AC:L/PR:L/UI:N/S:U/C:H/I:H/A:H/E:H/RL:O/RC:C&version=3.0)",
            "Risk Factor": "High",
            "Base Score": "7.8",
            "Temporal Score": "7.5",
            "Vector": "CVSS:3.0/AV:L/AC:L/PR:L/UI:N/S:U/C:H/I:H/A:H",
            "Temporal Vector": "CVSS:3.0/E:H/RL:O/RC:C"
        }
    ],
    "Vulnerability Information": {
        "CPE": "p-cpe:/a:redhat:enterprise_linux:rhev-hypervisor7, cpe:/o:redhat:enterprise_linux:6, cpe:/o:redhat:enterprise_linux:7",
        "Required KB Items": "Host/local_checks_enabled, Host/RedHat/release, Host/RedHat/rpm-list, Host/cpu",
        "Exploit Available": "true",
        "Exploit Ease": "Exploits are available",
        "Patch Publication Date": "5/23/2018",
        "Vulnerability Publication Date": "5/8/2018"
    },
    "Exploitable With": "Metasploit  (Microsoft Windows POP/MOV SS Local Privilege Elevation Vulnerability)",
    "Reference Information": {
        "CVE": "[CVE-2018-1087](/cve/CVE-2018-1087), [CVE-2018-3639](/cve/CVE-2018-3639), [CVE-2018-8897](/cve/CVE-2018-8897)",
        "IAVA": "2018-A-0170",
        "RHSA": "[2018:1711](https://access.redhat.com/errata/RHSA-2018:1711)"
    }
}