{
    "Title": "RHEL 7 : thunderbird (RHSA-2018:1725)",
    "Synopsis": "The remote Red Hat host is missing one or more security updates.",
    "Description": "An update for thunderbird is now available for Red Hat Enterprise Linux 7.\nRed Hat Product Security has rated this update as having a security impact of Important. A Common Vulnerability Scoring System (CVSS) base score, which gives a detailed severity rating, is available for each vulnerability from the CVE link(s) in the References section.\nMozilla Thunderbird is a standalone mail and newsgroup client.\nThis update upgrades Thunderbird to version 52.8.0.\nSecurity Fix(es) :\n* Mozilla: Memory safety bugs fixed in Firefox 60 and Firefox ESR 52.8 (CVE-2018-5150)\n* Mozilla: Backport critical security fixes in Skia (CVE-2018-5183)\n* Mozilla: Use-after-free with SVG animations and clip paths (CVE-2018-5154)\n* Mozilla: Use-after-free with SVG animations and text paths (CVE-2018-5155)\n* Mozilla: Integer overflow and out-of-bounds write in Skia (CVE-2018-5159)\n* Mozilla: Full plaintext recovery in S/MIME via chosen-ciphertext attack (CVE-2018-5184)\n* Mozilla: Hang via malformed headers (CVE-2018-5161)\n* Mozilla: Encrypted mail leaks plaintext through src attribute (CVE-2018-5162)\n* Mozilla: Lightweight themes can be installed without user interaction (CVE-2018-5168)\n* Mozilla: Filename spoofing for external attachments (CVE-2018-5170)\n* Mozilla: Buffer overflow during UTF-8 to Unicode string conversion through legacy extension (CVE-2018-5178)\n* Mozilla: Leaking plaintext through HTML forms (CVE-2018-5185)\nFor more details about the security issue(s), including the impact, a CVSS score, and other related information, refer to the CVE page(s) listed in the References section.\nRed Hat would like to thank the Mozilla project for reporting CVE-2018-5150, CVE-2018-5154, CVE-2018-5155, CVE-2018-5159, CVE-2018-5168, CVE-2018-5178, and CVE-2018-5183. Upstream acknowledges Christoph Diehl, Randell Jesup, Tyson Smith, Alex Gaynor, Ronald Crane, Julian Hector, Kannan Vijayan, Jason Kratzer, Mozilla Developers, Nils, Ivan Fratric, Wladimir Palant, and Root Object as the original reporters.",
    "Solution": "Update the affected thunderbird and / or thunderbird-debuginfo packages.",
    "See Also": [
        "[https://access.redhat.com/errata/RHSA-2018:1725](https://access.redhat.com/errata/RHSA-2018:1725)",
        "[https://access.redhat.com/security/cve/cve-2018-5150](https://access.redhat.com/security/cve/cve-2018-5150)",
        "[https://access.redhat.com/security/cve/cve-2018-5154](https://access.redhat.com/security/cve/cve-2018-5154)",
        "[https://access.redhat.com/security/cve/cve-2018-5155](https://access.redhat.com/security/cve/cve-2018-5155)",
        "[https://access.redhat.com/security/cve/cve-2018-5159](https://access.redhat.com/security/cve/cve-2018-5159)",
        "[https://access.redhat.com/security/cve/cve-2018-5161](https://access.redhat.com/security/cve/cve-2018-5161)",
        "[https://access.redhat.com/security/cve/cve-2018-5162](https://access.redhat.com/security/cve/cve-2018-5162)",
        "[https://access.redhat.com/security/cve/cve-2018-5168](https://access.redhat.com/security/cve/cve-2018-5168)",
        "[https://access.redhat.com/security/cve/cve-2018-5170](https://access.redhat.com/security/cve/cve-2018-5170)",
        "[https://access.redhat.com/security/cve/cve-2018-5178](https://access.redhat.com/security/cve/cve-2018-5178)",
        "[https://access.redhat.com/security/cve/cve-2018-5183](https://access.redhat.com/security/cve/cve-2018-5183)",
        "[https://access.redhat.com/security/cve/cve-2018-5184](https://access.redhat.com/security/cve/cve-2018-5184)",
        "[https://access.redhat.com/security/cve/cve-2018-5185](https://access.redhat.com/security/cve/cve-2018-5185)"
    ],
    "Plugin Details": {
        "Severity": "Critical",
        "ID": "110119",
        "File Name": "redhat-RHSA-2018-1725.nasl",
        "Version": "1.13",
        "Type": "local",
        "Agent": "unix",
        "Family": "[Red Hat Local Security Checks](https://www.tenable.com/plugins/nessus/families/Red%20Hat%20Local%20Security%20Checks)",
        "Published": "5/25/2018",
        "Updated": "5/29/2020",
        "Supported Sensors": "Frictionless Assessment AWS, Frictionless Assessment Azure, Frictionless Assessment Agent, Nessus Agent, Agentless Assessment"
    },
    "Risk Information": [
        {
            "Name": "[VPR](https://www.tenable.com/blog/what-is-vpr-and-how-is-it-different-from-cvss)",
            "Risk Factor": "Medium",
            "Score": "6.7"
        },
        {
            "Name": "[CVSS v2](https://nvd.nist.gov/vuln-metrics/cvss/v2-calculator?vector=AV:N/AC:L/Au:N/C:P/I:P/A:P)",
            "Risk Factor": "High",
            "Base Score": "7.5",
            "Temporal Score": "5.9",
            "Vector": "CVSS2#AV:N/AC:L/Au:N/C:P/I:P/A:P"
        },
        {
            "Name": "[CVSS v3](https://nvd.nist.gov/vuln-metrics/cvss/v3-calculator?vector=AV:N/AC:L/PR:N/UI:N/S:U/C:H/I:H/A:H/E:P/RL:O/RC:C&version=3.0)",
            "Risk Factor": "Critical",
            "Base Score": "9.8",
            "Temporal Score": "8.8",
            "Vector": "CVSS:3.0/AV:N/AC:L/PR:N/UI:N/S:U/C:H/I:H/A:H",
            "Temporal Vector": "CVSS:3.0/E:P/RL:O/RC:C"
        }
    ],
    "Vulnerability Information": {
        "CPE": "p-cpe:/a:redhat:enterprise_linux:thunderbird, p-cpe:/a:redhat:enterprise_linux:thunderbird-debuginfo, cpe:/o:redhat:enterprise_linux:7, cpe:/o:redhat:enterprise_linux:7.5, cpe:/o:redhat:enterprise_linux:7.6, cpe:/o:redhat:enterprise_linux:7.7",
        "Required KB Items": "Host/local_checks_enabled, Host/RedHat/release, Host/RedHat/rpm-list, Host/cpu",
        "Exploit Available": "true",
        "Exploit Ease": "Exploits are available",
        "Patch Publication Date": "5/24/2018",
        "Vulnerability Publication Date": "6/11/2018"
    },
    "Reference Information": {
        "CVE": "[CVE-2018-5150](/cve/CVE-2018-5150), [CVE-2018-5154](/cve/CVE-2018-5154), [CVE-2018-5155](/cve/CVE-2018-5155), [CVE-2018-5159](/cve/CVE-2018-5159), [CVE-2018-5161](/cve/CVE-2018-5161), [CVE-2018-5162](/cve/CVE-2018-5162), [CVE-2018-5168](/cve/CVE-2018-5168), [CVE-2018-5170](/cve/CVE-2018-5170), [CVE-2018-5178](/cve/CVE-2018-5178), [CVE-2018-5183](/cve/CVE-2018-5183), [CVE-2018-5184](/cve/CVE-2018-5184), [CVE-2018-5185](/cve/CVE-2018-5185)",
        "RHSA": "[2018:1725](https://access.redhat.com/errata/RHSA-2018:1725)"
    }
}