{
    "Title": "SUSE SLES11 Security Update : java-1_7_0-ibm (SUSE-SU-2018:145...",
    "Synopsis": "The remote SUSE host is missing one or more security updates.",
    "Description": "This update for java-1_7_0-ibm fixes the following issues: IBM Java was updated to 7.1.4.25 (bsc#1093311, bsc#1085449) Security fixes :\n  - CVE-2018-2814 CVE-2018-2794 CVE-2018-2783 CVE-2018-2799     CVE-2018-2798 CVE-2018-2797 CVE-2018-2796 CVE-2018-2795     CVE-2018-2800 CVE-2018-2790 CVE-2018-1417\nNote that Tenable Network Security has extracted the preceding description block directly from the SUSE security advisory. Tenable has attempted to automatically clean and format it as much as possible without introducing additional issues.",
    "Solution": "To install this SUSE Security Update use the SUSE recommended installation methods like YaST online_update or 'zypper patch'.\nAlternatively you can run the command listed for your product :\nSUSE Linux Enterprise Server 11-SP3-LTSS:zypper in -t patch slessp3-java-1_7_0-ibm-13628=1\nSUSE Linux Enterprise Point of Sale 11-SP3:zypper in -t patch sleposp3-java-1_7_0-ibm-13628=1",
    "See Also": [
        "[https://bugzilla.suse.com/show_bug.cgi?id=1085449](https://bugzilla.suse.com/show_bug.cgi?id=1085449)",
        "[https://bugzilla.suse.com/show_bug.cgi?id=1093311](https://bugzilla.suse.com/show_bug.cgi?id=1093311)",
        "[https://www.suse.com/security/cve/CVE-2018-1417/](https://www.suse.com/security/cve/CVE-2018-1417/)",
        "[https://www.suse.com/security/cve/CVE-2018-2783/](https://www.suse.com/security/cve/CVE-2018-2783/)",
        "[https://www.suse.com/security/cve/CVE-2018-2790/](https://www.suse.com/security/cve/CVE-2018-2790/)",
        "[https://www.suse.com/security/cve/CVE-2018-2794/](https://www.suse.com/security/cve/CVE-2018-2794/)",
        "[https://www.suse.com/security/cve/CVE-2018-2795/](https://www.suse.com/security/cve/CVE-2018-2795/)",
        "[https://www.suse.com/security/cve/CVE-2018-2796/](https://www.suse.com/security/cve/CVE-2018-2796/)",
        "[https://www.suse.com/security/cve/CVE-2018-2797/](https://www.suse.com/security/cve/CVE-2018-2797/)",
        "[https://www.suse.com/security/cve/CVE-2018-2798/](https://www.suse.com/security/cve/CVE-2018-2798/)",
        "[https://www.suse.com/security/cve/CVE-2018-2799/](https://www.suse.com/security/cve/CVE-2018-2799/)",
        "[https://www.suse.com/security/cve/CVE-2018-2800/](https://www.suse.com/security/cve/CVE-2018-2800/)",
        "[https://www.suse.com/security/cve/CVE-2018-2814/](https://www.suse.com/security/cve/CVE-2018-2814/)",
        "[http://www.nessus.org/u?ad70f98b](http://www.nessus.org/u?ad70f98b)"
    ],
    "Plugin Details": {
        "Severity": "High",
        "ID": "110223",
        "File Name": "suse_SU-2018-1458-1.nasl",
        "Version": "1.8",
        "Type": "local",
        "Agent": "unix",
        "Family": "[SuSE Local Security Checks](https://www.tenable.com/plugins/nessus/families/SuSE%20Local%20Security%20Checks)",
        "Published": "5/30/2018",
        "Updated": "1/19/2021",
        "Supported Sensors": "Agentless Assessment, Frictionless Assessment Agent, Frictionless Assessment AWS, Frictionless Assessment Azure, Nessus Agent"
    },
    "Risk Information": [
        {
            "Name": "[VPR](https://www.tenable.com/blog/what-is-vpr-and-how-is-it-different-from-cvss)",
            "Risk Factor": "High",
            "Score": "7.3"
        },
        {
            "Name": "[CVSS v2](https://nvd.nist.gov/vuln-metrics/cvss/v2-calculator?vector=AV:N/AC:M/Au:N/C:P/I:P/A:P)",
            "Risk Factor": "Medium",
            "Base Score": "6.8",
            "Temporal Score": "5",
            "Vector": "CVSS2#AV:N/AC:M/Au:N/C:P/I:P/A:P"
        },
        {
            "Name": "[CVSS v3](https://nvd.nist.gov/vuln-metrics/cvss/v3-calculator?vector=AV:N/AC:H/PR:N/UI:R/S:C/C:H/I:H/A:H/E:U/RL:O/RC:C&version=3.0)",
            "Risk Factor": "High",
            "Base Score": "8.3",
            "Temporal Score": "7.2",
            "Vector": "CVSS:3.0/AV:N/AC:H/PR:N/UI:R/S:C/C:H/I:H/A:H",
            "Temporal Vector": "CVSS:3.0/E:U/RL:O/RC:C"
        }
    ],
    "Vulnerability Information": {
        "CPE": "p-cpe:/a:novell:suse_linux:java-1_7_0-ibm, p-cpe:/a:novell:suse_linux:java-1_7_0-ibm-alsa, p-cpe:/a:novell:suse_linux:java-1_7_0-ibm-devel, p-cpe:/a:novell:suse_linux:java-1_7_0-ibm-jdbc, p-cpe:/a:novell:suse_linux:java-1_7_0-ibm-plugin, cpe:/o:novell:suse_linux:11",
        "Required KB Items": "Host/local_checks_enabled, Host/cpu, Host/SuSE/release, Host/SuSE/rpm-list",
        "Exploit Ease": "No known exploits are available",
        "Patch Publication Date": "5/29/2018",
        "Vulnerability Publication Date": "2/22/2018"
    },
    "Reference Information": {
        "CVE": "[CVE-2018-1417](/cve/CVE-2018-1417), [CVE-2018-2783](/cve/CVE-2018-2783), [CVE-2018-2790](/cve/CVE-2018-2790), [CVE-2018-2794](/cve/CVE-2018-2794), [CVE-2018-2795](/cve/CVE-2018-2795), [CVE-2018-2796](/cve/CVE-2018-2796), [CVE-2018-2797](/cve/CVE-2018-2797), [CVE-2018-2798](/cve/CVE-2018-2798), [CVE-2018-2799](/cve/CVE-2018-2799), [CVE-2018-2800](/cve/CVE-2018-2800), [CVE-2018-2814](/cve/CVE-2018-2814)"
    }
}