{
    "Title": "FreeBSD : Git -- Fix memory out-of-bounds and remote code exec...",
    "Synopsis": "The remote FreeBSD host is missing one or more security-related updates.",
    "Description": "The Git community reports :\n- In affected versions of Git, code to sanity-check pathnames on NTFS can result in reading out-of-bounds memory.\n- In affected versions of Git, remote code execution can occur. With a crafted .gitmodules file, a malicious project can execute an arbitrary script on a machine that runs 'git clone --recurse-submodules' because submodule 'names' are obtained from this file, and then appended to $GIT_DIR/modules, leading to directory traversal with '../' in a name.\nFinally, post-checkout hooks from a submodule are executed, bypassing the intended design in which hooks are not obtained from a remote server.",
    "Solution": "Update the affected packages.",
    "See Also": [
        "[http://www.nessus.org/u?e1123c96](http://www.nessus.org/u?e1123c96)"
    ],
    "Plugin Details": {
        "Severity": "High",
        "ID": "110304",
        "File Name": "freebsd_pkg_c7a135f466a411e89e633085a9a47796.nasl",
        "Version": "1.7",
        "Type": "local",
        "Family": "[FreeBSD Local Security Checks](https://www.tenable.com/plugins/nessus/families/FreeBSD%20Local%20Security%20Checks)",
        "Published": "6/4/2018",
        "Updated": "10/11/2019"
    },
    "Risk Information": [
        {
            "Name": "[VPR](https://www.tenable.com/blog/what-is-vpr-and-how-is-it-different-from-cvss)",
            "Risk Factor": "Medium",
            "Score": "6.7"
        },
        {
            "Name": "[CVSS v2](https://nvd.nist.gov/vuln-metrics/cvss/v2-calculator?vector=AV:N/AC:M/Au:N/C:P/I:P/A:P)",
            "Risk Factor": "Medium",
            "Base Score": "6.8",
            "Temporal Score": "5.3",
            "Vector": "CVSS2#AV:N/AC:M/Au:N/C:P/I:P/A:P"
        },
        {
            "Name": "[CVSS v3](https://nvd.nist.gov/vuln-metrics/cvss/v3-calculator?vector=AV:L/AC:L/PR:N/UI:R/S:U/C:H/I:H/A:H/E:P/RL:O/RC:C&version=3.0)",
            "Risk Factor": "High",
            "Base Score": "7.8",
            "Temporal Score": "7",
            "Vector": "CVSS:3.0/AV:L/AC:L/PR:N/UI:R/S:U/C:H/I:H/A:H",
            "Temporal Vector": "CVSS:3.0/E:P/RL:O/RC:C"
        }
    ],
    "Vulnerability Information": {
        "CPE": "p-cpe:/a:freebsd:freebsd:git-lite, p-cpe:/a:freebsd:freebsd:git, cpe:/o:freebsd:freebsd",
        "Required KB Items": "Host/local_checks_enabled, Host/FreeBSD/release, Host/FreeBSD/pkg_info",
        "Exploit Available": "true",
        "Exploit Ease": "Exploits are available",
        "Patch Publication Date": "6/2/2018",
        "Vulnerability Publication Date": "5/29/2018"
    },
    "Reference Information": {
        "CVE": "[CVE-2018-11233](/cve/CVE-2018-11233), [CVE-2018-11235](/cve/CVE-2018-11235)"
    }
}