{
    "Title": "FreeBSD : gnupg -- unsanitized output (CVE-2018-12020) (7da041...",
    "Synopsis": "The remote FreeBSD host is missing one or more security-related updates.",
    "Description": "GnuPG reports :\nGnuPG did not sanitize input file names, which may then be output to the terminal. This could allow terminal control sequences or fake status messages to be injected into the output.",
    "Solution": "Update the affected packages.",
    "See Also": [
        "[http://www.nessus.org/u?38d2a0a0](http://www.nessus.org/u?38d2a0a0)"
    ],
    "Plugin Details": {
        "Severity": "High",
        "ID": "110430",
        "File Name": "freebsd_pkg_7da0417f6b2411e884cc002590acae31.nasl",
        "Version": "1.8",
        "Type": "local",
        "Family": "[FreeBSD Local Security Checks](https://www.tenable.com/plugins/nessus/families/FreeBSD%20Local%20Security%20Checks)",
        "Published": "6/11/2018",
        "Updated": "10/11/2019"
    },
    "Risk Information": [
        {
            "Name": "[VPR](https://www.tenable.com/blog/what-is-vpr-and-how-is-it-different-from-cvss)",
            "Risk Factor": "Medium",
            "Score": "4.4"
        },
        {
            "Name": "[CVSS v2](https://nvd.nist.gov/vuln-metrics/cvss/v2-calculator?vector=AV:N/AC:L/Au:N/C:N/I:P/A:N)",
            "Risk Factor": "Medium",
            "Base Score": "5",
            "Temporal Score": "3.9",
            "Vector": "CVSS2#AV:N/AC:L/Au:N/C:N/I:P/A:N"
        },
        {
            "Name": "[CVSS v3](https://nvd.nist.gov/vuln-metrics/cvss/v3-calculator?vector=AV:N/AC:L/PR:N/UI:N/S:U/C:N/I:H/A:N/E:P/RL:O/RC:C&version=3.0)",
            "Risk Factor": "High",
            "Base Score": "7.5",
            "Temporal Score": "6.7",
            "Vector": "CVSS:3.0/AV:N/AC:L/PR:N/UI:N/S:U/C:N/I:H/A:N",
            "Temporal Vector": "CVSS:3.0/E:P/RL:O/RC:C"
        }
    ],
    "Vulnerability Information": {
        "CPE": "p-cpe:/a:freebsd:freebsd:gnupg, p-cpe:/a:freebsd:freebsd:gnupg1, cpe:/o:freebsd:freebsd",
        "Required KB Items": "Host/local_checks_enabled, Host/FreeBSD/release, Host/FreeBSD/pkg_info",
        "Exploit Available": "true",
        "Exploit Ease": "Exploits are available",
        "Patch Publication Date": "6/8/2018",
        "Vulnerability Publication Date": "6/7/2018"
    },
    "Reference Information": {
        "CVE": "[CVE-2017-7526](/cve/CVE-2017-7526), [CVE-2018-12020](/cve/CVE-2018-12020)"
    }
}