{
    "Title": "RHEL 6 : chromium-browser (RHSA-2018:1815)",
    "Synopsis": "The remote Red Hat host is missing one or more security updates.",
    "Description": "An update for chromium-browser is now available for Red Hat Enterprise Linux 6 Supplementary.\nRed Hat Product Security has rated this update as having a security impact of Important. A Common Vulnerability Scoring System (CVSS) base score, which gives a detailed severity rating, is available for each vulnerability from the CVE link(s) in the References section.\nChromium is an open source web browser, powered by WebKit (Blink).\nThis update upgrades Chromium to version 67.0.3396.62.\nSecurity Fix(es) :\n* chromium-browser: Use after free in Blink (CVE-2018-6123)\n* chromium-browser: Type confusion in Blink (CVE-2018-6124)\n* chromium-browser: Overly permissive policy in WebUSB (CVE-2018-6125)\n* chromium-browser: Heap buffer overflow in Skia (CVE-2018-6126)\n* chromium-browser: Use after free in indexedDB (CVE-2018-6127)\n* chromium-browser: Out of bounds memory access in WebRTC (CVE-2018-6129)\n* chromium-browser: Out of bounds memory access in WebRTC (CVE-2018-6130)\n* chromium-browser: Incorrect mutability protection in WebAssembly (CVE-2018-6131)\n* chromium-browser: Use of uninitialized memory in WebRTC (CVE-2018-6132)\n* chromium-browser: URL spoof in Omnibox (CVE-2018-6133)\n* chromium-browser: Referrer Policy bypass in Blink (CVE-2018-6134)\n* chromium-browser: UI spoofing in Blink (CVE-2018-6135)\n* chromium-browser: Out of bounds memory access in V8 (CVE-2018-6136)\n* chromium-browser: Leak of visited status of page in Blink (CVE-2018-6137)\n* chromium-browser: Overly permissive policy in Extensions (CVE-2018-6138)\n* chromium-browser: Restrictions bypass in the debugger extension API (CVE-2018-6139)\n* chromium-browser: Restrictions bypass in the debugger extension API (CVE-2018-6140)\n* chromium-browser: Heap buffer overflow in Skia (CVE-2018-6141)\n* chromium-browser: Out of bounds memory access in V8 (CVE-2018-6142)\n* chromium-browser: Out of bounds memory access in V8 (CVE-2018-6143)\n* chromium-browser: Out of bounds memory access in PDFium (CVE-2018-6144)\n* chromium-browser: Incorrect escaping of MathML in Blink (CVE-2018-6145)\n* chromium-browser: Password fields not taking advantage of OS protections in Views (CVE-2018-6147)\nFor more details about the security issue(s), including the impact, a CVSS score, and other related information, refer to the CVE page(s) listed in the References section.",
    "Solution": "Update the affected chromium-browser and / or chromium-browser-debuginfo packages.",
    "See Also": [
        "[https://access.redhat.com/errata/RHSA-2018:1815](https://access.redhat.com/errata/RHSA-2018:1815)",
        "[https://access.redhat.com/security/cve/cve-2018-6123](https://access.redhat.com/security/cve/cve-2018-6123)",
        "[https://access.redhat.com/security/cve/cve-2018-6124](https://access.redhat.com/security/cve/cve-2018-6124)",
        "[https://access.redhat.com/security/cve/cve-2018-6125](https://access.redhat.com/security/cve/cve-2018-6125)",
        "[https://access.redhat.com/security/cve/cve-2018-6126](https://access.redhat.com/security/cve/cve-2018-6126)",
        "[https://access.redhat.com/security/cve/cve-2018-6127](https://access.redhat.com/security/cve/cve-2018-6127)",
        "[https://access.redhat.com/security/cve/cve-2018-6129](https://access.redhat.com/security/cve/cve-2018-6129)",
        "[https://access.redhat.com/security/cve/cve-2018-6130](https://access.redhat.com/security/cve/cve-2018-6130)",
        "[https://access.redhat.com/security/cve/cve-2018-6131](https://access.redhat.com/security/cve/cve-2018-6131)",
        "[https://access.redhat.com/security/cve/cve-2018-6132](https://access.redhat.com/security/cve/cve-2018-6132)",
        "[https://access.redhat.com/security/cve/cve-2018-6133](https://access.redhat.com/security/cve/cve-2018-6133)",
        "[https://access.redhat.com/security/cve/cve-2018-6134](https://access.redhat.com/security/cve/cve-2018-6134)",
        "[https://access.redhat.com/security/cve/cve-2018-6135](https://access.redhat.com/security/cve/cve-2018-6135)",
        "[https://access.redhat.com/security/cve/cve-2018-6136](https://access.redhat.com/security/cve/cve-2018-6136)",
        "[https://access.redhat.com/security/cve/cve-2018-6137](https://access.redhat.com/security/cve/cve-2018-6137)",
        "[https://access.redhat.com/security/cve/cve-2018-6138](https://access.redhat.com/security/cve/cve-2018-6138)",
        "[https://access.redhat.com/security/cve/cve-2018-6139](https://access.redhat.com/security/cve/cve-2018-6139)",
        "[https://access.redhat.com/security/cve/cve-2018-6140](https://access.redhat.com/security/cve/cve-2018-6140)",
        "[https://access.redhat.com/security/cve/cve-2018-6141](https://access.redhat.com/security/cve/cve-2018-6141)",
        "[https://access.redhat.com/security/cve/cve-2018-6142](https://access.redhat.com/security/cve/cve-2018-6142)",
        "[https://access.redhat.com/security/cve/cve-2018-6143](https://access.redhat.com/security/cve/cve-2018-6143)",
        "[https://access.redhat.com/security/cve/cve-2018-6144](https://access.redhat.com/security/cve/cve-2018-6144)",
        "[https://access.redhat.com/security/cve/cve-2018-6145](https://access.redhat.com/security/cve/cve-2018-6145)",
        "[https://access.redhat.com/security/cve/cve-2018-6147](https://access.redhat.com/security/cve/cve-2018-6147)"
    ],
    "Plugin Details": {
        "Severity": "Critical",
        "ID": "110406",
        "File Name": "redhat-RHSA-2018-1815.nasl",
        "Version": "1.14",
        "Type": "local",
        "Agent": "unix",
        "Family": "[Red Hat Local Security Checks](https://www.tenable.com/plugins/nessus/families/Red%20Hat%20Local%20Security%20Checks)",
        "Published": "6/8/2018",
        "Updated": "5/29/2020",
        "Supported Sensors": "Frictionless Assessment Azure, Agentless Assessment, Frictionless Assessment Agent, Frictionless Assessment AWS, Nessus Agent"
    },
    "Risk Information": [
        {
            "Name": "[VPR](https://www.tenable.com/blog/what-is-vpr-and-how-is-it-different-from-cvss)",
            "Risk Factor": "High",
            "Score": "8.4"
        },
        {
            "Name": "[CVSS v2](https://nvd.nist.gov/vuln-metrics/cvss/v2-calculator?vector=AV:N/AC:M/Au:N/C:C/I:C/A:C)",
            "Risk Factor": "High",
            "Base Score": "9.3",
            "Temporal Score": "7.3",
            "Vector": "CVSS2#AV:N/AC:M/Au:N/C:C/I:C/A:C"
        },
        {
            "Name": "[CVSS v3](https://nvd.nist.gov/vuln-metrics/cvss/v3-calculator?vector=AV:N/AC:L/PR:N/UI:R/S:C/C:H/I:H/A:H/E:P/RL:O/RC:C&version=3.0)",
            "Risk Factor": "Critical",
            "Base Score": "9.6",
            "Temporal Score": "8.6",
            "Vector": "CVSS:3.0/AV:N/AC:L/PR:N/UI:R/S:C/C:H/I:H/A:H",
            "Temporal Vector": "CVSS:3.0/E:P/RL:O/RC:C"
        }
    ],
    "Vulnerability Information": {
        "CPE": "p-cpe:/a:redhat:enterprise_linux:chromium-browser, p-cpe:/a:redhat:enterprise_linux:chromium-browser-debuginfo, cpe:/o:redhat:enterprise_linux:6",
        "Required KB Items": "Host/local_checks_enabled, Host/RedHat/rpm-list, Host/cpu, Host/RedHat/release",
        "Exploit Available": "true",
        "Exploit Ease": "Exploits are available",
        "Patch Publication Date": "6/7/2018",
        "Vulnerability Publication Date": "1/9/2019"
    },
    "Reference Information": {
        "CVE": "[CVE-2018-6123](/cve/CVE-2018-6123), [CVE-2018-6124](/cve/CVE-2018-6124), [CVE-2018-6125](/cve/CVE-2018-6125), [CVE-2018-6126](/cve/CVE-2018-6126), [CVE-2018-6127](/cve/CVE-2018-6127), [CVE-2018-6129](/cve/CVE-2018-6129), [CVE-2018-6130](/cve/CVE-2018-6130), [CVE-2018-6131](/cve/CVE-2018-6131), [CVE-2018-6132](/cve/CVE-2018-6132), [CVE-2018-6133](/cve/CVE-2018-6133), [CVE-2018-6134](/cve/CVE-2018-6134), [CVE-2018-6135](/cve/CVE-2018-6135), [CVE-2018-6136](/cve/CVE-2018-6136), [CVE-2018-6137](/cve/CVE-2018-6137), [CVE-2018-6138](/cve/CVE-2018-6138), [CVE-2018-6139](/cve/CVE-2018-6139), [CVE-2018-6140](/cve/CVE-2018-6140), [CVE-2018-6141](/cve/CVE-2018-6141), [CVE-2018-6142](/cve/CVE-2018-6142), [CVE-2018-6143](/cve/CVE-2018-6143), [CVE-2018-6144](/cve/CVE-2018-6144), [CVE-2018-6145](/cve/CVE-2018-6145), [CVE-2018-6147](/cve/CVE-2018-6147)",
        "RHSA": "[2018:1815](https://access.redhat.com/errata/RHSA-2018:1815)"
    }
}