{
    "Title": "SUSE SLES12 Security Update : xen (SUSE-SU-2018:1658-1) (Meltd...",
    "Synopsis": "The remote SUSE host is missing one or more security updates.",
    "Description": "This update for xen fixes several issues. These security issues were fixed :\n  - CVE-2018-3639: Prevent attackers with local user access     from extracting information via a side-channel analysis,     aka Speculative Store Bypass (SSB), Variant 4     (bsc#1092631).\n  - CVE-2017-5753,CVE-2017-5715,CVE-2017-5754: Improved     Spectre v2 mitigations (bsc#1074562).\nNote that Tenable Network Security has extracted the preceding description block directly from the SUSE security advisory. Tenable has attempted to automatically clean and format it as much as possible without introducing additional issues.",
    "Solution": "To install this SUSE Security Update use the SUSE recommended installation methods like YaST online_update or 'zypper patch'.\nAlternatively you can run the command listed for your product :\nSUSE Linux Enterprise Server 12-LTSS:zypper in -t patch SUSE-SLE-SERVER-12-2018-1129=1",
    "See Also": [
        "[https://bugzilla.suse.com/show_bug.cgi?id=1074562](https://bugzilla.suse.com/show_bug.cgi?id=1074562)",
        "[https://bugzilla.suse.com/show_bug.cgi?id=1092631](https://bugzilla.suse.com/show_bug.cgi?id=1092631)",
        "[https://www.suse.com/security/cve/CVE-2017-5715/](https://www.suse.com/security/cve/CVE-2017-5715/)",
        "[https://www.suse.com/security/cve/CVE-2017-5753/](https://www.suse.com/security/cve/CVE-2017-5753/)",
        "[https://www.suse.com/security/cve/CVE-2017-5754/](https://www.suse.com/security/cve/CVE-2017-5754/)",
        "[https://www.suse.com/security/cve/CVE-2018-3639/](https://www.suse.com/security/cve/CVE-2018-3639/)",
        "[http://www.nessus.org/u?2e8dccca](http://www.nessus.org/u?2e8dccca)"
    ],
    "Plugin Details": {
        "Severity": "Medium",
        "ID": "110509",
        "File Name": "suse_SU-2018-1658-1.nasl",
        "Version": "1.8",
        "Type": "local",
        "Agent": "unix",
        "Family": "[SuSE Local Security Checks](https://www.tenable.com/plugins/nessus/families/SuSE%20Local%20Security%20Checks)",
        "Published": "6/13/2018",
        "Updated": "4/15/2021",
        "Supported Sensors": "Frictionless Assessment AWS, Frictionless Assessment Azure, Frictionless Assessment Agent, Nessus Agent, Agentless Assessment"
    },
    "Risk Information": [
        {
            "Name": "[VPR](https://www.tenable.com/blog/what-is-vpr-and-how-is-it-different-from-cvss)",
            "Risk Factor": "High",
            "Score": "8.4"
        },
        {
            "Name": "[CVSS v2](https://nvd.nist.gov/vuln-metrics/cvss/v2-calculator?vector=AV:L/AC:M/Au:N/C:C/I:N/A:N)",
            "Risk Factor": "Medium",
            "Base Score": "4.7",
            "Temporal Score": "4.1",
            "Vector": "CVSS2#AV:L/AC:M/Au:N/C:C/I:N/A:N"
        },
        {
            "Name": "[CVSS v3](https://nvd.nist.gov/vuln-metrics/cvss/v3-calculator?vector=AV:L/AC:H/PR:L/UI:N/S:C/C:H/I:N/A:N/E:H/RL:O/RC:C&version=3.0)",
            "Risk Factor": "Medium",
            "Base Score": "5.6",
            "Temporal Score": "5.4",
            "Vector": "CVSS:3.0/AV:L/AC:H/PR:L/UI:N/S:C/C:H/I:N/A:N",
            "Temporal Vector": "CVSS:3.0/E:H/RL:O/RC:C"
        }
    ],
    "Vulnerability Information": {
        "CPE": "p-cpe:/a:novell:suse_linux:xen, p-cpe:/a:novell:suse_linux:xen-debugsource, p-cpe:/a:novell:suse_linux:xen-doc-html, p-cpe:/a:novell:suse_linux:xen-kmp-default, p-cpe:/a:novell:suse_linux:xen-kmp-default-debuginfo, p-cpe:/a:novell:suse_linux:xen-libs, p-cpe:/a:novell:suse_linux:xen-libs-debuginfo, p-cpe:/a:novell:suse_linux:xen-tools, p-cpe:/a:novell:suse_linux:xen-tools-debuginfo, p-cpe:/a:novell:suse_linux:xen-tools-domu, p-cpe:/a:novell:suse_linux:xen-tools-domu-debuginfo, cpe:/o:novell:suse_linux:12",
        "Required KB Items": "Host/local_checks_enabled, Host/cpu, Host/SuSE/release, Host/SuSE/rpm-list",
        "Exploit Available": "true",
        "Exploit Ease": "Exploits are available",
        "Patch Publication Date": "6/12/2018",
        "Vulnerability Publication Date": "1/4/2018"
    },
    "Exploitable With": "CANVAS  (CANVAS)",
    "Reference Information": {
        "CVE": "[CVE-2017-5715](/cve/CVE-2017-5715), [CVE-2017-5753](/cve/CVE-2017-5753), [CVE-2017-5754](/cve/CVE-2017-5754), [CVE-2018-3639](/cve/CVE-2018-3639)",
        "IAVA": "2018-A-0019, 2018-A-0020"
    }
}