{
    "Title": "SUSE SLED12 / SLES12 Security Update : java-1_7_0-openjdk (SUS...",
    "Synopsis": "The remote SUSE host is missing one or more security updates.",
    "Description": "This update for java-1_7_0-openjdk to version 7u181 fixes the following issues :\n  + S8162488: JDK should be updated to use LittleCMS 2.8\n  + S8180881: Better packaging of deserialization\n  + S8182362: Update CipherOutputStream Usage\n  + S8183032: Upgrade to LittleCMS 2.9\n  + S8189123: More consistent classloading\n  + S8190478: Improved interface method selection\n  + S8190877: Better handling of abstract classes\n  + S8191696: Better mouse positioning\n  + S8192030: Better MTSchema support\n  + S8193409: Improve AES supporting classes\n  + S8193414: Improvements in MethodType lookups\n  + S8189969, CVE-2018-2790, bsc#1090023: Manifest better     manifest entries\n  + S8189977, CVE-2018-2795, bsc#1090025: Improve permission     portability\n  + S8189981, CVE-2018-2796, bsc#1090026: Improve queuing     portability\n  + S8189985, CVE-2018-2797, bsc#1090027: Improve tabular     data portability\n  + S8189989, CVE-2018-2798, bsc#1090028: Improve container     portability\n  + S8189993, CVE-2018-2799, bsc#1090029: Improve document     portability\n  + S8189997, CVE-2018-2794, bsc#1090024: Enhance keystore     mechanisms\n  + S8192025, CVE-2018-2814, bsc#1090032: Less referential     references\n  + S8192757, CVE-2018-2815, bsc#1090033: Improve stub     classes implementation\n  + S8193833, CVE-2018-2800, bsc#1090030: Better RMI     connection support For additional changes please consult     the changelog.\nNote that Tenable Network Security has extracted the preceding description block directly from the SUSE security advisory. Tenable has attempted to automatically clean and format it as much as possible without introducing additional issues.",
    "Solution": "To install this SUSE Security Update use the SUSE recommended installation methods like YaST online_update or 'zypper patch'.\nAlternatively you can run the command listed for your product :\nSUSE OpenStack Cloud 7:zypper in -t patch SUSE-OpenStack-Cloud-7-2018-1135=1\nSUSE Linux Enterprise Server for SAP 12-SP2:zypper in -t patch SUSE-SLE-SAP-12-SP2-2018-1135=1\nSUSE Linux Enterprise Server for SAP 12-SP1:zypper in -t patch SUSE-SLE-SAP-12-SP1-2018-1135=1\nSUSE Linux Enterprise Server 12-SP3:zypper in -t patch SUSE-SLE-SERVER-12-SP3-2018-1135=1\nSUSE Linux Enterprise Server 12-SP2-LTSS:zypper in -t patch SUSE-SLE-SERVER-12-SP2-2018-1135=1\nSUSE Linux Enterprise Server 12-SP1-LTSS:zypper in -t patch SUSE-SLE-SERVER-12-SP1-2018-1135=1\nSUSE Linux Enterprise Server 12-LTSS:zypper in -t patch SUSE-SLE-SERVER-12-2018-1135=1\nSUSE Linux Enterprise Desktop 12-SP3:zypper in -t patch SUSE-SLE-DESKTOP-12-SP3-2018-1135=1\nSUSE Enterprise Storage 4:zypper in -t patch SUSE-Storage-4-2018-1135=1",
    "See Also": [
        "[https://bugzilla.suse.com/show_bug.cgi?id=1090023](https://bugzilla.suse.com/show_bug.cgi?id=1090023)",
        "[https://bugzilla.suse.com/show_bug.cgi?id=1090024](https://bugzilla.suse.com/show_bug.cgi?id=1090024)",
        "[https://bugzilla.suse.com/show_bug.cgi?id=1090025](https://bugzilla.suse.com/show_bug.cgi?id=1090025)",
        "[https://bugzilla.suse.com/show_bug.cgi?id=1090026](https://bugzilla.suse.com/show_bug.cgi?id=1090026)",
        "[https://bugzilla.suse.com/show_bug.cgi?id=1090027](https://bugzilla.suse.com/show_bug.cgi?id=1090027)",
        "[https://bugzilla.suse.com/show_bug.cgi?id=1090028](https://bugzilla.suse.com/show_bug.cgi?id=1090028)",
        "[https://bugzilla.suse.com/show_bug.cgi?id=1090029](https://bugzilla.suse.com/show_bug.cgi?id=1090029)",
        "[https://bugzilla.suse.com/show_bug.cgi?id=1090030](https://bugzilla.suse.com/show_bug.cgi?id=1090030)",
        "[https://bugzilla.suse.com/show_bug.cgi?id=1090032](https://bugzilla.suse.com/show_bug.cgi?id=1090032)",
        "[https://bugzilla.suse.com/show_bug.cgi?id=1090033](https://bugzilla.suse.com/show_bug.cgi?id=1090033)",
        "[https://www.suse.com/security/cve/CVE-2018-2790/](https://www.suse.com/security/cve/CVE-2018-2790/)",
        "[https://www.suse.com/security/cve/CVE-2018-2794/](https://www.suse.com/security/cve/CVE-2018-2794/)",
        "[https://www.suse.com/security/cve/CVE-2018-2795/](https://www.suse.com/security/cve/CVE-2018-2795/)",
        "[https://www.suse.com/security/cve/CVE-2018-2796/](https://www.suse.com/security/cve/CVE-2018-2796/)",
        "[https://www.suse.com/security/cve/CVE-2018-2797/](https://www.suse.com/security/cve/CVE-2018-2797/)",
        "[https://www.suse.com/security/cve/CVE-2018-2798/](https://www.suse.com/security/cve/CVE-2018-2798/)",
        "[https://www.suse.com/security/cve/CVE-2018-2799/](https://www.suse.com/security/cve/CVE-2018-2799/)",
        "[https://www.suse.com/security/cve/CVE-2018-2800/](https://www.suse.com/security/cve/CVE-2018-2800/)",
        "[https://www.suse.com/security/cve/CVE-2018-2814/](https://www.suse.com/security/cve/CVE-2018-2814/)",
        "[https://www.suse.com/security/cve/CVE-2018-2815/](https://www.suse.com/security/cve/CVE-2018-2815/)",
        "[http://www.nessus.org/u?047741b3](http://www.nessus.org/u?047741b3)"
    ],
    "Plugin Details": {
        "Severity": "High",
        "ID": "110546",
        "File Name": "suse_SU-2018-1692-1.nasl",
        "Version": "1.6",
        "Type": "local",
        "Agent": "unix",
        "Family": "[SuSE Local Security Checks](https://www.tenable.com/plugins/nessus/families/SuSE%20Local%20Security%20Checks)",
        "Published": "6/15/2018",
        "Updated": "9/10/2019",
        "Supported Sensors": "Agentless Assessment, Frictionless Assessment Agent, Frictionless Assessment AWS, Frictionless Assessment Azure, Nessus Agent"
    },
    "Risk Information": [
        {
            "Name": "[VPR](https://www.tenable.com/blog/what-is-vpr-and-how-is-it-different-from-cvss)",
            "Risk Factor": "High",
            "Score": "7.3"
        },
        {
            "Name": "[CVSS v2](https://nvd.nist.gov/vuln-metrics/cvss/v2-calculator?vector=AV:N/AC:H/Au:N/C:P/I:P/A:P)",
            "Risk Factor": "Medium",
            "Base Score": "5.1",
            "Vector": "CVSS2#AV:N/AC:H/Au:N/C:P/I:P/A:P"
        },
        {
            "Name": "[CVSS v3](https://nvd.nist.gov/vuln-metrics/cvss/v3-calculator?vector=AV:N/AC:H/PR:N/UI:R/S:C/C:H/I:H/A:H&version=3.0)",
            "Risk Factor": "High",
            "Base Score": "8.3",
            "Vector": "CVSS:3.0/AV:N/AC:H/PR:N/UI:R/S:C/C:H/I:H/A:H"
        }
    ],
    "Vulnerability Information": {
        "CPE": "p-cpe:/a:novell:suse_linux:java-1_7_0-openjdk, p-cpe:/a:novell:suse_linux:java-1_7_0-openjdk-debuginfo, p-cpe:/a:novell:suse_linux:java-1_7_0-openjdk-debugsource, p-cpe:/a:novell:suse_linux:java-1_7_0-openjdk-demo, p-cpe:/a:novell:suse_linux:java-1_7_0-openjdk-demo-debuginfo, p-cpe:/a:novell:suse_linux:java-1_7_0-openjdk-devel, p-cpe:/a:novell:suse_linux:java-1_7_0-openjdk-devel-debuginfo, p-cpe:/a:novell:suse_linux:java-1_7_0-openjdk-headless, p-cpe:/a:novell:suse_linux:java-1_7_0-openjdk-headless-debuginfo, cpe:/o:novell:suse_linux:12",
        "Required KB Items": "Host/local_checks_enabled, Host/cpu, Host/SuSE/release, Host/SuSE/rpm-list",
        "Patch Publication Date": "6/14/2018",
        "Vulnerability Publication Date": "4/19/2018"
    },
    "Reference Information": {
        "CVE": "[CVE-2018-2790](/cve/CVE-2018-2790), [CVE-2018-2794](/cve/CVE-2018-2794), [CVE-2018-2795](/cve/CVE-2018-2795), [CVE-2018-2796](/cve/CVE-2018-2796), [CVE-2018-2797](/cve/CVE-2018-2797), [CVE-2018-2798](/cve/CVE-2018-2798), [CVE-2018-2799](/cve/CVE-2018-2799), [CVE-2018-2800](/cve/CVE-2018-2800), [CVE-2018-2814](/cve/CVE-2018-2814), [CVE-2018-2815](/cve/CVE-2018-2815)"
    }
}