{
    "Title": "RHEL 6 : firefox (RHSA-2018:2112)",
    "Synopsis": "The remote Red Hat host is missing one or more security updates.",
    "Description": "An update for firefox is now available for Red Hat Enterprise Linux 6.\nRed Hat Product Security has rated this update as having a security impact of Critical. A Common Vulnerability Scoring System (CVSS) base score, which gives a detailed severity rating, is available for each vulnerability from the CVE link(s) in the References section.\nMozilla Firefox is an open source web browser, designed for standards compliance, performance, and portability.\nThis update upgrades Firefox to version 60.1.0 ESR.\nSecurity Fix(es) :\n* Mozilla: Memory safety bugs fixed in Firefox 61, Firefox ESR 60.1, and Firefox ESR 52.9 (CVE-2018-5188)\n* Mozilla: Buffer overflow using computed size of canvas element (CVE-2018-12359)\n* Mozilla: Use-after-free using focus() (CVE-2018-12360)\n* Mozilla: Media recorder segmentation fault when track type is changed during capture (CVE-2018-5156)\n* Skia: Heap buffer overflow rasterizing paths in SVG (CVE-2018-6126)\n* Mozilla: Integer overflow in SSSE3 scaler (CVE-2018-12362)\n* Mozilla: Use-after-free when appending DOM nodes (CVE-2018-12363)\n* Mozilla: CSRF attacks through 307 redirects and NPAPI plugins (CVE-2018-12364)\n* Mozilla: address bar username and password spoofing in reader mode (CVE-2017-7762)\n* Mozilla: Compromised IPC child process can list local filenames (CVE-2018-12365)\n* Mozilla: Invalid data handling during QCMS transformations (CVE-2018-12366)\nFor more details about the security issue(s), including the impact, a CVSS score, and other related information, refer to the CVE page(s) listed in the References section.\nRed Hat would like to thank the Mozilla project for reporting these issues. Upstream acknowledges Alex Gaynor, Christoph Diehl, Christian Holler, Jason Kratzer, David Major, Jon Coppeard, Nicolas B. Pierron, Marcia Knous, Ronald Crane, Nils, F. Alonso (revskills), David Black, and OSS-Fuzz as the original reporters.",
    "Solution": "Update the affected firefox and / or firefox-debuginfo packages.",
    "See Also": [
        "[https://www.mozilla.org/en-US/security/advisories/mfsa2018-16/](https://www.mozilla.org/en-US/security/advisories/mfsa2018-16/)",
        "[https://access.redhat.com/errata/RHSA-2018:2112](https://access.redhat.com/errata/RHSA-2018:2112)",
        "[https://access.redhat.com/security/cve/cve-2017-7762](https://access.redhat.com/security/cve/cve-2017-7762)",
        "[https://access.redhat.com/security/cve/cve-2018-5156](https://access.redhat.com/security/cve/cve-2018-5156)",
        "[https://access.redhat.com/security/cve/cve-2018-5188](https://access.redhat.com/security/cve/cve-2018-5188)",
        "[https://access.redhat.com/security/cve/cve-2018-6126](https://access.redhat.com/security/cve/cve-2018-6126)",
        "[https://access.redhat.com/security/cve/cve-2018-12359](https://access.redhat.com/security/cve/cve-2018-12359)",
        "[https://access.redhat.com/security/cve/cve-2018-12360](https://access.redhat.com/security/cve/cve-2018-12360)",
        "[https://access.redhat.com/security/cve/cve-2018-12362](https://access.redhat.com/security/cve/cve-2018-12362)",
        "[https://access.redhat.com/security/cve/cve-2018-12363](https://access.redhat.com/security/cve/cve-2018-12363)",
        "[https://access.redhat.com/security/cve/cve-2018-12364](https://access.redhat.com/security/cve/cve-2018-12364)",
        "[https://access.redhat.com/security/cve/cve-2018-12365](https://access.redhat.com/security/cve/cve-2018-12365)",
        "[https://access.redhat.com/security/cve/cve-2018-12366](https://access.redhat.com/security/cve/cve-2018-12366)"
    ],
    "Plugin Details": {
        "Severity": "Critical",
        "ID": "110799",
        "File Name": "redhat-RHSA-2018-2112.nasl",
        "Version": "1.14",
        "Type": "local",
        "Agent": "unix",
        "Family": "[Red Hat Local Security Checks](https://www.tenable.com/plugins/nessus/families/Red%20Hat%20Local%20Security%20Checks)",
        "Published": "6/29/2018",
        "Updated": "1/28/2022",
        "Supported Sensors": "Agentless Assessment, Frictionless Assessment Agent, Frictionless Assessment AWS, Frictionless Assessment Azure, Nessus Agent"
    },
    "Risk Information": [
        {
            "Name": "[VPR](https://www.tenable.com/blog/what-is-vpr-and-how-is-it-different-from-cvss)",
            "Risk Factor": "High",
            "Score": "8.4"
        },
        {
            "Name": "[CVSS v2](https://nvd.nist.gov/vuln-metrics/cvss/v2-calculator?vector=AV:N/AC:L/Au:N/C:P/I:P/A:P)",
            "Risk Factor": "High",
            "Base Score": "7.5",
            "Temporal Score": "5.9",
            "Vector": "CVSS2#AV:N/AC:L/Au:N/C:P/I:P/A:P"
        },
        {
            "Name": "[CVSS v3](https://nvd.nist.gov/vuln-metrics/cvss/v3-calculator?vector=AV:N/AC:L/PR:N/UI:N/S:U/C:H/I:H/A:H/E:P/RL:O/RC:C&version=3.0)",
            "Risk Factor": "Critical",
            "Base Score": "9.8",
            "Temporal Score": "8.8",
            "Vector": "CVSS:3.0/AV:N/AC:L/PR:N/UI:N/S:U/C:H/I:H/A:H",
            "Temporal Vector": "CVSS:3.0/E:P/RL:O/RC:C"
        }
    ],
    "Vulnerability Information": {
        "CPE": "p-cpe:/a:redhat:enterprise_linux:firefox, p-cpe:/a:redhat:enterprise_linux:firefox-debuginfo, cpe:/o:redhat:enterprise_linux:6",
        "Required KB Items": "Host/local_checks_enabled, Host/RedHat/release, Host/RedHat/rpm-list, Host/cpu",
        "Exploit Available": "true",
        "Exploit Ease": "Exploits are available",
        "Patch Publication Date": "6/28/2018",
        "Vulnerability Publication Date": "6/11/2018"
    },
    "Reference Information": {
        "CVE": "[CVE-2017-7762](/cve/CVE-2017-7762), [CVE-2018-12359](/cve/CVE-2018-12359), [CVE-2018-12360](/cve/CVE-2018-12360), [CVE-2018-12362](/cve/CVE-2018-12362), [CVE-2018-12363](/cve/CVE-2018-12363), [CVE-2018-12364](/cve/CVE-2018-12364), [CVE-2018-12365](/cve/CVE-2018-12365), [CVE-2018-12366](/cve/CVE-2018-12366), [CVE-2018-5156](/cve/CVE-2018-5156), [CVE-2018-5188](/cve/CVE-2018-5188), [CVE-2018-6126](/cve/CVE-2018-6126)",
        "RHSA": "[2018:2112](https://access.redhat.com/errata/RHSA-2018:2112)"
    }
}