{
    "Title": "RHEL 6 : kernel (RHSA-2018:2164) (Spectre)",
    "Synopsis": "The remote Red Hat host is missing one or more security updates.",
    "Description": "An update for kernel is now available for Red Hat Enterprise Linux 6.\nRed Hat Product Security has rated this update as having a security impact of Important. A Common Vulnerability Scoring System (CVSS) base score, which gives a detailed severity rating, is available for each vulnerability from the CVE link(s) in the References section.\nThe kernel packages contain the Linux kernel, the core of any Linux operating system.\nSecurity Fix(es) :\n* An industry-wide issue was found in the way many modern microprocessor designs have implemented speculative execution of Load & Store instructions (a commonly used performance optimization). It relies on the presence of a precisely-defined instruction sequence in the privileged code as well as the fact that memory read from address to which a recent memory write has occurred may see an older value and subsequently cause an update into the microprocessor's data cache even for speculatively executed instructions that never actually commit (retire). As a result, an unprivileged attacker could use this flaw to read privileged memory by conducting targeted cache side-channel attacks. (CVE-2018-3639, x86 AMD)\n* kernel: Use-after-free vulnerability in mm/mempolicy.c:do_get_mempolicy function allows local denial of service or other unspecified impact (CVE-2018-10675)\n* Kernel: FPU state information leakage via lazy FPU restore (CVE-2018-3665)\n* kernel: error in exception handling leads to DoS (CVE-2018-8897 regression) (CVE-2018-10872)\nFor more details about the security issue(s), including the impact, a CVSS score, and other related information, refer to the CVE page(s) listed in the References section.\nRed Hat would like to thank Ken Johnson (Microsoft Security Response Center) and Jann Horn (Google Project Zero) for reporting CVE-2018-3639 and Julian Stecklina (Amazon.de), Thomas Prescher (cyberus-technology.de), and Zdenek Sojka (sysgo.com) for reporting CVE-2018-3665.\nBug Fix(es) :\n* Previously, microcode updates on 32 and 64-bit AMD and Intel architectures were not synchronized. As a consequence, it was not possible to apply the microcode updates. This fix adds the synchronization to the microcode updates so that processors of the stated architectures receive updates at the same time. As a result, microcode updates are now synchronized. (BZ# 1574592)",
    "Solution": "Update the affected packages.",
    "See Also": [
        "[https://access.redhat.com/errata/RHSA-2018:2164](https://access.redhat.com/errata/RHSA-2018:2164)",
        "[https://access.redhat.com/security/cve/cve-2018-3639](https://access.redhat.com/security/cve/cve-2018-3639)",
        "[https://access.redhat.com/security/cve/cve-2018-3665](https://access.redhat.com/security/cve/cve-2018-3665)",
        "[https://access.redhat.com/security/cve/cve-2018-10675](https://access.redhat.com/security/cve/cve-2018-10675)",
        "[https://access.redhat.com/security/cve/cve-2018-10872](https://access.redhat.com/security/cve/cve-2018-10872)"
    ],
    "Plugin Details": {
        "Severity": "High",
        "ID": "111001",
        "File Name": "redhat-RHSA-2018-2164.nasl",
        "Version": "1.11",
        "Type": "local",
        "Agent": "unix",
        "Family": "[Red Hat Local Security Checks](https://www.tenable.com/plugins/nessus/families/Red%20Hat%20Local%20Security%20Checks)",
        "Published": "7/11/2018",
        "Updated": "1/28/2022",
        "Supported Sensors": "Frictionless Assessment Azure, Agentless Assessment, Frictionless Assessment Agent, Frictionless Assessment AWS, Nessus Agent"
    },
    "Risk Information": [
        {
            "Name": "[VPR](https://www.tenable.com/blog/what-is-vpr-and-how-is-it-different-from-cvss)",
            "Risk Factor": "Medium",
            "Score": "6.7"
        },
        {
            "Name": "[CVSS v2](https://nvd.nist.gov/vuln-metrics/cvss/v2-calculator?vector=AV:L/AC:L/Au:N/C:C/I:C/A:C)",
            "Risk Factor": "High",
            "Base Score": "7.2",
            "Temporal Score": "5.6",
            "Vector": "CVSS2#AV:L/AC:L/Au:N/C:C/I:C/A:C"
        },
        {
            "Name": "[CVSS v3](https://nvd.nist.gov/vuln-metrics/cvss/v3-calculator?vector=AV:L/AC:L/PR:L/UI:N/S:U/C:H/I:H/A:H/E:P/RL:O/RC:C&version=3.0)",
            "Risk Factor": "High",
            "Base Score": "7.8",
            "Temporal Score": "7",
            "Vector": "CVSS:3.0/AV:L/AC:L/PR:L/UI:N/S:U/C:H/I:H/A:H",
            "Temporal Vector": "CVSS:3.0/E:P/RL:O/RC:C"
        }
    ],
    "Vulnerability Information": {
        "CPE": "p-cpe:/a:redhat:enterprise_linux:kernel, p-cpe:/a:redhat:enterprise_linux:kernel-abi-whitelists, p-cpe:/a:redhat:enterprise_linux:kernel-debug, p-cpe:/a:redhat:enterprise_linux:kernel-debug-debuginfo, p-cpe:/a:redhat:enterprise_linux:kernel-debug-devel, p-cpe:/a:redhat:enterprise_linux:kernel-debuginfo, p-cpe:/a:redhat:enterprise_linux:kernel-debuginfo-common-i686, p-cpe:/a:redhat:enterprise_linux:kernel-debuginfo-common-s390x, p-cpe:/a:redhat:enterprise_linux:kernel-debuginfo-common-x86_64, p-cpe:/a:redhat:enterprise_linux:kernel-devel, p-cpe:/a:redhat:enterprise_linux:kernel-doc, p-cpe:/a:redhat:enterprise_linux:kernel-firmware, p-cpe:/a:redhat:enterprise_linux:kernel-headers, p-cpe:/a:redhat:enterprise_linux:kernel-kdump, p-cpe:/a:redhat:enterprise_linux:kernel-kdump-debuginfo, p-cpe:/a:redhat:enterprise_linux:kernel-kdump-devel, p-cpe:/a:redhat:enterprise_linux:perf, p-cpe:/a:redhat:enterprise_linux:perf-debuginfo, p-cpe:/a:redhat:enterprise_linux:python-perf, p-cpe:/a:redhat:enterprise_linux:python-perf-debuginfo, cpe:/o:redhat:enterprise_linux:6",
        "Required KB Items": "Host/local_checks_enabled, Host/RedHat/rpm-list, Host/cpu, Host/RedHat/release",
        "Exploit Available": "true",
        "Exploit Ease": "Exploits are available",
        "Patch Publication Date": "7/10/2018",
        "Vulnerability Publication Date": "5/2/2018"
    },
    "Reference Information": {
        "CVE": "[CVE-2018-10675](/cve/CVE-2018-10675), [CVE-2018-10872](/cve/CVE-2018-10872), [CVE-2018-3639](/cve/CVE-2018-3639), [CVE-2018-3665](/cve/CVE-2018-3665)",
        "RHSA": "[2018:2164](https://access.redhat.com/errata/RHSA-2018:2164)"
    }
}