{
    "Title": "RHEL 6 : MRG (RHSA-2018:2165)",
    "Synopsis": "The remote Red Hat host is missing one or more security updates.",
    "Description": "Updated kernel-rt packages that fix two security issues and add one enhancement are now available for Red Hat Enterprise MRG 2.\nRed Hat Product Security has rated this update as having a security impact of Moderate. A Common Vulnerability Scoring System (CVSS) base score, which gives a detailed severity rating, is available for each vulnerability from the CVE link(s) in the References section.\nThe kernel-rt packages provide the Real Time Linux Kernel, which enables fine-tuning for systems with extremely high determinism requirements.\nSecurity Fix(es) :\n* kernel: Buffer over-read in keyring subsystem allows exposing potentially sensitive information to local attacker (CVE-2017-13305)\n* Kernel: FPU state information leakage via lazy FPU restore (CVE-2018-3665)\nFor more details about the security issue(s), including the impact, a CVSS score, and other related information, refer to the CVE page(s) listed in the References section.\nRed Hat would like to thank Julian Stecklina (Amazon.de), Thomas Prescher (cyberus-technology.de), and Zdenek Sojka (sysgo.com) for reporting CVE-2018-3665.\nEnhancement(s) :\n* The kernel-rt packages have been upgraded to version 3.10.0-693.35.1.rt56.623, which provides a number of bug fixes over the previous version. (BZ#1579972)\nUsers of kernel-rt are advised to upgrade to these updated packages, which add this enhancement.\nThe system must be rebooted for this update to take effect.",
    "Solution": "Update the affected packages.",
    "See Also": [
        "[https://access.redhat.com/errata/RHSA-2018:2165](https://access.redhat.com/errata/RHSA-2018:2165)",
        "[https://access.redhat.com/security/cve/cve-2017-13305](https://access.redhat.com/security/cve/cve-2017-13305)",
        "[https://access.redhat.com/security/cve/cve-2018-3665](https://access.redhat.com/security/cve/cve-2018-3665)"
    ],
    "Plugin Details": {
        "Severity": "High",
        "ID": "111029",
        "File Name": "redhat-RHSA-2018-2165.nasl",
        "Version": "1.9",
        "Type": "local",
        "Agent": "unix",
        "Family": "[Red Hat Local Security Checks](https://www.tenable.com/plugins/nessus/families/Red%20Hat%20Local%20Security%20Checks)",
        "Published": "7/12/2018",
        "Updated": "10/24/2019",
        "Supported Sensors": "Agentless Assessment, Frictionless Assessment Agent, Frictionless Assessment AWS, Frictionless Assessment Azure, Nessus Agent"
    },
    "Risk Information": [
        {
            "Name": "[VPR](https://www.tenable.com/blog/what-is-vpr-and-how-is-it-different-from-cvss)",
            "Risk Factor": "Medium",
            "Score": "5.2"
        },
        {
            "Name": "[CVSS v2](https://nvd.nist.gov/vuln-metrics/cvss/v2-calculator?vector=AV:L/AC:M/Au:N/C:C/I:N/A:N)",
            "Risk Factor": "Medium",
            "Base Score": "4.7",
            "Vector": "CVSS2#AV:L/AC:M/Au:N/C:C/I:N/A:N"
        },
        {
            "Name": "[CVSS v3](https://nvd.nist.gov/vuln-metrics/cvss/v3-calculator?vector=AV:L/AC:L/PR:L/UI:N/S:U/C:H/I:N/A:H&version=3.0)",
            "Risk Factor": "High",
            "Base Score": "7.1",
            "Vector": "CVSS:3.0/AV:L/AC:L/PR:L/UI:N/S:U/C:H/I:N/A:H"
        }
    ],
    "Vulnerability Information": {
        "CPE": "p-cpe:/a:redhat:enterprise_linux:kernel-rt, p-cpe:/a:redhat:enterprise_linux:kernel-rt-debug, p-cpe:/a:redhat:enterprise_linux:kernel-rt-debug-debuginfo, p-cpe:/a:redhat:enterprise_linux:kernel-rt-debug-devel, p-cpe:/a:redhat:enterprise_linux:kernel-rt-debuginfo, p-cpe:/a:redhat:enterprise_linux:kernel-rt-debuginfo-common-x86_64, p-cpe:/a:redhat:enterprise_linux:kernel-rt-devel, p-cpe:/a:redhat:enterprise_linux:kernel-rt-doc, p-cpe:/a:redhat:enterprise_linux:kernel-rt-firmware, p-cpe:/a:redhat:enterprise_linux:kernel-rt-trace, p-cpe:/a:redhat:enterprise_linux:kernel-rt-trace-debuginfo, p-cpe:/a:redhat:enterprise_linux:kernel-rt-trace-devel, p-cpe:/a:redhat:enterprise_linux:kernel-rt-vanilla, p-cpe:/a:redhat:enterprise_linux:kernel-rt-vanilla-debuginfo, p-cpe:/a:redhat:enterprise_linux:kernel-rt-vanilla-devel, cpe:/o:redhat:enterprise_linux:6",
        "Required KB Items": "Host/local_checks_enabled, Host/RedHat/release, Host/RedHat/rpm-list, Host/cpu",
        "Patch Publication Date": "7/10/2018",
        "Vulnerability Publication Date": "4/4/2018"
    },
    "Reference Information": {
        "CVE": "[CVE-2017-13305](/cve/CVE-2017-13305), [CVE-2018-3665](/cve/CVE-2018-3665)",
        "RHSA": "[2018:2165](https://access.redhat.com/errata/RHSA-2018:2165)"
    }
}