{
    "Title": "RHEL 6 : qemu-kvm (RHSA-2018:2162) (Spectre)",
    "Synopsis": "The remote Red Hat host is missing one or more security updates.",
    "Description": "An update for qemu-kvm is now available for Red Hat Enterprise Linux 6.\nRed Hat Product Security has rated this update as having a security impact of Important. A Common Vulnerability Scoring System (CVSS) base score, which gives a detailed severity rating, is available for each vulnerability from the CVE link(s) in the References section.\nKernel-based Virtual Machine (KVM) is a full virtualization solution for Linux on a variety of architectures. The qemu-kvm packages provide the user-space component for running virtual machines that use KVM.\nSecurity Fix(es) :\n* An industry-wide issue was found in the way many modern microprocessor designs have implemented speculative execution of Load & Store instructions (a commonly used performance optimization). It relies on the presence of a precisely-defined instruction sequence in the privileged code as well as the fact that memory read from address to which a recent memory write has occurred may see an older value and subsequently cause an update into the microprocessor's data cache even for speculatively executed instructions that never actually commit (retire). As a result, an unprivileged attacker could use this flaw to read privileged memory by conducting targeted cache side-channel attacks. (CVE-2018-3639)\nNote: This is the qemu-kvm side of the CVE-2018-3639 mitigation.\n* QEMU: cirrus: OOB access when updating VGA display (CVE-2018-7858)\n* QEMU: vga: OOB read access during display update (CVE-2017-13672)\n* Qemu: Out-of-bounds read in vga_draw_text routine (CVE-2018-5683)\nFor more details about the security issue(s), including the impact, a CVSS score, and other related information, refer to the CVE page(s) listed in the References section.\nRed Hat would like to thank Ken Johnson (Microsoft Security Response Center) and Jann Horn (Google Project Zero) for reporting CVE-2018-3639; Ross Lagerwall (Citrix.com) for reporting CVE-2018-7858; David Buchanan for reporting CVE-2017-13672; and Jiang Xin and Lin ZheCheng for reporting CVE-2018-5683.",
    "Solution": "Update the affected packages.",
    "See Also": [
        "[https://access.redhat.com/security/vulnerabilities/ssbd](https://access.redhat.com/security/vulnerabilities/ssbd)",
        "[https://access.redhat.com/errata/RHSA-2018:2162](https://access.redhat.com/errata/RHSA-2018:2162)",
        "[https://access.redhat.com/security/cve/cve-2017-13672](https://access.redhat.com/security/cve/cve-2017-13672)",
        "[https://access.redhat.com/security/cve/cve-2018-3639](https://access.redhat.com/security/cve/cve-2018-3639)",
        "[https://access.redhat.com/security/cve/cve-2018-5683](https://access.redhat.com/security/cve/cve-2018-5683)",
        "[https://access.redhat.com/security/cve/cve-2018-7858](https://access.redhat.com/security/cve/cve-2018-7858)"
    ],
    "Plugin Details": {
        "Severity": "Medium",
        "ID": "111000",
        "File Name": "redhat-RHSA-2018-2162.nasl",
        "Version": "1.7",
        "Type": "local",
        "Agent": "unix",
        "Family": "[Red Hat Local Security Checks](https://www.tenable.com/plugins/nessus/families/Red%20Hat%20Local%20Security%20Checks)",
        "Published": "7/11/2018",
        "Updated": "4/15/2021",
        "Supported Sensors": "Frictionless Assessment Azure, Agentless Assessment, Frictionless Assessment Agent, Frictionless Assessment AWS, Nessus Agent"
    },
    "Risk Information": [
        {
            "Name": "[VPR](https://www.tenable.com/blog/what-is-vpr-and-how-is-it-different-from-cvss)",
            "Risk Factor": "Medium",
            "Score": "6.7"
        },
        {
            "Name": "[CVSS v2](https://nvd.nist.gov/vuln-metrics/cvss/v2-calculator?vector=AV:L/AC:L/Au:N/C:N/I:N/A:P)",
            "Risk Factor": "Low",
            "Base Score": "2.1",
            "Temporal Score": "1.6",
            "Vector": "CVSS2#AV:L/AC:L/Au:N/C:N/I:N/A:P"
        },
        {
            "Name": "[CVSS v3](https://nvd.nist.gov/vuln-metrics/cvss/v3-calculator?vector=AV:L/AC:L/PR:H/UI:N/S:C/C:N/I:N/A:H/E:P/RL:O/RC:C&version=3.0)",
            "Risk Factor": "Medium",
            "Base Score": "6",
            "Temporal Score": "5.4",
            "Vector": "CVSS:3.0/AV:L/AC:L/PR:H/UI:N/S:C/C:N/I:N/A:H",
            "Temporal Vector": "CVSS:3.0/E:P/RL:O/RC:C"
        }
    ],
    "Vulnerability Information": {
        "CPE": "p-cpe:/a:redhat:enterprise_linux:qemu-guest-agent, p-cpe:/a:redhat:enterprise_linux:qemu-img, p-cpe:/a:redhat:enterprise_linux:qemu-kvm, p-cpe:/a:redhat:enterprise_linux:qemu-kvm-debuginfo, p-cpe:/a:redhat:enterprise_linux:qemu-kvm-tools, cpe:/o:redhat:enterprise_linux:6",
        "Required KB Items": "Host/local_checks_enabled, Host/RedHat/rpm-list, Host/cpu, Host/RedHat/release",
        "Exploit Available": "true",
        "Exploit Ease": "Exploits are available",
        "Patch Publication Date": "7/10/2018",
        "Vulnerability Publication Date": "9/1/2017"
    },
    "Reference Information": {
        "CVE": "[CVE-2017-13672](/cve/CVE-2017-13672), [CVE-2018-3639](/cve/CVE-2018-3639), [CVE-2018-5683](/cve/CVE-2018-5683), [CVE-2018-7858](/cve/CVE-2018-7858)",
        "RHSA": "[2018:2162](https://access.redhat.com/errata/RHSA-2018:2162)"
    }
}