{
    "Title": "RHEL 7 : Red Hat Ceph Storage 3.0 (RHSA-2018:2177)",
    "Synopsis": "The remote Red Hat host is missing one or more security updates.",
    "Description": "An update for ceph is now available for Red Hat Ceph Storage 3.0 for Red Hat Enterprise Linux 7.\nRed Hat Product Security has rated this update as having a security impact of Moderate. A Common Vulnerability Scoring System (CVSS) base score, which gives a detailed severity rating, is available for each vulnerability from the CVE link(s) in the References section.\nRed Hat Ceph Storage is a scalable, open, software-defined storage platform that combines the most stable version of the Ceph storage system with a Ceph management platform, deployment utilities, and support services.\nSecurity Fix(es) :\n* ceph: cephx protocol is vulnerable to replay attack (CVE-2018-1128)\n* ceph: cephx uses weak signatures (CVE-2018-1129)\n* ceph: ceph-mon does not perform authorization on OSD pool ops (CVE-2018-10861)\nFor more details about the security issue(s), including the impact, a CVSS score, and other related information, refer to the CVE page(s) listed in the References section.\nBug Fix(es) :\n* Previously, Ceph RADOS Gateway (RGW) instances in zones configured for multi-site replication would crash if configured to disable sync ('rgw_run_sync_thread = false'). Therefor, multi-site replication environments could not start dedicated non-replication RGW instances.\nWith this update, the 'rgw_run_sync_thread' option can be used to configure RGW instances that will not participate in replication even if their zone is replicated. (BZ#1552202)\n* Previously, when increasing 'max_mds' from '1' to '2', if the Metadata Server (MDS) daemon was in the starting/resolve state for a long period of time, then restarting the MDS daemon lead to assert.\nThis caused the Ceph File System (CephFS) to be in degraded state.\nWith this update, increasing 'max_mds' no longer causes CephFS to be in degraded state. (BZ#1566016)\n* Previously, the transition to containerized Ceph left some 'ceph-disk' unit files. The files were harmless, but appeared as failing. With this update, executing the 'switch-from-non-containerized-to-containerized-ceph-daemons.yml' playbook disables the 'ceph-disk' unit files too. (BZ#1577846)\n* Previously, the 'entries_behind_master' metric output from the 'rbd mirror image status' CLI tool did not always reduce to zero under synthetic workloads. This could cause a false alarm that there is an issue with RBD mirroring replications. With this update, the metric is now updated periodically without the need for an explicit I/O flush in the workload. (BZ#1578509)\n* Previously, when using the 'pool create' command with 'expected_num_objects', placement group (PG) directories were not pre-created at pool creation time as expected, resulting in performance drops when filestore splitting occurred. With this update, the 'expected_num_objects' parameter is now passed through to filestore correctly, and PG directories for the expected number of objects are pre-created at pool creation time. (BZ#1579039)\n* Previously, internal RADOS Gateway (RGW) multi-site sync logic behaved incorrectly when attempting to sync containers with S3 object versioning enabled. Objects in versioning-enabled containers would fail to sync in some scenarios--for example, when using 's3cmd sync' to mirror a filesystem directory. With this update, RGW multi-site replication logic has been corrected for the known failure cases.\n(BZ#1580497)\n* When restarting OSD daemons, the 'ceph-ansible' restart script goes through all the daemons by listing the units with systemctl list-units. Under certain circumstances, the output of the command contains extra spaces, which caused parsing and restart to fail. With this update, the underlying code has been changed to handle the extra space.\n* Previously, the Ceph RADOS Gateway (RGW) server treated negative byte-range object requests ('bytes=0--1') as invalid. Applications that expect the AWS behavior for negative or other invalid range requests saw unexpected errors and could fail. With this update, a new option 'rgw_ignore_get_invalid_range' has been added to RGW. When 'rgw_ignore_get_invalid_range' is set to 'true', the RGW behavior for invalid range requests is backwards compatible with AWS.",
    "Solution": "Update the affected packages.",
    "See Also": [
        "[https://access.redhat.com/errata/RHSA-2018:2177](https://access.redhat.com/errata/RHSA-2018:2177)",
        "[https://access.redhat.com/security/cve/cve-2018-1128](https://access.redhat.com/security/cve/cve-2018-1128)",
        "[https://access.redhat.com/security/cve/cve-2018-1129](https://access.redhat.com/security/cve/cve-2018-1129)",
        "[https://access.redhat.com/security/cve/cve-2018-10861](https://access.redhat.com/security/cve/cve-2018-10861)"
    ],
    "Plugin Details": {
        "Severity": "High",
        "ID": "111145",
        "File Name": "redhat-RHSA-2018-2177.nasl",
        "Version": "1.6",
        "Type": "local",
        "Agent": "unix",
        "Family": "[Red Hat Local Security Checks](https://www.tenable.com/plugins/nessus/families/Red%20Hat%20Local%20Security%20Checks)",
        "Published": "7/18/2018",
        "Updated": "10/24/2019",
        "Supported Sensors": "Agentless Assessment, Frictionless Assessment Agent, Frictionless Assessment AWS, Frictionless Assessment Azure, Nessus Agent"
    },
    "Risk Information": [
        {
            "Name": "[VPR](https://www.tenable.com/blog/what-is-vpr-and-how-is-it-different-from-cvss)",
            "Risk Factor": "Medium",
            "Score": "5.9"
        },
        {
            "Name": "[CVSS v2](https://nvd.nist.gov/vuln-metrics/cvss/v2-calculator?vector=AV:N/AC:L/Au:S/C:N/I:P/A:P)",
            "Risk Factor": "Medium",
            "Base Score": "5.5",
            "Vector": "CVSS2#AV:N/AC:L/Au:S/C:N/I:P/A:P"
        },
        {
            "Name": "[CVSS v3](https://nvd.nist.gov/vuln-metrics/cvss/v3-calculator?vector=AV:N/AC:L/PR:L/UI:N/S:U/C:N/I:H/A:H&version=3.0)",
            "Risk Factor": "High",
            "Base Score": "8.1",
            "Vector": "CVSS:3.0/AV:N/AC:L/PR:L/UI:N/S:U/C:N/I:H/A:H"
        }
    ],
    "Vulnerability Information": {
        "CPE": "p-cpe:/a:redhat:enterprise_linux:ceph-ansible, p-cpe:/a:redhat:enterprise_linux:ceph-base, p-cpe:/a:redhat:enterprise_linux:ceph-common, p-cpe:/a:redhat:enterprise_linux:ceph-debuginfo, p-cpe:/a:redhat:enterprise_linux:ceph-fuse, p-cpe:/a:redhat:enterprise_linux:ceph-mds, p-cpe:/a:redhat:enterprise_linux:ceph-radosgw, p-cpe:/a:redhat:enterprise_linux:nfs-ganesha-debuginfo, p-cpe:/a:redhat:enterprise_linux:nfs-ganesha-rgw, p-cpe:/a:redhat:enterprise_linux:python-cephfs, p-cpe:/a:redhat:enterprise_linux:python-rados, p-cpe:/a:redhat:enterprise_linux:python-rbd, p-cpe:/a:redhat:enterprise_linux:python-rgw, p-cpe:/a:redhat:enterprise_linux:rbd-mirror, cpe:/o:redhat:enterprise_linux:7, p-cpe:/a:redhat:enterprise_linux:ceph-selinux, p-cpe:/a:redhat:enterprise_linux:cephmetrics, p-cpe:/a:redhat:enterprise_linux:cephmetrics-ansible, p-cpe:/a:redhat:enterprise_linux:cephmetrics-collectors, p-cpe:/a:redhat:enterprise_linux:cephmetrics-grafana-plugins, p-cpe:/a:redhat:enterprise_linux:libcephfs-devel, p-cpe:/a:redhat:enterprise_linux:libcephfs2, p-cpe:/a:redhat:enterprise_linux:librados-devel, p-cpe:/a:redhat:enterprise_linux:librados2, p-cpe:/a:redhat:enterprise_linux:libradosstriper1, p-cpe:/a:redhat:enterprise_linux:librbd-devel, p-cpe:/a:redhat:enterprise_linux:librbd1, p-cpe:/a:redhat:enterprise_linux:librgw-devel, p-cpe:/a:redhat:enterprise_linux:librgw2, p-cpe:/a:redhat:enterprise_linux:nfs-ganesha, p-cpe:/a:redhat:enterprise_linux:nfs-ganesha-ceph",
        "Required KB Items": "Host/local_checks_enabled, Host/RedHat/release, Host/RedHat/rpm-list, Host/cpu",
        "Patch Publication Date": "7/11/2018",
        "Vulnerability Publication Date": "7/10/2018"
    },
    "Reference Information": {
        "CVE": "[CVE-2018-10861](/cve/CVE-2018-10861), [CVE-2018-1128](/cve/CVE-2018-1128), [CVE-2018-1129](/cve/CVE-2018-1129)",
        "RHSA": "[2018:2177](https://access.redhat.com/errata/RHSA-2018:2177)"
    }
}