{
    "Title": "RHEL 7 : java-1.7.0-oracle (RHSA-2018:2254)",
    "Synopsis": "The remote Red Hat host is missing one or more security updates.",
    "Description": "An update for java-1.7.0-oracle is now available for Oracle Java for Red Hat Enterprise Linux 7.\nRed Hat Product Security has rated this update as having a security impact of Critical. A Common Vulnerability Scoring System (CVSS) base score, which gives a detailed severity rating, is available for each vulnerability from the CVE link(s) in the References section.\nOracle Java SE version 7 includes the Oracle Java Runtime Environment and the Oracle Java Software Development Kit.\nThis update upgrades Oracle Java SE 7 to version 7 Update 191.\nSecurity Fix(es) :\n* Oracle JDK: unspecified vulnerability fixed in 7u191, 8u181, and 10.0.2 (JavaFX) (CVE-2018-2941)\n* Oracle JDK: unspecified vulnerability fixed in 6u201, 7u191, 8u181, and 10.0.2 (Libraries) (CVE-2018-2940)\n* OpenJDK: insufficient index validation in PatternSyntaxException getMessage () (Concurrency, 8199547) (CVE-2018-2952)\n* Oracle JDK: unspecified vulnerability fixed in 6u201, 7u191, 8u181, and 10.0.2 (JSSE) (CVE-2018-2973)\nFor more details about the security issue(s), including the impact, a CVSS score, and other related information, refer to the CVE page(s) listed in the References section.",
    "Solution": "Update the affected packages.",
    "See Also": [
        "[https://access.redhat.com/errata/RHSA-2018:2254](https://access.redhat.com/errata/RHSA-2018:2254)",
        "[https://access.redhat.com/security/cve/cve-2018-2940](https://access.redhat.com/security/cve/cve-2018-2940)",
        "[https://access.redhat.com/security/cve/cve-2018-2941](https://access.redhat.com/security/cve/cve-2018-2941)",
        "[https://access.redhat.com/security/cve/cve-2018-2952](https://access.redhat.com/security/cve/cve-2018-2952)",
        "[https://access.redhat.com/security/cve/cve-2018-2973](https://access.redhat.com/security/cve/cve-2018-2973)"
    ],
    "Plugin Details": {
        "Severity": "High",
        "ID": "111325",
        "File Name": "redhat-RHSA-2018-2254.nasl",
        "Version": "1.6",
        "Type": "local",
        "Agent": "unix",
        "Family": "[Red Hat Local Security Checks](https://www.tenable.com/plugins/nessus/families/Red%20Hat%20Local%20Security%20Checks)",
        "Published": "7/25/2018",
        "Updated": "3/11/2021",
        "Supported Sensors": "Agentless Assessment, Frictionless Assessment Agent, Frictionless Assessment AWS, Frictionless Assessment Azure, Nessus Agent"
    },
    "Risk Information": [
        {
            "Name": "[VPR](https://www.tenable.com/blog/what-is-vpr-and-how-is-it-different-from-cvss)",
            "Risk Factor": "High",
            "Score": "7.3"
        },
        {
            "Name": "[CVSS v2](https://nvd.nist.gov/vuln-metrics/cvss/v2-calculator?vector=AV:N/AC:H/Au:N/C:P/I:P/A:P)",
            "Risk Factor": "Medium",
            "Base Score": "5.1",
            "Vector": "CVSS2#AV:N/AC:H/Au:N/C:P/I:P/A:P"
        },
        {
            "Name": "[CVSS v3](https://nvd.nist.gov/vuln-metrics/cvss/v3-calculator?vector=AV:N/AC:H/PR:N/UI:R/S:C/C:H/I:H/A:H&version=3.0)",
            "Risk Factor": "High",
            "Base Score": "8.3",
            "Vector": "CVSS:3.0/AV:N/AC:H/PR:N/UI:R/S:C/C:H/I:H/A:H"
        }
    ],
    "Vulnerability Information": {
        "CPE": "p-cpe:/a:redhat:enterprise_linux:java-1.7.0-oracle, p-cpe:/a:redhat:enterprise_linux:java-1.7.0-oracle-devel, p-cpe:/a:redhat:enterprise_linux:java-1.7.0-oracle-javafx, p-cpe:/a:redhat:enterprise_linux:java-1.7.0-oracle-jdbc, p-cpe:/a:redhat:enterprise_linux:java-1.7.0-oracle-plugin, p-cpe:/a:redhat:enterprise_linux:java-1.7.0-oracle-src, cpe:/o:redhat:enterprise_linux:7, cpe:/o:redhat:enterprise_linux:7.5",
        "Required KB Items": "Host/local_checks_enabled, Host/RedHat/release, Host/RedHat/rpm-list, Host/cpu",
        "Patch Publication Date": "7/24/2018",
        "Vulnerability Publication Date": "7/18/2018"
    },
    "Reference Information": {
        "CVE": "[CVE-2018-2940](/cve/CVE-2018-2940), [CVE-2018-2941](/cve/CVE-2018-2941), [CVE-2018-2952](/cve/CVE-2018-2952), [CVE-2018-2973](/cve/CVE-2018-2973)",
        "RHSA": "[2018:2254](https://access.redhat.com/errata/RHSA-2018:2254)"
    }
}