{
    "Title": "RHEL 7 : thunderbird (RHSA-2018:2252)",
    "Synopsis": "The remote Red Hat host is missing one or more security updates.",
    "Description": "An update for thunderbird is now available for Red Hat Enterprise Linux 7.\nRed Hat Product Security has rated this update as having a security impact of Important. A Common Vulnerability Scoring System (CVSS) base score, which gives a detailed severity rating, is available for each vulnerability from the CVE link(s) in the References section.\nMozilla Thunderbird is a standalone mail and newsgroup client.\nThis update upgrades Thunderbird to version 52.9.1.\nSecurity Fix(es) :\n* Mozilla: Memory safety bugs fixed in Firefox 61, Firefox ESR 60.1, and Firefox ESR 52.9 (CVE-2018-5188)\n* Mozilla: Buffer overflow using computed size of canvas element (CVE-2018-12359)\n* Mozilla: Use-after-free using focus() (CVE-2018-12360)\n* Mozilla: Integer overflow in SSSE3 scaler (CVE-2018-12362)\n* Mozilla: Use-after-free when appending DOM nodes (CVE-2018-12363)\n* Mozilla: CSRF attacks through 307 redirects and NPAPI plugins (CVE-2018-12364)\n* thunderbird: S/MIME and PGP decryption oracles can be built with HTML emails (CVE-2018-12372)\n* thunderbird: S/MIME plaintext can be leaked through HTML reply/forward (CVE-2018-12373)\n* Mozilla: Compromised IPC child process can list local filenames (CVE-2018-12365)\n* Mozilla: Invalid data handling during QCMS transformations (CVE-2018-12366)\n* thunderbird: Using form to exfiltrate encrypted mail part by pressing enter in form field (CVE-2018-12374)\nFor more details about the security issue(s), including the impact, a CVSS score, and other related information, refer to the CVE page(s) listed in the References section.\nRed Hat would like to thank the Mozilla project for reporting these issues. Upstream acknowledges Alex Gaynor, Christoph Diehl, Christian Holler, Jason Kratzer, David Major, Jon Coppeard, Nicolas B. Pierron, Marcia Knous, Ronald Crane, Nils, F. Alonso (revskills), David Black, and OSS-Fuzz as the original reporters.",
    "Solution": "Update the affected thunderbird and / or thunderbird-debuginfo packages.",
    "See Also": [
        "[https://access.redhat.com/security/cve/cve-2018-5188](https://access.redhat.com/security/cve/cve-2018-5188)",
        "[https://access.redhat.com/security/cve/cve-2018-12359](https://access.redhat.com/security/cve/cve-2018-12359)",
        "[https://access.redhat.com/security/cve/cve-2018-12360](https://access.redhat.com/security/cve/cve-2018-12360)",
        "[https://access.redhat.com/security/cve/cve-2018-12362](https://access.redhat.com/security/cve/cve-2018-12362)",
        "[https://access.redhat.com/security/cve/cve-2018-12363](https://access.redhat.com/security/cve/cve-2018-12363)",
        "[https://access.redhat.com/security/cve/cve-2018-12364](https://access.redhat.com/security/cve/cve-2018-12364)",
        "[https://access.redhat.com/security/cve/cve-2018-12365](https://access.redhat.com/security/cve/cve-2018-12365)",
        "[https://access.redhat.com/security/cve/cve-2018-12366](https://access.redhat.com/security/cve/cve-2018-12366)",
        "[https://www.mozilla.org/en-US/security/advisories/mfsa2018-18/](https://www.mozilla.org/en-US/security/advisories/mfsa2018-18/)",
        "[https://access.redhat.com/security/cve/cve-2018-12372](https://access.redhat.com/security/cve/cve-2018-12372)",
        "[https://access.redhat.com/security/cve/cve-2018-12373](https://access.redhat.com/security/cve/cve-2018-12373)",
        "[https://access.redhat.com/security/cve/cve-2018-12374](https://access.redhat.com/security/cve/cve-2018-12374)",
        "[https://access.redhat.com/errata/RHSA-2018:2252](https://access.redhat.com/errata/RHSA-2018:2252)"
    ],
    "Plugin Details": {
        "Severity": "Critical",
        "ID": "111323",
        "File Name": "redhat-RHSA-2018-2252.nasl",
        "Version": "1.13",
        "Type": "local",
        "Agent": "unix",
        "Family": "[Red Hat Local Security Checks](https://www.tenable.com/plugins/nessus/families/Red%20Hat%20Local%20Security%20Checks)",
        "Published": "7/25/2018",
        "Updated": "5/29/2020",
        "Supported Sensors": "Agentless Assessment, Frictionless Assessment Agent, Frictionless Assessment AWS, Frictionless Assessment Azure, Nessus Agent"
    },
    "Risk Information": [
        {
            "Name": "[VPR](https://www.tenable.com/blog/what-is-vpr-and-how-is-it-different-from-cvss)",
            "Risk Factor": "Medium",
            "Score": "6.7"
        },
        {
            "Name": "[CVSS v2](https://nvd.nist.gov/vuln-metrics/cvss/v2-calculator?vector=AV:N/AC:L/Au:N/C:P/I:P/A:P)",
            "Risk Factor": "High",
            "Base Score": "7.5",
            "Vector": "CVSS2#AV:N/AC:L/Au:N/C:P/I:P/A:P"
        },
        {
            "Name": "[CVSS v3](https://nvd.nist.gov/vuln-metrics/cvss/v3-calculator?vector=AV:N/AC:L/PR:N/UI:N/S:U/C:H/I:H/A:H&version=3.0)",
            "Risk Factor": "Critical",
            "Base Score": "9.8",
            "Vector": "CVSS:3.0/AV:N/AC:L/PR:N/UI:N/S:U/C:H/I:H/A:H"
        }
    ],
    "Vulnerability Information": {
        "CPE": "p-cpe:/a:redhat:enterprise_linux:thunderbird, p-cpe:/a:redhat:enterprise_linux:thunderbird-debuginfo, cpe:/o:redhat:enterprise_linux:7, cpe:/o:redhat:enterprise_linux:7.5, cpe:/o:redhat:enterprise_linux:7.6, cpe:/o:redhat:enterprise_linux:7.7",
        "Required KB Items": "Host/local_checks_enabled, Host/RedHat/release, Host/RedHat/rpm-list, Host/cpu",
        "Patch Publication Date": "7/24/2018",
        "Vulnerability Publication Date": "10/18/2018"
    },
    "Reference Information": {
        "CVE": "[CVE-2018-12359](/cve/CVE-2018-12359), [CVE-2018-12360](/cve/CVE-2018-12360), [CVE-2018-12362](/cve/CVE-2018-12362), [CVE-2018-12363](/cve/CVE-2018-12363), [CVE-2018-12364](/cve/CVE-2018-12364), [CVE-2018-12365](/cve/CVE-2018-12365), [CVE-2018-12366](/cve/CVE-2018-12366), [CVE-2018-12372](/cve/CVE-2018-12372), [CVE-2018-12373](/cve/CVE-2018-12373), [CVE-2018-12374](/cve/CVE-2018-12374), [CVE-2018-5188](/cve/CVE-2018-5188)",
        "RHSA": "[2018:2252](https://access.redhat.com/errata/RHSA-2018:2252)"
    }
}