{
    "Title": "RHEL 6 : chromium-browser (RHSA-2018:2282)",
    "Synopsis": "The remote Red Hat host is missing one or more security updates.",
    "Description": "An update for chromium-browser is now available for Red Hat Enterprise Linux 6 Supplementary.\nRed Hat Product Security has rated this update as having a security impact of Important. A Common Vulnerability Scoring System (CVSS) base score, which gives a detailed severity rating, is available for each vulnerability from the CVE link(s) in the References section.\nChromium is an open source web browser, powered by WebKit (Blink).\nThis update upgrades Chromium to version 68.0.3440.75.\nSecurity Fix(es) :\n* chromium-browser: Stack buffer overflow in Skia (CVE-2018-6153)\n* chromium-browser: Heap buffer overflow in WebGL (CVE-2018-6154)\n* chromium-browser: Use after free in WebRTC (CVE-2018-6155)\n* chromium-browser: Heap buffer overflow in WebRTC (CVE-2018-6156)\n* chromium-browser: Type confusion in WebRTC (CVE-2018-6157)\n* chromium-browser: Cross origin information disclosure in Service Workers (CVE-2018-6150)\n* chromium-browser: Bad cast in DevTools (CVE-2018-6151)\n* chromium-browser: Local file write in DevTools (CVE-2018-6152)\n* chromium-browser: Use after free in Blink (CVE-2018-6158)\n* chromium-browser: Same origin policy bypass in ServiceWorker (CVE-2018-6159)\n* chromium-browser: Same origin policy bypass in WebAudio (CVE-2018-6161)\n* chromium-browser: Heap buffer overflow in WebGL (CVE-2018-6162)\n* chromium-browser: URL spoof in Omnibox (CVE-2018-6163)\n* chromium-browser: Same origin policy bypass in ServiceWorker (CVE-2018-6164)\n* chromium-browser: URL spoof in Omnibox (CVE-2018-6165)\n* chromium-browser: URL spoof in Omnibox (CVE-2018-6166)\n* chromium-browser: URL spoof in Omnibox (CVE-2018-6167)\n* chromium-browser: CORS bypass in Blink (CVE-2018-6168)\n* chromium-browser: Permissions bypass in extension installation (CVE-2018-6169)\n* chromium-browser: Type confusion in PDFium (CVE-2018-6170)\n* chromium-browser: Use after free in WebBluetooth (CVE-2018-6171)\n* chromium-browser: URL spoof in Omnibox (CVE-2018-6172)\n* chromium-browser: URL spoof in Omnibox (CVE-2018-6173)\n* chromium-browser: Integer overflow in SwiftShader (CVE-2018-6174)\n* chromium-browser: URL spoof in Omnibox (CVE-2018-6175)\n* chromium-browser: Local user privilege escalation in Extensions (CVE-2018-6176)\n* chromium-browser: Cross origin information leak in Blink (CVE-2018-4117)\n* chromium-browser: Request privilege escalation in Extensions (CVE-2018-6044)\n* chromium-browser: Cross origin information leak in Blink (CVE-2018-6177)\n* chromium-browser: UI spoof in Extensions (CVE-2018-6178)\n* chromium-browser: Local file information leak in Extensions (CVE-2018-6179)\nFor more details about the security issue(s), including the impact, a CVSS score, and other related information, refer to the CVE page(s) listed in the References section.",
    "Solution": "Update the affected chromium-browser and / or chromium-browser-debuginfo packages.",
    "See Also": [
        "[https://access.redhat.com/errata/RHSA-2018:2282](https://access.redhat.com/errata/RHSA-2018:2282)",
        "[https://access.redhat.com/security/cve/cve-2018-4117](https://access.redhat.com/security/cve/cve-2018-4117)",
        "[https://access.redhat.com/security/cve/cve-2018-6150](https://access.redhat.com/security/cve/cve-2018-6150)",
        "[https://access.redhat.com/security/cve/cve-2018-6151](https://access.redhat.com/security/cve/cve-2018-6151)",
        "[https://access.redhat.com/security/cve/cve-2018-6152](https://access.redhat.com/security/cve/cve-2018-6152)",
        "[https://access.redhat.com/security/cve/cve-2018-6153](https://access.redhat.com/security/cve/cve-2018-6153)",
        "[https://access.redhat.com/security/cve/cve-2018-6154](https://access.redhat.com/security/cve/cve-2018-6154)",
        "[https://access.redhat.com/security/cve/cve-2018-6155](https://access.redhat.com/security/cve/cve-2018-6155)",
        "[https://access.redhat.com/security/cve/cve-2018-6156](https://access.redhat.com/security/cve/cve-2018-6156)",
        "[https://access.redhat.com/security/cve/cve-2018-6157](https://access.redhat.com/security/cve/cve-2018-6157)",
        "[https://access.redhat.com/security/cve/cve-2018-6158](https://access.redhat.com/security/cve/cve-2018-6158)",
        "[https://access.redhat.com/security/cve/cve-2018-6159](https://access.redhat.com/security/cve/cve-2018-6159)",
        "[https://access.redhat.com/security/cve/cve-2018-6161](https://access.redhat.com/security/cve/cve-2018-6161)",
        "[https://access.redhat.com/security/cve/cve-2018-6162](https://access.redhat.com/security/cve/cve-2018-6162)",
        "[https://access.redhat.com/security/cve/cve-2018-6163](https://access.redhat.com/security/cve/cve-2018-6163)",
        "[https://access.redhat.com/security/cve/cve-2018-6164](https://access.redhat.com/security/cve/cve-2018-6164)",
        "[https://access.redhat.com/security/cve/cve-2018-6165](https://access.redhat.com/security/cve/cve-2018-6165)",
        "[https://access.redhat.com/security/cve/cve-2018-6166](https://access.redhat.com/security/cve/cve-2018-6166)",
        "[https://access.redhat.com/security/cve/cve-2018-6167](https://access.redhat.com/security/cve/cve-2018-6167)",
        "[https://access.redhat.com/security/cve/cve-2018-6168](https://access.redhat.com/security/cve/cve-2018-6168)",
        "[https://access.redhat.com/security/cve/cve-2018-6169](https://access.redhat.com/security/cve/cve-2018-6169)",
        "[https://access.redhat.com/security/cve/cve-2018-6170](https://access.redhat.com/security/cve/cve-2018-6170)",
        "[https://access.redhat.com/security/cve/cve-2018-6171](https://access.redhat.com/security/cve/cve-2018-6171)",
        "[https://access.redhat.com/security/cve/cve-2018-6172](https://access.redhat.com/security/cve/cve-2018-6172)",
        "[https://access.redhat.com/security/cve/cve-2018-6173](https://access.redhat.com/security/cve/cve-2018-6173)",
        "[https://access.redhat.com/security/cve/cve-2018-6174](https://access.redhat.com/security/cve/cve-2018-6174)",
        "[https://access.redhat.com/security/cve/cve-2018-6175](https://access.redhat.com/security/cve/cve-2018-6175)",
        "[https://access.redhat.com/security/cve/cve-2018-6176](https://access.redhat.com/security/cve/cve-2018-6176)",
        "[https://access.redhat.com/security/cve/cve-2018-6177](https://access.redhat.com/security/cve/cve-2018-6177)",
        "[https://access.redhat.com/security/cve/cve-2018-6178](https://access.redhat.com/security/cve/cve-2018-6178)",
        "[https://access.redhat.com/security/cve/cve-2018-6179](https://access.redhat.com/security/cve/cve-2018-6179)",
        "[https://access.redhat.com/security/cve/cve-2018-16064](https://access.redhat.com/security/cve/cve-2018-16064)"
    ],
    "Plugin Details": {
        "Severity": "Critical",
        "ID": "111487",
        "File Name": "redhat-RHSA-2018-2282.nasl",
        "Version": "1.10",
        "Type": "local",
        "Agent": "unix",
        "Family": "[Red Hat Local Security Checks](https://www.tenable.com/plugins/nessus/families/Red%20Hat%20Local%20Security%20Checks)",
        "Published": "8/2/2018",
        "Updated": "5/29/2020",
        "Supported Sensors": "Frictionless Assessment Azure, Agentless Assessment, Frictionless Assessment Agent, Frictionless Assessment AWS, Nessus Agent"
    },
    "Risk Information": [
        {
            "Name": "[VPR](https://www.tenable.com/blog/what-is-vpr-and-how-is-it-different-from-cvss)",
            "Risk Factor": "High",
            "Score": "7.3"
        },
        {
            "Name": "[CVSS v2](https://nvd.nist.gov/vuln-metrics/cvss/v2-calculator?vector=AV:N/AC:M/Au:N/C:P/I:P/A:P)",
            "Risk Factor": "Medium",
            "Base Score": "6.8",
            "Vector": "CVSS2#AV:N/AC:M/Au:N/C:P/I:P/A:P"
        },
        {
            "Name": "[CVSS v3](https://nvd.nist.gov/vuln-metrics/cvss/v3-calculator?vector=AV:N/AC:L/PR:N/UI:R/S:C/C:H/I:H/A:H&version=3.0)",
            "Risk Factor": "Critical",
            "Base Score": "9.6",
            "Vector": "CVSS:3.0/AV:N/AC:L/PR:N/UI:R/S:C/C:H/I:H/A:H"
        }
    ],
    "Vulnerability Information": {
        "CPE": "p-cpe:/a:redhat:enterprise_linux:chromium-browser, p-cpe:/a:redhat:enterprise_linux:chromium-browser-debuginfo, cpe:/o:redhat:enterprise_linux:6",
        "Required KB Items": "Host/local_checks_enabled, Host/RedHat/rpm-list, Host/cpu, Host/RedHat/release",
        "Patch Publication Date": "7/30/2018",
        "Vulnerability Publication Date": "4/3/2018"
    },
    "Reference Information": {
        "CVE": "[CVE-2018-16064](/cve/CVE-2018-16064), [CVE-2018-4117](/cve/CVE-2018-4117), [CVE-2018-6150](/cve/CVE-2018-6150), [CVE-2018-6151](/cve/CVE-2018-6151), [CVE-2018-6152](/cve/CVE-2018-6152), [CVE-2018-6153](/cve/CVE-2018-6153), [CVE-2018-6154](/cve/CVE-2018-6154), [CVE-2018-6155](/cve/CVE-2018-6155), [CVE-2018-6156](/cve/CVE-2018-6156), [CVE-2018-6157](/cve/CVE-2018-6157), [CVE-2018-6158](/cve/CVE-2018-6158), [CVE-2018-6159](/cve/CVE-2018-6159), [CVE-2018-6161](/cve/CVE-2018-6161), [CVE-2018-6162](/cve/CVE-2018-6162), [CVE-2018-6163](/cve/CVE-2018-6163), [CVE-2018-6164](/cve/CVE-2018-6164), [CVE-2018-6165](/cve/CVE-2018-6165), [CVE-2018-6166](/cve/CVE-2018-6166), [CVE-2018-6167](/cve/CVE-2018-6167), [CVE-2018-6168](/cve/CVE-2018-6168), [CVE-2018-6169](/cve/CVE-2018-6169), [CVE-2018-6170](/cve/CVE-2018-6170), [CVE-2018-6171](/cve/CVE-2018-6171), [CVE-2018-6172](/cve/CVE-2018-6172), [CVE-2018-6173](/cve/CVE-2018-6173), [CVE-2018-6174](/cve/CVE-2018-6174), [CVE-2018-6175](/cve/CVE-2018-6175), [CVE-2018-6176](/cve/CVE-2018-6176), [CVE-2018-6177](/cve/CVE-2018-6177), [CVE-2018-6178](/cve/CVE-2018-6178), [CVE-2018-6179](/cve/CVE-2018-6179)",
        "RHSA": "[2018:2282](https://access.redhat.com/errata/RHSA-2018:2282)"
    }
}