{
    "Title": "RHEL 7 : kernel-rt (RHSA-2018:2395) (Foreshadow)",
    "Synopsis": "The remote Red Hat host is missing one or more security updates.",
    "Description": "An update for kernel-rt is now available for Red Hat Enterprise Linux 7.\nRed Hat Product Security has rated this update as having a security impact of Important. A Common Vulnerability Scoring System (CVSS) base score, which gives a detailed severity rating, is available for each vulnerability from the CVE link(s) in the References section.\nThe kernel-rt packages provide the Real Time Linux Kernel, which enables fine-tuning for systems with extremely high determinism requirements.\nSecurity Fix(es) :\n* Modern operating systems implement virtualization of physical memory to efficiently use available system resources and provide inter-domain protection through access control and isolation. The L1TF issue was found in the way the x86 microprocessor designs have implemented speculative execution of instructions (a commonly used performance optimisation) in combination with handling of page-faults caused by terminated virtual to physical address resolving process. As a result, an unprivileged attacker could use this flaw to read privileged memory of the kernel or other processes and/or cross guest/host boundaries to read host memory by conducting targeted cache side-channel attacks.\n(CVE-2018-3620, CVE-2018-3646)\n* An industry-wide issue was found in the way many modern microprocessor designs have implemented speculative execution of instructions past bounds check. The flaw relies on the presence of a precisely-defined instruction sequence in the privileged code and the fact that memory writes occur to an address which depends on the untrusted value. Such writes cause an update into the microprocessor's data cache even for speculatively executed instructions that never actually commit (retire). As a result, an unprivileged attacker could use this flaw to influence speculative execution and/or read privileged memory by conducting targeted cache side-channel attacks.\n(CVE-2018-3693)\n* A flaw named SegmentSmack was found in the way the Linux kernel handled specially crafted TCP packets. A remote attacker could use this flaw to trigger time and calculation expensive calls to tcp_collapse_ofo_queue() and tcp_prune_ofo_queue() functions by sending specially modified packets within ongoing TCP sessions which could lead to a CPU saturation and hence a denial of service on the system. Maintaining the denial of service condition requires continuous two-way TCP sessions to a reachable open port, thus the attacks cannot be performed using spoofed IP addresses.\n(CVE-2018-5390)\n* kernel: crypto: privilege escalation in skcipher_recvmsg function (CVE-2017-13215)\n* kernel: mm: use-after-free in do_get_mempolicy function allows local DoS or other unspecified impact (CVE-2018-10675)\n* kernel: race condition in snd_seq_write() may lead to UAF or OOB access (CVE-2018-7566)\nFor more details about the security issue(s), including the impact, a CVSS score, and other related information, refer to the CVE page(s) listed in the References section.\nRed Hat would like to thank Intel OSSIRT (Intel.com) for reporting CVE-2018-3620 and CVE-2018-3646; Vladimir Kiriansky (MIT) and Carl Waldspurger (Carl Waldspurger Consulting) for reporting CVE-2018-3693;\nand Juha-Matti Tilli (Aalto University, Department of Communications and Networking and Nokia Bell Labs) for reporting CVE-2018-5390.\nBug Fix(es) :\n* The kernel-rt packages have been upgraded to the 3.10.0-862.10.2 source tree, which provides a number of bug fixes over the previous version. (BZ# 1594915)",
    "Solution": "Update the affected packages.",
    "See Also": [
        "[https://access.redhat.com/security/vulnerabilities/L1TF](https://access.redhat.com/security/vulnerabilities/L1TF)",
        "[https://access.redhat.com/errata/RHSA-2018:2395](https://access.redhat.com/errata/RHSA-2018:2395)",
        "[https://access.redhat.com/security/cve/cve-2017-13215](https://access.redhat.com/security/cve/cve-2017-13215)",
        "[https://access.redhat.com/security/cve/cve-2018-3620](https://access.redhat.com/security/cve/cve-2018-3620)",
        "[https://access.redhat.com/security/cve/cve-2018-3646](https://access.redhat.com/security/cve/cve-2018-3646)",
        "[https://access.redhat.com/security/cve/cve-2018-3693](https://access.redhat.com/security/cve/cve-2018-3693)",
        "[https://access.redhat.com/security/cve/cve-2018-5390](https://access.redhat.com/security/cve/cve-2018-5390)",
        "[https://access.redhat.com/security/cve/cve-2018-7566](https://access.redhat.com/security/cve/cve-2018-7566)",
        "[https://access.redhat.com/security/cve/cve-2018-10675](https://access.redhat.com/security/cve/cve-2018-10675)"
    ],
    "Plugin Details": {
        "Severity": "High",
        "ID": "111736",
        "File Name": "redhat-RHSA-2018-2395.nasl",
        "Version": "1.10",
        "Type": "local",
        "Agent": "unix",
        "Family": "[Red Hat Local Security Checks](https://www.tenable.com/plugins/nessus/families/Red%20Hat%20Local%20Security%20Checks)",
        "Published": "8/15/2018",
        "Updated": "10/24/2019",
        "Supported Sensors": "Frictionless Assessment AWS, Frictionless Assessment Azure, Frictionless Assessment Agent, Nessus Agent, Agentless Assessment"
    },
    "Risk Information": [
        {
            "Name": "[VPR](https://www.tenable.com/blog/what-is-vpr-and-how-is-it-different-from-cvss)",
            "Risk Factor": "Medium",
            "Score": "6.7"
        },
        {
            "Name": "[CVSS v2](https://nvd.nist.gov/vuln-metrics/cvss/v2-calculator?vector=AV:N/AC:L/Au:N/C:N/I:N/A:C)",
            "Risk Factor": "High",
            "Base Score": "7.8",
            "Vector": "CVSS2#AV:N/AC:L/Au:N/C:N/I:N/A:C"
        },
        {
            "Name": "[CVSS v3](https://nvd.nist.gov/vuln-metrics/cvss/v3-calculator?vector=AV:L/AC:L/PR:L/UI:N/S:U/C:H/I:H/A:H&version=3.0)",
            "Risk Factor": "High",
            "Base Score": "7.8",
            "Vector": "CVSS:3.0/AV:L/AC:L/PR:L/UI:N/S:U/C:H/I:H/A:H"
        }
    ],
    "Vulnerability Information": {
        "CPE": "p-cpe:/a:redhat:enterprise_linux:kernel-rt-trace-kvm-debuginfo, cpe:/o:redhat:enterprise_linux:7, p-cpe:/a:redhat:enterprise_linux:kernel-rt, p-cpe:/a:redhat:enterprise_linux:kernel-rt-debug, p-cpe:/a:redhat:enterprise_linux:kernel-rt-debug-debuginfo, p-cpe:/a:redhat:enterprise_linux:kernel-rt-debug-devel, p-cpe:/a:redhat:enterprise_linux:kernel-rt-debug-kvm, p-cpe:/a:redhat:enterprise_linux:kernel-rt-debug-kvm-debuginfo, p-cpe:/a:redhat:enterprise_linux:kernel-rt-debuginfo, p-cpe:/a:redhat:enterprise_linux:kernel-rt-debuginfo-common-x86_64, p-cpe:/a:redhat:enterprise_linux:kernel-rt-devel, p-cpe:/a:redhat:enterprise_linux:kernel-rt-doc, p-cpe:/a:redhat:enterprise_linux:kernel-rt-kvm, p-cpe:/a:redhat:enterprise_linux:kernel-rt-kvm-debuginfo, p-cpe:/a:redhat:enterprise_linux:kernel-rt-trace, p-cpe:/a:redhat:enterprise_linux:kernel-rt-trace-debuginfo, p-cpe:/a:redhat:enterprise_linux:kernel-rt-trace-devel, p-cpe:/a:redhat:enterprise_linux:kernel-rt-trace-kvm",
        "Required KB Items": "Host/local_checks_enabled, Host/RedHat/release, Host/RedHat/rpm-list, Host/cpu",
        "Patch Publication Date": "8/14/2018",
        "Vulnerability Publication Date": "1/12/2018"
    },
    "Reference Information": {
        "CVE": "[CVE-2017-13215](/cve/CVE-2017-13215), [CVE-2018-10675](/cve/CVE-2018-10675), [CVE-2018-3620](/cve/CVE-2018-3620), [CVE-2018-3646](/cve/CVE-2018-3646), [CVE-2018-3693](/cve/CVE-2018-3693), [CVE-2018-5390](/cve/CVE-2018-5390), [CVE-2018-7566](/cve/CVE-2018-7566)",
        "RHSA": "[2018:2395](https://access.redhat.com/errata/RHSA-2018:2395)"
    }
}