{
    "Title": "SUSE SLED12 / SLES12 Security Update : MozillaFirefox (SUSE-SU...",
    "Synopsis": "The remote SUSE host is missing one or more security updates.",
    "Description": "This update for MozillaFirefox to version ESR 52.9 fixes the following issues :\n  - CVE-2018-5188: Various memory safety bugs (bsc#1098998)\n  - CVE-2018-12368: No warning when opening executable     SettingContent-ms files\n  - CVE-2018-12366: Invalid data handling during QCMS     transformations\n  - CVE-2018-12365: Compromised IPC child process can list     local filenames\n  - CVE-2018-12364: CSRF attacks through 307 redirects and     NPAPI plugins\n  - CVE-2018-12363: Use-after-free when appending DOM nodes\n  - CVE-2018-12362: Integer overflow in SSSE3 scaler\n  - CVE-2018-12360: Use-after-free when using focus()\n  - CVE-2018-5156: Media recorder segmentation fault when     track type is changed during capture\n  - CVE-2018-12359: Buffer overflow using computed size of     canvas element\nNote that Tenable Network Security has extracted the preceding description block directly from the SUSE security advisory. Tenable has attempted to automatically clean and format it as much as possible without introducing additional issues.",
    "Solution": "To install this SUSE Security Update use the SUSE recommended installation methods like YaST online_update or 'zypper patch'.\nAlternatively you can run the command listed for your product :\nSUSE OpenStack Cloud 7:zypper in -t patch SUSE-OpenStack-Cloud-7-2018-1560=1\nSUSE Linux Enterprise Software Development Kit 12-SP3:zypper in -t patch SUSE-SLE-SDK-12-SP3-2018-1560=1\nSUSE Linux Enterprise Server for SAP 12-SP2:zypper in -t patch SUSE-SLE-SAP-12-SP2-2018-1560=1\nSUSE Linux Enterprise Server for SAP 12-SP1:zypper in -t patch SUSE-SLE-SAP-12-SP1-2018-1560=1\nSUSE Linux Enterprise Server 12-SP3:zypper in -t patch SUSE-SLE-SERVER-12-SP3-2018-1560=1\nSUSE Linux Enterprise Server 12-SP2-LTSS:zypper in -t patch SUSE-SLE-SERVER-12-SP2-2018-1560=1\nSUSE Linux Enterprise Server 12-SP1-LTSS:zypper in -t patch SUSE-SLE-SERVER-12-SP1-2018-1560=1\nSUSE Linux Enterprise Server 12-LTSS:zypper in -t patch SUSE-SLE-SERVER-12-2018-1560=1\nSUSE Linux Enterprise Desktop 12-SP3:zypper in -t patch SUSE-SLE-DESKTOP-12-SP3-2018-1560=1\nSUSE Enterprise Storage 4:zypper in -t patch SUSE-Storage-4-2018-1560=1",
    "See Also": [
        "[https://bugzilla.suse.com/show_bug.cgi?id=1098998](https://bugzilla.suse.com/show_bug.cgi?id=1098998)",
        "[https://www.suse.com/security/cve/CVE-2018-12359/](https://www.suse.com/security/cve/CVE-2018-12359/)",
        "[https://www.suse.com/security/cve/CVE-2018-12360/](https://www.suse.com/security/cve/CVE-2018-12360/)",
        "[https://www.suse.com/security/cve/CVE-2018-12362/](https://www.suse.com/security/cve/CVE-2018-12362/)",
        "[https://www.suse.com/security/cve/CVE-2018-12363/](https://www.suse.com/security/cve/CVE-2018-12363/)",
        "[https://www.suse.com/security/cve/CVE-2018-12364/](https://www.suse.com/security/cve/CVE-2018-12364/)",
        "[https://www.suse.com/security/cve/CVE-2018-12365/](https://www.suse.com/security/cve/CVE-2018-12365/)",
        "[https://www.suse.com/security/cve/CVE-2018-12366/](https://www.suse.com/security/cve/CVE-2018-12366/)",
        "[https://www.suse.com/security/cve/CVE-2018-12368/](https://www.suse.com/security/cve/CVE-2018-12368/)",
        "[https://www.suse.com/security/cve/CVE-2018-5156/](https://www.suse.com/security/cve/CVE-2018-5156/)",
        "[https://www.suse.com/security/cve/CVE-2018-5188/](https://www.suse.com/security/cve/CVE-2018-5188/)",
        "[http://www.nessus.org/u?5bfbc39e](http://www.nessus.org/u?5bfbc39e)"
    ],
    "Plugin Details": {
        "Severity": "Critical",
        "ID": "111743",
        "File Name": "suse_SU-2018-2322-1.nasl",
        "Version": "1.7",
        "Type": "local",
        "Agent": "unix",
        "Family": "[SuSE Local Security Checks](https://www.tenable.com/plugins/nessus/families/SuSE%20Local%20Security%20Checks)",
        "Published": "8/15/2018",
        "Updated": "9/10/2019",
        "Supported Sensors": "Agentless Assessment, Frictionless Assessment Agent, Frictionless Assessment AWS, Frictionless Assessment Azure, Nessus Agent"
    },
    "Risk Information": [
        {
            "Name": "[VPR](https://www.tenable.com/blog/what-is-vpr-and-how-is-it-different-from-cvss)",
            "Risk Factor": "Medium",
            "Score": "6.7"
        },
        {
            "Name": "[CVSS v2](https://nvd.nist.gov/vuln-metrics/cvss/v2-calculator?vector=AV:N/AC:M/Au:N/C:C/I:C/A:C)",
            "Risk Factor": "High",
            "Base Score": "9.3",
            "Vector": "CVSS2#AV:N/AC:M/Au:N/C:C/I:C/A:C"
        },
        {
            "Name": "[CVSS v3](https://nvd.nist.gov/vuln-metrics/cvss/v3-calculator?vector=AV:N/AC:L/PR:N/UI:N/S:U/C:H/I:H/A:H&version=3.0)",
            "Risk Factor": "Critical",
            "Base Score": "9.8",
            "Vector": "CVSS:3.0/AV:N/AC:L/PR:N/UI:N/S:U/C:H/I:H/A:H"
        }
    ],
    "Vulnerability Information": {
        "CPE": "p-cpe:/a:novell:suse_linux:mozillafirefox, p-cpe:/a:novell:suse_linux:mozillafirefox-debuginfo, p-cpe:/a:novell:suse_linux:mozillafirefox-debugsource, p-cpe:/a:novell:suse_linux:mozillafirefox-devel, p-cpe:/a:novell:suse_linux:mozillafirefox-translations, cpe:/o:novell:suse_linux:12",
        "Required KB Items": "Host/local_checks_enabled, Host/cpu, Host/SuSE/release, Host/SuSE/rpm-list",
        "Patch Publication Date": "8/14/2018",
        "Vulnerability Publication Date": "10/18/2018"
    },
    "Reference Information": {
        "CVE": "[CVE-2018-12359](/cve/CVE-2018-12359), [CVE-2018-12360](/cve/CVE-2018-12360), [CVE-2018-12362](/cve/CVE-2018-12362), [CVE-2018-12363](/cve/CVE-2018-12363), [CVE-2018-12364](/cve/CVE-2018-12364), [CVE-2018-12365](/cve/CVE-2018-12365), [CVE-2018-12366](/cve/CVE-2018-12366), [CVE-2018-12368](/cve/CVE-2018-12368), [CVE-2018-5156](/cve/CVE-2018-5156), [CVE-2018-5188](/cve/CVE-2018-5188)"
    }
}