{
    "Title": "RHEL 6 : kernel (RHSA-2018:2390) (Foreshadow)",
    "Synopsis": "The remote Red Hat host is missing one or more security updates.",
    "Description": "An update for kernel is now available for Red Hat Enterprise Linux 6.\nRed Hat Product Security has rated this update as having a security impact of Important. A Common Vulnerability Scoring System (CVSS) base score, which gives a detailed severity rating, is available for each vulnerability from the CVE link(s) in the References section.\n[Updated 16th August 2018] The original errata text was missing reference to CVE-2018-5390 fix. We have updated the errata text to correct this issue. No changes have been made to the packages.\nThe kernel packages contain the Linux kernel, the core of any Linux operating system.\nSecurity Fix(es) :\n* Modern operating systems implement virtualization of physical memory to efficiently use available system resources and provide inter-domain protection through access control and isolation. The L1TF issue was found in the way the x86 microprocessor designs have implemented speculative execution of instructions (a commonly used performance optimisation) in combination with handling of page-faults caused by terminated virtual to physical address resolving process. As a result, an unprivileged attacker could use this flaw to read privileged memory of the kernel or other processes and/or cross guest/host boundaries to read host memory by conducting targeted cache side-channel attacks.\n(CVE-2018-3620, CVE-2018-3646)\n* An industry-wide issue was found in the way many modern microprocessor designs have implemented speculative execution of instructions past bounds check. The flaw relies on the presence of a precisely-defined instruction sequence in the privileged code and the fact that memory writes occur to an address which depends on the untrusted value. Such writes cause an update into the microprocessor's data cache even for speculatively executed instructions that never actually commit (retire). As a result, an unprivileged attacker could use this flaw to influence speculative execution and/or read privileged memory by conducting targeted cache side-channel attacks.\n(CVE-2018-3693)\n* A flaw named SegmentSmack was found in the way the Linux kernel handled specially crafted TCP packets. A remote attacker could use this flaw to trigger time and calculation expensive calls to tcp_collapse_ofo_queue() and tcp_prune_ofo_queue() functions by sending specially modified packets within ongoing TCP sessions which could lead to a CPU saturation and hence a denial of service on the system. Maintaining the denial of service condition requires continuous two-way TCP sessions to a reachable open port, thus the attacks cannot be performed using spoofed IP addresses.\n(CVE-2018-5390)\n* kernel: kvm: vmx: host GDT limit corruption (CVE-2018-10901)\n* kernel: Use-after-free in snd_pcm_info function in ALSA subsystem potentially leads to privilege escalation (CVE-2017-0861)\n* kernel: Use-after-free in snd_seq_ioctl_create_port() (CVE-2017-15265)\n* kernel: race condition in snd_seq_write() may lead to UAF or OOB-access (CVE-2018-7566)\n* kernel: Race condition in sound system can lead to denial of service (CVE-2018-1000004)\nFor more details about the security issue(s), including the impact, a CVSS score, and other related information, refer to the CVE page(s) listed in the References section.\nRed Hat would like to thank Intel OSSIRT (Intel.com) for reporting CVE-2018-3620 and CVE-2018-3646; Vladimir Kiriansky (MIT) and Carl Waldspurger (Carl Waldspurger Consulting) for reporting CVE-2018-3693;\nJuha-Matti Tilli (Aalto University, Department of Communications and Networking and Nokia Bell Labs) for reporting CVE-2018-5390; and Vegard Nossum (Oracle Corporation) for reporting CVE-2018-10901.\nBug Fix(es) :\n* The Least recently used (LRU) operations are batched by caching pages in per-cpu page vectors to prevent contention of the heavily used lru_lock spinlock. The page vectors can hold even the compound pages. Previously, the page vectors were cleared only if they were full. Subsequently, the amount of memory held in page vectors, which is not reclaimable, was sometimes too high. Consequently the page reclamation started the Out of Memory (OOM) killing processes. With this update, the underlying source code has been fixed to clear LRU page vectors each time when a compound page is added to them. As a result, OOM killing processes due to high amounts of memory held in page vectors no longer occur. (BZ#1575819)",
    "Solution": "Update the affected packages.",
    "See Also": [
        "[https://access.redhat.com/security/vulnerabilities/L1TF](https://access.redhat.com/security/vulnerabilities/L1TF)",
        "[https://access.redhat.com/errata/RHSA-2018:2390](https://access.redhat.com/errata/RHSA-2018:2390)",
        "[https://access.redhat.com/security/cve/cve-2017-0861](https://access.redhat.com/security/cve/cve-2017-0861)",
        "[https://access.redhat.com/security/cve/cve-2017-15265](https://access.redhat.com/security/cve/cve-2017-15265)",
        "[https://access.redhat.com/security/cve/cve-2018-3620](https://access.redhat.com/security/cve/cve-2018-3620)",
        "[https://access.redhat.com/security/cve/cve-2018-3646](https://access.redhat.com/security/cve/cve-2018-3646)",
        "[https://access.redhat.com/security/cve/cve-2018-3693](https://access.redhat.com/security/cve/cve-2018-3693)",
        "[https://access.redhat.com/security/cve/cve-2018-5390](https://access.redhat.com/security/cve/cve-2018-5390)",
        "[https://access.redhat.com/security/cve/cve-2018-7566](https://access.redhat.com/security/cve/cve-2018-7566)",
        "[https://access.redhat.com/security/cve/cve-2018-10901](https://access.redhat.com/security/cve/cve-2018-10901)",
        "[https://access.redhat.com/security/cve/cve-2018-1000004](https://access.redhat.com/security/cve/cve-2018-1000004)"
    ],
    "Plugin Details": {
        "Severity": "High",
        "ID": "111731",
        "File Name": "redhat-RHSA-2018-2390.nasl",
        "Version": "1.13",
        "Type": "local",
        "Agent": "unix",
        "Family": "[Red Hat Local Security Checks](https://www.tenable.com/plugins/nessus/families/Red%20Hat%20Local%20Security%20Checks)",
        "Published": "8/15/2018",
        "Updated": "1/28/2022",
        "Supported Sensors": "Frictionless Assessment AWS, Frictionless Assessment Azure, Frictionless Assessment Agent, Nessus Agent, Agentless Assessment"
    },
    "Risk Information": [
        {
            "Name": "[VPR](https://www.tenable.com/blog/what-is-vpr-and-how-is-it-different-from-cvss)",
            "Risk Factor": "Medium",
            "Score": "6.7"
        },
        {
            "Name": "[CVSS v2](https://nvd.nist.gov/vuln-metrics/cvss/v2-calculator?vector=AV:N/AC:L/Au:N/C:N/I:N/A:C)",
            "Risk Factor": "High",
            "Base Score": "7.8",
            "Vector": "CVSS2#AV:N/AC:L/Au:N/C:N/I:N/A:C"
        },
        {
            "Name": "[CVSS v3](https://nvd.nist.gov/vuln-metrics/cvss/v3-calculator?vector=AV:L/AC:L/PR:L/UI:N/S:U/C:H/I:H/A:H&version=3.0)",
            "Risk Factor": "High",
            "Base Score": "7.8",
            "Vector": "CVSS:3.0/AV:L/AC:L/PR:L/UI:N/S:U/C:H/I:H/A:H"
        }
    ],
    "Vulnerability Information": {
        "CPE": "p-cpe:/a:redhat:enterprise_linux:kernel, p-cpe:/a:redhat:enterprise_linux:kernel-abi-whitelists, p-cpe:/a:redhat:enterprise_linux:kernel-debug, p-cpe:/a:redhat:enterprise_linux:kernel-debug-debuginfo, p-cpe:/a:redhat:enterprise_linux:kernel-debug-devel, p-cpe:/a:redhat:enterprise_linux:kernel-debuginfo, p-cpe:/a:redhat:enterprise_linux:kernel-debuginfo-common-i686, p-cpe:/a:redhat:enterprise_linux:kernel-debuginfo-common-s390x, p-cpe:/a:redhat:enterprise_linux:kernel-debuginfo-common-x86_64, p-cpe:/a:redhat:enterprise_linux:kernel-devel, p-cpe:/a:redhat:enterprise_linux:kernel-doc, p-cpe:/a:redhat:enterprise_linux:kernel-firmware, p-cpe:/a:redhat:enterprise_linux:kernel-headers, p-cpe:/a:redhat:enterprise_linux:kernel-kdump, p-cpe:/a:redhat:enterprise_linux:kernel-kdump-debuginfo, p-cpe:/a:redhat:enterprise_linux:kernel-kdump-devel, p-cpe:/a:redhat:enterprise_linux:perf, p-cpe:/a:redhat:enterprise_linux:perf-debuginfo, p-cpe:/a:redhat:enterprise_linux:python-perf, p-cpe:/a:redhat:enterprise_linux:python-perf-debuginfo, cpe:/o:redhat:enterprise_linux:6",
        "Required KB Items": "Host/local_checks_enabled, Host/RedHat/release, Host/RedHat/rpm-list, Host/cpu",
        "Patch Publication Date": "8/16/2018",
        "Vulnerability Publication Date": "10/16/2017"
    },
    "Reference Information": {
        "CVE": "[CVE-2017-0861](/cve/CVE-2017-0861), [CVE-2017-15265](/cve/CVE-2017-15265), [CVE-2018-1000004](/cve/CVE-2018-1000004), [CVE-2018-10901](/cve/CVE-2018-10901), [CVE-2018-3620](/cve/CVE-2018-3620), [CVE-2018-3646](/cve/CVE-2018-3646), [CVE-2018-3693](/cve/CVE-2018-3693), [CVE-2018-5390](/cve/CVE-2018-5390), [CVE-2018-7566](/cve/CVE-2018-7566)",
        "RHSA": "[2018:2390](https://access.redhat.com/errata/RHSA-2018:2390)"
    }
}