{
    "Title": "RHEL 6 / 7 : Red Hat JBoss Web Server 3.1.0 Service Pack 4 (RH...",
    "Synopsis": "The remote Red Hat host is missing one or more security updates.",
    "Description": "An update is now available for Red Hat JBoss Web Server 3.1 for RHEL 6 and Red Hat JBoss Web Server 3.1 for RHEL 7.\nRed Hat Product Security has rated this release as having a security impact of Important. A Common Vulnerability Scoring System (CVSS) base score, which gives a detailed severity rating, is available for each vulnerability from the CVE link(s) in the References section.\nRed Hat JBoss Web Server is a fully integrated and certified set of components for hosting Java web applications. It is comprised of the Apache HTTP Server, the Apache Tomcat Servlet container, Apache Tomcat Connector (mod_jk), JBoss HTTP Connector (mod_cluster), Hibernate, and the Tomcat Native library.\nThis release of Red Hat JBoss Web Server 3.1 Service Pack 4 serves as a replacement for Red Hat JBoss Web Server 3.1, and includes bug fixes, which are documented in the Release Notes document linked to in the References.\nSecurity Fix(es) :\n* tomcat: Insecure defaults in CORS filter enable 'supportsCredentials' for all origins (CVE-2018-8014)\n* tomcat-native: Mishandled OCSP invalid response (CVE-2018-8019)\n* tomcat-native: Mishandled OCSP responses can allow clients to authenticate with revoked certificates (CVE-2018-8020)\nFor more details about the security issue(s), including the impact, a CVSS score, acknowledgments, and other related information, refer to the CVE page(s) listed in the References section.\nThe following packages have been upgraded to a newer upstream version :\n* OpenSSL (1.0.2n)\n* APR (1.6.3)\nCVE-2018-8019 and CVE-2018-8020 were discovered by Coty Sutherland (Red Hat).",
    "Solution": "Update the affected packages.",
    "See Also": [
        "[http://www.nessus.org/u?0349df1b](http://www.nessus.org/u?0349df1b)",
        "[https://access.redhat.com/errata/RHSA-2018:2469](https://access.redhat.com/errata/RHSA-2018:2469)",
        "[https://access.redhat.com/security/cve/cve-2018-8014](https://access.redhat.com/security/cve/cve-2018-8014)",
        "[https://access.redhat.com/security/cve/cve-2018-8019](https://access.redhat.com/security/cve/cve-2018-8019)",
        "[https://access.redhat.com/security/cve/cve-2018-8020](https://access.redhat.com/security/cve/cve-2018-8020)"
    ],
    "Plugin Details": {
        "Severity": "Critical",
        "ID": "111804",
        "File Name": "redhat-RHSA-2018-2469.nasl",
        "Version": "1.6",
        "Type": "local",
        "Agent": "unix",
        "Family": "[Red Hat Local Security Checks](https://www.tenable.com/plugins/nessus/families/Red%20Hat%20Local%20Security%20Checks)",
        "Published": "8/17/2018",
        "Updated": "10/24/2019",
        "Supported Sensors": "Agentless Assessment, Frictionless Assessment Agent, Frictionless Assessment AWS, Frictionless Assessment Azure, Nessus Agent"
    },
    "Risk Information": [
        {
            "Name": "[VPR](https://www.tenable.com/blog/what-is-vpr-and-how-is-it-different-from-cvss)",
            "Risk Factor": "Medium",
            "Score": "6.7"
        },
        {
            "Name": "[CVSS v2](https://nvd.nist.gov/vuln-metrics/cvss/v2-calculator?vector=AV:N/AC:L/Au:N/C:P/I:P/A:P)",
            "Risk Factor": "High",
            "Base Score": "7.5",
            "Vector": "CVSS2#AV:N/AC:L/Au:N/C:P/I:P/A:P"
        },
        {
            "Name": "[CVSS v3](https://nvd.nist.gov/vuln-metrics/cvss/v3-calculator?vector=AV:N/AC:L/PR:N/UI:N/S:U/C:H/I:H/A:H&version=3.0)",
            "Risk Factor": "Critical",
            "Base Score": "9.8",
            "Vector": "CVSS:3.0/AV:N/AC:L/PR:N/UI:N/S:U/C:H/I:H/A:H"
        }
    ],
    "Vulnerability Information": {
        "CPE": "p-cpe:/a:redhat:enterprise_linux:tomcat-native, p-cpe:/a:redhat:enterprise_linux:tomcat-native-debuginfo, p-cpe:/a:redhat:enterprise_linux:tomcat7, p-cpe:/a:redhat:enterprise_linux:tomcat7-admin-webapps, p-cpe:/a:redhat:enterprise_linux:tomcat7-docs-webapp, p-cpe:/a:redhat:enterprise_linux:tomcat7-el-2.2-api, p-cpe:/a:redhat:enterprise_linux:tomcat7-javadoc, p-cpe:/a:redhat:enterprise_linux:tomcat7-jsp-2.2-api, p-cpe:/a:redhat:enterprise_linux:tomcat7-jsvc, p-cpe:/a:redhat:enterprise_linux:tomcat7-lib, p-cpe:/a:redhat:enterprise_linux:tomcat7-log4j, p-cpe:/a:redhat:enterprise_linux:tomcat7-selinux, p-cpe:/a:redhat:enterprise_linux:tomcat7-servlet-3.0-api, p-cpe:/a:redhat:enterprise_linux:tomcat7-webapps, p-cpe:/a:redhat:enterprise_linux:tomcat8, p-cpe:/a:redhat:enterprise_linux:tomcat8-admin-webapps, p-cpe:/a:redhat:enterprise_linux:tomcat8-docs-webapp, p-cpe:/a:redhat:enterprise_linux:tomcat8-el-2.2-api, p-cpe:/a:redhat:enterprise_linux:tomcat8-javadoc, p-cpe:/a:redhat:enterprise_linux:tomcat8-jsp-2.3-api, p-cpe:/a:redhat:enterprise_linux:tomcat8-jsvc, p-cpe:/a:redhat:enterprise_linux:tomcat8-lib, p-cpe:/a:redhat:enterprise_linux:tomcat8-log4j, p-cpe:/a:redhat:enterprise_linux:tomcat8-selinux, p-cpe:/a:redhat:enterprise_linux:tomcat8-servlet-3.1-api, p-cpe:/a:redhat:enterprise_linux:tomcat8-webapps, cpe:/o:redhat:enterprise_linux:6, cpe:/o:redhat:enterprise_linux:7",
        "Required KB Items": "Host/local_checks_enabled, Host/RedHat/release, Host/RedHat/rpm-list, Host/cpu",
        "Patch Publication Date": "8/16/2018",
        "Vulnerability Publication Date": "5/16/2018"
    },
    "Reference Information": {
        "CVE": "[CVE-2018-8014](/cve/CVE-2018-8014), [CVE-2018-8019](/cve/CVE-2018-8019), [CVE-2018-8020](/cve/CVE-2018-8020)",
        "RHSA": "[2018:2469](https://access.redhat.com/errata/RHSA-2018:2469)"
    }
}