{
    "Title": "RHEL 6 / 7 : mutt (RHSA-2018:2526)",
    "Synopsis": "The remote Red Hat host is missing one or more security updates.",
    "Description": "An update for mutt is now available for Red Hat Enterprise Linux 6 and Red Hat Enterprise Linux 7.\nRed Hat Product Security has rated this update as having a security impact of Important. A Common Vulnerability Scoring System (CVSS) base score, which gives a detailed severity rating, is available for each vulnerability from the CVE link(s) in the References section.\nMutt is a low resource, highly configurable, text-based MIME e-mail client. Mutt supports most e-mail storing formats, such as mbox and Maildir, as well as most protocols, including POP3 and IMAP.\nSecurity Fix(es) :\n* mutt: Remote code injection vulnerability to an IMAP mailbox (CVE-2018-14354)\n* mutt: Remote Code Execution via backquote characters (CVE-2018-14357)\n* mutt: POP body caching path traversal vulnerability (CVE-2018-14362)\nFor more details about the security issue(s), including the impact, a CVSS score, and other related information, refer to the CVE page(s) listed in the References section.",
    "Solution": "Update the affected mutt and / or mutt-debuginfo packages.",
    "See Also": [
        "[https://access.redhat.com/errata/RHSA-2018:2526](https://access.redhat.com/errata/RHSA-2018:2526)",
        "[https://access.redhat.com/security/cve/cve-2018-14354](https://access.redhat.com/security/cve/cve-2018-14354)",
        "[https://access.redhat.com/security/cve/cve-2018-14357](https://access.redhat.com/security/cve/cve-2018-14357)",
        "[https://access.redhat.com/security/cve/cve-2018-14362](https://access.redhat.com/security/cve/cve-2018-14362)"
    ],
    "Plugin Details": {
        "Severity": "Critical",
        "ID": "111994",
        "File Name": "redhat-RHSA-2018-2526.nasl",
        "Version": "1.8",
        "Type": "local",
        "Agent": "unix",
        "Family": "[Red Hat Local Security Checks](https://www.tenable.com/plugins/nessus/families/Red%20Hat%20Local%20Security%20Checks)",
        "Published": "8/20/2018",
        "Updated": "10/24/2019",
        "Supported Sensors": "Agentless Assessment, Frictionless Assessment Agent, Frictionless Assessment AWS, Frictionless Assessment Azure, Nessus Agent"
    },
    "Risk Information": [
        {
            "Name": "[VPR](https://www.tenable.com/blog/what-is-vpr-and-how-is-it-different-from-cvss)",
            "Risk Factor": "Medium",
            "Score": "5.9"
        },
        {
            "Name": "[CVSS v2](https://nvd.nist.gov/vuln-metrics/cvss/v2-calculator?vector=AV:N/AC:L/Au:N/C:P/I:P/A:P)",
            "Risk Factor": "High",
            "Base Score": "7.5",
            "Vector": "CVSS2#AV:N/AC:L/Au:N/C:P/I:P/A:P"
        },
        {
            "Name": "[CVSS v3](https://nvd.nist.gov/vuln-metrics/cvss/v3-calculator?vector=AV:N/AC:L/PR:N/UI:N/S:U/C:H/I:H/A:H&version=3.0)",
            "Risk Factor": "Critical",
            "Base Score": "9.8",
            "Vector": "CVSS:3.0/AV:N/AC:L/PR:N/UI:N/S:U/C:H/I:H/A:H"
        }
    ],
    "Vulnerability Information": {
        "CPE": "p-cpe:/a:redhat:enterprise_linux:mutt, p-cpe:/a:redhat:enterprise_linux:mutt-debuginfo, cpe:/o:redhat:enterprise_linux:6, cpe:/o:redhat:enterprise_linux:7, cpe:/o:redhat:enterprise_linux:7.5, cpe:/o:redhat:enterprise_linux:7.6, cpe:/o:redhat:enterprise_linux:7.7",
        "Required KB Items": "Host/local_checks_enabled, Host/RedHat/release, Host/RedHat/rpm-list, Host/cpu",
        "Patch Publication Date": "8/20/2018",
        "Vulnerability Publication Date": "7/17/2018"
    },
    "Reference Information": {
        "CVE": "[CVE-2018-14354](/cve/CVE-2018-14354), [CVE-2018-14357](/cve/CVE-2018-14357), [CVE-2018-14362](/cve/CVE-2018-14362)",
        "RHSA": "[2018:2526](https://access.redhat.com/errata/RHSA-2018:2526)"
    }
}