{
    "Title": "SUSE SLES11 Security Update : wireshark (SUSE-SU-2018:2412-1)",
    "Synopsis": "The remote SUSE host is missing one or more security updates.",
    "Description": "This update for wireshark fixes the following issues: Security issues fixed :\n  - bsc#1094301: Wireshark security update to 2.6.1, 2.4.7,     2.2.15\n  - CVE-2018-14339: MMSE dissector infinite loop     (wnpa-sec-2018-38, bsc#1101810)\n  - CVE-2018-14341: DICOM dissector crash (wnpa-sec-2018-39,     bsc#1101776)\n  - CVE-2018-14343: ASN.1 BER dissector crash     (wnpa-sec-2018-37, bsc#1101786)\n  - CVE-2018-14344: ISMP dissector crash (wnpa-sec-2018-35,     bsc#1101788)\n  - CVE-2018-14340: Multiple dissectors could crash     (wnpa-sec-2018-36, bsc#1101804)\n  - CVE-2018-14342: BGP dissector large loop     (wnpa-sec-2018-34, bsc#1101777)\n  - CVE-2018-14370: IEEE 802.11 dissector crash     (wnpa-sec-2018-43, bsc#1101802)\n  - CVE-2018-14369: HTTP2 dissector crash (wnpa-sec-2018-41,     bsc#1101800)\n  - CVE-2018-14367: CoAP dissector crash (wnpa-sec-2018-42,     bsc#1101791)\n  - CVE-2018-14368: Bazaar dissector infinite loop     (wnpa-sec-2018-40, bsc#1101794)\n  - CVE-2018-11355: Fix RTCP dissector crash (bsc#1094301).\n  - CVE-2018-11362: Fix LDSS dissector crash (bsc#1094301).\n  - CVE-2018-11361: Fix IEEE 802.11 dissector crash     (bsc#1094301).\n  - CVE-2018-11360: Fix GSM A DTAP dissector crash     (bsc#1094301).\n  - CVE-2018-11358: Fix Q.931 dissector crash (bsc#1094301).\n  - CVE-2018-11359: Fix multiple dissectors crashs     (bsc#1094301).\n  - CVE-2018-11356: Fix DNS dissector crash (bsc#1094301).\n  - CVE-2018-11357: Fix multiple dissectors that could     consume excessive memory (bsc#1094301).\n  - CVE-2018-11354: Fix IEEE 1905.1a dissector crash     (bsc#1094301).\nNote that Tenable Network Security has extracted the preceding description block directly from the SUSE security advisory. Tenable has attempted to automatically clean and format it as much as possible without introducing additional issues.",
    "Solution": "To install this SUSE Security Update use the SUSE recommended installation methods like YaST online_update or 'zypper patch'.\nAlternatively you can run the command listed for your product :\nSUSE Linux Enterprise Software Development Kit 11-SP4:zypper in -t patch sdksp4-wireshark-13740=1\nSUSE Linux Enterprise Server 11-SP4:zypper in -t patch slessp4-wireshark-13740=1\nSUSE Linux Enterprise Debuginfo 11-SP4:zypper in -t patch dbgsp4-wireshark-13740=1",
    "See Also": [
        "[https://bugzilla.suse.com/show_bug.cgi?id=1094301](https://bugzilla.suse.com/show_bug.cgi?id=1094301)",
        "[https://bugzilla.suse.com/show_bug.cgi?id=1101776](https://bugzilla.suse.com/show_bug.cgi?id=1101776)",
        "[https://bugzilla.suse.com/show_bug.cgi?id=1101777](https://bugzilla.suse.com/show_bug.cgi?id=1101777)",
        "[https://bugzilla.suse.com/show_bug.cgi?id=1101786](https://bugzilla.suse.com/show_bug.cgi?id=1101786)",
        "[https://bugzilla.suse.com/show_bug.cgi?id=1101788](https://bugzilla.suse.com/show_bug.cgi?id=1101788)",
        "[https://bugzilla.suse.com/show_bug.cgi?id=1101791](https://bugzilla.suse.com/show_bug.cgi?id=1101791)",
        "[https://bugzilla.suse.com/show_bug.cgi?id=1101794](https://bugzilla.suse.com/show_bug.cgi?id=1101794)",
        "[https://bugzilla.suse.com/show_bug.cgi?id=1101800](https://bugzilla.suse.com/show_bug.cgi?id=1101800)",
        "[https://bugzilla.suse.com/show_bug.cgi?id=1101802](https://bugzilla.suse.com/show_bug.cgi?id=1101802)",
        "[https://bugzilla.suse.com/show_bug.cgi?id=1101804](https://bugzilla.suse.com/show_bug.cgi?id=1101804)",
        "[https://bugzilla.suse.com/show_bug.cgi?id=1101810](https://bugzilla.suse.com/show_bug.cgi?id=1101810)",
        "[https://www.suse.com/security/cve/CVE-2018-11354/](https://www.suse.com/security/cve/CVE-2018-11354/)",
        "[https://www.suse.com/security/cve/CVE-2018-11355/](https://www.suse.com/security/cve/CVE-2018-11355/)",
        "[https://www.suse.com/security/cve/CVE-2018-11356/](https://www.suse.com/security/cve/CVE-2018-11356/)",
        "[https://www.suse.com/security/cve/CVE-2018-11357/](https://www.suse.com/security/cve/CVE-2018-11357/)",
        "[https://www.suse.com/security/cve/CVE-2018-11358/](https://www.suse.com/security/cve/CVE-2018-11358/)",
        "[https://www.suse.com/security/cve/CVE-2018-11359/](https://www.suse.com/security/cve/CVE-2018-11359/)",
        "[https://www.suse.com/security/cve/CVE-2018-11360/](https://www.suse.com/security/cve/CVE-2018-11360/)",
        "[https://www.suse.com/security/cve/CVE-2018-11361/](https://www.suse.com/security/cve/CVE-2018-11361/)",
        "[https://www.suse.com/security/cve/CVE-2018-11362/](https://www.suse.com/security/cve/CVE-2018-11362/)",
        "[https://www.suse.com/security/cve/CVE-2018-14339/](https://www.suse.com/security/cve/CVE-2018-14339/)",
        "[https://www.suse.com/security/cve/CVE-2018-14340/](https://www.suse.com/security/cve/CVE-2018-14340/)",
        "[https://www.suse.com/security/cve/CVE-2018-14341/](https://www.suse.com/security/cve/CVE-2018-14341/)",
        "[https://www.suse.com/security/cve/CVE-2018-14342/](https://www.suse.com/security/cve/CVE-2018-14342/)",
        "[https://www.suse.com/security/cve/CVE-2018-14343/](https://www.suse.com/security/cve/CVE-2018-14343/)",
        "[https://www.suse.com/security/cve/CVE-2018-14344/](https://www.suse.com/security/cve/CVE-2018-14344/)",
        "[https://www.suse.com/security/cve/CVE-2018-14367/](https://www.suse.com/security/cve/CVE-2018-14367/)",
        "[https://www.suse.com/security/cve/CVE-2018-14368/](https://www.suse.com/security/cve/CVE-2018-14368/)",
        "[https://www.suse.com/security/cve/CVE-2018-14369/](https://www.suse.com/security/cve/CVE-2018-14369/)",
        "[https://www.suse.com/security/cve/CVE-2018-14370/](https://www.suse.com/security/cve/CVE-2018-14370/)",
        "[http://www.nessus.org/u?b308d13d](http://www.nessus.org/u?b308d13d)"
    ],
    "Plugin Details": {
        "Severity": "High",
        "ID": "112015",
        "File Name": "suse_SU-2018-2412-1.nasl",
        "Version": "1.9",
        "Type": "local",
        "Agent": "unix",
        "Family": "[SuSE Local Security Checks](https://www.tenable.com/plugins/nessus/families/SuSE%20Local%20Security%20Checks)",
        "Published": "8/20/2018",
        "Updated": "1/19/2021",
        "Supported Sensors": "Agentless Assessment, Frictionless Assessment Agent, Frictionless Assessment AWS, Frictionless Assessment Azure, Nessus Agent"
    },
    "Risk Information": [
        {
            "Name": "[VPR](https://www.tenable.com/blog/what-is-vpr-and-how-is-it-different-from-cvss)",
            "Risk Factor": "Medium",
            "Score": "4.4"
        },
        {
            "Name": "[CVSS v2](https://nvd.nist.gov/vuln-metrics/cvss/v2-calculator?vector=AV:N/AC:L/Au:N/C:N/I:N/A:C)",
            "Risk Factor": "High",
            "Base Score": "7.8",
            "Vector": "CVSS2#AV:N/AC:L/Au:N/C:N/I:N/A:C"
        },
        {
            "Name": "[CVSS v3](https://nvd.nist.gov/vuln-metrics/cvss/v3-calculator?vector=AV:N/AC:L/PR:N/UI:N/S:U/C:N/I:N/A:H&version=3.0)",
            "Risk Factor": "High",
            "Base Score": "7.5",
            "Vector": "CVSS:3.0/AV:N/AC:L/PR:N/UI:N/S:U/C:N/I:N/A:H"
        }
    ],
    "Vulnerability Information": {
        "CPE": "p-cpe:/a:novell:suse_linux:libwireshark8, p-cpe:/a:novell:suse_linux:libwiretap6, p-cpe:/a:novell:suse_linux:libwscodecs1, p-cpe:/a:novell:suse_linux:libwsutil7, p-cpe:/a:novell:suse_linux:wireshark, p-cpe:/a:novell:suse_linux:wireshark-gtk, cpe:/o:novell:suse_linux:11",
        "Required KB Items": "Host/local_checks_enabled, Host/cpu, Host/SuSE/release, Host/SuSE/rpm-list",
        "Patch Publication Date": "8/17/2018",
        "Vulnerability Publication Date": "5/22/2018"
    },
    "Reference Information": {
        "CVE": "[CVE-2018-11354](/cve/CVE-2018-11354), [CVE-2018-11355](/cve/CVE-2018-11355), [CVE-2018-11356](/cve/CVE-2018-11356), [CVE-2018-11357](/cve/CVE-2018-11357), [CVE-2018-11358](/cve/CVE-2018-11358), [CVE-2018-11359](/cve/CVE-2018-11359), [CVE-2018-11360](/cve/CVE-2018-11360), [CVE-2018-11361](/cve/CVE-2018-11361), [CVE-2018-11362](/cve/CVE-2018-11362), [CVE-2018-14339](/cve/CVE-2018-14339), [CVE-2018-14340](/cve/CVE-2018-14340), [CVE-2018-14341](/cve/CVE-2018-14341), [CVE-2018-14342](/cve/CVE-2018-14342), [CVE-2018-14343](/cve/CVE-2018-14343), [CVE-2018-14344](/cve/CVE-2018-14344), [CVE-2018-14367](/cve/CVE-2018-14367), [CVE-2018-14368](/cve/CVE-2018-14368), [CVE-2018-14369](/cve/CVE-2018-14369), [CVE-2018-14370](/cve/CVE-2018-14370)"
    }
}