{
    "Title": "RHEL 6 : java-1.7.1-ibm (RHSA-2018:2576)",
    "Synopsis": "The remote Red Hat host is missing one or more security updates.",
    "Description": "An update for java-1.7.1-ibm is now available for Red Hat Enterprise Linux 6 Supplementary.\nRed Hat Product Security has rated this update as having a security impact of Important. A Common Vulnerability Scoring System (CVSS) base score, which gives a detailed severity rating, is available for each vulnerability from the CVE link(s) in the References section.\nIBM Java SE version 7 Release 1 includes the IBM Java Runtime Environment and the IBM Java Software Development Kit.\nThis update upgrades IBM Java SE 7 to version 7R1 SR4-FP30.\nSecurity Fix(es) :\n* IBM JDK: privilege escalation via insufficiently restricted access to Attach API (CVE-2018-12539)\n* IBM JDK: DoS in the java.math component (CVE-2018-1517)\n* IBM JDK: path traversal flaw in the Diagnostic Tooling Framework (CVE-2018-1656)\n* Oracle JDK: unspecified vulnerability fixed in 6u201, 7u191, 8u181, and 10.0.2 (Libraries) (CVE-2018-2940)\n* OpenJDK: insufficient index validation in PatternSyntaxException getMessage () (Concurrency, 8199547) (CVE-2018-2952)\n* Oracle JDK: unspecified vulnerability fixed in 6u201, 7u191, 8u181, and 10.0.2 (JSSE) (CVE-2018-2973)\nFor more details about the security issue(s), including the impact, a CVSS score, and other related information, refer to the CVE page(s) listed in the References section.",
    "Solution": "Update the affected packages.",
    "See Also": [
        "[https://access.redhat.com/errata/RHSA-2018:2576](https://access.redhat.com/errata/RHSA-2018:2576)",
        "[https://access.redhat.com/security/cve/cve-2018-1517](https://access.redhat.com/security/cve/cve-2018-1517)",
        "[https://access.redhat.com/security/cve/cve-2018-1656](https://access.redhat.com/security/cve/cve-2018-1656)",
        "[https://access.redhat.com/security/cve/cve-2018-2940](https://access.redhat.com/security/cve/cve-2018-2940)",
        "[https://access.redhat.com/security/cve/cve-2018-2952](https://access.redhat.com/security/cve/cve-2018-2952)",
        "[https://access.redhat.com/security/cve/cve-2018-2973](https://access.redhat.com/security/cve/cve-2018-2973)",
        "[https://access.redhat.com/security/cve/cve-2018-12539](https://access.redhat.com/security/cve/cve-2018-12539)"
    ],
    "Plugin Details": {
        "Severity": "High",
        "ID": "112179",
        "File Name": "redhat-RHSA-2018-2576.nasl",
        "Version": "1.10",
        "Type": "local",
        "Agent": "unix",
        "Family": "[Red Hat Local Security Checks](https://www.tenable.com/plugins/nessus/families/Red%20Hat%20Local%20Security%20Checks)",
        "Published": "8/29/2018",
        "Updated": "10/24/2019",
        "Supported Sensors": "Agentless Assessment, Frictionless Assessment Agent, Frictionless Assessment AWS, Frictionless Assessment Azure, Nessus Agent"
    },
    "Risk Information": [
        {
            "Name": "[VPR](https://www.tenable.com/blog/what-is-vpr-and-how-is-it-different-from-cvss)",
            "Risk Factor": "Medium",
            "Score": "5.9"
        },
        {
            "Name": "[CVSS v2](https://nvd.nist.gov/vuln-metrics/cvss/v2-calculator?vector=AV:N/AC:L/Au:N/C:N/I:N/A:P)",
            "Risk Factor": "Medium",
            "Base Score": "5",
            "Vector": "CVSS2#AV:N/AC:L/Au:N/C:N/I:N/A:P"
        },
        {
            "Name": "[CVSS v3](https://nvd.nist.gov/vuln-metrics/cvss/v3-calculator?vector=AV:L/AC:L/PR:L/UI:N/S:U/C:H/I:H/A:H&version=3.0)",
            "Risk Factor": "High",
            "Base Score": "7.8",
            "Vector": "CVSS:3.0/AV:L/AC:L/PR:L/UI:N/S:U/C:H/I:H/A:H"
        }
    ],
    "Vulnerability Information": {
        "CPE": "p-cpe:/a:redhat:enterprise_linux:java-1.7.1-ibm, p-cpe:/a:redhat:enterprise_linux:java-1.7.1-ibm-demo, p-cpe:/a:redhat:enterprise_linux:java-1.7.1-ibm-devel, p-cpe:/a:redhat:enterprise_linux:java-1.7.1-ibm-jdbc, p-cpe:/a:redhat:enterprise_linux:java-1.7.1-ibm-plugin, p-cpe:/a:redhat:enterprise_linux:java-1.7.1-ibm-src, cpe:/o:redhat:enterprise_linux:6",
        "Required KB Items": "Host/local_checks_enabled, Host/RedHat/release, Host/RedHat/rpm-list, Host/cpu",
        "Patch Publication Date": "8/28/2018",
        "Vulnerability Publication Date": "7/18/2018"
    },
    "Reference Information": {
        "CVE": "[CVE-2018-12539](/cve/CVE-2018-12539), [CVE-2018-1517](/cve/CVE-2018-1517), [CVE-2018-1656](/cve/CVE-2018-1656), [CVE-2018-2940](/cve/CVE-2018-2940), [CVE-2018-2952](/cve/CVE-2018-2952), [CVE-2018-2973](/cve/CVE-2018-2973)",
        "RHSA": "[2018:2576](https://access.redhat.com/errata/RHSA-2018:2576)"
    }
}