{
    "Title": "RHEL 6 / 7 : Red Hat JBoss Web Server 3.1.0 Service Pack 1 (RH...",
    "Synopsis": "The remote Red Hat host is missing one or more security updates.",
    "Description": "An update is now available for Red Hat JBoss Web Server 3.1 for RHEL 6 and Red Hat JBoss Web Server 3.1 for RHEL 7.\nRed Hat Product Security has rated this update as having a security impact of Important. A Common Vulnerability Scoring System (CVSS) base score, which gives a detailed severity rating, is available for each vulnerability from the CVE link(s) in the References section.\nRed Hat JBoss Web Server is a fully integrated and certified set of components for hosting Java web applications. It is comprised of the Apache HTTP Server, the Apache Tomcat Servlet container, Apache Tomcat Connector (mod_jk), JBoss HTTP Connector (mod_cluster), Hibernate, and the Tomcat Native library.\nThis release of Red Hat JBoss Web Server 3.1 Service Pack 1 serves as a replacement for Red Hat JBoss Web Server 3.1, and includes bug fixes, which are documented in the Release Notes document linked to in the References.\nSecurity Fix(es) :\n* It was found that when using remote logging with log4j socket server the log4j server would deserialize any log event received via TCP or UDP. An attacker could use this flaw to send a specially crafted log event that, during deserialization, would execute arbitrary code in the context of the logger application. (CVE-2017-5645)\n* A vulnerability was discovered in tomcat's handling of pipelined requests when 'Sendfile' was used. If sendfile processing completed quickly, it was possible for the Processor to be added to the processor cache twice. This could lead to invalid responses or information disclosure. (CVE-2017-5647)\n* A vulnerability was discovered in the error page mechanism in Tomcat's DefaultServlet implementation. A crafted HTTP request could cause undesired side effects, possibly including the removal or replacement of the custom error page. (CVE-2017-5664)\n* A vulnerability was discovered in tomcat. When running an untrusted application under a SecurityManager it was possible, under some circumstances, for that application to retain references to the request or response objects and thereby access and/or modify information associated with another web application. (CVE-2017-5648)",
    "Solution": "Update the affected packages.",
    "See Also": [
        "[https://access.redhat.com/errata/RHSA-2017:1801](https://access.redhat.com/errata/RHSA-2017:1801)",
        "[https://access.redhat.com/security/cve/cve-2016-6304](https://access.redhat.com/security/cve/cve-2016-6304)",
        "[https://access.redhat.com/security/cve/cve-2016-7056](https://access.redhat.com/security/cve/cve-2016-7056)",
        "[https://access.redhat.com/security/cve/cve-2016-8610](https://access.redhat.com/security/cve/cve-2016-8610)",
        "[https://access.redhat.com/security/cve/cve-2017-5645](https://access.redhat.com/security/cve/cve-2017-5645)",
        "[https://access.redhat.com/security/cve/cve-2017-5647](https://access.redhat.com/security/cve/cve-2017-5647)",
        "[https://access.redhat.com/security/cve/cve-2017-5648](https://access.redhat.com/security/cve/cve-2017-5648)",
        "[https://access.redhat.com/security/cve/cve-2017-5664](https://access.redhat.com/security/cve/cve-2017-5664)",
        "[https://access.redhat.com/security/cve/cve-2017-7674](https://access.redhat.com/security/cve/cve-2017-7674)",
        "[https://access.redhat.com/security/cve/cve-2019-17571](https://access.redhat.com/security/cve/cve-2019-17571)"
    ],
    "Plugin Details": {
        "Severity": "Critical",
        "ID": "112177",
        "File Name": "redhat-RHSA-2017-1801.nasl",
        "Version": "1.8",
        "Type": "local",
        "Agent": "unix",
        "Family": "[Red Hat Local Security Checks](https://www.tenable.com/plugins/nessus/families/Red%20Hat%20Local%20Security%20Checks)",
        "Published": "8/29/2018",
        "Updated": "5/8/2020",
        "Supported Sensors": "Frictionless Assessment AWS, Frictionless Assessment Azure, Frictionless Assessment Agent, Nessus Agent, Agentless Assessment"
    },
    "Risk Information": [
        {
            "Name": "[VPR](https://www.tenable.com/blog/what-is-vpr-and-how-is-it-different-from-cvss)",
            "Risk Factor": "Medium",
            "Score": "6.7"
        },
        {
            "Name": "[CVSS v2](https://nvd.nist.gov/vuln-metrics/cvss/v2-calculator?vector=AV:N/AC:L/Au:N/C:N/I:N/A:C)",
            "Risk Factor": "High",
            "Base Score": "7.8",
            "Vector": "CVSS2#AV:N/AC:L/Au:N/C:N/I:N/A:C"
        },
        {
            "Name": "[CVSS v3](https://nvd.nist.gov/vuln-metrics/cvss/v3-calculator?vector=AV:N/AC:L/PR:N/UI:N/S:U/C:H/I:H/A:H&version=3.0)",
            "Risk Factor": "Critical",
            "Base Score": "9.8",
            "Vector": "CVSS:3.0/AV:N/AC:L/PR:N/UI:N/S:U/C:H/I:H/A:H"
        }
    ],
    "Vulnerability Information": {
        "CPE": "p-cpe:/a:redhat:enterprise_linux:log4j-eap6, p-cpe:/a:redhat:enterprise_linux:tomcat-native, p-cpe:/a:redhat:enterprise_linux:tomcat-native-debuginfo, p-cpe:/a:redhat:enterprise_linux:tomcat7, p-cpe:/a:redhat:enterprise_linux:tomcat7-admin-webapps, p-cpe:/a:redhat:enterprise_linux:tomcat7-docs-webapp, p-cpe:/a:redhat:enterprise_linux:tomcat7-el-2.2-api, p-cpe:/a:redhat:enterprise_linux:tomcat7-javadoc, p-cpe:/a:redhat:enterprise_linux:tomcat7-jsp-2.2-api, p-cpe:/a:redhat:enterprise_linux:tomcat7-jsvc, p-cpe:/a:redhat:enterprise_linux:tomcat7-lib, p-cpe:/a:redhat:enterprise_linux:tomcat7-log4j, p-cpe:/a:redhat:enterprise_linux:tomcat7-selinux, p-cpe:/a:redhat:enterprise_linux:tomcat7-servlet-3.0-api, p-cpe:/a:redhat:enterprise_linux:tomcat7-webapps, p-cpe:/a:redhat:enterprise_linux:tomcat8, p-cpe:/a:redhat:enterprise_linux:tomcat8-admin-webapps, p-cpe:/a:redhat:enterprise_linux:tomcat8-docs-webapp, p-cpe:/a:redhat:enterprise_linux:tomcat8-el-2.2-api, p-cpe:/a:redhat:enterprise_linux:tomcat8-javadoc, p-cpe:/a:redhat:enterprise_linux:tomcat8-jsp-2.3-api, p-cpe:/a:redhat:enterprise_linux:tomcat8-jsvc, p-cpe:/a:redhat:enterprise_linux:tomcat8-lib, p-cpe:/a:redhat:enterprise_linux:tomcat8-log4j, p-cpe:/a:redhat:enterprise_linux:tomcat8-selinux, p-cpe:/a:redhat:enterprise_linux:tomcat8-servlet-3.1-api, p-cpe:/a:redhat:enterprise_linux:tomcat8-webapps, cpe:/o:redhat:enterprise_linux:6, cpe:/o:redhat:enterprise_linux:7",
        "Required KB Items": "Host/local_checks_enabled, Host/RedHat/release, Host/RedHat/rpm-list, Host/cpu",
        "Patch Publication Date": "7/25/2017",
        "Vulnerability Publication Date": "9/26/2016"
    },
    "Reference Information": {
        "CVE": "[CVE-2016-6304](/cve/CVE-2016-6304), [CVE-2016-7056](/cve/CVE-2016-7056), [CVE-2016-8610](/cve/CVE-2016-8610), [CVE-2017-5645](/cve/CVE-2017-5645), [CVE-2017-5647](/cve/CVE-2017-5647), [CVE-2017-5648](/cve/CVE-2017-5648), [CVE-2017-5664](/cve/CVE-2017-5664), [CVE-2017-7674](/cve/CVE-2017-7674), [CVE-2019-17571](/cve/CVE-2019-17571)",
        "IAVA": "2020-A-0008-S",
        "RHSA": "[2017:1801](https://access.redhat.com/errata/RHSA-2017:1801)"
    }
}