{
    "Title": "SUSE SLES11 Security Update : java-1_7_0-ibm (SUSE-SU-2018:257...",
    "Synopsis": "The remote SUSE host is missing one or more security updates.",
    "Description": "This update for java-1_7_0-ibm fixes the following issues :\nSecurity issues fixed :\nCVE-2018-1517: Fixed a flaw in the java.math component in IBM SDK, which may allow an attacker to inflict a denial-of-service attack with specially crafted String data.\nCVE-2018-1656: Protect against path traversal attacks when extracting compressed dump files.\nCVE-2018-2940: Fixed an easily exploitable vulnerability in the libraries subcomponent, which allowed unauthenticated attackers with network access via multiple protocols to compromise the Java SE, leading to unauthorized read access.\nCVE-2018-2952: Fixed an easily exploitable vulnerability in the concurrency subcomponent, which allowed unauthenticated attackers with network access via multiple protocols to compromise the Java SE, leading to denial of service.\nCVE-2018-2973: Fixed a difficult to exploit vulnerability in the JSSE subcomponent, which allowed unauthenticated attackers with network access via SSL/TLS to compromise the Java SE, leading to unauthorized creation, deletion or modification access to critical data.\nCVE-2018-12539: Fixed a vulnerability in which users other than the process owner may be able to use Java Attach API to connect to the IBM JVM on the same machine and use Attach API operations, including the ability to execute untrusted arbitrary code.\nOther changes made: Various JIT/JVM crash fixes\nVersion update to 7.1.4.30 (bsc#1104668)\nYou can find detailed information about this update [here](https://developer.ibm.com/javasdk/support/security-vulnerabilit ies/# IBM_Security_Update_August_2018).\nNote that Tenable Network Security has extracted the preceding description block directly from the SUSE security advisory. Tenable has attempted to automatically clean and format it as much as possible without introducing additional issues.",
    "Solution": "To install this SUSE Security Update use the SUSE recommended installation methods like YaST online_update or 'zypper patch'.\nAlternatively you can run the command listed for your product :\nSUSE Linux Enterprise Server 11-SP3-LTSS:zypper in -t patch slessp3-java-1_7_0-ibm-13765=1\nSUSE Linux Enterprise Point of Sale 11-SP3:zypper in -t patch sleposp3-java-1_7_0-ibm-13765=1",
    "See Also": [
        "[https://bugzilla.suse.com/show_bug.cgi?id=1104668](https://bugzilla.suse.com/show_bug.cgi?id=1104668)",
        "[https://developer.ibm.com/javasdk/support/security-vulnerabilities/#](https://developer.ibm.com/javasdk/support/security-vulnerabilities/#)",
        "[https://www.suse.com/security/cve/CVE-2018-12539/](https://www.suse.com/security/cve/CVE-2018-12539/)",
        "[https://www.suse.com/security/cve/CVE-2018-1517/](https://www.suse.com/security/cve/CVE-2018-1517/)",
        "[https://www.suse.com/security/cve/CVE-2018-1656/](https://www.suse.com/security/cve/CVE-2018-1656/)",
        "[https://www.suse.com/security/cve/CVE-2018-2940/](https://www.suse.com/security/cve/CVE-2018-2940/)",
        "[https://www.suse.com/security/cve/CVE-2018-2952/](https://www.suse.com/security/cve/CVE-2018-2952/)",
        "[https://www.suse.com/security/cve/CVE-2018-2973/](https://www.suse.com/security/cve/CVE-2018-2973/)",
        "[http://www.nessus.org/u?86f2cdd8](http://www.nessus.org/u?86f2cdd8)"
    ],
    "Plugin Details": {
        "Severity": "High",
        "ID": "112273",
        "File Name": "suse_SU-2018-2574-1.nasl",
        "Version": "1.8",
        "Type": "local",
        "Agent": "unix",
        "Family": "[SuSE Local Security Checks](https://www.tenable.com/plugins/nessus/families/SuSE%20Local%20Security%20Checks)",
        "Published": "9/4/2018",
        "Updated": "1/19/2021",
        "Supported Sensors": "Agentless Assessment, Frictionless Assessment Agent, Frictionless Assessment AWS, Frictionless Assessment Azure, Nessus Agent"
    },
    "Risk Information": [
        {
            "Name": "[VPR](https://www.tenable.com/blog/what-is-vpr-and-how-is-it-different-from-cvss)",
            "Risk Factor": "Medium",
            "Score": "5.9"
        },
        {
            "Name": "[CVSS v2](https://nvd.nist.gov/vuln-metrics/cvss/v2-calculator?vector=AV:N/AC:L/Au:N/C:N/I:N/A:P)",
            "Risk Factor": "Medium",
            "Base Score": "5",
            "Vector": "CVSS2#AV:N/AC:L/Au:N/C:N/I:N/A:P"
        },
        {
            "Name": "[CVSS v3](https://nvd.nist.gov/vuln-metrics/cvss/v3-calculator?vector=AV:L/AC:L/PR:L/UI:N/S:U/C:H/I:H/A:H&version=3.0)",
            "Risk Factor": "High",
            "Base Score": "7.8",
            "Vector": "CVSS:3.0/AV:L/AC:L/PR:L/UI:N/S:U/C:H/I:H/A:H"
        }
    ],
    "Vulnerability Information": {
        "CPE": "p-cpe:/a:novell:suse_linux:java-1_7_0-ibm, p-cpe:/a:novell:suse_linux:java-1_7_0-ibm-alsa, p-cpe:/a:novell:suse_linux:java-1_7_0-ibm-devel, p-cpe:/a:novell:suse_linux:java-1_7_0-ibm-jdbc, p-cpe:/a:novell:suse_linux:java-1_7_0-ibm-plugin, cpe:/o:novell:suse_linux:11",
        "Required KB Items": "Host/local_checks_enabled, Host/cpu, Host/SuSE/release, Host/SuSE/rpm-list",
        "Patch Publication Date": "8/31/2018",
        "Vulnerability Publication Date": "7/18/2018"
    },
    "Reference Information": {
        "CVE": "[CVE-2018-12539](/cve/CVE-2018-12539), [CVE-2018-1517](/cve/CVE-2018-1517), [CVE-2018-1656](/cve/CVE-2018-1656), [CVE-2018-2940](/cve/CVE-2018-2940), [CVE-2018-2952](/cve/CVE-2018-2952), [CVE-2018-2973](/cve/CVE-2018-2973)"
    }
}