{
    "Title": "RHEL 6 : JBoss EAP (RHSA-2016:1838)",
    "Synopsis": "The remote Red Hat host is missing one or more security updates.",
    "Description": "Updated packages that provide Red Hat JBoss Enterprise Application Platform 7.0.2, fix several bugs, and add various enhancements are now available for Red Hat Enterprise Linux 6.\nRed Hat Product Security has rated this update as having a security impact of Important. A Common Vulnerability Scoring System (CVSS) base score, which gives a detailed severity rating, is available for each vulnerability from the CVE link(s) in the References section.\nRed Hat JBoss Enterprise Application Platform 7 is an application server that serves as a middleware platform and is built on open standards and compliant with the Java EE 7 specification.\nThis release serves as a replacement for Red Hat JBoss Enterprise Application Platform 7.0.1. It includes bug fixes and enhancements.\nRefer to the JBoss Enterprise Application Platform 7.0.2 Release Notes linked to in the References section for information about the most significant bug fixes and enhancements included in this release.\nSecurity Fix(es) :\n* It was found that the Java Standard Tag Library (JSTL) allowed the processing of untrusted XML documents to utilize external entity references, which could access resources on the host system and, potentially, allowing arbitrary code execution. (CVE-2015-0254)\n* It was reported that EAP 7 Application Server/Undertow web server is vulnerable to the injection of arbitrary HTTP headers, and also response splitting, due to insufficient sanitization and validation of user input before the input is used as part of an HTTP header value.\n(CVE-2016-4993)\n* The domain controller will not propagate its administrative RBAC configuration to some slaves. An attacker could use this to escalate their privileges. (CVE-2016-5406)\nRed Hat would like to thank Calum Hutton (NCC Group) and Mikhail Egorov (Odin) for reporting CVE-2016-4993. The CVE-2016-5406 issue was discovered by Tomaz Cerar (Red Hat).",
    "Solution": "Update the affected packages.",
    "See Also": [
        "[https://access.redhat.com/security/cve/cve-2015-0254](https://access.redhat.com/security/cve/cve-2015-0254)",
        "[https://access.redhat.com/security/cve/cve-2016-4993](https://access.redhat.com/security/cve/cve-2016-4993)",
        "[https://access.redhat.com/security/cve/cve-2016-5406](https://access.redhat.com/security/cve/cve-2016-5406)",
        "[https://access.redhat.com/errata/RHSA-2016:1838](https://access.redhat.com/errata/RHSA-2016:1838)"
    ],
    "Plugin Details": {
        "Severity": "High",
        "ID": "112245",
        "File Name": "redhat-RHSA-2016-1838.nasl",
        "Version": "1.5",
        "Type": "local",
        "Agent": "unix",
        "Family": "[Red Hat Local Security Checks](https://www.tenable.com/plugins/nessus/families/Red%20Hat%20Local%20Security%20Checks)",
        "Published": "9/4/2018",
        "Updated": "10/24/2019",
        "Supported Sensors": "Agentless Assessment, Frictionless Assessment Agent, Frictionless Assessment AWS, Frictionless Assessment Azure, Nessus Agent"
    },
    "Risk Information": [
        {
            "Name": "[VPR](https://www.tenable.com/blog/what-is-vpr-and-how-is-it-different-from-cvss)",
            "Risk Factor": "Medium",
            "Score": "6.2"
        },
        {
            "Name": "[CVSS v2](https://nvd.nist.gov/vuln-metrics/cvss/v2-calculator?vector=AV:N/AC:L/Au:N/C:P/I:P/A:P)",
            "Risk Factor": "High",
            "Base Score": "7.5",
            "Vector": "CVSS2#AV:N/AC:L/Au:N/C:P/I:P/A:P"
        },
        {
            "Name": "[CVSS v3](https://nvd.nist.gov/vuln-metrics/cvss/v3-calculator?vector=AV:N/AC:L/PR:L/UI:N/S:U/C:H/I:H/A:H&version=3.0)",
            "Risk Factor": "High",
            "Base Score": "8.8",
            "Vector": "CVSS:3.0/AV:N/AC:L/PR:L/UI:N/S:U/C:H/I:H/A:H"
        }
    ],
    "Vulnerability Information": {
        "CPE": "cpe:/o:redhat:enterprise_linux:6, p-cpe:/a:redhat:enterprise_linux:eap7-jgroups, p-cpe:/a:redhat:enterprise_linux:eap7-activemq-artemis, p-cpe:/a:redhat:enterprise_linux:eap7-activemq-artemis-cli, p-cpe:/a:redhat:enterprise_linux:eap7-activemq-artemis-commons, p-cpe:/a:redhat:enterprise_linux:eap7-activemq-artemis-core-client, p-cpe:/a:redhat:enterprise_linux:eap7-activemq-artemis-dto, p-cpe:/a:redhat:enterprise_linux:eap7-activemq-artemis-hornetq-protocol, p-cpe:/a:redhat:enterprise_linux:eap7-activemq-artemis-hqclient-protocol, p-cpe:/a:redhat:enterprise_linux:eap7-activemq-artemis-jms-client, p-cpe:/a:redhat:enterprise_linux:eap7-activemq-artemis-jms-server, p-cpe:/a:redhat:enterprise_linux:eap7-activemq-artemis-journal, p-cpe:/a:redhat:enterprise_linux:eap7-activemq-artemis-native, p-cpe:/a:redhat:enterprise_linux:eap7-activemq-artemis-ra, p-cpe:/a:redhat:enterprise_linux:eap7-activemq-artemis-selector, p-cpe:/a:redhat:enterprise_linux:eap7-activemq-artemis-server, p-cpe:/a:redhat:enterprise_linux:eap7-activemq-artemis-service-extensions, p-cpe:/a:redhat:enterprise_linux:eap7-resteasy, p-cpe:/a:redhat:enterprise_linux:eap7-resteasy-async-http-servlet-3.0, p-cpe:/a:redhat:enterprise_linux:eap7-resteasy-atom-provider, p-cpe:/a:redhat:enterprise_linux:eap7-resteasy-cdi, p-cpe:/a:redhat:enterprise_linux:eap7-resteasy-client, p-cpe:/a:redhat:enterprise_linux:eap7-resteasy-crypto, p-cpe:/a:redhat:enterprise_linux:eap7-resteasy-jackson-provider, p-cpe:/a:redhat:enterprise_linux:eap7-resteasy-jackson2-provider, p-cpe:/a:redhat:enterprise_linux:eap7-resteasy-jaxb-provider, p-cpe:/a:redhat:enterprise_linux:eap7-resteasy-jaxrs, p-cpe:/a:redhat:enterprise_linux:eap7-resteasy-jettison-provider, p-cpe:/a:redhat:enterprise_linux:eap7-resteasy-jose-jwt, p-cpe:/a:redhat:enterprise_linux:eap7-resteasy-jsapi, p-cpe:/a:redhat:enterprise_linux:eap7-resteasy-json-p-provider, p-cpe:/a:redhat:enterprise_linux:eap7-resteasy-multipart-provider, p-cpe:/a:redhat:enterprise_linux:eap7-resteasy-spring, p-cpe:/a:redhat:enterprise_linux:eap7-resteasy-validator-provider-11, p-cpe:/a:redhat:enterprise_linux:eap7-resteasy-yaml-provider, p-cpe:/a:redhat:enterprise_linux:eap7-wildfly, p-cpe:/a:redhat:enterprise_linux:eap7-wildfly-javadocs, p-cpe:/a:redhat:enterprise_linux:eap7-wildfly-modules, p-cpe:/a:redhat:enterprise_linux:eap7-wildfly-web-console-eap, p-cpe:/a:redhat:enterprise_linux:eap7-picketlink-api, p-cpe:/a:redhat:enterprise_linux:eap7-picketlink-bindings, p-cpe:/a:redhat:enterprise_linux:eap7-picketlink-common, p-cpe:/a:redhat:enterprise_linux:eap7-picketlink-config, p-cpe:/a:redhat:enterprise_linux:eap7-picketlink-federation, p-cpe:/a:redhat:enterprise_linux:eap7-picketlink-idm-api, p-cpe:/a:redhat:enterprise_linux:eap7-picketlink-idm-impl, p-cpe:/a:redhat:enterprise_linux:eap7-picketlink-idm-simple-schema, p-cpe:/a:redhat:enterprise_linux:eap7-picketlink-impl, p-cpe:/a:redhat:enterprise_linux:eap7-picketlink-wildfly8, p-cpe:/a:redhat:enterprise_linux:eap7-undertow, p-cpe:/a:redhat:enterprise_linux:eap7-apache-cxf, p-cpe:/a:redhat:enterprise_linux:eap7-apache-cxf-rt, p-cpe:/a:redhat:enterprise_linux:eap7-apache-cxf-services, p-cpe:/a:redhat:enterprise_linux:eap7-apache-cxf-tools, p-cpe:/a:redhat:enterprise_linux:eap7-picketbox, p-cpe:/a:redhat:enterprise_linux:eap7-picketbox-infinispan, p-cpe:/a:redhat:enterprise_linux:eap7-xml-security, p-cpe:/a:redhat:enterprise_linux:eap7-wss4j, p-cpe:/a:redhat:enterprise_linux:eap7-wss4j-bindings, p-cpe:/a:redhat:enterprise_linux:eap7-wss4j-policy, p-cpe:/a:redhat:enterprise_linux:eap7-wss4j-ws-security-common, p-cpe:/a:redhat:enterprise_linux:eap7-wss4j-ws-security-dom, p-cpe:/a:redhat:enterprise_linux:eap7-wss4j-ws-security-policy-stax, p-cpe:/a:redhat:enterprise_linux:eap7-wss4j-ws-security-stax, p-cpe:/a:redhat:enterprise_linux:eap7-jboss-security-negotiation, p-cpe:/a:redhat:enterprise_linux:eap7-jbossws-common, p-cpe:/a:redhat:enterprise_linux:eap7-mod_cluster, p-cpe:/a:redhat:enterprise_linux:eap7-jbossws-cxf, p-cpe:/a:redhat:enterprise_linux:eap7-jberet, p-cpe:/a:redhat:enterprise_linux:eap7-jberet-core, p-cpe:/a:redhat:enterprise_linux:eap7-jbossws-spi, p-cpe:/a:redhat:enterprise_linux:eap7-xalan-j2, p-cpe:/a:redhat:enterprise_linux:eap7-jboss-jstl-api_1.2_spec",
        "Required KB Items": "Host/local_checks_enabled, Host/RedHat/release, Host/RedHat/rpm-list, Host/cpu",
        "Patch Publication Date": "9/8/2016",
        "Vulnerability Publication Date": "3/9/2015"
    },
    "Reference Information": {
        "CVE": "[CVE-2015-0254](/cve/CVE-2015-0254), [CVE-2016-4993](/cve/CVE-2016-4993), [CVE-2016-5406](/cve/CVE-2016-5406)",
        "RHSA": "[2016:1838](https://access.redhat.com/errata/RHSA-2016:1838)"
    }
}