{
    "Title": "Microsoft SharePoint Server 2019 build < 16.0.10346.20001 Mult...",
    "Synopsis": "Microsoft SharePoint Server 2019 build < 16.0.10346.20001 Multiple Vulnerabilities",
    "Description": "According to its self-reported version number, the Microsoft SharePoint application running on the remote host is affected by multiple vulnerabilities :\n - A cross-site-scripting (XSS) vulnerability exists when Microsoft SharePoint Server does not properly sanitize a specially crafted web request to an affected SharePoint server.\n - A remote code execution vulnerability exists in Microsoft SharePoint software when it fails to properly handle objects in memory.\nNote that the scanner has not tested for these issues but has instead relied only on the application's self-reported version number.",
    "Solution": "Upgrade to Microsoft SharePoint Server 2019 build 16.0.10346.20001 or later.",
    "See Also": [
        "[https://portal.msrc.microsoft.com/en-US/security-guidance/advisory/CVE-2019-1031](https://portal.msrc.microsoft.com/en-US/security-guidance/advisory/CVE-2019-1031)",
        "[https://portal.msrc.microsoft.com/en-US/security-guidance/advisory/CVE-2019-1032](https://portal.msrc.microsoft.com/en-US/security-guidance/advisory/CVE-2019-1032)",
        "[https://portal.msrc.microsoft.com/en-US/security-guidance/advisory/CVE-2019-1033](https://portal.msrc.microsoft.com/en-US/security-guidance/advisory/CVE-2019-1033)",
        "[https://portal.msrc.microsoft.com/en-US/security-guidance/advisory/CVE-2019-1034](https://portal.msrc.microsoft.com/en-US/security-guidance/advisory/CVE-2019-1034)",
        "[https://portal.msrc.microsoft.com/en-US/security-guidance/advisory/CVE-2019-1035](https://portal.msrc.microsoft.com/en-US/security-guidance/advisory/CVE-2019-1035)",
        "[https://portal.msrc.microsoft.com/en-US/security-guidance/advisory/CVE-2019-1036](https://portal.msrc.microsoft.com/en-US/security-guidance/advisory/CVE-2019-1036)"
    ],
    "Plugin Details": {
        "Severity": "High",
        "ID": "112341",
        "Type": "remote",
        "Family": "[Component Vulnerability](https://www.tenable.com/plugins/was/families/Component%20Vulnerability)",
        "Published": "4/29/2020",
        "Updated": "3/14/2023",
        "Scan Template": "api, basic, full, pci, scan"
    },
    "Risk Information": [
        {
            "Name": "[VPR](https://www.tenable.com/blog/what-is-vpr-and-how-is-it-different-from-cvss)",
            "Risk Factor": "Medium",
            "Score": "5.9"
        },
        {
            "Name": "[CVSS v2](https://nvd.nist.gov/vuln-metrics/cvss/v2-calculator?vector=AV:N/AC:M/Au:N/C:C/I:C/A:C)",
            "Risk Factor": "High",
            "Base Score": "9.3",
            "Vector": "CVSS2#AV:N/AC:M/Au:N/C:C/I:C/A:C",
            "CVSS Score Source": "[CVE-2019-1034](https://www.tenable.com/cve/CVE-2019-1034)"
        },
        {
            "Name": "[CVSS v3](https://nvd.nist.gov/vuln-metrics/cvss/v3-calculator?vector=AV:L/AC:L/PR:N/UI:R/S:U/C:H/I:H/A:H&version=3.0)",
            "Risk Factor": "High",
            "Base Score": "7.8",
            "Vector": "CVSS:3.0/AV:L/AC:L/PR:N/UI:R/S:U/C:H/I:H/A:H",
            "CVSS Score Source": "[CVE-2019-1034](https://www.tenable.com/cve/CVE-2019-1034)"
        }
    ],
    "Vulnerability Information": {
        "CPE": "cpe:2.3:a:microsoft:sharepoint_server:*:*:*:*:*:*:*:*",
        "Exploit Ease": "No known exploits are available",
        "Patch Publication Date": "6/12/2019",
        "Vulnerability Publication Date": "6/12/2019"
    },
    "Reference Information": {
        "CVE": "[CVE-2019-1031](/cve/CVE-2019-1031), [CVE-2019-1032](/cve/CVE-2019-1032), [CVE-2019-1033](/cve/CVE-2019-1033), [CVE-2019-1034](/cve/CVE-2019-1034), [CVE-2019-1035](/cve/CVE-2019-1035), [CVE-2019-1036](/cve/CVE-2019-1036)",
        "BID": "[108571](http://www.securityfocus.com/bid/108571), [108573](http://www.securityfocus.com/bid/108573), [108575](http://www.securityfocus.com/bid/108575), [108574](http://www.securityfocus.com/bid/108574), [108572](http://www.securityfocus.com/bid/108572), [108580](http://www.securityfocus.com/bid/108580)",
        "CWE": "[119](http://cwe.mitre.org/data/definitions/119), [79](http://cwe.mitre.org/data/definitions/79)",
        "OWASP": "[2010-A2](https://owasp.org/www-pdf-archive/OWASP_Top_10_-_2010.pdf), [2013-A3](https://owasp.org/www-pdf-archive/OWASP_Top_10_-_2013.pdf), [2013-A9](https://owasp.org/www-pdf-archive/OWASP_Top_10_-_2013.pdf), [2017-A7](https://owasp.org/www-project-top-ten/2017/A7_2017-Cross-Site_Scripting_(XSS).html), [2017-A9](https://owasp.org/www-project-top-ten/2017/A9_2017-Using_Components_with_Known_Vulnerabilities.html), [2021-A3](https://owasp.org/Top10/A03_2021-Injection), [2021-A6](https://owasp.org/Top10/A06_2021-Vulnerable_and_Outdated_Components/)",
        "WASC": "[Buffer Overflow](http://projects.webappsec.org/Buffer Overflow), [Cross-Site Scripting](http://projects.webappsec.org/Cross-Site Scripting)",
        "CAPEC": "[10](https://capec.mitre.org/data/definitions/10.html), [100](https://capec.mitre.org/data/definitions/100.html), [123](https://capec.mitre.org/data/definitions/123.html), [14](https://capec.mitre.org/data/definitions/14.html), [209](https://capec.mitre.org/data/definitions/209.html), [24](https://capec.mitre.org/data/definitions/24.html), [42](https://capec.mitre.org/data/definitions/42.html), [44](https://capec.mitre.org/data/definitions/44.html), [45](https://capec.mitre.org/data/definitions/45.html), [46](https://capec.mitre.org/data/definitions/46.html), [47](https://capec.mitre.org/data/definitions/47.html), [588](https://capec.mitre.org/data/definitions/588.html), [591](https://capec.mitre.org/data/definitions/591.html), [592](https://capec.mitre.org/data/definitions/592.html), [63](https://capec.mitre.org/data/definitions/63.html), [8](https://capec.mitre.org/data/definitions/8.html), [85](https://capec.mitre.org/data/definitions/85.html), [9](https://capec.mitre.org/data/definitions/9.html)",
        "DISA STIG": "[APSC-DV-002490](https://public.cyber.mil/stigs/downloads/), [APSC-DV-002590](https://public.cyber.mil/stigs/downloads/), [APSC-DV-002630](https://public.cyber.mil/stigs/downloads/)",
        "HIPAA": "[164.306(a)(1)](https://www.hhs.gov/hipaa/for-professionals/security/), [164.306(a)(2)](https://www.hhs.gov/hipaa/for-professionals/security/)",
        "ISO": "[27001-A.12.6.1](https://www.iso.org/isoiec-27001-information-security.html), [27001-A.14.2.5](https://www.iso.org/isoiec-27001-information-security.html)",
        "NIST": "[sp800_53-CM-6b](https://www.nist.gov/privacy-framework/nist-sp-800-53/), [sp800_53-SI-10](https://www.nist.gov/privacy-framework/nist-sp-800-53/), [sp800_53-SI-16](https://www.nist.gov/privacy-framework/nist-sp-800-53/)",
        "OWASP API": "[2019-API7](https://github.com/OWASP/API-Security/raw/master/2019/en/dist/owasp-api-security-top-10.pdf), [2023-API8](https://github.com/OWASP/API-Security/raw/master/2019/en/dist/owasp-api-security-top-10.pdf)",
        "OWASP ASVS": "[4.0.2-14.2.1](https://owasp.org/www-project-application-security-verification-standard/), [4.0.2-5.3.3](https://owasp.org/www-project-application-security-verification-standard/)",
        "PCI-DSS": "[3.2-6.2](https://www.pcisecuritystandards.org/document_library), [3.2-6.5.2](https://www.pcisecuritystandards.org/document_library), [3.2-6.5.7](https://www.pcisecuritystandards.org/document_library)"
    }
}