{
    "Title": "Microsoft SharePoint Server 2016 build < 16.0.4810.1000 Multip...",
    "Synopsis": "Microsoft SharePoint Server 2016 build < 16.0.4810.1000 Multiple Vulnerabilities",
    "Description": "According to its self-reported version number, the Microsoft SharePoint application running on the remote host is affected by multiple vulnerabilities :\n - An elevation of privilege vulnerability exists when Microsoft SharePoint Server does not properly sanitize a specially crafted web request to an affected SharePoint server.\n - A spoofing vulnerability exists in Microsoft SharePoint when the application does not properly parse HTTP content.\n - A remote code execution vulnerability exists in Microsoft SharePoint when the software fails to check the source markup of an application package.\nNote that the scanner has not tested for these issues but has instead relied only on the application's self-reported version number.",
    "Solution": "Upgrade to Microsoft SharePoint Server 2016 build 16.0.4810.1000 or later.",
    "See Also": [
        "[https://portal.msrc.microsoft.com/en-US/security-guidance/advisory/CVE-2019-0594](https://portal.msrc.microsoft.com/en-US/security-guidance/advisory/CVE-2019-0594)",
        "[https://portal.msrc.microsoft.com/en-US/security-guidance/advisory/CVE-2019-0604](https://portal.msrc.microsoft.com/en-US/security-guidance/advisory/CVE-2019-0604)",
        "[https://portal.msrc.microsoft.com/en-US/security-guidance/advisory/CVE-2019-0668](https://portal.msrc.microsoft.com/en-US/security-guidance/advisory/CVE-2019-0668)",
        "[https://portal.msrc.microsoft.com/en-US/security-guidance/advisory/CVE-2019-0670](https://portal.msrc.microsoft.com/en-US/security-guidance/advisory/CVE-2019-0670)"
    ],
    "Plugin Details": {
        "Severity": "Critical",
        "ID": "112365",
        "Type": "remote",
        "Family": "[Component Vulnerability](https://www.tenable.com/plugins/was/families/Component%20Vulnerability)",
        "Published": "4/29/2020",
        "Updated": "3/14/2023",
        "Scan Template": "api, basic, full, pci, scan"
    },
    "Risk Information": [
        {
            "Name": "[VPR](https://www.tenable.com/blog/what-is-vpr-and-how-is-it-different-from-cvss)",
            "Risk Factor": "High",
            "Score": "8.9"
        },
        {
            "Name": "[CVSS v2](https://nvd.nist.gov/vuln-metrics/cvss/v2-calculator?vector=AV:N/AC:L/Au:N/C:P/I:P/A:P)",
            "Risk Factor": "High",
            "Base Score": "7.5",
            "Vector": "CVSS2#AV:N/AC:L/Au:N/C:P/I:P/A:P",
            "CVSS Score Source": "[CVE-2019-0604](https://www.tenable.com/cve/CVE-2019-0604)"
        },
        {
            "Name": "[CVSS v3](https://nvd.nist.gov/vuln-metrics/cvss/v3-calculator?vector=AV:N/AC:L/PR:N/UI:N/S:U/C:H/I:H/A:H&version=3.0)",
            "Risk Factor": "Critical",
            "Base Score": "9.8",
            "Vector": "CVSS:3.0/AV:N/AC:L/PR:N/UI:N/S:U/C:H/I:H/A:H",
            "CVSS Score Source": "[CVE-2019-0604](https://www.tenable.com/cve/CVE-2019-0604)"
        }
    ],
    "Vulnerability Information": {
        "CPE": "cpe:2.3:a:microsoft:sharepoint_server:*:*:*:*:*:*:*:*",
        "Exploit Ease": "No known exploits are available",
        "Patch Publication Date": "3/5/2019",
        "Vulnerability Publication Date": "3/5/2019",
        "CISA Known Exploited Vulnerability Due Dates": "5/3/2022"
    },
    "Reference Information": {
        "CVE": "[CVE-2019-0594](/cve/CVE-2019-0594), [CVE-2019-0604](/cve/CVE-2019-0604), [CVE-2019-0668](/cve/CVE-2019-0668), [CVE-2019-0670](/cve/CVE-2019-0670)",
        "BID": "[106894](http://www.securityfocus.com/bid/106894), [106900](http://www.securityfocus.com/bid/106900), [106866](http://www.securityfocus.com/bid/106866), [106914](http://www.securityfocus.com/bid/106914)",
        "CWE": "[20](http://cwe.mitre.org/data/definitions/20), [264](http://cwe.mitre.org/data/definitions/264)",
        "OWASP": "[2010-A4](https://owasp.org/www-pdf-archive/OWASP_Top_10_-_2010.pdf), [2010-A8](https://owasp.org/www-pdf-archive/OWASP_Top_10_-_2010.pdf), [2013-A4](https://owasp.org/www-pdf-archive/OWASP_Top_10_-_2013.pdf), [2013-A7](https://owasp.org/www-pdf-archive/OWASP_Top_10_-_2013.pdf), [2013-A9](https://owasp.org/www-pdf-archive/OWASP_Top_10_-_2013.pdf), [2017-A5](https://owasp.org/www-project-top-ten/2017/A5_2017-Broken_Access_Control.html), [2017-A9](https://owasp.org/www-project-top-ten/2017/A9_2017-Using_Components_with_Known_Vulnerabilities.html), [2021-A1](https://owasp.org/Top10/A01_2021-Broken_Access_Control), [2021-A3](https://owasp.org/Top10/A03_2021-Injection), [2021-A6](https://owasp.org/Top10/A06_2021-Vulnerable_and_Outdated_Components/)",
        "WASC": "[Improper Input Handling](http://projects.webappsec.org/Improper Input Handling), [Insufficient Authorization](http://projects.webappsec.org/Insufficient Authorization)",
        "CAPEC": "[10](https://capec.mitre.org/data/definitions/10.html), [101](https://capec.mitre.org/data/definitions/101.html), [104](https://capec.mitre.org/data/definitions/104.html), [108](https://capec.mitre.org/data/definitions/108.html), [109](https://capec.mitre.org/data/definitions/109.html), [110](https://capec.mitre.org/data/definitions/110.html), [120](https://capec.mitre.org/data/definitions/120.html), [13](https://capec.mitre.org/data/definitions/13.html), [135](https://capec.mitre.org/data/definitions/135.html), [136](https://capec.mitre.org/data/definitions/136.html), [14](https://capec.mitre.org/data/definitions/14.html), [153](https://capec.mitre.org/data/definitions/153.html), [17](https://capec.mitre.org/data/definitions/17.html), [182](https://capec.mitre.org/data/definitions/182.html), [209](https://capec.mitre.org/data/definitions/209.html), [22](https://capec.mitre.org/data/definitions/22.html), [23](https://capec.mitre.org/data/definitions/23.html), [230](https://capec.mitre.org/data/definitions/230.html), [231](https://capec.mitre.org/data/definitions/231.html), [24](https://capec.mitre.org/data/definitions/24.html), [250](https://capec.mitre.org/data/definitions/250.html), [261](https://capec.mitre.org/data/definitions/261.html), [267](https://capec.mitre.org/data/definitions/267.html), [28](https://capec.mitre.org/data/definitions/28.html), [3](https://capec.mitre.org/data/definitions/3.html), [31](https://capec.mitre.org/data/definitions/31.html), [35](https://capec.mitre.org/data/definitions/35.html), [42](https://capec.mitre.org/data/definitions/42.html), [43](https://capec.mitre.org/data/definitions/43.html), [45](https://capec.mitre.org/data/definitions/45.html), [46](https://capec.mitre.org/data/definitions/46.html), [47](https://capec.mitre.org/data/definitions/47.html), [473](https://capec.mitre.org/data/definitions/473.html), [52](https://capec.mitre.org/data/definitions/52.html), [53](https://capec.mitre.org/data/definitions/53.html), [58](https://capec.mitre.org/data/definitions/58.html), [588](https://capec.mitre.org/data/definitions/588.html), [63](https://capec.mitre.org/data/definitions/63.html), [64](https://capec.mitre.org/data/definitions/64.html), [67](https://capec.mitre.org/data/definitions/67.html), [69](https://capec.mitre.org/data/definitions/69.html), [7](https://capec.mitre.org/data/definitions/7.html), [71](https://capec.mitre.org/data/definitions/71.html), [72](https://capec.mitre.org/data/definitions/72.html), [73](https://capec.mitre.org/data/definitions/73.html), [76](https://capec.mitre.org/data/definitions/76.html), [78](https://capec.mitre.org/data/definitions/78.html), [79](https://capec.mitre.org/data/definitions/79.html), [8](https://capec.mitre.org/data/definitions/8.html), [80](https://capec.mitre.org/data/definitions/80.html), [81](https://capec.mitre.org/data/definitions/81.html), [83](https://capec.mitre.org/data/definitions/83.html), [85](https://capec.mitre.org/data/definitions/85.html), [88](https://capec.mitre.org/data/definitions/88.html), [9](https://capec.mitre.org/data/definitions/9.html)",
        "DISA STIG": "[APSC-DV-002560](https://public.cyber.mil/stigs/downloads/), [APSC-DV-002630](https://public.cyber.mil/stigs/downloads/)",
        "HIPAA": "[164.306(a)(1)](https://www.hhs.gov/hipaa/for-professionals/security/), [164.306(a)(2)](https://www.hhs.gov/hipaa/for-professionals/security/)",
        "ISO": "[27001-A.14.2.5](https://www.iso.org/isoiec-27001-information-security.html)",
        "NIST": "[sp800_53-CM-6b](https://www.nist.gov/privacy-framework/nist-sp-800-53/), [sp800_53-SI-10](https://www.nist.gov/privacy-framework/nist-sp-800-53/)",
        "OWASP API": "[2019-API7](https://github.com/OWASP/API-Security/raw/master/2019/en/dist/owasp-api-security-top-10.pdf), [2023-API8](https://github.com/OWASP/API-Security/raw/master/2019/en/dist/owasp-api-security-top-10.pdf)",
        "OWASP ASVS": "[4.0.2-14.2.1](https://owasp.org/www-project-application-security-verification-standard/), [4.0.2-5.1.3](https://owasp.org/www-project-application-security-verification-standard/)",
        "PCI-DSS": "[3.2-6.2](https://www.pcisecuritystandards.org/document_library), [3.2-6.5](https://www.pcisecuritystandards.org/document_library)"
    }
}