{
    "Title": "Advanced Order Export For WooCommerce Plugin for WordPress < 3...",
    "Synopsis": "Advanced Order Export For WooCommerce Plugin for WordPress < 3.1.4 Cross-Site Scripting",
    "Description": "The WordPress Advanced Order Export For WooCommerce Plugin installed on the remote host is affected by a cross-site scripting (XSS) vulnerability.\nNote that the scanner has not tested for these issues but has instead relied only on the application's self-reported version number.",
    "Solution": "Upgrade to Advanced Order Export For WooCommerce Plugin for WordPress 3.1.4 or latest.",
    "See Also": [
        "[https://seclists.org/fulldisclosure/2020/May/11](https://seclists.org/fulldisclosure/2020/May/11)",
        "[https://wordpress.org/plugins/woo-order-export-lite/](https://wordpress.org/plugins/woo-order-export-lite/)",
        "[https://www.themissinglink.com.au/security-advisories-cve-2020-11727](https://www.themissinglink.com.au/security-advisories-cve-2020-11727)"
    ],
    "Plugin Details": {
        "Severity": "Medium",
        "ID": "112385",
        "Type": "remote",
        "Family": "[Component Vulnerability](https://www.tenable.com/plugins/was/families/Component%20Vulnerability)",
        "Published": "5/14/2020",
        "Updated": "3/14/2023",
        "Scan Template": "basic, full, pci, scan"
    },
    "Risk Information": [
        {
            "Name": "[VPR](https://www.tenable.com/blog/what-is-vpr-and-how-is-it-different-from-cvss)",
            "Risk Factor": "Low",
            "Score": "3.8"
        },
        {
            "Name": "[CVSS v2](https://nvd.nist.gov/vuln-metrics/cvss/v2-calculator?vector=AV:N/AC:M/Au:N/C:N/I:P/A:N)",
            "Risk Factor": "Medium",
            "Base Score": "4.3",
            "Vector": "CVSS2#AV:N/AC:M/Au:N/C:N/I:P/A:N",
            "CVSS Score Source": "[CVE-2020-11727](https://www.tenable.com/cve/CVE-2020-11727)"
        },
        {
            "Name": "[CVSS v3](https://nvd.nist.gov/vuln-metrics/cvss/v3-calculator?vector=AV:N/AC:L/PR:N/UI:R/S:C/C:L/I:L/A:N&version=3.0)",
            "Risk Factor": "Medium",
            "Base Score": "6.1",
            "Vector": "CVSS:3.0/AV:N/AC:L/PR:N/UI:R/S:C/C:L/I:L/A:N",
            "CVSS Score Source": "[CVE-2020-11727](https://www.tenable.com/cve/CVE-2020-11727)"
        }
    ],
    "Vulnerability Information": {
        "CPE": "cpe:2.3:a:algolplus:advanced_order_export:3.1.3:*:*:*:*:wordpress:*:*",
        "Exploit Ease": "No known exploits are available",
        "Patch Publication Date": "5/6/2020",
        "Vulnerability Publication Date": "5/6/2020"
    },
    "Reference Information": {
        "CVE": "[CVE-2020-11727](/cve/CVE-2020-11727)",
        "CWE": "[79](http://cwe.mitre.org/data/definitions/79)",
        "OWASP": "[2010-A2](https://owasp.org/www-pdf-archive/OWASP_Top_10_-_2010.pdf), [2013-A3](https://owasp.org/www-pdf-archive/OWASP_Top_10_-_2013.pdf), [2013-A9](https://owasp.org/www-pdf-archive/OWASP_Top_10_-_2013.pdf), [2017-A7](https://owasp.org/www-project-top-ten/2017/A7_2017-Cross-Site_Scripting_(XSS).html), [2017-A9](https://owasp.org/www-project-top-ten/2017/A9_2017-Using_Components_with_Known_Vulnerabilities.html), [2021-A3](https://owasp.org/Top10/A03_2021-Injection), [2021-A6](https://owasp.org/Top10/A06_2021-Vulnerable_and_Outdated_Components/)",
        "WASC": "[Cross-Site Scripting](http://projects.webappsec.org/Cross-Site Scripting)",
        "CAPEC": "[209](https://capec.mitre.org/data/definitions/209.html), [588](https://capec.mitre.org/data/definitions/588.html), [591](https://capec.mitre.org/data/definitions/591.html), [592](https://capec.mitre.org/data/definitions/592.html), [63](https://capec.mitre.org/data/definitions/63.html), [85](https://capec.mitre.org/data/definitions/85.html)",
        "DISA STIG": "[APSC-DV-002490](https://public.cyber.mil/stigs/downloads/), [APSC-DV-002630](https://public.cyber.mil/stigs/downloads/)",
        "HIPAA": "[164.306(a)(1)](https://www.hhs.gov/hipaa/for-professionals/security/), [164.306(a)(2)](https://www.hhs.gov/hipaa/for-professionals/security/)",
        "ISO": "[27001-A.14.2.5](https://www.iso.org/isoiec-27001-information-security.html)",
        "NIST": "[sp800_53-CM-6b](https://www.nist.gov/privacy-framework/nist-sp-800-53/), [sp800_53-SI-10](https://www.nist.gov/privacy-framework/nist-sp-800-53/)",
        "OWASP API": "[2019-API7](https://github.com/OWASP/API-Security/raw/master/2019/en/dist/owasp-api-security-top-10.pdf), [2023-API8](https://github.com/OWASP/API-Security/raw/master/2019/en/dist/owasp-api-security-top-10.pdf)",
        "OWASP ASVS": "[4.0.2-14.2.1](https://owasp.org/www-project-application-security-verification-standard/), [4.0.2-5.3.3](https://owasp.org/www-project-application-security-verification-standard/)",
        "PCI-DSS": "[3.2-6.2](https://www.pcisecuritystandards.org/document_library), [3.2-6.5.7](https://www.pcisecuritystandards.org/document_library)"
    }
}