{
    "Title": "Microsoft SharePoint Server 2019 build < 16.0.10348.12104 Mult...",
    "Synopsis": "Microsoft SharePoint Server 2019 build < 16.0.10348.12104 Multiple Vulnerabilities",
    "Description": "According to its self-reported version number, the Microsoft SharePoint application running on the remote host is affected by multiple vulnerabilities :\n - An authentication bypass vulnerability exists in Windows Communication Foundation (WCF) and Windows Identity Foundation (WIF), allowing signing of SAML tokens with arbitrary symmetric keys.\n - A cross-site-scripting (XSS) vulnerability exists when Microsoft SharePoint Server does not properly sanitize a specially crafted web request to an affected SharePoint server.\nNote that the scanner has not tested for these issues but has instead relied only on the application's self-reported version number.",
    "Solution": "Upgrade to Microsoft SharePoint Server 2019 build 16.0.10348.12104 or later.",
    "See Also": [
        "[https://portal.msrc.microsoft.com/en-US/security-guidance/advisory/CVE-2019-1006](https://portal.msrc.microsoft.com/en-US/security-guidance/advisory/CVE-2019-1006)",
        "[https://portal.msrc.microsoft.com/en-US/security-guidance/advisory/CVE-2019-1134](https://portal.msrc.microsoft.com/en-US/security-guidance/advisory/CVE-2019-1134)"
    ],
    "Plugin Details": {
        "Severity": "High",
        "ID": "112339",
        "Type": "remote",
        "Family": "[Component Vulnerability](https://www.tenable.com/plugins/was/families/Component%20Vulnerability)",
        "Published": "4/29/2020",
        "Updated": "3/14/2023",
        "Scan Template": "api, basic, full, pci, scan"
    },
    "Risk Information": [
        {
            "Name": "[VPR](https://www.tenable.com/blog/what-is-vpr-and-how-is-it-different-from-cvss)",
            "Risk Factor": "Medium",
            "Score": "5.1"
        },
        {
            "Name": "[CVSS v2](https://nvd.nist.gov/vuln-metrics/cvss/v2-calculator?vector=AV:N/AC:L/Au:N/C:N/I:P/A:N)",
            "Risk Factor": "Medium",
            "Base Score": "5",
            "Vector": "CVSS2#AV:N/AC:L/Au:N/C:N/I:P/A:N",
            "CVSS Score Source": "[CVE-2019-1006](https://www.tenable.com/cve/CVE-2019-1006)"
        },
        {
            "Name": "[CVSS v3](https://nvd.nist.gov/vuln-metrics/cvss/v3-calculator?vector=AV:N/AC:L/PR:N/UI:N/S:U/C:N/I:H/A:N&version=3.0)",
            "Risk Factor": "High",
            "Base Score": "7.5",
            "Vector": "CVSS:3.0/AV:N/AC:L/PR:N/UI:N/S:U/C:N/I:H/A:N",
            "CVSS Score Source": "[CVE-2019-1006](https://www.tenable.com/cve/CVE-2019-1006)"
        }
    ],
    "Vulnerability Information": {
        "CPE": "cpe:2.3:a:microsoft:sharepoint_server:*:*:*:*:*:*:*:*",
        "Exploit Ease": "No known exploits are available",
        "Patch Publication Date": "7/15/2019",
        "Vulnerability Publication Date": "7/15/2019"
    },
    "Reference Information": {
        "CVE": "[CVE-2019-1006](/cve/CVE-2019-1006), [CVE-2019-1134](/cve/CVE-2019-1134)",
        "BID": "[108978](http://www.securityfocus.com/bid/108978), [109028](http://www.securityfocus.com/bid/109028)",
        "CWE": "[287](http://cwe.mitre.org/data/definitions/287), [79](http://cwe.mitre.org/data/definitions/79)",
        "OWASP": "[2010-A2](https://owasp.org/www-pdf-archive/OWASP_Top_10_-_2010.pdf), [2010-A3](https://owasp.org/www-pdf-archive/OWASP_Top_10_-_2010.pdf), [2013-A2](https://owasp.org/www-pdf-archive/OWASP_Top_10_-_2013.pdf), [2013-A3](https://owasp.org/www-pdf-archive/OWASP_Top_10_-_2013.pdf), [2013-A9](https://owasp.org/www-pdf-archive/OWASP_Top_10_-_2013.pdf), [2017-A2](https://owasp.org/www-project-top-ten/2017/A2_2017-Broken_Authentication.html), [2017-A7](https://owasp.org/www-project-top-ten/2017/A7_2017-Cross-Site_Scripting_(XSS).html), [2017-A9](https://owasp.org/www-project-top-ten/2017/A9_2017-Using_Components_with_Known_Vulnerabilities.html), [2021-A3](https://owasp.org/Top10/A03_2021-Injection), [2021-A6](https://owasp.org/Top10/A06_2021-Vulnerable_and_Outdated_Components/), [2021-A7](https://owasp.org/Top10/A07_2021-Identification_and_Authentication_Failures)",
        "WASC": "[Cross-Site Scripting](http://projects.webappsec.org/Cross-Site Scripting), [Insufficient Authentication](http://projects.webappsec.org/Insufficient Authentication)",
        "CAPEC": "[114](https://capec.mitre.org/data/definitions/114.html), [115](https://capec.mitre.org/data/definitions/115.html), [151](https://capec.mitre.org/data/definitions/151.html), [194](https://capec.mitre.org/data/definitions/194.html), [209](https://capec.mitre.org/data/definitions/209.html), [22](https://capec.mitre.org/data/definitions/22.html), [57](https://capec.mitre.org/data/definitions/57.html), [588](https://capec.mitre.org/data/definitions/588.html), [591](https://capec.mitre.org/data/definitions/591.html), [592](https://capec.mitre.org/data/definitions/592.html), [593](https://capec.mitre.org/data/definitions/593.html), [63](https://capec.mitre.org/data/definitions/63.html), [633](https://capec.mitre.org/data/definitions/633.html), [650](https://capec.mitre.org/data/definitions/650.html), [85](https://capec.mitre.org/data/definitions/85.html), [94](https://capec.mitre.org/data/definitions/94.html)",
        "DISA STIG": "[APSC-DV-000460](https://public.cyber.mil/stigs/downloads/), [APSC-DV-002490](https://public.cyber.mil/stigs/downloads/), [APSC-DV-002630](https://public.cyber.mil/stigs/downloads/)",
        "HIPAA": "[164.306(a)(1)](https://www.hhs.gov/hipaa/for-professionals/security/), [164.306(a)(2)](https://www.hhs.gov/hipaa/for-professionals/security/), [164.312(a)(1)](https://www.hhs.gov/hipaa/for-professionals/security/), [164.312(a)(2)(i)](https://www.hhs.gov/hipaa/for-professionals/security/)",
        "ISO": "[27001-A.13.1.1](https://www.iso.org/isoiec-27001-information-security.html), [27001-A.14.1.2](https://www.iso.org/isoiec-27001-information-security.html), [27001-A.14.1.3](https://www.iso.org/isoiec-27001-information-security.html), [27001-A.14.2.5](https://www.iso.org/isoiec-27001-information-security.html), [27001-A.18.1.3](https://www.iso.org/isoiec-27001-information-security.html), [27001-A.6.2.2](https://www.iso.org/isoiec-27001-information-security.html), [27001-A.9.1.2](https://www.iso.org/isoiec-27001-information-security.html), [27001-A.9.4.1](https://www.iso.org/isoiec-27001-information-security.html), [27001-A.9.4.4](https://www.iso.org/isoiec-27001-information-security.html), [27001-A.9.4.5](https://www.iso.org/isoiec-27001-information-security.html)",
        "NIST": "[sp800_53-AC-3](https://www.nist.gov/privacy-framework/nist-sp-800-53/), [sp800_53-CM-6b](https://www.nist.gov/privacy-framework/nist-sp-800-53/), [sp800_53-SI-10](https://www.nist.gov/privacy-framework/nist-sp-800-53/)",
        "OWASP API": "[2019-API7](https://github.com/OWASP/API-Security/raw/master/2019/en/dist/owasp-api-security-top-10.pdf), [2023-API8](https://github.com/OWASP/API-Security/raw/master/2019/en/dist/owasp-api-security-top-10.pdf)",
        "OWASP ASVS": "[4.0.2-14.2.1](https://owasp.org/www-project-application-security-verification-standard/), [4.0.2-5.3.3](https://owasp.org/www-project-application-security-verification-standard/)",
        "PCI-DSS": "[3.2-6.2](https://www.pcisecuritystandards.org/document_library), [3.2-6.5.10](https://www.pcisecuritystandards.org/document_library), [3.2-6.5.7](https://www.pcisecuritystandards.org/document_library)"
    }
}