{
    "Title": "Microsoft SharePoint Server 2019 build < 16.0.10349.20000 Mult...",
    "Synopsis": "Microsoft SharePoint Server 2019 build < 16.0.10349.20000 Multiple Vulnerabilities",
    "Description": "According to its self-reported version number, the Microsoft SharePoint application running on the remote host is affected by multiple vulnerabilities :\n - An information disclosure vulnerability exists in the way Microsoft SharePoint handles session objects.\n - A remote code execution vulnerability exists in Microsoft SharePoint software when it fails to properly handle objects in memory.\n - A cross-site-scripting (XSS) vulnerability exists when Microsoft SharePoint Server does not properly sanitize a specially crafted web request to an affected SharePoint server.\nNote that the scanner has not tested for these issues but has instead relied only on the application's self-reported version number.",
    "Solution": "Upgrade to Microsoft SharePoint Server 2019 build 16.0.10349.20000 or later.",
    "See Also": [
        "[https://portal.msrc.microsoft.com/en-US/security-guidance/advisory/CVE-2019-1201](https://portal.msrc.microsoft.com/en-US/security-guidance/advisory/CVE-2019-1201)",
        "[https://portal.msrc.microsoft.com/en-US/security-guidance/advisory/CVE-2019-1202](https://portal.msrc.microsoft.com/en-US/security-guidance/advisory/CVE-2019-1202)",
        "[https://portal.msrc.microsoft.com/en-US/security-guidance/advisory/CVE-2019-1203](https://portal.msrc.microsoft.com/en-US/security-guidance/advisory/CVE-2019-1203)",
        "[https://portal.msrc.microsoft.com/en-US/security-guidance/advisory/CVE-2019-1205](https://portal.msrc.microsoft.com/en-US/security-guidance/advisory/CVE-2019-1205)"
    ],
    "Plugin Details": {
        "Severity": "High",
        "ID": "112334",
        "Type": "remote",
        "Family": "[Component Vulnerability](https://www.tenable.com/plugins/was/families/Component%20Vulnerability)",
        "Published": "4/29/2020",
        "Updated": "3/14/2023",
        "Scan Template": "api, basic, full, pci, scan"
    },
    "Risk Information": [
        {
            "Name": "[VPR](https://www.tenable.com/blog/what-is-vpr-and-how-is-it-different-from-cvss)",
            "Risk Factor": "Medium",
            "Score": "6.7"
        },
        {
            "Name": "[CVSS v2](https://nvd.nist.gov/vuln-metrics/cvss/v2-calculator?vector=AV:N/AC:M/Au:N/C:C/I:C/A:C)",
            "Risk Factor": "High",
            "Base Score": "9.3",
            "Vector": "CVSS2#AV:N/AC:M/Au:N/C:C/I:C/A:C",
            "CVSS Score Source": "[CVE-2019-1205](https://www.tenable.com/cve/CVE-2019-1205)"
        },
        {
            "Name": "[CVSS v3](https://nvd.nist.gov/vuln-metrics/cvss/v3-calculator?vector=AV:L/AC:L/PR:N/UI:R/S:U/C:H/I:H/A:H&version=3.0)",
            "Risk Factor": "High",
            "Base Score": "7.8",
            "Vector": "CVSS:3.0/AV:L/AC:L/PR:N/UI:R/S:U/C:H/I:H/A:H",
            "CVSS Score Source": "[CVE-2019-1205](https://www.tenable.com/cve/CVE-2019-1205)"
        }
    ],
    "Vulnerability Information": {
        "CPE": "cpe:2.3:a:microsoft:sharepoint_server:*:*:*:*:*:*:*:*",
        "Exploit Ease": "No known exploits are available",
        "Patch Publication Date": "8/14/2019",
        "Vulnerability Publication Date": "8/14/2019"
    },
    "Reference Information": {
        "CVE": "[CVE-2019-1201](/cve/CVE-2019-1201), [CVE-2019-1202](/cve/CVE-2019-1202), [CVE-2019-1203](/cve/CVE-2019-1203), [CVE-2019-1205](/cve/CVE-2019-1205)",
        "CWE": "[119](http://cwe.mitre.org/data/definitions/119), [200](http://cwe.mitre.org/data/definitions/200), [79](http://cwe.mitre.org/data/definitions/79)",
        "OWASP": "[2010-A2](https://owasp.org/www-pdf-archive/OWASP_Top_10_-_2010.pdf), [2010-A6](https://owasp.org/www-pdf-archive/OWASP_Top_10_-_2010.pdf), [2013-A3](https://owasp.org/www-pdf-archive/OWASP_Top_10_-_2013.pdf), [2013-A5](https://owasp.org/www-pdf-archive/OWASP_Top_10_-_2013.pdf), [2013-A9](https://owasp.org/www-pdf-archive/OWASP_Top_10_-_2013.pdf), [2017-A6](https://owasp.org/www-project-top-ten/2017/A6_2017-Security_Misconfiguration.html), [2017-A7](https://owasp.org/www-project-top-ten/2017/A7_2017-Cross-Site_Scripting_(XSS).html), [2017-A9](https://owasp.org/www-project-top-ten/2017/A9_2017-Using_Components_with_Known_Vulnerabilities.html), [2021-A1](https://owasp.org/Top10/A01_2021-Broken_Access_Control), [2021-A3](https://owasp.org/Top10/A03_2021-Injection), [2021-A6](https://owasp.org/Top10/A06_2021-Vulnerable_and_Outdated_Components/)",
        "WASC": "[Buffer Overflow](http://projects.webappsec.org/Buffer Overflow), [Cross-Site Scripting](http://projects.webappsec.org/Cross-Site Scripting), [Information Leakage](http://projects.webappsec.org/Information Leakage)",
        "CAPEC": "[10](https://capec.mitre.org/data/definitions/10.html), [100](https://capec.mitre.org/data/definitions/100.html), [116](https://capec.mitre.org/data/definitions/116.html), [123](https://capec.mitre.org/data/definitions/123.html), [13](https://capec.mitre.org/data/definitions/13.html), [14](https://capec.mitre.org/data/definitions/14.html), [169](https://capec.mitre.org/data/definitions/169.html), [209](https://capec.mitre.org/data/definitions/209.html), [22](https://capec.mitre.org/data/definitions/22.html), [224](https://capec.mitre.org/data/definitions/224.html), [24](https://capec.mitre.org/data/definitions/24.html), [285](https://capec.mitre.org/data/definitions/285.html), [287](https://capec.mitre.org/data/definitions/287.html), [290](https://capec.mitre.org/data/definitions/290.html), [291](https://capec.mitre.org/data/definitions/291.html), [292](https://capec.mitre.org/data/definitions/292.html), [293](https://capec.mitre.org/data/definitions/293.html), [294](https://capec.mitre.org/data/definitions/294.html), [295](https://capec.mitre.org/data/definitions/295.html), [296](https://capec.mitre.org/data/definitions/296.html), [297](https://capec.mitre.org/data/definitions/297.html), [298](https://capec.mitre.org/data/definitions/298.html), [299](https://capec.mitre.org/data/definitions/299.html), [300](https://capec.mitre.org/data/definitions/300.html), [301](https://capec.mitre.org/data/definitions/301.html), [302](https://capec.mitre.org/data/definitions/302.html), [303](https://capec.mitre.org/data/definitions/303.html), [304](https://capec.mitre.org/data/definitions/304.html), [305](https://capec.mitre.org/data/definitions/305.html), [306](https://capec.mitre.org/data/definitions/306.html), [307](https://capec.mitre.org/data/definitions/307.html), [308](https://capec.mitre.org/data/definitions/308.html), [309](https://capec.mitre.org/data/definitions/309.html), [310](https://capec.mitre.org/data/definitions/310.html), [312](https://capec.mitre.org/data/definitions/312.html), [313](https://capec.mitre.org/data/definitions/313.html), [317](https://capec.mitre.org/data/definitions/317.html), [318](https://capec.mitre.org/data/definitions/318.html), [319](https://capec.mitre.org/data/definitions/319.html), [320](https://capec.mitre.org/data/definitions/320.html), [321](https://capec.mitre.org/data/definitions/321.html), [322](https://capec.mitre.org/data/definitions/322.html), [323](https://capec.mitre.org/data/definitions/323.html), [324](https://capec.mitre.org/data/definitions/324.html), [325](https://capec.mitre.org/data/definitions/325.html), [326](https://capec.mitre.org/data/definitions/326.html), [327](https://capec.mitre.org/data/definitions/327.html), [328](https://capec.mitre.org/data/definitions/328.html), [329](https://capec.mitre.org/data/definitions/329.html), [330](https://capec.mitre.org/data/definitions/330.html), [42](https://capec.mitre.org/data/definitions/42.html), [44](https://capec.mitre.org/data/definitions/44.html), [45](https://capec.mitre.org/data/definitions/45.html), [46](https://capec.mitre.org/data/definitions/46.html), [47](https://capec.mitre.org/data/definitions/47.html), [472](https://capec.mitre.org/data/definitions/472.html), [497](https://capec.mitre.org/data/definitions/497.html), [508](https://capec.mitre.org/data/definitions/508.html), [573](https://capec.mitre.org/data/definitions/573.html), [574](https://capec.mitre.org/data/definitions/574.html), [575](https://capec.mitre.org/data/definitions/575.html), [576](https://capec.mitre.org/data/definitions/576.html), [577](https://capec.mitre.org/data/definitions/577.html), [588](https://capec.mitre.org/data/definitions/588.html), [59](https://capec.mitre.org/data/definitions/59.html), [591](https://capec.mitre.org/data/definitions/591.html), [592](https://capec.mitre.org/data/definitions/592.html), [60](https://capec.mitre.org/data/definitions/60.html), [616](https://capec.mitre.org/data/definitions/616.html), [63](https://capec.mitre.org/data/definitions/63.html), [643](https://capec.mitre.org/data/definitions/643.html), [646](https://capec.mitre.org/data/definitions/646.html), [651](https://capec.mitre.org/data/definitions/651.html), [79](https://capec.mitre.org/data/definitions/79.html), [8](https://capec.mitre.org/data/definitions/8.html), [85](https://capec.mitre.org/data/definitions/85.html), [9](https://capec.mitre.org/data/definitions/9.html)",
        "DISA STIG": "[APSC-DV-000460](https://public.cyber.mil/stigs/downloads/), [APSC-DV-002490](https://public.cyber.mil/stigs/downloads/), [APSC-DV-002590](https://public.cyber.mil/stigs/downloads/), [APSC-DV-002630](https://public.cyber.mil/stigs/downloads/)",
        "HIPAA": "[164.306(a)(1)](https://www.hhs.gov/hipaa/for-professionals/security/), [164.306(a)(2)](https://www.hhs.gov/hipaa/for-professionals/security/)",
        "ISO": "[27001-A.12.6.1](https://www.iso.org/isoiec-27001-information-security.html), [27001-A.14.2.5](https://www.iso.org/isoiec-27001-information-security.html)",
        "NIST": "[sp800_53-CM-6b](https://www.nist.gov/privacy-framework/nist-sp-800-53/), [sp800_53-SI-10](https://www.nist.gov/privacy-framework/nist-sp-800-53/), [sp800_53-SI-15](https://www.nist.gov/privacy-framework/nist-sp-800-53/), [sp800_53-SI-16](https://www.nist.gov/privacy-framework/nist-sp-800-53/)",
        "OWASP API": "[2019-API7](https://github.com/OWASP/API-Security/raw/master/2019/en/dist/owasp-api-security-top-10.pdf), [2023-API8](https://github.com/OWASP/API-Security/raw/master/2019/en/dist/owasp-api-security-top-10.pdf)",
        "OWASP ASVS": "[4.0.2-14.2.1](https://owasp.org/www-project-application-security-verification-standard/), [4.0.2-5.3.3](https://owasp.org/www-project-application-security-verification-standard/), [4.0.2-8.3.4](https://owasp.org/www-project-application-security-verification-standard/)",
        "PCI-DSS": "[3.2-6.2](https://www.pcisecuritystandards.org/document_library), [3.2-6.5.2](https://www.pcisecuritystandards.org/document_library), [3.2-6.5.7](https://www.pcisecuritystandards.org/document_library), [3.2-6.5.8](https://www.pcisecuritystandards.org/document_library)"
    }
}