{
    "Title": "Oracle WebLogic UDDI Explorer Server-Side Request Forgery",
    "Synopsis": "Oracle WebLogic UDDI Explorer Server-Side Request Forgery",
    "Description": "The Oracle WebLogic UDDI Explorer service in Oracle Fusion Middleware versions 10.0.2 and 10.3.6 is affected by a server-side request forgery vulnerability due to the lack of validation of the operator parameter in the SearchPublicRegistries.jsp page. A remote and unauthenticated attacker can exploit this issue to retrieve sensitive information and conduct port scanning on the target application and its internal network.",
    "Solution": "Apply the Oracle Critical Patch Update from July 2014. As an immediate workaround, restrict or disable Oracle WebLogic UDDI Explorer.",
    "See Also": [
        "[https://blog.gdssecurity.com/labs/2015/3/30/weblogic-ssrf-and-xss-cve-2014-4241-cve-2014-4210-cve-2014-4.html](https://blog.gdssecurity.com/labs/2015/3/30/weblogic-ssrf-and-xss-cve-2014-4241-cve-2014-4210-cve-2014-4.html)",
        "[https://support.oracle.com/knowledge/Middleware/1274906_1.html](https://support.oracle.com/knowledge/Middleware/1274906_1.html)",
        "[https://www.oracle.com/security-alerts/cpujul2014.html](https://www.oracle.com/security-alerts/cpujul2014.html)"
    ],
    "Plugin Details": {
        "Severity": "Medium",
        "ID": "112422",
        "Type": "remote",
        "Family": "[Component Vulnerability](https://www.tenable.com/plugins/was/families/Component%20Vulnerability)",
        "Published": "5/28/2020",
        "Updated": "9/7/2021",
        "Scan Template": "api, basic, full, pci, scan"
    },
    "Risk Information": [
        {
            "Name": "[VPR](https://www.tenable.com/blog/what-is-vpr-and-how-is-it-different-from-cvss)",
            "Risk Factor": "Low",
            "Score": "2.2"
        },
        {
            "Name": "[CVSS v2](https://nvd.nist.gov/vuln-metrics/cvss/v2-calculator?vector=AV:N/AC:L/Au:N/C:P/I:N/A:N)",
            "Risk Factor": "Medium",
            "Base Score": "5",
            "Vector": "CVSS2#AV:N/AC:L/Au:N/C:P/I:N/A:N",
            "CVSS Score Source": "[CVE-2014-4210](https://www.tenable.com/cve/CVE-2014-4210)"
        },
        {
            "Name": "[CVSS v3](https://nvd.nist.gov/vuln-metrics/cvss/v3-calculator?vector=AV:N/AC:L/PR:N/UI:N/S:U/C:L/I:N/A:N&version=3.0)",
            "Risk Factor": "Medium",
            "Base Score": "5.3",
            "Vector": "CVSS:3.0/AV:N/AC:L/PR:N/UI:N/S:U/C:L/I:N/A:N",
            "CVSS Score Source": "[CVE-2014-4210](https://www.tenable.com/cve/CVE-2014-4210)"
        }
    ],
    "Vulnerability Information": {
        "CPE": "cpe:2.3:a:oracle:weblogic_server:*:*:*:*:*:*:*:*",
        "Exploit Ease": "No known exploits are available"
    },
    "Reference Information": {
        "CVE": "[CVE-2014-4210](/cve/CVE-2014-4210)",
        "BID": "[68629](http://www.securityfocus.com/bid/68629)",
        "CWE": "[918](http://cwe.mitre.org/data/definitions/918)",
        "OWASP": "[2010-A6](https://owasp.org/www-pdf-archive/OWASP_Top_10_-_2010.pdf), [2013-A5](https://owasp.org/www-pdf-archive/OWASP_Top_10_-_2013.pdf), [2013-A9](https://owasp.org/www-pdf-archive/OWASP_Top_10_-_2013.pdf), [2017-A6](https://owasp.org/www-project-top-ten/2017/A6_2017-Security_Misconfiguration.html), [2017-A9](https://owasp.org/www-project-top-ten/2017/A9_2017-Using_Components_with_Known_Vulnerabilities.html), [2021-A10](https://owasp.org/Top10/A10_2021-Server-Side_Request_Forgery_%28SSRF%29), [2021-A6](https://owasp.org/Top10/A06_2021-Vulnerable_and_Outdated_Components/)",
        "WASC": "[Application Misconfiguration](http://projects.webappsec.org/Application Misconfiguration)",
        "DISA STIG": "[APSC-DV-002560](https://public.cyber.mil/stigs/downloads/), [APSC-DV-002630](https://public.cyber.mil/stigs/downloads/)",
        "HIPAA": "[164.306(a)(1)](https://www.hhs.gov/hipaa/for-professionals/security/), [164.306(a)(2)](https://www.hhs.gov/hipaa/for-professionals/security/)",
        "ISO": "[27001-A.14.2.5](https://www.iso.org/isoiec-27001-information-security.html)",
        "NIST": "[sp800_53-CM-6b](https://www.nist.gov/privacy-framework/nist-sp-800-53/)",
        "OWASP API": "[2019-API7](https://github.com/OWASP/API-Security/raw/master/2019/en/dist/owasp-api-security-top-10.pdf), [2023-API7](https://github.com/OWASP/API-Security/raw/master/2019/en/dist/owasp-api-security-top-10.pdf), [2023-API8](https://github.com/OWASP/API-Security/raw/master/2019/en/dist/owasp-api-security-top-10.pdf)",
        "OWASP ASVS": "[4.0.2-14.2.1](https://owasp.org/www-project-application-security-verification-standard/), [4.0.2-5.2.6](https://owasp.org/www-project-application-security-verification-standard/)",
        "PCI-DSS": "[3.2-6.2](https://www.pcisecuritystandards.org/document_library), [3.2-6.5.9](https://www.pcisecuritystandards.org/document_library)"
    }
}