{
    "Title": "Drupal 8.9.x < 8.9.1 Multiple Vulnerabilities",
    "Synopsis": "Drupal 8.9.x < 8.9.1 Multiple Vulnerabilities",
    "Description": "According to its self-reported version, the instance of Drupal running on the remote web server is 7.0.x prior to 7.72, 8.8.x prior to 8.8.8, 8.9.x prior to 8.9.1 or 9.0.x prior to 9.0.1. It is, therefore, affected by multilple vulnerabilities :\n - A Cross-Site Request Forgery (CSRF) due to insufficient validation in the Drupal core Form API (CVE-2020-13663).\n - An arbitrary PHP code execution (CVE-2020-13664).\n - An access bypass due to insufficient validation in JSON:API PATCH requests (CVE-2020-13665).\nNote that the scanner has not tested for these issues but has instead relied only on the application's self-reported version number.",
    "Solution": "Update to Drupal version 8.9.1 or latest.",
    "See Also": [
        "[https://www.drupal.org/project/drupal/releases/8.9.1](https://www.drupal.org/project/drupal/releases/8.9.1)",
        "[https://www.drupal.org/sa-core-2020-004](https://www.drupal.org/sa-core-2020-004)",
        "[https://www.drupal.org/sa-core-2020-005](https://www.drupal.org/sa-core-2020-005)",
        "[https://www.drupal.org/sa-core-2020-006](https://www.drupal.org/sa-core-2020-006)"
    ],
    "Plugin Details": {
        "Severity": "Critical",
        "ID": "112482",
        "Type": "remote",
        "Family": "[Component Vulnerability](https://www.tenable.com/plugins/was/families/Component%20Vulnerability)",
        "Published": "6/26/2020",
        "Updated": "3/14/2023",
        "Scan Template": "api, basic, full, pci, scan"
    },
    "Risk Information": [
        {
            "Name": "[VPR](https://www.tenable.com/blog/what-is-vpr-and-how-is-it-different-from-cvss)",
            "Risk Factor": "Medium",
            "Score": "5.9"
        },
        {
            "Name": "[CVSS v2](https://nvd.nist.gov/vuln-metrics/cvss/v2-calculator?vector=AV:N/AC:M/Au:N/C:C/I:C/A:C)",
            "Risk Factor": "High",
            "Base Score": "9.3",
            "Vector": "CVSS2#AV:N/AC:M/Au:N/C:C/I:C/A:C",
            "CVSS Score Source": "[CVE-2020-13664](https://www.tenable.com/cve/CVE-2020-13664)"
        },
        {
            "Name": "[CVSS v3](https://nvd.nist.gov/vuln-metrics/cvss/v3-calculator?vector=AV:N/AC:L/PR:N/UI:N/S:U/C:H/I:H/A:H&version=3.0)",
            "Risk Factor": "Critical",
            "Base Score": "9.8",
            "Vector": "CVSS:3.0/AV:N/AC:L/PR:N/UI:N/S:U/C:H/I:H/A:H",
            "CVSS Score Source": "[CVE-2020-13665](https://www.tenable.com/cve/CVE-2020-13665)"
        }
    ],
    "Vulnerability Information": {
        "CPE": "cpe:2.3:a:drupal:drupal:*:*:*:*:*:*:*:*",
        "Exploit Ease": "No known exploits are available",
        "Patch Publication Date": "10/6/2020",
        "Vulnerability Publication Date": "10/6/2020"
    },
    "Reference Information": {
        "CVE": "[CVE-2020-13663](/cve/CVE-2020-13663), [CVE-2020-13664](/cve/CVE-2020-13664), [CVE-2020-13665](/cve/CVE-2020-13665)",
        "CWE": "[284](http://cwe.mitre.org/data/definitions/284), [352](http://cwe.mitre.org/data/definitions/352), [77](http://cwe.mitre.org/data/definitions/77)",
        "OWASP": "[2010-A1](https://owasp.org/www-pdf-archive/OWASP_Top_10_-_2010.pdf), [2010-A5](https://owasp.org/www-pdf-archive/OWASP_Top_10_-_2010.pdf), [2010-A8](https://owasp.org/www-pdf-archive/OWASP_Top_10_-_2010.pdf), [2013-A1](https://owasp.org/www-pdf-archive/OWASP_Top_10_-_2013.pdf), [2013-A7](https://owasp.org/www-pdf-archive/OWASP_Top_10_-_2013.pdf), [2013-A8](https://owasp.org/www-pdf-archive/OWASP_Top_10_-_2013.pdf), [2013-A9](https://owasp.org/www-pdf-archive/OWASP_Top_10_-_2013.pdf), [2017-A1](https://owasp.org/www-project-top-ten/2017/A1_2017-Injection.html), [2017-A5](https://owasp.org/www-project-top-ten/2017/A5_2017-Broken_Access_Control.html), [2017-A9](https://owasp.org/www-project-top-ten/2017/A9_2017-Using_Components_with_Known_Vulnerabilities.html), [2021-A1](https://owasp.org/Top10/A01_2021-Broken_Access_Control), [2021-A3](https://owasp.org/Top10/A03_2021-Injection), [2021-A6](https://owasp.org/Top10/A06_2021-Vulnerable_and_Outdated_Components/)",
        "WASC": "[Cross-Site Request Forgery](http://projects.webappsec.org/Cross-Site Request Forgery), [Insufficient Authorization](http://projects.webappsec.org/Insufficient Authorization), [OS Commanding](http://projects.webappsec.org/OS Commanding)",
        "CAPEC": "[111](https://capec.mitre.org/data/definitions/111.html), [136](https://capec.mitre.org/data/definitions/136.html), [15](https://capec.mitre.org/data/definitions/15.html), [183](https://capec.mitre.org/data/definitions/183.html), [19](https://capec.mitre.org/data/definitions/19.html), [248](https://capec.mitre.org/data/definitions/248.html), [40](https://capec.mitre.org/data/definitions/40.html), [43](https://capec.mitre.org/data/definitions/43.html), [441](https://capec.mitre.org/data/definitions/441.html), [462](https://capec.mitre.org/data/definitions/462.html), [467](https://capec.mitre.org/data/definitions/467.html), [478](https://capec.mitre.org/data/definitions/478.html), [479](https://capec.mitre.org/data/definitions/479.html), [502](https://capec.mitre.org/data/definitions/502.html), [503](https://capec.mitre.org/data/definitions/503.html), [536](https://capec.mitre.org/data/definitions/536.html), [546](https://capec.mitre.org/data/definitions/546.html), [550](https://capec.mitre.org/data/definitions/550.html), [551](https://capec.mitre.org/data/definitions/551.html), [552](https://capec.mitre.org/data/definitions/552.html), [556](https://capec.mitre.org/data/definitions/556.html), [558](https://capec.mitre.org/data/definitions/558.html), [562](https://capec.mitre.org/data/definitions/562.html), [563](https://capec.mitre.org/data/definitions/563.html), [564](https://capec.mitre.org/data/definitions/564.html), [578](https://capec.mitre.org/data/definitions/578.html), [62](https://capec.mitre.org/data/definitions/62.html), [75](https://capec.mitre.org/data/definitions/75.html), [76](https://capec.mitre.org/data/definitions/76.html)",
        "DISA STIG": "[APSC-DV-000460](https://public.cyber.mil/stigs/downloads/), [APSC-DV-002500](https://public.cyber.mil/stigs/downloads/), [APSC-DV-002510](https://public.cyber.mil/stigs/downloads/), [APSC-DV-002630](https://public.cyber.mil/stigs/downloads/)",
        "HIPAA": "[164.306(a)(1)](https://www.hhs.gov/hipaa/for-professionals/security/), [164.306(a)(2)](https://www.hhs.gov/hipaa/for-professionals/security/), [164.312(a)(1)](https://www.hhs.gov/hipaa/for-professionals/security/), [164.312(a)(2)(i)](https://www.hhs.gov/hipaa/for-professionals/security/)",
        "ISO": "[27001-A.12.6.1](https://www.iso.org/isoiec-27001-information-security.html), [27001-A.13.1.1](https://www.iso.org/isoiec-27001-information-security.html), [27001-A.14.1.2](https://www.iso.org/isoiec-27001-information-security.html), [27001-A.14.1.3](https://www.iso.org/isoiec-27001-information-security.html), [27001-A.14.2.5](https://www.iso.org/isoiec-27001-information-security.html), [27001-A.18.1.3](https://www.iso.org/isoiec-27001-information-security.html), [27001-A.6.2.2](https://www.iso.org/isoiec-27001-information-security.html), [27001-A.9.1.2](https://www.iso.org/isoiec-27001-information-security.html), [27001-A.9.4.1](https://www.iso.org/isoiec-27001-information-security.html), [27001-A.9.4.4](https://www.iso.org/isoiec-27001-information-security.html), [27001-A.9.4.5](https://www.iso.org/isoiec-27001-information-security.html)",
        "NIST": "[sp800_53-AC-3](https://www.nist.gov/privacy-framework/nist-sp-800-53/), [sp800_53-CM-6b](https://www.nist.gov/privacy-framework/nist-sp-800-53/), [sp800_53-SI-10](https://www.nist.gov/privacy-framework/nist-sp-800-53/), [sp800_53-SI-10(5)](https://www.nist.gov/privacy-framework/nist-sp-800-53/)",
        "OWASP API": "[2019-API7](https://github.com/OWASP/API-Security/raw/master/2019/en/dist/owasp-api-security-top-10.pdf), [2019-API8](https://github.com/OWASP/API-Security/raw/master/2019/en/dist/owasp-api-security-top-10.pdf), [2023-API8](https://github.com/OWASP/API-Security/raw/master/2019/en/dist/owasp-api-security-top-10.pdf)",
        "OWASP ASVS": "[4.0.2-1.4.2](https://owasp.org/www-project-application-security-verification-standard/), [4.0.2-14.2.1](https://owasp.org/www-project-application-security-verification-standard/), [4.0.2-4.2.2](https://owasp.org/www-project-application-security-verification-standard/), [4.0.2-5.3.8](https://owasp.org/www-project-application-security-verification-standard/)",
        "PCI-DSS": "[3.2-6.2](https://www.pcisecuritystandards.org/document_library), [3.2-6.5.1](https://www.pcisecuritystandards.org/document_library), [3.2-6.5.8](https://www.pcisecuritystandards.org/document_library), [3.2-6.5.9](https://www.pcisecuritystandards.org/document_library)"
    }
}