{
    "Title": "Microsoft SharePoint Server 2016 < 16.0.5032.1002 Multiple Vul...",
    "Synopsis": "Microsoft SharePoint Server 2016 < 16.0.5032.1002 Multiple Vulnerabilities",
    "Description": "According to its self-reported version number, the Microsoft SharePoint application running on the remote host is affected by multiple vulnerabilities :\n- A remote code execution vulnerability exists in PerformancePoint Services for SharePoint Server when the software fails to check the source markup of XML file input.\n- A spoofing vulnerability exists when Microsoft SharePoint Server does not properly sanitize a specially crafted web request to an affected SharePoint server.\n- A cross-site-scripting (XSS) vulnerability exists when Microsoft SharePoint Server does not properly sanitize a specially crafted web request to an affected SharePoint server.\n- An information disclosure vulnerability exists when Microsoft Office software reads out of bound memory due to an uninitialized variable, which could disclose the contents of memory.\n- An elevation of privilege vulnerability exists when Microsoft SharePoint Server and Skype for Business Server improperly handle OAuth token validation.\n- A remote code execution vulnerability exists in the way Microsoft SharePoint software parses specially crafted email messages.\n- An information disclosure vulnerability exists when Microsoft Office improperly discloses the contents of its memory.\n- This vulnerability is caused when SharePoint Server does not properly sanitize a specially crafted request to an affected SharePoint server.\nNote that the scanner has not tested for these issues but has instead relied only on the application's self-reported version number.",
    "Solution": "Upgrade to Microsoft SharePoint Server 2016 build 16.0.5032.1002 or later.",
    "See Also": [
        "[https://portal.msrc.microsoft.com/en-US/security-guidance/advisory/CVE-2020-1025](https://portal.msrc.microsoft.com/en-US/security-guidance/advisory/CVE-2020-1025)",
        "[https://portal.msrc.microsoft.com/en-US/security-guidance/advisory/CVE-2020-1147](https://portal.msrc.microsoft.com/en-US/security-guidance/advisory/CVE-2020-1147)",
        "[https://portal.msrc.microsoft.com/en-US/security-guidance/advisory/CVE-2020-1342](https://portal.msrc.microsoft.com/en-US/security-guidance/advisory/CVE-2020-1342)",
        "[https://portal.msrc.microsoft.com/en-US/security-guidance/advisory/CVE-2020-1439](https://portal.msrc.microsoft.com/en-US/security-guidance/advisory/CVE-2020-1439)",
        "[https://portal.msrc.microsoft.com/en-US/security-guidance/advisory/CVE-2020-1443](https://portal.msrc.microsoft.com/en-US/security-guidance/advisory/CVE-2020-1443)",
        "[https://portal.msrc.microsoft.com/en-US/security-guidance/advisory/CVE-2020-1444](https://portal.msrc.microsoft.com/en-US/security-guidance/advisory/CVE-2020-1444)",
        "[https://portal.msrc.microsoft.com/en-US/security-guidance/advisory/CVE-2020-1445](https://portal.msrc.microsoft.com/en-US/security-guidance/advisory/CVE-2020-1445)",
        "[https://portal.msrc.microsoft.com/en-US/security-guidance/advisory/CVE-2020-1446](https://portal.msrc.microsoft.com/en-US/security-guidance/advisory/CVE-2020-1446)",
        "[https://portal.msrc.microsoft.com/en-US/security-guidance/advisory/CVE-2020-1447](https://portal.msrc.microsoft.com/en-US/security-guidance/advisory/CVE-2020-1447)",
        "[https://portal.msrc.microsoft.com/en-US/security-guidance/advisory/CVE-2020-1448](https://portal.msrc.microsoft.com/en-US/security-guidance/advisory/CVE-2020-1448)",
        "[https://portal.msrc.microsoft.com/en-US/security-guidance/advisory/CVE-2020-1450](https://portal.msrc.microsoft.com/en-US/security-guidance/advisory/CVE-2020-1450)",
        "[https://portal.msrc.microsoft.com/en-US/security-guidance/advisory/CVE-2020-1451](https://portal.msrc.microsoft.com/en-US/security-guidance/advisory/CVE-2020-1451)",
        "[https://portal.msrc.microsoft.com/en-US/security-guidance/advisory/CVE-2020-1454](https://portal.msrc.microsoft.com/en-US/security-guidance/advisory/CVE-2020-1454)",
        "[https://portal.msrc.microsoft.com/en-US/security-guidance/advisory/CVE-2020-1456](https://portal.msrc.microsoft.com/en-US/security-guidance/advisory/CVE-2020-1456)"
    ],
    "Plugin Details": {
        "Severity": "Critical",
        "ID": "112590",
        "Type": "remote",
        "Family": "[Component Vulnerability](https://www.tenable.com/plugins/was/families/Component%20Vulnerability)",
        "Published": "9/9/2020",
        "Updated": "3/14/2023",
        "Scan Template": "api, basic, full, pci, scan"
    },
    "Risk Information": [
        {
            "Name": "[VPR](https://www.tenable.com/blog/what-is-vpr-and-how-is-it-different-from-cvss)",
            "Risk Factor": "High",
            "Score": "8.4"
        },
        {
            "Name": "[CVSS v2](https://nvd.nist.gov/vuln-metrics/cvss/v2-calculator?vector=AV:N/AC:L/Au:N/C:P/I:P/A:P)",
            "Risk Factor": "High",
            "Base Score": "7.5",
            "Vector": "CVSS2#AV:N/AC:L/Au:N/C:P/I:P/A:P",
            "CVSS Score Source": "[CVE-2020-1025](https://www.tenable.com/cve/CVE-2020-1025)"
        },
        {
            "Name": "[CVSS v3](https://nvd.nist.gov/vuln-metrics/cvss/v3-calculator?vector=AV:N/AC:L/PR:N/UI:N/S:U/C:H/I:H/A:H&version=3.0)",
            "Risk Factor": "Critical",
            "Base Score": "9.8",
            "Vector": "CVSS:3.0/AV:N/AC:L/PR:N/UI:N/S:U/C:H/I:H/A:H",
            "CVSS Score Source": "[CVE-2020-1025](https://www.tenable.com/cve/CVE-2020-1025)"
        }
    ],
    "Vulnerability Information": {
        "CPE": "cpe:2.3:a:microsoft:sharepoint_server:*:*:*:*:*:*:*:*",
        "Exploit Ease": "No known exploits are available",
        "Patch Publication Date": "7/14/2020",
        "Vulnerability Publication Date": "7/14/2020",
        "CISA Known Exploited Vulnerability Due Dates": "5/3/2022"
    },
    "Reference Information": {
        "CVE": "[CVE-2020-1025](/cve/CVE-2020-1025), [CVE-2020-1147](/cve/CVE-2020-1147), [CVE-2020-1342](/cve/CVE-2020-1342), [CVE-2020-1439](/cve/CVE-2020-1439), [CVE-2020-1443](/cve/CVE-2020-1443), [CVE-2020-1444](/cve/CVE-2020-1444), [CVE-2020-1445](/cve/CVE-2020-1445), [CVE-2020-1446](/cve/CVE-2020-1446), [CVE-2020-1447](/cve/CVE-2020-1447), [CVE-2020-1448](/cve/CVE-2020-1448), [CVE-2020-1450](/cve/CVE-2020-1450), [CVE-2020-1451](/cve/CVE-2020-1451), [CVE-2020-1454](/cve/CVE-2020-1454), [CVE-2020-1456](/cve/CVE-2020-1456)",
        "CWE": "[119](http://cwe.mitre.org/data/definitions/119), [20](http://cwe.mitre.org/data/definitions/20), [200](http://cwe.mitre.org/data/definitions/200), [269](http://cwe.mitre.org/data/definitions/269), [502](http://cwe.mitre.org/data/definitions/502), [74](http://cwe.mitre.org/data/definitions/74), [79](http://cwe.mitre.org/data/definitions/79)",
        "OWASP": "[2010-A1](https://owasp.org/www-pdf-archive/OWASP_Top_10_-_2010.pdf), [2010-A2](https://owasp.org/www-pdf-archive/OWASP_Top_10_-_2010.pdf), [2010-A4](https://owasp.org/www-pdf-archive/OWASP_Top_10_-_2010.pdf), [2010-A6](https://owasp.org/www-pdf-archive/OWASP_Top_10_-_2010.pdf), [2013-A1](https://owasp.org/www-pdf-archive/OWASP_Top_10_-_2013.pdf), [2013-A3](https://owasp.org/www-pdf-archive/OWASP_Top_10_-_2013.pdf), [2013-A4](https://owasp.org/www-pdf-archive/OWASP_Top_10_-_2013.pdf), [2013-A5](https://owasp.org/www-pdf-archive/OWASP_Top_10_-_2013.pdf), [2013-A9](https://owasp.org/www-pdf-archive/OWASP_Top_10_-_2013.pdf), [2017-A1](https://owasp.org/www-project-top-ten/2017/A1_2017-Injection.html), [2017-A5](https://owasp.org/www-project-top-ten/2017/A5_2017-Broken_Access_Control.html), [2017-A6](https://owasp.org/www-project-top-ten/2017/A6_2017-Security_Misconfiguration.html), [2017-A7](https://owasp.org/www-project-top-ten/2017/A7_2017-Cross-Site_Scripting_(XSS).html), [2017-A8](https://owasp.org/www-project-top-ten/2017/A8_2017-Insecure_Deserialization.html), [2017-A9](https://owasp.org/www-project-top-ten/2017/A9_2017-Using_Components_with_Known_Vulnerabilities.html), [2021-A1](https://owasp.org/Top10/A01_2021-Broken_Access_Control), [2021-A3](https://owasp.org/Top10/A03_2021-Injection), [2021-A4](https://owasp.org/Top10/A04_2021-Insecure_Design), [2021-A6](https://owasp.org/Top10/A06_2021-Vulnerable_and_Outdated_Components/), [2021-A8](https://owasp.org/Top10/A08_2021-Software_and_Data_Integrity_Failures)",
        "WASC": "[Buffer Overflow](http://projects.webappsec.org/Buffer Overflow), [Cross-Site Scripting](http://projects.webappsec.org/Cross-Site Scripting), [Improper Input Handling](http://projects.webappsec.org/Improper Input Handling), [Information Leakage](http://projects.webappsec.org/Information Leakage), [Insufficient Authorization](http://projects.webappsec.org/Insufficient Authorization)",
        "CAPEC": "[10](https://capec.mitre.org/data/definitions/10.html), [100](https://capec.mitre.org/data/definitions/100.html), [101](https://capec.mitre.org/data/definitions/101.html), [104](https://capec.mitre.org/data/definitions/104.html), [108](https://capec.mitre.org/data/definitions/108.html), [109](https://capec.mitre.org/data/definitions/109.html), [110](https://capec.mitre.org/data/definitions/110.html), [116](https://capec.mitre.org/data/definitions/116.html), [120](https://capec.mitre.org/data/definitions/120.html), [122](https://capec.mitre.org/data/definitions/122.html), [123](https://capec.mitre.org/data/definitions/123.html), [13](https://capec.mitre.org/data/definitions/13.html), [135](https://capec.mitre.org/data/definitions/135.html), [136](https://capec.mitre.org/data/definitions/136.html), [14](https://capec.mitre.org/data/definitions/14.html), [153](https://capec.mitre.org/data/definitions/153.html), [169](https://capec.mitre.org/data/definitions/169.html), [182](https://capec.mitre.org/data/definitions/182.html), [209](https://capec.mitre.org/data/definitions/209.html), [22](https://capec.mitre.org/data/definitions/22.html), [224](https://capec.mitre.org/data/definitions/224.html), [23](https://capec.mitre.org/data/definitions/23.html), [230](https://capec.mitre.org/data/definitions/230.html), [231](https://capec.mitre.org/data/definitions/231.html), [233](https://capec.mitre.org/data/definitions/233.html), [24](https://capec.mitre.org/data/definitions/24.html), [250](https://capec.mitre.org/data/definitions/250.html), [261](https://capec.mitre.org/data/definitions/261.html), [267](https://capec.mitre.org/data/definitions/267.html), [273](https://capec.mitre.org/data/definitions/273.html), [28](https://capec.mitre.org/data/definitions/28.html), [285](https://capec.mitre.org/data/definitions/285.html), [287](https://capec.mitre.org/data/definitions/287.html), [290](https://capec.mitre.org/data/definitions/290.html), [291](https://capec.mitre.org/data/definitions/291.html), [292](https://capec.mitre.org/data/definitions/292.html), [293](https://capec.mitre.org/data/definitions/293.html), [294](https://capec.mitre.org/data/definitions/294.html), [295](https://capec.mitre.org/data/definitions/295.html), [296](https://capec.mitre.org/data/definitions/296.html), [297](https://capec.mitre.org/data/definitions/297.html), [298](https://capec.mitre.org/data/definitions/298.html), [299](https://capec.mitre.org/data/definitions/299.html), [3](https://capec.mitre.org/data/definitions/3.html), [300](https://capec.mitre.org/data/definitions/300.html), [301](https://capec.mitre.org/data/definitions/301.html), [302](https://capec.mitre.org/data/definitions/302.html), [303](https://capec.mitre.org/data/definitions/303.html), [304](https://capec.mitre.org/data/definitions/304.html), [305](https://capec.mitre.org/data/definitions/305.html), [306](https://capec.mitre.org/data/definitions/306.html), [307](https://capec.mitre.org/data/definitions/307.html), [308](https://capec.mitre.org/data/definitions/308.html), [309](https://capec.mitre.org/data/definitions/309.html), [31](https://capec.mitre.org/data/definitions/31.html), [310](https://capec.mitre.org/data/definitions/310.html), [312](https://capec.mitre.org/data/definitions/312.html), [313](https://capec.mitre.org/data/definitions/313.html), [317](https://capec.mitre.org/data/definitions/317.html), [318](https://capec.mitre.org/data/definitions/318.html), [319](https://capec.mitre.org/data/definitions/319.html), [320](https://capec.mitre.org/data/definitions/320.html), [321](https://capec.mitre.org/data/definitions/321.html), [322](https://capec.mitre.org/data/definitions/322.html), [323](https://capec.mitre.org/data/definitions/323.html), [324](https://capec.mitre.org/data/definitions/324.html), [325](https://capec.mitre.org/data/definitions/325.html), [326](https://capec.mitre.org/data/definitions/326.html), [327](https://capec.mitre.org/data/definitions/327.html), [328](https://capec.mitre.org/data/definitions/328.html), [329](https://capec.mitre.org/data/definitions/329.html), [330](https://capec.mitre.org/data/definitions/330.html), [34](https://capec.mitre.org/data/definitions/34.html), [42](https://capec.mitre.org/data/definitions/42.html), [43](https://capec.mitre.org/data/definitions/43.html), [44](https://capec.mitre.org/data/definitions/44.html), [45](https://capec.mitre.org/data/definitions/45.html), [46](https://capec.mitre.org/data/definitions/46.html), [47](https://capec.mitre.org/data/definitions/47.html), [472](https://capec.mitre.org/data/definitions/472.html), [473](https://capec.mitre.org/data/definitions/473.html), [497](https://capec.mitre.org/data/definitions/497.html), [508](https://capec.mitre.org/data/definitions/508.html), [51](https://capec.mitre.org/data/definitions/51.html), [52](https://capec.mitre.org/data/definitions/52.html), [53](https://capec.mitre.org/data/definitions/53.html), [573](https://capec.mitre.org/data/definitions/573.html), [574](https://capec.mitre.org/data/definitions/574.html), [575](https://capec.mitre.org/data/definitions/575.html), [576](https://capec.mitre.org/data/definitions/576.html), [577](https://capec.mitre.org/data/definitions/577.html), [58](https://capec.mitre.org/data/definitions/58.html), [586](https://capec.mitre.org/data/definitions/586.html), [588](https://capec.mitre.org/data/definitions/588.html), [59](https://capec.mitre.org/data/definitions/59.html), [591](https://capec.mitre.org/data/definitions/591.html), [592](https://capec.mitre.org/data/definitions/592.html), [6](https://capec.mitre.org/data/definitions/6.html), [60](https://capec.mitre.org/data/definitions/60.html), [616](https://capec.mitre.org/data/definitions/616.html), [63](https://capec.mitre.org/data/definitions/63.html), [64](https://capec.mitre.org/data/definitions/64.html), [643](https://capec.mitre.org/data/definitions/643.html), [646](https://capec.mitre.org/data/definitions/646.html), [651](https://capec.mitre.org/data/definitions/651.html), [67](https://capec.mitre.org/data/definitions/67.html), [7](https://capec.mitre.org/data/definitions/7.html), [71](https://capec.mitre.org/data/definitions/71.html), [72](https://capec.mitre.org/data/definitions/72.html), [73](https://capec.mitre.org/data/definitions/73.html), [76](https://capec.mitre.org/data/definitions/76.html), [78](https://capec.mitre.org/data/definitions/78.html), [79](https://capec.mitre.org/data/definitions/79.html), [8](https://capec.mitre.org/data/definitions/8.html), [80](https://capec.mitre.org/data/definitions/80.html), [81](https://capec.mitre.org/data/definitions/81.html), [83](https://capec.mitre.org/data/definitions/83.html), [84](https://capec.mitre.org/data/definitions/84.html), [85](https://capec.mitre.org/data/definitions/85.html), [88](https://capec.mitre.org/data/definitions/88.html), [9](https://capec.mitre.org/data/definitions/9.html)",
        "DISA STIG": "[APSC-DV-000460](https://public.cyber.mil/stigs/downloads/), [APSC-DV-000500](https://public.cyber.mil/stigs/downloads/), [APSC-DV-002490](https://public.cyber.mil/stigs/downloads/), [APSC-DV-002560](https://public.cyber.mil/stigs/downloads/), [APSC-DV-002590](https://public.cyber.mil/stigs/downloads/), [APSC-DV-002630](https://public.cyber.mil/stigs/downloads/)",
        "HIPAA": "[164.306(a)(1)](https://www.hhs.gov/hipaa/for-professionals/security/), [164.306(a)(2)](https://www.hhs.gov/hipaa/for-professionals/security/), [164.312(a)(1)](https://www.hhs.gov/hipaa/for-professionals/security/), [164.312(a)(2)(i)](https://www.hhs.gov/hipaa/for-professionals/security/)",
        "ISO": "[27001-A.12.6.1](https://www.iso.org/isoiec-27001-information-security.html), [27001-A.13.1.1](https://www.iso.org/isoiec-27001-information-security.html), [27001-A.14.1.2](https://www.iso.org/isoiec-27001-information-security.html), [27001-A.14.1.3](https://www.iso.org/isoiec-27001-information-security.html), [27001-A.14.2.5](https://www.iso.org/isoiec-27001-information-security.html), [27001-A.18.1.3](https://www.iso.org/isoiec-27001-information-security.html), [27001-A.6.2.2](https://www.iso.org/isoiec-27001-information-security.html), [27001-A.9.1.2](https://www.iso.org/isoiec-27001-information-security.html), [27001-A.9.4.1](https://www.iso.org/isoiec-27001-information-security.html), [27001-A.9.4.4](https://www.iso.org/isoiec-27001-information-security.html), [27001-A.9.4.5](https://www.iso.org/isoiec-27001-information-security.html)",
        "NIST": "[sp800_53-AC-3](https://www.nist.gov/privacy-framework/nist-sp-800-53/), [sp800_53-CM-6b](https://www.nist.gov/privacy-framework/nist-sp-800-53/), [sp800_53-SI-10](https://www.nist.gov/privacy-framework/nist-sp-800-53/), [sp800_53-SI-10(5)](https://www.nist.gov/privacy-framework/nist-sp-800-53/), [sp800_53-SI-15](https://www.nist.gov/privacy-framework/nist-sp-800-53/), [sp800_53-SI-16](https://www.nist.gov/privacy-framework/nist-sp-800-53/)",
        "OWASP API": "[2019-API7](https://github.com/OWASP/API-Security/raw/master/2019/en/dist/owasp-api-security-top-10.pdf), [2019-API8](https://github.com/OWASP/API-Security/raw/master/2019/en/dist/owasp-api-security-top-10.pdf), [2023-API8](https://github.com/OWASP/API-Security/raw/master/2019/en/dist/owasp-api-security-top-10.pdf)",
        "OWASP ASVS": "[4.0.2-14.2.1](https://owasp.org/www-project-application-security-verification-standard/), [4.0.2-5.1.3](https://owasp.org/www-project-application-security-verification-standard/), [4.0.2-5.2.5](https://owasp.org/www-project-application-security-verification-standard/), [4.0.2-5.3.3](https://owasp.org/www-project-application-security-verification-standard/), [4.0.2-5.5.1](https://owasp.org/www-project-application-security-verification-standard/), [4.0.2-8.3.4](https://owasp.org/www-project-application-security-verification-standard/)",
        "PCI-DSS": "[3.2-6.2](https://www.pcisecuritystandards.org/document_library), [3.2-6.5](https://www.pcisecuritystandards.org/document_library), [3.2-6.5.1](https://www.pcisecuritystandards.org/document_library), [3.2-6.5.2](https://www.pcisecuritystandards.org/document_library), [3.2-6.5.7](https://www.pcisecuritystandards.org/document_library), [3.2-6.5.8](https://www.pcisecuritystandards.org/document_library)"
    }
}