{
    "Title": "GNU Bash Environment Variable Handling Code Injection (Shellsh...",
    "Synopsis": "GNU Bash Environment Variable Handling Code Injection (Shellshock)",
    "Description": "The remote web server is affected by a command injection vulnerability in GNU Bash known as Shellshock. The vulnerability is due to the processing of trailing strings after function definitions in the values of environment variables. This allows a remote attacker to execute arbitrary code via environment variable manipulation depending on the configuration of the system.",
    "Solution": "Apply the referenced patches to address both CVE-2014-6271 (Shellshock original vulnerability) and CVE-2014-6278 which is a bypass for the CVE-2014-6271 fix.",
    "See Also": [
        "[https://blog.cloudflare.com/inside-shellshock/](https://blog.cloudflare.com/inside-shellshock/)",
        "[https://en.wikipedia.org/wiki/Shellshock_(software_bug)](https://en.wikipedia.org/wiki/Shellshock_(software_bug))",
        "[https://owasp.org/www-pdf-archive/Shellshock_-_Tudor_Enache.pdf](https://owasp.org/www-pdf-archive/Shellshock_-_Tudor_Enache.pdf)",
        "[https://seclists.org/oss-sec/2014/q3/650](https://seclists.org/oss-sec/2014/q3/650)",
        "[https://www.troyhunt.com/everything-you-need-to-know-about2/](https://www.troyhunt.com/everything-you-need-to-know-about2/)"
    ],
    "Plugin Details": {
        "Severity": "Critical",
        "ID": "112578",
        "Type": "remote",
        "Family": "[Component Vulnerability](https://www.tenable.com/plugins/was/families/Component%20Vulnerability)",
        "Published": "9/10/2020",
        "Updated": "9/7/2021",
        "Scan Template": "api, basic, full, pci, scan"
    },
    "Risk Information": [
        {
            "Name": "[VPR](https://www.tenable.com/blog/what-is-vpr-and-how-is-it-different-from-cvss)",
            "Risk Factor": "Critical",
            "Score": "9.5"
        },
        {
            "Name": "[CVSS v2](https://nvd.nist.gov/vuln-metrics/cvss/v2-calculator?vector=AV:N/AC:L/Au:N/C:C/I:C/A:C)",
            "Risk Factor": "Critical",
            "Base Score": "10",
            "Vector": "CVSS2#AV:N/AC:L/Au:N/C:C/I:C/A:C",
            "CVSS Score Source": "[CVE-2014-6271](https://www.tenable.com/cve/CVE-2014-6271)"
        },
        {
            "Name": "[CVSS v3](https://nvd.nist.gov/vuln-metrics/cvss/v3-calculator?vector=AV:N/AC:L/PR:N/UI:N/S:U/C:H/I:H/A:H&version=3.0)",
            "Risk Factor": "Critical",
            "Base Score": "9.8",
            "Vector": "CVSS:3.0/AV:N/AC:L/PR:N/UI:N/S:U/C:H/I:H/A:H",
            "CVSS Score Source": "[CVE-2014-6278](https://www.tenable.com/cve/CVE-2014-6278)"
        }
    ],
    "Vulnerability Information": {
        "Exploit Available": "true",
        "Exploit Ease": "Exploits are available",
        "Patch Publication Date": "9/24/2014",
        "Vulnerability Publication Date": "9/24/2014",
        "CISA Known Exploited Vulnerability Due Dates": "7/28/2022"
    },
    "Reference Information": {
        "CVE": "[CVE-2014-6271](/cve/CVE-2014-6271), [CVE-2014-6278](/cve/CVE-2014-6278)",
        "BID": "[70103](http://www.securityfocus.com/bid/70103), [70166](http://www.securityfocus.com/bid/70166)",
        "CWE": "[78](http://cwe.mitre.org/data/definitions/78)",
        "OWASP": "[2010-A1](https://owasp.org/www-pdf-archive/OWASP_Top_10_-_2010.pdf), [2013-A1](https://owasp.org/www-pdf-archive/OWASP_Top_10_-_2013.pdf), [2013-A9](https://owasp.org/www-pdf-archive/OWASP_Top_10_-_2013.pdf), [2017-A1](https://owasp.org/www-project-top-ten/2017/A1_2017-Injection.html), [2017-A9](https://owasp.org/www-project-top-ten/2017/A9_2017-Using_Components_with_Known_Vulnerabilities.html), [2021-A3](https://owasp.org/Top10/A03_2021-Injection), [2021-A6](https://owasp.org/Top10/A06_2021-Vulnerable_and_Outdated_Components/)",
        "WASC": "[OS Commanding](http://projects.webappsec.org/OS Commanding)",
        "CAPEC": "[108](https://capec.mitre.org/data/definitions/108.html), [15](https://capec.mitre.org/data/definitions/15.html), [43](https://capec.mitre.org/data/definitions/43.html), [6](https://capec.mitre.org/data/definitions/6.html), [88](https://capec.mitre.org/data/definitions/88.html)",
        "DISA STIG": "[APSC-DV-002510](https://public.cyber.mil/stigs/downloads/), [APSC-DV-002630](https://public.cyber.mil/stigs/downloads/)",
        "HIPAA": "[164.306(a)(1)](https://www.hhs.gov/hipaa/for-professionals/security/), [164.306(a)(2)](https://www.hhs.gov/hipaa/for-professionals/security/)",
        "ISO": "[27001-A.14.2.5](https://www.iso.org/isoiec-27001-information-security.html)",
        "NIST": "[sp800_53-CM-6b](https://www.nist.gov/privacy-framework/nist-sp-800-53/), [sp800_53-SI-10](https://www.nist.gov/privacy-framework/nist-sp-800-53/)",
        "OWASP API": "[2019-API7](https://github.com/OWASP/API-Security/raw/master/2019/en/dist/owasp-api-security-top-10.pdf), [2019-API8](https://github.com/OWASP/API-Security/raw/master/2019/en/dist/owasp-api-security-top-10.pdf), [2023-API8](https://github.com/OWASP/API-Security/raw/master/2019/en/dist/owasp-api-security-top-10.pdf)",
        "OWASP ASVS": "[4.0.2-14.2.1](https://owasp.org/www-project-application-security-verification-standard/), [4.0.2-5.3.8](https://owasp.org/www-project-application-security-verification-standard/)",
        "PCI-DSS": "[3.2-6.2](https://www.pcisecuritystandards.org/document_library), [3.2-6.5.1](https://www.pcisecuritystandards.org/document_library)"
    }
}