{
    "Title": "Microsoft SharePoint Server 2010 < 14.0.7260.5000 Multiple Vul...",
    "Synopsis": "Microsoft SharePoint Server 2010 < 14.0.7260.5000 Multiple Vulnerabilities",
    "Description": "According to its self-reported version number, the Microsoft SharePoint application running on the remote host is affected by multiple vulnerabilities :\n - A cross-site-scripting (XSS) vulnerability exists when Microsoft SharePoint Server does not properly sanitize a specially crafted web request to an affected SharePoint server.\n - A remote code execution vulnerability exists in Microsoft SharePoint when the software fails to check the source markup of an application package.\n - A remote code execution vulnerability exists in Microsoft SharePoint Server when it fails to properly identify and filter unsafe ASP.\n - A spoofing vulnerability exists when Microsoft SharePoint Server does not properly sanitize a specially crafted web request to an affected SharePoint server.\n - A tampering vulnerability exists when Microsoft SharePoint Server fails to properly handle profile data.\n - A remote code execution vulnerability exists in Microsoft SharePoint where APIs aren't properly protected from unsafe data input.\nNote that the scanner has not tested for these issues but has instead relied only on the application's self-reported version number.",
    "Solution": "Upgrade to Microsoft SharePoint Server 2010 build 14.0.7260.5000 or later.",
    "See Also": [
        "[https://portal.msrc.microsoft.com/en-US/security-guidance/advisory/CVE-2020-1198](https://portal.msrc.microsoft.com/en-US/security-guidance/advisory/CVE-2020-1198)",
        "[https://portal.msrc.microsoft.com/en-US/security-guidance/advisory/CVE-2020-1200](https://portal.msrc.microsoft.com/en-US/security-guidance/advisory/CVE-2020-1200)",
        "[https://portal.msrc.microsoft.com/en-US/security-guidance/advisory/CVE-2020-1205](https://portal.msrc.microsoft.com/en-US/security-guidance/advisory/CVE-2020-1205)",
        "[https://portal.msrc.microsoft.com/en-US/security-guidance/advisory/CVE-2020-1210](https://portal.msrc.microsoft.com/en-US/security-guidance/advisory/CVE-2020-1210)",
        "[https://portal.msrc.microsoft.com/en-US/security-guidance/advisory/CVE-2020-1218](https://portal.msrc.microsoft.com/en-US/security-guidance/advisory/CVE-2020-1218)",
        "[https://portal.msrc.microsoft.com/en-US/security-guidance/advisory/CVE-2020-1224](https://portal.msrc.microsoft.com/en-US/security-guidance/advisory/CVE-2020-1224)",
        "[https://portal.msrc.microsoft.com/en-US/security-guidance/advisory/CVE-2020-1227](https://portal.msrc.microsoft.com/en-US/security-guidance/advisory/CVE-2020-1227)",
        "[https://portal.msrc.microsoft.com/en-US/security-guidance/advisory/CVE-2020-1335](https://portal.msrc.microsoft.com/en-US/security-guidance/advisory/CVE-2020-1335)",
        "[https://portal.msrc.microsoft.com/en-US/security-guidance/advisory/CVE-2020-1338](https://portal.msrc.microsoft.com/en-US/security-guidance/advisory/CVE-2020-1338)",
        "[https://portal.msrc.microsoft.com/en-US/security-guidance/advisory/CVE-2020-1345](https://portal.msrc.microsoft.com/en-US/security-guidance/advisory/CVE-2020-1345)",
        "[https://portal.msrc.microsoft.com/en-US/security-guidance/advisory/CVE-2020-1440](https://portal.msrc.microsoft.com/en-US/security-guidance/advisory/CVE-2020-1440)",
        "[https://portal.msrc.microsoft.com/en-US/security-guidance/advisory/CVE-2020-1452](https://portal.msrc.microsoft.com/en-US/security-guidance/advisory/CVE-2020-1452)",
        "[https://portal.msrc.microsoft.com/en-US/security-guidance/advisory/CVE-2020-1453](https://portal.msrc.microsoft.com/en-US/security-guidance/advisory/CVE-2020-1453)",
        "[https://portal.msrc.microsoft.com/en-US/security-guidance/advisory/CVE-2020-1460](https://portal.msrc.microsoft.com/en-US/security-guidance/advisory/CVE-2020-1460)",
        "[https://portal.msrc.microsoft.com/en-US/security-guidance/advisory/CVE-2020-1482](https://portal.msrc.microsoft.com/en-US/security-guidance/advisory/CVE-2020-1482)",
        "[https://portal.msrc.microsoft.com/en-US/security-guidance/advisory/CVE-2020-1514](https://portal.msrc.microsoft.com/en-US/security-guidance/advisory/CVE-2020-1514)",
        "[https://portal.msrc.microsoft.com/en-US/security-guidance/advisory/CVE-2020-1523](https://portal.msrc.microsoft.com/en-US/security-guidance/advisory/CVE-2020-1523)",
        "[https://portal.msrc.microsoft.com/en-US/security-guidance/advisory/CVE-2020-1575](https://portal.msrc.microsoft.com/en-US/security-guidance/advisory/CVE-2020-1575)",
        "[https://portal.msrc.microsoft.com/en-US/security-guidance/advisory/CVE-2020-1576](https://portal.msrc.microsoft.com/en-US/security-guidance/advisory/CVE-2020-1576)",
        "[https://portal.msrc.microsoft.com/en-US/security-guidance/advisory/CVE-2020-1595](https://portal.msrc.microsoft.com/en-US/security-guidance/advisory/CVE-2020-1595)"
    ],
    "Plugin Details": {
        "Severity": "High",
        "ID": "112585",
        "Type": "remote",
        "Family": "[Component Vulnerability](https://www.tenable.com/plugins/was/families/Component%20Vulnerability)",
        "Published": "9/9/2020",
        "Updated": "3/14/2023",
        "Scan Template": "api, basic, full, pci, scan"
    },
    "Risk Information": [
        {
            "Name": "[VPR](https://www.tenable.com/blog/what-is-vpr-and-how-is-it-different-from-cvss)",
            "Risk Factor": "Medium",
            "Score": "6.7"
        },
        {
            "Name": "[CVSS v2](https://nvd.nist.gov/vuln-metrics/cvss/v2-calculator?vector=AV:N/AC:L/Au:N/C:P/I:P/A:P)",
            "Risk Factor": "High",
            "Base Score": "7.5",
            "Vector": "CVSS2#AV:N/AC:L/Au:N/C:P/I:P/A:P",
            "CVSS Score Source": "[CVE-2020-1452](https://www.tenable.com/cve/CVE-2020-1452)"
        },
        {
            "Name": "[CVSS v3](https://nvd.nist.gov/vuln-metrics/cvss/v3-calculator?vector=AV:N/AC:L/PR:L/UI:N/S:U/C:H/I:H/A:H&version=3.0)",
            "Risk Factor": "High",
            "Base Score": "8.8",
            "Vector": "CVSS:3.0/AV:N/AC:L/PR:L/UI:N/S:U/C:H/I:H/A:H",
            "CVSS Score Source": "[CVE-2020-1460](https://www.tenable.com/cve/CVE-2020-1460)"
        }
    ],
    "Vulnerability Information": {
        "CPE": "cpe:2.3:a:microsoft:sharepoint_server:*:*:*:*:*:*:*:*",
        "Exploit Ease": "No known exploits are available",
        "Patch Publication Date": "9/11/2020",
        "Vulnerability Publication Date": "9/11/2020"
    },
    "Reference Information": {
        "CVE": "[CVE-2020-1198](/cve/CVE-2020-1198), [CVE-2020-1200](/cve/CVE-2020-1200), [CVE-2020-1205](/cve/CVE-2020-1205), [CVE-2020-1210](/cve/CVE-2020-1210), [CVE-2020-1218](/cve/CVE-2020-1218), [CVE-2020-1224](/cve/CVE-2020-1224), [CVE-2020-1227](/cve/CVE-2020-1227), [CVE-2020-1335](/cve/CVE-2020-1335), [CVE-2020-1338](/cve/CVE-2020-1338), [CVE-2020-1345](/cve/CVE-2020-1345), [CVE-2020-1440](/cve/CVE-2020-1440), [CVE-2020-1452](/cve/CVE-2020-1452), [CVE-2020-1453](/cve/CVE-2020-1453), [CVE-2020-1460](/cve/CVE-2020-1460), [CVE-2020-1482](/cve/CVE-2020-1482), [CVE-2020-1514](/cve/CVE-2020-1514), [CVE-2020-1523](/cve/CVE-2020-1523), [CVE-2020-1575](/cve/CVE-2020-1575), [CVE-2020-1576](/cve/CVE-2020-1576), [CVE-2020-1595](/cve/CVE-2020-1595)",
        "CWE": "[20](http://cwe.mitre.org/data/definitions/20), [79](http://cwe.mitre.org/data/definitions/79)",
        "OWASP": "[2010-A2](https://owasp.org/www-pdf-archive/OWASP_Top_10_-_2010.pdf), [2010-A4](https://owasp.org/www-pdf-archive/OWASP_Top_10_-_2010.pdf), [2013-A3](https://owasp.org/www-pdf-archive/OWASP_Top_10_-_2013.pdf), [2013-A4](https://owasp.org/www-pdf-archive/OWASP_Top_10_-_2013.pdf), [2013-A9](https://owasp.org/www-pdf-archive/OWASP_Top_10_-_2013.pdf), [2017-A5](https://owasp.org/www-project-top-ten/2017/A5_2017-Broken_Access_Control.html), [2017-A7](https://owasp.org/www-project-top-ten/2017/A7_2017-Cross-Site_Scripting_(XSS).html), [2017-A9](https://owasp.org/www-project-top-ten/2017/A9_2017-Using_Components_with_Known_Vulnerabilities.html), [2021-A3](https://owasp.org/Top10/A03_2021-Injection), [2021-A6](https://owasp.org/Top10/A06_2021-Vulnerable_and_Outdated_Components/)",
        "WASC": "[Cross-Site Scripting](http://projects.webappsec.org/Cross-Site Scripting), [Improper Input Handling](http://projects.webappsec.org/Improper Input Handling)",
        "CAPEC": "[10](https://capec.mitre.org/data/definitions/10.html), [101](https://capec.mitre.org/data/definitions/101.html), [104](https://capec.mitre.org/data/definitions/104.html), [108](https://capec.mitre.org/data/definitions/108.html), [109](https://capec.mitre.org/data/definitions/109.html), [110](https://capec.mitre.org/data/definitions/110.html), [120](https://capec.mitre.org/data/definitions/120.html), [13](https://capec.mitre.org/data/definitions/13.html), [135](https://capec.mitre.org/data/definitions/135.html), [136](https://capec.mitre.org/data/definitions/136.html), [14](https://capec.mitre.org/data/definitions/14.html), [153](https://capec.mitre.org/data/definitions/153.html), [182](https://capec.mitre.org/data/definitions/182.html), [209](https://capec.mitre.org/data/definitions/209.html), [22](https://capec.mitre.org/data/definitions/22.html), [23](https://capec.mitre.org/data/definitions/23.html), [230](https://capec.mitre.org/data/definitions/230.html), [231](https://capec.mitre.org/data/definitions/231.html), [24](https://capec.mitre.org/data/definitions/24.html), [250](https://capec.mitre.org/data/definitions/250.html), [261](https://capec.mitre.org/data/definitions/261.html), [267](https://capec.mitre.org/data/definitions/267.html), [28](https://capec.mitre.org/data/definitions/28.html), [3](https://capec.mitre.org/data/definitions/3.html), [31](https://capec.mitre.org/data/definitions/31.html), [42](https://capec.mitre.org/data/definitions/42.html), [43](https://capec.mitre.org/data/definitions/43.html), [45](https://capec.mitre.org/data/definitions/45.html), [46](https://capec.mitre.org/data/definitions/46.html), [47](https://capec.mitre.org/data/definitions/47.html), [473](https://capec.mitre.org/data/definitions/473.html), [52](https://capec.mitre.org/data/definitions/52.html), [53](https://capec.mitre.org/data/definitions/53.html), [588](https://capec.mitre.org/data/definitions/588.html), [591](https://capec.mitre.org/data/definitions/591.html), [592](https://capec.mitre.org/data/definitions/592.html), [63](https://capec.mitre.org/data/definitions/63.html), [64](https://capec.mitre.org/data/definitions/64.html), [67](https://capec.mitre.org/data/definitions/67.html), [7](https://capec.mitre.org/data/definitions/7.html), [71](https://capec.mitre.org/data/definitions/71.html), [72](https://capec.mitre.org/data/definitions/72.html), [73](https://capec.mitre.org/data/definitions/73.html), [78](https://capec.mitre.org/data/definitions/78.html), [79](https://capec.mitre.org/data/definitions/79.html), [8](https://capec.mitre.org/data/definitions/8.html), [80](https://capec.mitre.org/data/definitions/80.html), [81](https://capec.mitre.org/data/definitions/81.html), [83](https://capec.mitre.org/data/definitions/83.html), [85](https://capec.mitre.org/data/definitions/85.html), [88](https://capec.mitre.org/data/definitions/88.html), [9](https://capec.mitre.org/data/definitions/9.html)",
        "DISA STIG": "[APSC-DV-002490](https://public.cyber.mil/stigs/downloads/), [APSC-DV-002560](https://public.cyber.mil/stigs/downloads/), [APSC-DV-002630](https://public.cyber.mil/stigs/downloads/)",
        "HIPAA": "[164.306(a)(1)](https://www.hhs.gov/hipaa/for-professionals/security/), [164.306(a)(2)](https://www.hhs.gov/hipaa/for-professionals/security/)",
        "ISO": "[27001-A.14.2.5](https://www.iso.org/isoiec-27001-information-security.html)",
        "NIST": "[sp800_53-CM-6b](https://www.nist.gov/privacy-framework/nist-sp-800-53/), [sp800_53-SI-10](https://www.nist.gov/privacy-framework/nist-sp-800-53/)",
        "OWASP API": "[2019-API7](https://github.com/OWASP/API-Security/raw/master/2019/en/dist/owasp-api-security-top-10.pdf), [2023-API8](https://github.com/OWASP/API-Security/raw/master/2019/en/dist/owasp-api-security-top-10.pdf)",
        "OWASP ASVS": "[4.0.2-14.2.1](https://owasp.org/www-project-application-security-verification-standard/), [4.0.2-5.1.3](https://owasp.org/www-project-application-security-verification-standard/), [4.0.2-5.3.3](https://owasp.org/www-project-application-security-verification-standard/)",
        "PCI-DSS": "[3.2-6.2](https://www.pcisecuritystandards.org/document_library), [3.2-6.5](https://www.pcisecuritystandards.org/document_library), [3.2-6.5.7](https://www.pcisecuritystandards.org/document_library)"
    }
}