{
    "Title": "Drupal 8.9.x < 8.9.6 Multiple Vulnerabilities",
    "Synopsis": "Drupal 8.9.x < 8.9.6 Multiple Vulnerabilities",
    "Description": "According to its self-reported version, the instance of Drupal running on the remote web server is 7.0.x prior to 7.73, 8.8.x prior to 8.8.10, 8.9.x prior to 8.9.6 or 9.0.x prior to 9.0.6. It is, therefore, affected by multilple vulnerabilities :\n - A Cross-Site Scripting (XSS) due to Drupal AJAX API which does not disable JSONP by default (CVE-2020-13666).\n - An access bypass due to the Workspaces module which does not sufficiently check access permissions when switching workspaces (CVE-2020-13667).\n - A Cross-Site Scripting (XSS) (CVE-2020-13668).\n - A Cross-Site Scripting (XSS) in Drupal core's built-in CKEditor image caption functionality (CVE-2020-13669).\n - An information disclosure in the File module (CVE-2020-13670).\nNote that the scanner has not tested for these issues but has instead relied only on the application's self-reported version number.",
    "Solution": "Update to Drupal version 8.9.6 or latest.",
    "See Also": [
        "[https://www.drupal.org/project/drupal/releases/8.9.6](https://www.drupal.org/project/drupal/releases/8.9.6)",
        "[https://www.drupal.org/sa-core-2020-007](https://www.drupal.org/sa-core-2020-007)",
        "[https://www.drupal.org/sa-core-2020-008](https://www.drupal.org/sa-core-2020-008)",
        "[https://www.drupal.org/sa-core-2020-009](https://www.drupal.org/sa-core-2020-009)",
        "[https://www.drupal.org/sa-core-2020-010](https://www.drupal.org/sa-core-2020-010)",
        "[https://www.drupal.org/sa-core-2020-011](https://www.drupal.org/sa-core-2020-011)"
    ],
    "Plugin Details": {
        "Severity": "High",
        "ID": "112595",
        "Type": "remote",
        "Family": "[Component Vulnerability](https://www.tenable.com/plugins/was/families/Component%20Vulnerability)",
        "Published": "9/18/2020",
        "Updated": "3/14/2023",
        "Scan Template": "api, basic, full, pci, scan"
    },
    "Risk Information": [
        {
            "Name": "[VPR](https://www.tenable.com/blog/what-is-vpr-and-how-is-it-different-from-cvss)",
            "Risk Factor": "Low",
            "Score": "3.6"
        },
        {
            "Name": "[CVSS v2](https://nvd.nist.gov/vuln-metrics/cvss/v2-calculator?vector=AV:N/AC:L/Au:N/C:P/I:N/A:N)",
            "Risk Factor": "Medium",
            "Base Score": "5",
            "Vector": "CVSS2#AV:N/AC:L/Au:N/C:P/I:N/A:N",
            "CVSS Score Source": "[CVE-2020-13670](https://www.tenable.com/cve/CVE-2020-13670)"
        },
        {
            "Name": "[CVSS v3](https://nvd.nist.gov/vuln-metrics/cvss/v3-calculator?vector=AV:N/AC:L/PR:N/UI:N/S:U/C:H/I:N/A:N&version=3.0)",
            "Risk Factor": "High",
            "Base Score": "7.5",
            "Vector": "CVSS:3.0/AV:N/AC:L/PR:N/UI:N/S:U/C:H/I:N/A:N",
            "CVSS Score Source": "[CVE-2020-13670](https://www.tenable.com/cve/CVE-2020-13670)"
        }
    ],
    "Vulnerability Information": {
        "CPE": "cpe:2.3:a:drupal:drupal:*:*:*:*:*:*:*:*",
        "Exploit Ease": "No known exploits are available",
        "Patch Publication Date": "9/16/2020",
        "Vulnerability Publication Date": "9/16/2020"
    },
    "Reference Information": {
        "CVE": "[CVE-2020-13666](/cve/CVE-2020-13666), [CVE-2020-13667](/cve/CVE-2020-13667), [CVE-2020-13668](/cve/CVE-2020-13668), [CVE-2020-13669](/cve/CVE-2020-13669), [CVE-2020-13670](/cve/CVE-2020-13670)",
        "CWE": "[200](http://cwe.mitre.org/data/definitions/200), [284](http://cwe.mitre.org/data/definitions/284), [79](http://cwe.mitre.org/data/definitions/79)",
        "OWASP": "[2010-A2](https://owasp.org/www-pdf-archive/OWASP_Top_10_-_2010.pdf), [2010-A6](https://owasp.org/www-pdf-archive/OWASP_Top_10_-_2010.pdf), [2010-A8](https://owasp.org/www-pdf-archive/OWASP_Top_10_-_2010.pdf), [2013-A3](https://owasp.org/www-pdf-archive/OWASP_Top_10_-_2013.pdf), [2013-A5](https://owasp.org/www-pdf-archive/OWASP_Top_10_-_2013.pdf), [2013-A7](https://owasp.org/www-pdf-archive/OWASP_Top_10_-_2013.pdf), [2013-A9](https://owasp.org/www-pdf-archive/OWASP_Top_10_-_2013.pdf), [2017-A5](https://owasp.org/www-project-top-ten/2017/A5_2017-Broken_Access_Control.html), [2017-A6](https://owasp.org/www-project-top-ten/2017/A6_2017-Security_Misconfiguration.html), [2017-A7](https://owasp.org/www-project-top-ten/2017/A7_2017-Cross-Site_Scripting_(XSS).html), [2017-A9](https://owasp.org/www-project-top-ten/2017/A9_2017-Using_Components_with_Known_Vulnerabilities.html), [2021-A1](https://owasp.org/Top10/A01_2021-Broken_Access_Control), [2021-A3](https://owasp.org/Top10/A03_2021-Injection), [2021-A6](https://owasp.org/Top10/A06_2021-Vulnerable_and_Outdated_Components/)",
        "WASC": "[Cross-Site Scripting](http://projects.webappsec.org/Cross-Site Scripting), [Information Leakage](http://projects.webappsec.org/Information Leakage), [Insufficient Authorization](http://projects.webappsec.org/Insufficient Authorization)",
        "CAPEC": "[116](https://capec.mitre.org/data/definitions/116.html), [13](https://capec.mitre.org/data/definitions/13.html), [169](https://capec.mitre.org/data/definitions/169.html), [19](https://capec.mitre.org/data/definitions/19.html), [209](https://capec.mitre.org/data/definitions/209.html), [22](https://capec.mitre.org/data/definitions/22.html), [224](https://capec.mitre.org/data/definitions/224.html), [285](https://capec.mitre.org/data/definitions/285.html), [287](https://capec.mitre.org/data/definitions/287.html), [290](https://capec.mitre.org/data/definitions/290.html), [291](https://capec.mitre.org/data/definitions/291.html), [292](https://capec.mitre.org/data/definitions/292.html), [293](https://capec.mitre.org/data/definitions/293.html), [294](https://capec.mitre.org/data/definitions/294.html), [295](https://capec.mitre.org/data/definitions/295.html), [296](https://capec.mitre.org/data/definitions/296.html), [297](https://capec.mitre.org/data/definitions/297.html), [298](https://capec.mitre.org/data/definitions/298.html), [299](https://capec.mitre.org/data/definitions/299.html), [300](https://capec.mitre.org/data/definitions/300.html), [301](https://capec.mitre.org/data/definitions/301.html), [302](https://capec.mitre.org/data/definitions/302.html), [303](https://capec.mitre.org/data/definitions/303.html), [304](https://capec.mitre.org/data/definitions/304.html), [305](https://capec.mitre.org/data/definitions/305.html), [306](https://capec.mitre.org/data/definitions/306.html), [307](https://capec.mitre.org/data/definitions/307.html), [308](https://capec.mitre.org/data/definitions/308.html), [309](https://capec.mitre.org/data/definitions/309.html), [310](https://capec.mitre.org/data/definitions/310.html), [312](https://capec.mitre.org/data/definitions/312.html), [313](https://capec.mitre.org/data/definitions/313.html), [317](https://capec.mitre.org/data/definitions/317.html), [318](https://capec.mitre.org/data/definitions/318.html), [319](https://capec.mitre.org/data/definitions/319.html), [320](https://capec.mitre.org/data/definitions/320.html), [321](https://capec.mitre.org/data/definitions/321.html), [322](https://capec.mitre.org/data/definitions/322.html), [323](https://capec.mitre.org/data/definitions/323.html), [324](https://capec.mitre.org/data/definitions/324.html), [325](https://capec.mitre.org/data/definitions/325.html), [326](https://capec.mitre.org/data/definitions/326.html), [327](https://capec.mitre.org/data/definitions/327.html), [328](https://capec.mitre.org/data/definitions/328.html), [329](https://capec.mitre.org/data/definitions/329.html), [330](https://capec.mitre.org/data/definitions/330.html), [441](https://capec.mitre.org/data/definitions/441.html), [472](https://capec.mitre.org/data/definitions/472.html), [478](https://capec.mitre.org/data/definitions/478.html), [479](https://capec.mitre.org/data/definitions/479.html), [497](https://capec.mitre.org/data/definitions/497.html), [502](https://capec.mitre.org/data/definitions/502.html), [503](https://capec.mitre.org/data/definitions/503.html), [508](https://capec.mitre.org/data/definitions/508.html), [536](https://capec.mitre.org/data/definitions/536.html), [546](https://capec.mitre.org/data/definitions/546.html), [550](https://capec.mitre.org/data/definitions/550.html), [551](https://capec.mitre.org/data/definitions/551.html), [552](https://capec.mitre.org/data/definitions/552.html), [556](https://capec.mitre.org/data/definitions/556.html), [558](https://capec.mitre.org/data/definitions/558.html), [562](https://capec.mitre.org/data/definitions/562.html), [563](https://capec.mitre.org/data/definitions/563.html), [564](https://capec.mitre.org/data/definitions/564.html), [573](https://capec.mitre.org/data/definitions/573.html), [574](https://capec.mitre.org/data/definitions/574.html), [575](https://capec.mitre.org/data/definitions/575.html), [576](https://capec.mitre.org/data/definitions/576.html), [577](https://capec.mitre.org/data/definitions/577.html), [578](https://capec.mitre.org/data/definitions/578.html), [588](https://capec.mitre.org/data/definitions/588.html), [59](https://capec.mitre.org/data/definitions/59.html), [591](https://capec.mitre.org/data/definitions/591.html), [592](https://capec.mitre.org/data/definitions/592.html), [60](https://capec.mitre.org/data/definitions/60.html), [616](https://capec.mitre.org/data/definitions/616.html), [63](https://capec.mitre.org/data/definitions/63.html), [643](https://capec.mitre.org/data/definitions/643.html), [646](https://capec.mitre.org/data/definitions/646.html), [651](https://capec.mitre.org/data/definitions/651.html), [79](https://capec.mitre.org/data/definitions/79.html), [85](https://capec.mitre.org/data/definitions/85.html)",
        "DISA STIG": "[APSC-DV-000460](https://public.cyber.mil/stigs/downloads/), [APSC-DV-002490](https://public.cyber.mil/stigs/downloads/), [APSC-DV-002630](https://public.cyber.mil/stigs/downloads/)",
        "HIPAA": "[164.306(a)(1)](https://www.hhs.gov/hipaa/for-professionals/security/), [164.306(a)(2)](https://www.hhs.gov/hipaa/for-professionals/security/), [164.312(a)(1)](https://www.hhs.gov/hipaa/for-professionals/security/), [164.312(a)(2)(i)](https://www.hhs.gov/hipaa/for-professionals/security/)",
        "ISO": "[27001-A.13.1.1](https://www.iso.org/isoiec-27001-information-security.html), [27001-A.14.1.2](https://www.iso.org/isoiec-27001-information-security.html), [27001-A.14.1.3](https://www.iso.org/isoiec-27001-information-security.html), [27001-A.14.2.5](https://www.iso.org/isoiec-27001-information-security.html), [27001-A.18.1.3](https://www.iso.org/isoiec-27001-information-security.html), [27001-A.6.2.2](https://www.iso.org/isoiec-27001-information-security.html), [27001-A.9.1.2](https://www.iso.org/isoiec-27001-information-security.html), [27001-A.9.4.1](https://www.iso.org/isoiec-27001-information-security.html), [27001-A.9.4.4](https://www.iso.org/isoiec-27001-information-security.html), [27001-A.9.4.5](https://www.iso.org/isoiec-27001-information-security.html)",
        "NIST": "[sp800_53-AC-3](https://www.nist.gov/privacy-framework/nist-sp-800-53/), [sp800_53-CM-6b](https://www.nist.gov/privacy-framework/nist-sp-800-53/), [sp800_53-SI-10](https://www.nist.gov/privacy-framework/nist-sp-800-53/), [sp800_53-SI-15](https://www.nist.gov/privacy-framework/nist-sp-800-53/)",
        "OWASP API": "[2019-API7](https://github.com/OWASP/API-Security/raw/master/2019/en/dist/owasp-api-security-top-10.pdf), [2023-API8](https://github.com/OWASP/API-Security/raw/master/2019/en/dist/owasp-api-security-top-10.pdf)",
        "OWASP ASVS": "[4.0.2-1.4.2](https://owasp.org/www-project-application-security-verification-standard/), [4.0.2-14.2.1](https://owasp.org/www-project-application-security-verification-standard/), [4.0.2-5.3.3](https://owasp.org/www-project-application-security-verification-standard/), [4.0.2-8.3.4](https://owasp.org/www-project-application-security-verification-standard/)",
        "PCI-DSS": "[3.2-6.2](https://www.pcisecuritystandards.org/document_library), [3.2-6.5.7](https://www.pcisecuritystandards.org/document_library), [3.2-6.5.8](https://www.pcisecuritystandards.org/document_library)"
    }
}