{
    "Title": "Sitefinity 8.1.x < 8.1.5860.0 Multiple Vulnerabilities",
    "Synopsis": "Sitefinity 8.1.x < 8.1.5860.0 Multiple Vulnerabilities",
    "Description": "The version of Sitefinity installed on the remote host is affected by multiple vulnerabilities :\n - An XSS vulnerability in Telerik.ReportViewer affects versions 4.2 through 11.0 (CVE-2017-9140)\n - An XSS vulnerability in?Identity Server affects versions 10.0 through 11.0 (CVE-2018-17053, CVE-2018-17054)\n - An XSS vulnerability in Service Stack affects versions 10.2 through 11.0 (CVE-2018-17056)\n - An arbitrary file upload vulnerability affects versions 4.0 through 11.0 (CVE-2018-17055)\n - An arbitrary code execution in Dynamic Linq Parser affects versions 4.0 through 11.0\nNote that the scanner has not tested for these issues but has instead relied only on the application's self-reported version number.",
    "Solution": "Upgrade to Sitefinity version 8.1.5860.0 or later.",
    "See Also": [
        "[https://insinuator.net/2018/10/vulnerabilities-in-sitefinity-wcms-a-success-story-of-a-responsible-disclosure-process/](https://insinuator.net/2018/10/vulnerabilities-in-sitefinity-wcms-a-success-story-of-a-responsible-disclosure-process/)",
        "[https://knowledgebase.progress.com/articles/Article/Security-Advisory-for-Resolving-Security-vulnerabilities-September-2018](https://knowledgebase.progress.com/articles/Article/Security-Advisory-for-Resolving-Security-vulnerabilities-September-2018)",
        "[https://www.veracode.com/blog/research/anatomy-cross-site-scripting-flaw-telerik-reporting-module](https://www.veracode.com/blog/research/anatomy-cross-site-scripting-flaw-telerik-reporting-module)"
    ],
    "Plugin Details": {
        "Severity": "High",
        "ID": "112511",
        "Type": "remote",
        "Family": "[Component Vulnerability](https://www.tenable.com/plugins/was/families/Component%20Vulnerability)",
        "Published": "10/31/2018",
        "Updated": "3/14/2023",
        "Scan Template": "basic, full, pci, scan"
    },
    "Risk Information": [
        {
            "Name": "[VPR](https://www.tenable.com/blog/what-is-vpr-and-how-is-it-different-from-cvss)",
            "Risk Factor": "Medium",
            "Score": "4.4"
        },
        {
            "Name": "[CVSS v2](https://nvd.nist.gov/vuln-metrics/cvss/v2-calculator?vector=AV:N/AC:L/Au:N/C:N/I:P/A:N)",
            "Risk Factor": "Medium",
            "Base Score": "5",
            "Vector": "CVSS2#AV:N/AC:L/Au:N/C:N/I:P/A:N",
            "CVSS Score Source": "[CVE-2018-17055](https://www.tenable.com/cve/CVE-2018-17055)"
        },
        {
            "Name": "[CVSS v3](https://nvd.nist.gov/vuln-metrics/cvss/v3-calculator?vector=AV:N/AC:L/PR:N/UI:N/S:U/C:N/I:H/A:N&version=3.0)",
            "Risk Factor": "High",
            "Base Score": "7.5",
            "Vector": "CVSS:3.0/AV:N/AC:L/PR:N/UI:N/S:U/C:N/I:H/A:N",
            "CVSS Score Source": "[CVE-2018-17055](https://www.tenable.com/cve/CVE-2018-17055)"
        }
    ],
    "Vulnerability Information": {
        "CPE": "cpe:2.3:a:progress:sitefinity:*:*:*:*:*:*:*:*",
        "Exploit Available": "true",
        "Exploit Ease": "Exploits are available",
        "Patch Publication Date": "5/22/2017",
        "Vulnerability Publication Date": "5/22/2017"
    },
    "Reference Information": {
        "CVE": "[CVE-2017-9140](/cve/CVE-2017-9140), [CVE-2018-17053](/cve/CVE-2018-17053), [CVE-2018-17054](/cve/CVE-2018-17054), [CVE-2018-17055](/cve/CVE-2018-17055), [CVE-2018-17056](/cve/CVE-2018-17056)",
        "CWE": "[434](http://cwe.mitre.org/data/definitions/434), [77](http://cwe.mitre.org/data/definitions/77), [78](http://cwe.mitre.org/data/definitions/78), [79](http://cwe.mitre.org/data/definitions/79)",
        "OWASP": "[2010-A1](https://owasp.org/www-pdf-archive/OWASP_Top_10_-_2010.pdf), [2010-A2](https://owasp.org/www-pdf-archive/OWASP_Top_10_-_2010.pdf), [2010-A4](https://owasp.org/www-pdf-archive/OWASP_Top_10_-_2010.pdf), [2013-A1](https://owasp.org/www-pdf-archive/OWASP_Top_10_-_2013.pdf), [2013-A3](https://owasp.org/www-pdf-archive/OWASP_Top_10_-_2013.pdf), [2013-A4](https://owasp.org/www-pdf-archive/OWASP_Top_10_-_2013.pdf), [2013-A9](https://owasp.org/www-pdf-archive/OWASP_Top_10_-_2013.pdf), [2017-A1](https://owasp.org/www-project-top-ten/2017/A1_2017-Injection.html), [2017-A5](https://owasp.org/www-project-top-ten/2017/A5_2017-Broken_Access_Control.html), [2017-A7](https://owasp.org/www-project-top-ten/2017/A7_2017-Cross-Site_Scripting_(XSS).html), [2017-A9](https://owasp.org/www-project-top-ten/2017/A9_2017-Using_Components_with_Known_Vulnerabilities.html), [2021-A3](https://owasp.org/Top10/A03_2021-Injection), [2021-A4](https://owasp.org/Top10/A04_2021-Insecure_Design), [2021-A6](https://owasp.org/Top10/A06_2021-Vulnerable_and_Outdated_Components/)",
        "WASC": "[Cross-Site Scripting](http://projects.webappsec.org/Cross-Site Scripting), [Improper Input Handling](http://projects.webappsec.org/Improper Input Handling), [OS Commanding](http://projects.webappsec.org/OS Commanding)",
        "CAPEC": "[1](https://capec.mitre.org/data/definitions/1.html), [108](https://capec.mitre.org/data/definitions/108.html), [136](https://capec.mitre.org/data/definitions/136.html), [15](https://capec.mitre.org/data/definitions/15.html), [183](https://capec.mitre.org/data/definitions/183.html), [209](https://capec.mitre.org/data/definitions/209.html), [248](https://capec.mitre.org/data/definitions/248.html), [40](https://capec.mitre.org/data/definitions/40.html), [43](https://capec.mitre.org/data/definitions/43.html), [588](https://capec.mitre.org/data/definitions/588.html), [591](https://capec.mitre.org/data/definitions/591.html), [592](https://capec.mitre.org/data/definitions/592.html), [6](https://capec.mitre.org/data/definitions/6.html), [63](https://capec.mitre.org/data/definitions/63.html), [75](https://capec.mitre.org/data/definitions/75.html), [76](https://capec.mitre.org/data/definitions/76.html), [85](https://capec.mitre.org/data/definitions/85.html), [88](https://capec.mitre.org/data/definitions/88.html)",
        "DISA STIG": "[APSC-DV-002490](https://public.cyber.mil/stigs/downloads/), [APSC-DV-002510](https://public.cyber.mil/stigs/downloads/), [APSC-DV-002560](https://public.cyber.mil/stigs/downloads/), [APSC-DV-002630](https://public.cyber.mil/stigs/downloads/)",
        "HIPAA": "[164.306(a)(1)](https://www.hhs.gov/hipaa/for-professionals/security/), [164.306(a)(2)](https://www.hhs.gov/hipaa/for-professionals/security/)",
        "ISO": "[27001-A.12.6.1](https://www.iso.org/isoiec-27001-information-security.html), [27001-A.14.2.5](https://www.iso.org/isoiec-27001-information-security.html)",
        "NIST": "[sp800_53-CM-6b](https://www.nist.gov/privacy-framework/nist-sp-800-53/), [sp800_53-SC-6](https://www.nist.gov/privacy-framework/nist-sp-800-53/), [sp800_53-SI-10](https://www.nist.gov/privacy-framework/nist-sp-800-53/)",
        "OWASP API": "[2019-API7](https://github.com/OWASP/API-Security/raw/master/2019/en/dist/owasp-api-security-top-10.pdf), [2019-API8](https://github.com/OWASP/API-Security/raw/master/2019/en/dist/owasp-api-security-top-10.pdf), [2023-API8](https://github.com/OWASP/API-Security/raw/master/2019/en/dist/owasp-api-security-top-10.pdf)",
        "OWASP ASVS": "[4.0.2-12.5.2](https://owasp.org/www-project-application-security-verification-standard/), [4.0.2-14.2.1](https://owasp.org/www-project-application-security-verification-standard/), [4.0.2-5.3.3](https://owasp.org/www-project-application-security-verification-standard/), [4.0.2-5.3.8](https://owasp.org/www-project-application-security-verification-standard/)",
        "PCI-DSS": "[3.2-6.2](https://www.pcisecuritystandards.org/document_library), [3.2-6.5.1](https://www.pcisecuritystandards.org/document_library), [3.2-6.5.7](https://www.pcisecuritystandards.org/document_library)"
    }
}